Command line invocation:
    /Applications/Xcode.app/Contents/Developer/usr/bin/xcodebuild -project ZipHarbor/ZipHarbor.xcodeproj -scheme ZipHarbor -destination "platform=iOS Simulator,id=A875629A-52DA-43B2-9917-62B406AE0AB4" -derivedDataPath /tmp/ZipHarbor-Migration -parallel-testing-enabled NO -resultBundlePath docs/simulator-acceptance-20261001/results/iPhone14-full.xcresult test

Resolve Package Graph


Resolved source packages:
  ArchiveKit: https://github.com/Lakr233/libarchive.xcframework.git @ 1.0.0

Writing result bundle at path:
	/Users/USER/github_space/zip-app/docs/simulator-acceptance-20261001/results/iPhone14-full.xcresult

ComputePackagePrebuildTargetDependencyGraph

Prepare packages

CreateBuildRequest

SendProjectDescription

CreateBuildOperation

ComputeTargetDependencyGraph
note: Building targets in dependency order
note: Target dependency graph (5 targets)
    Target 'ZipHarborUITests' in project 'ZipHarbor'
        ➜ Explicit dependency on target 'ZipHarbor' in project 'ZipHarbor'
    Target 'ZipHarborTests' in project 'ZipHarbor'
        ➜ Explicit dependency on target 'ZipHarbor' in project 'ZipHarbor'
    Target 'ZipHarbor' in project 'ZipHarbor'
        ➜ Explicit dependency on target 'ArchiveKit-product' in project 'ArchiveKit'
    Target 'ArchiveKit-product' in project 'ArchiveKit'
        ➜ Explicit dependency on target 'ArchiveKit' in project 'ArchiveKit'
    Target 'ArchiveKit' in project 'ArchiveKit' (no dependencies)

GatherProvisioningInputs

CreateBuildDescription

ExecuteExternalTool /Applications/Xcode.app/Contents/Developer/Toolchains/XcodeDefault.xctoolchain/usr/bin/swiftc --version

ExecuteExternalTool /Applications/Xcode.app/Contents/Developer/Toolchains/XcodeDefault.xctoolchain/usr/bin/clang -v -E -dM -isysroot /Applications/Xcode.app/Contents/Developer/Platforms/iPhoneSimulator.platform/Developer/SDKs/iPhoneSimulator27.0.sdk -x c -c /dev/null

ExecuteExternalTool /Applications/Xcode.app/Contents/Developer/usr/bin/actool --print-asset-tag-combinations --output-format xml1 /Users/USER/github_space/zip-app/ZipHarbor/ZipHarbor/Assets.xcassets

ExecuteExternalTool /Applications/Xcode.app/Contents/Developer/Toolchains/XcodeDefault.xctoolchain/usr/bin/ld -version_details

ExecuteExternalTool /Applications/Xcode.app/Contents/Developer/usr/bin/actool --version --output-format xml1

Build description signature: 9a95af3de03933352286de449d5077c0
Build description path: /tmp/ZipHarbor-Migration/Build/Intermediates.noindex/XCBuildData/9a95af3de03933352286de449d5077c0.xcbuilddata
ClangStatCache /Applications/Xcode.app/Contents/Developer/Toolchains/XcodeDefault.xctoolchain/usr/bin/clang-stat-cache /Applications/Xcode.app/Contents/Developer/Platforms/iPhoneSimulator.platform/Developer/SDKs/iPhoneSimulator27.0.sdk /tmp/ZipHarbor-Migration/SDKStatCaches.noindex/iphonesimulator27.0-24A430-8dc58220667be655e1bcc261a7455254.sdkstatcache
    cd /Users/USER/github_space/zip-app/ZipHarbor/ZipHarbor.xcodeproj
    /Applications/Xcode.app/Contents/Developer/Toolchains/XcodeDefault.xctoolchain/usr/bin/clang-stat-cache /Applications/Xcode.app/Contents/Developer/Platforms/iPhoneSimulator.platform/Developer/SDKs/iPhoneSimulator27.0.sdk -o /tmp/ZipHarbor-Migration/SDKStatCaches.noindex/iphonesimulator27.0-24A430-8dc58220667be655e1bcc261a7455254.sdkstatcache

GenerateAssetSymbols /Users/USER/github_space/zip-app/ZipHarbor/ZipHarbor/Assets.xcassets (in target 'ZipHarbor' from project 'ZipHarbor')
    cd /Users/USER/github_space/zip-app/ZipHarbor
    /Applications/Xcode.app/Contents/Developer/usr/bin/actool /Users/USER/github_space/zip-app/ZipHarbor/ZipHarbor/Assets.xcassets --compile /tmp/ZipHarbor-Migration/Build/Products/Debug-iphonesimulator/ZipHarbor.app --output-format human-readable-text --notices --warnings --export-dependency-info /tmp/ZipHarbor-Migration/Build/Intermediates.noindex/ZipHarbor.build/Debug-iphonesimulator/ZipHarbor.build/assetcatalog_dependencies --output-partial-info-plist /tmp/ZipHarbor-Migration/Build/Intermediates.noindex/ZipHarbor.build/Debug-iphonesimulator/ZipHarbor.build/assetcatalog_generated_info.plist --app-icon AppIcon --accent-color AccentColor --compress-pngs --enable-on-demand-resources YES --development-region en --target-device iphone --target-device ipad --minimum-deployment-target 17.0 --platform iphonesimulator --bundle-identifier com.xiaolongxu.zipharbor.app --generate-swift-asset-symbols /tmp/ZipHarbor-Migration/Build/Intermediates.noindex/ZipHarbor.build/Debug-iphonesimulator/ZipHarbor.build/DerivedSources/GeneratedAssetSymbols.swift --generate-objc-asset-symbols /tmp/ZipHarbor-Migration/Build/Intermediates.noindex/ZipHarbor.build/Debug-iphonesimulator/ZipHarbor.build/DerivedSources/GeneratedAssetSymbols.h --generate-asset-symbol-index /tmp/ZipHarbor-Migration/Build/Intermediates.noindex/ZipHarbor.build/Debug-iphonesimulator/ZipHarbor.build/DerivedSources/GeneratedAssetSymbols-Index.plist
/* com.apple.actool.compilation-results */
/tmp/ZipHarbor-Migration/Build/Intermediates.noindex/ZipHarbor.build/Debug-iphonesimulator/ZipHarbor.build/DerivedSources/GeneratedAssetSymbols-Index.plist
/tmp/ZipHarbor-Migration/Build/Intermediates.noindex/ZipHarbor.build/Debug-iphonesimulator/ZipHarbor.build/DerivedSources/GeneratedAssetSymbols.h
/tmp/ZipHarbor-Migration/Build/Intermediates.noindex/ZipHarbor.build/Debug-iphonesimulator/ZipHarbor.build/DerivedSources/GeneratedAssetSymbols.swift


CompileAssetCatalogVariant thinned /tmp/ZipHarbor-Migration/Build/Products/Debug-iphonesimulator/ZipHarbor.app /Users/USER/github_space/zip-app/ZipHarbor/ZipHarbor/Assets.xcassets (in target 'ZipHarbor' from project 'ZipHarbor')
    cd /Users/USER/github_space/zip-app/ZipHarbor
    /Applications/Xcode.app/Contents/Developer/usr/bin/actool /Users/USER/github_space/zip-app/ZipHarbor/ZipHarbor/Assets.xcassets --compile /tmp/ZipHarbor-Migration/Build/Intermediates.noindex/ZipHarbor.build/Debug-iphonesimulator/ZipHarbor.build/assetcatalog_output/thinned --output-format human-readable-text --notices --warnings --export-dependency-info /tmp/ZipHarbor-Migration/Build/Intermediates.noindex/ZipHarbor.build/Debug-iphonesimulator/ZipHarbor.build/assetcatalog_dependencies_thinned --output-partial-info-plist /tmp/ZipHarbor-Migration/Build/Intermediates.noindex/ZipHarbor.build/Debug-iphonesimulator/ZipHarbor.build/assetcatalog_generated_info.plist_thinned --app-icon AppIcon --accent-color AccentColor --compress-pngs --enable-on-demand-resources YES --filter-for-thinning-device-configuration iPhone14,7 --filter-for-device-os-version 26.5 --development-region en --target-device iphone --target-device ipad --minimum-deployment-target 17.0 --platform iphonesimulator
/* com.apple.actool.compilation-results */
/tmp/ZipHarbor-Migration/Build/Intermediates.noindex/ZipHarbor.build/Debug-iphonesimulator/ZipHarbor.build/assetcatalog_generated_info.plist_thinned
/tmp/ZipHarbor-Migration/Build/Intermediates.noindex/ZipHarbor.build/Debug-iphonesimulator/ZipHarbor.build/assetcatalog_output/thinned/AppIcon60x60@2x.png
/tmp/ZipHarbor-Migration/Build/Intermediates.noindex/ZipHarbor.build/Debug-iphonesimulator/ZipHarbor.build/assetcatalog_output/thinned/AppIcon76x76@2x~ipad.png
/tmp/ZipHarbor-Migration/Build/Intermediates.noindex/ZipHarbor.build/Debug-iphonesimulator/ZipHarbor.build/assetcatalog_output/thinned/Assets.car


LinkAssetCatalog /Users/USER/github_space/zip-app/ZipHarbor/ZipHarbor/Assets.xcassets (in target 'ZipHarbor' from project 'ZipHarbor')
    cd /Users/USER/github_space/zip-app/ZipHarbor
    builtin-linkAssetCatalog --thinned /tmp/ZipHarbor-Migration/Build/Intermediates.noindex/ZipHarbor.build/Debug-iphonesimulator/ZipHarbor.build/assetcatalog_output/thinned --thinned-dependencies /tmp/ZipHarbor-Migration/Build/Intermediates.noindex/ZipHarbor.build/Debug-iphonesimulator/ZipHarbor.build/assetcatalog_dependencies_thinned --thinned-info-plist-content /tmp/ZipHarbor-Migration/Build/Intermediates.noindex/ZipHarbor.build/Debug-iphonesimulator/ZipHarbor.build/assetcatalog_generated_info.plist_thinned --unthinned /tmp/ZipHarbor-Migration/Build/Intermediates.noindex/ZipHarbor.build/Debug-iphonesimulator/ZipHarbor.build/assetcatalog_output/unthinned --unthinned-dependencies /tmp/ZipHarbor-Migration/Build/Intermediates.noindex/ZipHarbor.build/Debug-iphonesimulator/ZipHarbor.build/assetcatalog_dependencies_unthinned --unthinned-info-plist-content /tmp/ZipHarbor-Migration/Build/Intermediates.noindex/ZipHarbor.build/Debug-iphonesimulator/ZipHarbor.build/assetcatalog_generated_info.plist_unthinned --output /tmp/ZipHarbor-Migration/Build/Products/Debug-iphonesimulator/ZipHarbor.app --plist-output /tmp/ZipHarbor-Migration/Build/Intermediates.noindex/ZipHarbor.build/Debug-iphonesimulator/ZipHarbor.build/assetcatalog_generated_info.plist
note: Emplaced /tmp/ZipHarbor-Migration/Build/Products/Debug-iphonesimulator/ZipHarbor.app/Assets.car (in target 'ZipHarbor' from project 'ZipHarbor')
note: Emplaced /tmp/ZipHarbor-Migration/Build/Products/Debug-iphonesimulator/ZipHarbor.app/AppIcon76x76@2x~ipad.png (in target 'ZipHarbor' from project 'ZipHarbor')
note: Emplaced /tmp/ZipHarbor-Migration/Build/Products/Debug-iphonesimulator/ZipHarbor.app/AppIcon60x60@2x.png (in target 'ZipHarbor' from project 'ZipHarbor')

CopySwiftLibs /tmp/ZipHarbor-Migration/Build/Products/Debug-iphonesimulator/ZipHarbor.app (in target 'ZipHarbor' from project 'ZipHarbor')
    cd /Users/USER/github_space/zip-app/ZipHarbor
    builtin-swiftStdLibTool --copy --verbose --sign - --scan-executable /tmp/ZipHarbor-Migration/Build/Products/Debug-iphonesimulator/ZipHarbor.app/ZipHarbor.debug.dylib --scan-folder /tmp/ZipHarbor-Migration/Build/Products/Debug-iphonesimulator/ZipHarbor.app/Frameworks --scan-folder /tmp/ZipHarbor-Migration/Build/Products/Debug-iphonesimulator/ZipHarbor.app/PlugIns --scan-folder /tmp/ZipHarbor-Migration/Build/Products/Debug-iphonesimulator/ZipHarbor.app/SystemExtensions --scan-folder /tmp/ZipHarbor-Migration/Build/Products/Debug-iphonesimulator/ZipHarbor.app/Extensions --platform iphonesimulator --toolchain /Applications/Xcode.app/Contents/Developer/Toolchains/XcodeDefault.xctoolchain --destination /tmp/ZipHarbor-Migration/Build/Products/Debug-iphonesimulator/ZipHarbor.app/Frameworks --strip-bitcode --strip-bitcode-tool /Applications/Xcode.app/Contents/Developer/Toolchains/XcodeDefault.xctoolchain/usr/bin/bitcode_strip --emit-dependency-info /tmp/ZipHarbor-Migration/Build/Intermediates.noindex/ZipHarbor.build/Debug-iphonesimulator/ZipHarbor.build/SwiftStdLibToolInputDependencies.dep --filter-for-swift-os

ProcessInfoPlistFile /tmp/ZipHarbor-Migration/Build/Products/Debug-iphonesimulator/ZipHarbor.app/Info.plist /Users/USER/github_space/zip-app/ZipHarbor/ZipHarbor/Info.plist (in target 'ZipHarbor' from project 'ZipHarbor')
    cd /Users/USER/github_space/zip-app/ZipHarbor
    builtin-infoPlistUtility /Users/USER/github_space/zip-app/ZipHarbor/ZipHarbor/Info.plist -producttype com.apple.product-type.application -genpkginfo /tmp/ZipHarbor-Migration/Build/Products/Debug-iphonesimulator/ZipHarbor.app/PkgInfo -expandbuildsettings -format binary -platform iphonesimulator -additionalcontentfile /tmp/ZipHarbor-Migration/Build/Intermediates.noindex/ZipHarbor.build/Debug-iphonesimulator/ZipHarbor.build/assetcatalog_generated_info.plist -scanforprivacyfile /tmp/ZipHarbor-Migration/Build/Products/Debug-iphonesimulator/ZipHarbor.app/Frameworks/libarchive.framework -o /tmp/ZipHarbor-Migration/Build/Products/Debug-iphonesimulator/ZipHarbor.app/Info.plist

ProcessInfoPlistFile /tmp/ZipHarbor-Migration/Build/Products/Debug-iphonesimulator/ZipHarbor.app/PlugIns/ZipHarborTests.xctest/Info.plist /tmp/ZipHarbor-Migration/Build/Intermediates.noindex/ZipHarbor.build/Debug-iphonesimulator/ZipHarborTests.build/empty-ZipHarborTests.plist (in target 'ZipHarborTests' from project 'ZipHarbor')
    cd /Users/USER/github_space/zip-app/ZipHarbor
    builtin-infoPlistUtility /tmp/ZipHarbor-Migration/Build/Intermediates.noindex/ZipHarbor.build/Debug-iphonesimulator/ZipHarborTests.build/empty-ZipHarborTests.plist -producttype com.apple.product-type.bundle.unit-test -expandbuildsettings -format binary -platform iphonesimulator -o /tmp/ZipHarbor-Migration/Build/Products/Debug-iphonesimulator/ZipHarbor.app/PlugIns/ZipHarborTests.xctest/Info.plist

CopySwiftLibs /tmp/ZipHarbor-Migration/Build/Products/Debug-iphonesimulator/ZipHarbor.app/PlugIns/ZipHarborTests.xctest (in target 'ZipHarborTests' from project 'ZipHarbor')
    cd /Users/USER/github_space/zip-app/ZipHarbor
    builtin-swiftStdLibTool --copy --verbose --sign - --scan-executable /tmp/ZipHarbor-Migration/Build/Products/Debug-iphonesimulator/ZipHarbor.app/PlugIns/ZipHarborTests.xctest/ZipHarborTests --scan-folder /tmp/ZipHarbor-Migration/Build/Products/Debug-iphonesimulator/ZipHarbor.app/PlugIns/ZipHarborTests.xctest/Frameworks --scan-folder /tmp/ZipHarbor-Migration/Build/Products/Debug-iphonesimulator/ZipHarbor.app/PlugIns/ZipHarborTests.xctest/PlugIns --scan-folder /tmp/ZipHarbor-Migration/Build/Products/Debug-iphonesimulator/ZipHarbor.app/PlugIns/ZipHarborTests.xctest/SystemExtensions --scan-folder /tmp/ZipHarbor-Migration/Build/Products/Debug-iphonesimulator/ZipHarbor.app/PlugIns/ZipHarborTests.xctest/Extensions --platform iphonesimulator --toolchain /Applications/Xcode.app/Contents/Developer/Toolchains/XcodeDefault.xctoolchain --destination /tmp/ZipHarbor-Migration/Build/Products/Debug-iphonesimulator/ZipHarbor.app/PlugIns/ZipHarborTests.xctest/Frameworks --strip-bitcode --scan-executable /Applications/Xcode.app/Contents/Developer/Platforms/iPhoneSimulator.platform/Developer/usr/lib/libXCTestSwiftSupport.dylib --strip-bitcode-tool /Applications/Xcode.app/Contents/Developer/Toolchains/XcodeDefault.xctoolchain/usr/bin/bitcode_strip --emit-dependency-info /tmp/ZipHarbor-Migration/Build/Intermediates.noindex/ZipHarbor.build/Debug-iphonesimulator/ZipHarborTests.build/SwiftStdLibToolInputDependencies.dep --filter-for-swift-os

CodeSign /tmp/ZipHarbor-Migration/Build/Products/Debug-iphonesimulator/ZipHarbor.app/ZipHarbor.debug.dylib (in target 'ZipHarbor' from project 'ZipHarbor')
    cd /Users/USER/github_space/zip-app/ZipHarbor
    
    Signing Identity:     "Sign to Run Locally"
    
    /usr/bin/codesign --force --sign - --timestamp\=none --generate-entitlement-der /tmp/ZipHarbor-Migration/Build/Products/Debug-iphonesimulator/ZipHarbor.app/ZipHarbor.debug.dylib
/tmp/ZipHarbor-Migration/Build/Products/Debug-iphonesimulator/ZipHarbor.app/ZipHarbor.debug.dylib: replacing existing signature

CodeSign /tmp/ZipHarbor-Migration/Build/Products/Debug-iphonesimulator/ZipHarbor.app/__preview.dylib (in target 'ZipHarbor' from project 'ZipHarbor')
    cd /Users/USER/github_space/zip-app/ZipHarbor
    
    Signing Identity:     "Sign to Run Locally"
    
    /usr/bin/codesign --force --sign - --timestamp\=none --generate-entitlement-der /tmp/ZipHarbor-Migration/Build/Products/Debug-iphonesimulator/ZipHarbor.app/__preview.dylib
/tmp/ZipHarbor-Migration/Build/Products/Debug-iphonesimulator/ZipHarbor.app/__preview.dylib: replacing existing signature

CodeSign /tmp/ZipHarbor-Migration/Build/Products/Debug-iphonesimulator/ZipHarbor.app (in target 'ZipHarbor' from project 'ZipHarbor')
    cd /Users/USER/github_space/zip-app/ZipHarbor
    
    Signing Identity:     "Sign to Run Locally"
    
    /usr/bin/codesign --force --sign - --timestamp\=none --generate-entitlement-der /tmp/ZipHarbor-Migration/Build/Products/Debug-iphonesimulator/ZipHarbor.app
/tmp/ZipHarbor-Migration/Build/Products/Debug-iphonesimulator/ZipHarbor.app: replacing existing signature

Validate /tmp/ZipHarbor-Migration/Build/Products/Debug-iphonesimulator/ZipHarbor.app (in target 'ZipHarbor' from project 'ZipHarbor')
    cd /Users/USER/github_space/zip-app/ZipHarbor
    builtin-validationUtility /tmp/ZipHarbor-Migration/Build/Products/Debug-iphonesimulator/ZipHarbor.app -shallow-bundle -infoplist-subpath Info.plist

ProcessInfoPlistFile /tmp/ZipHarbor-Migration/Build/Products/Debug-iphonesimulator/ZipHarborUITests-Runner.app/PlugIns/ZipHarborUITests.xctest/Info.plist /tmp/ZipHarbor-Migration/Build/Intermediates.noindex/ZipHarbor.build/Debug-iphonesimulator/ZipHarborUITests.build/empty-ZipHarborUITests.plist (in target 'ZipHarborUITests' from project 'ZipHarbor')
    cd /Users/USER/github_space/zip-app/ZipHarbor
    builtin-infoPlistUtility /tmp/ZipHarbor-Migration/Build/Intermediates.noindex/ZipHarbor.build/Debug-iphonesimulator/ZipHarborUITests.build/empty-ZipHarborUITests.plist -producttype com.apple.product-type.bundle.ui-testing -expandbuildsettings -format binary -platform iphonesimulator -additionalcontentfile /tmp/ZipHarbor-Migration/Build/Intermediates.noindex/ZipHarbor.build/Debug-iphonesimulator/ZipHarborUITests.build/ProductTypeInfoPlistAdditions.plist -o /tmp/ZipHarbor-Migration/Build/Products/Debug-iphonesimulator/ZipHarborUITests-Runner.app/PlugIns/ZipHarborUITests.xctest/Info.plist

CopySwiftLibs /tmp/ZipHarbor-Migration/Build/Products/Debug-iphonesimulator/ZipHarborUITests-Runner.app/PlugIns/ZipHarborUITests.xctest (in target 'ZipHarborUITests' from project 'ZipHarbor')
    cd /Users/USER/github_space/zip-app/ZipHarbor
    builtin-swiftStdLibTool --copy --verbose --sign - --scan-executable /tmp/ZipHarbor-Migration/Build/Products/Debug-iphonesimulator/ZipHarborUITests-Runner.app/PlugIns/ZipHarborUITests.xctest/ZipHarborUITests --scan-folder /tmp/ZipHarbor-Migration/Build/Products/Debug-iphonesimulator/ZipHarborUITests-Runner.app/PlugIns/ZipHarborUITests.xctest/Frameworks --scan-folder /tmp/ZipHarbor-Migration/Build/Products/Debug-iphonesimulator/ZipHarborUITests-Runner.app/PlugIns/ZipHarborUITests.xctest/PlugIns --scan-folder /tmp/ZipHarbor-Migration/Build/Products/Debug-iphonesimulator/ZipHarborUITests-Runner.app/PlugIns/ZipHarborUITests.xctest/SystemExtensions --scan-folder /tmp/ZipHarbor-Migration/Build/Products/Debug-iphonesimulator/ZipHarborUITests-Runner.app/PlugIns/ZipHarborUITests.xctest/Extensions --platform iphonesimulator --toolchain /Applications/Xcode.app/Contents/Developer/Toolchains/XcodeDefault.xctoolchain --destination /tmp/ZipHarbor-Migration/Build/Products/Debug-iphonesimulator/ZipHarborUITests-Runner.app/PlugIns/ZipHarborUITests.xctest/Frameworks --strip-bitcode --scan-executable /Applications/Xcode.app/Contents/Developer/Platforms/iPhoneSimulator.platform/Developer/usr/lib/libXCTestSwiftSupport.dylib --strip-bitcode-tool /Applications/Xcode.app/Contents/Developer/Toolchains/XcodeDefault.xctoolchain/usr/bin/bitcode_strip --emit-dependency-info /tmp/ZipHarbor-Migration/Build/Intermediates.noindex/ZipHarbor.build/Debug-iphonesimulator/ZipHarborUITests.build/SwiftStdLibToolInputDependencies.dep --filter-for-swift-os

PruneExplicitPrecompiledModules /tmp/ZipHarbor-Migration/Build/Intermediates.noindex/ExplicitPrecompiledModules

PruneExplicitPrecompiledModules /tmp/ZipHarbor-Migration/SDKExplicitPrecompiledModules

PruneExplicitPrecompiledModules /tmp/ZipHarbor-Migration/Build/Intermediates.noindex/SwiftExplicitPrecompiledModules

2026-10-01 15:59:16.986722+0800 ZipHarbor[82646:3276746] [error] CoreData: error: Failed to stat path '/Users/USER/Library/Developer/CoreSimulator/Devices/A875629A-52DA-43B2-9917-62B406AE0AB4/data/Containers/Data/Application/5FFBA6A0-D0AB-4393-B023-145B9C9108A4/Library/Application Support/default.store', errno 2 / No such file or directory.
CoreData: error: Failed to stat path '/Users/USER/Library/Developer/CoreSimulator/Devices/A875629A-52DA-43B2-9917-62B406AE0AB4/data/Containers/Data/Application/5FFBA6A0-D0AB-4393-B023-145B9C9108A4/Library/Application Support/default.store', errno 2 / No such file or directory.
2026-10-01 15:59:16.986827+0800 ZipHarbor[82646:3276746] [error] CoreData: error: Executing as effective user 501
CoreData: error: Executing as effective user 501
2026-10-01 15:59:16.986875+0800 ZipHarbor[82646:3276746] [error] CoreData: error:   Sandbox access to file-write-create denied
CoreData: error:   Sandbox access to file-write-create denied
2026-10-01 15:59:16.986930+0800 ZipHarbor[82646:3276746] [error] CoreData: error: Failed to statfs file; errno 2 / No such file or directory.
CoreData: error: Failed to statfs file; errno 2 / No such file or directory.
2026-10-01 15:59:16.986969+0800 ZipHarbor[82646:3276746] [error] CoreData: error: Information for file system
CoreData: error: Information for file system
2026-10-01 15:59:16.987018+0800 ZipHarbor[82646:3276746] [error] CoreData: error: ---------------------------
CoreData: error: ---------------------------
2026-10-01 15:59:16.987793+0800 ZipHarbor[82646:3276746] [error] CoreData: error:   File system type: 		0
CoreData: error:   File system type: 		0
2026-10-01 15:59:16.987849+0800 ZipHarbor[82646:3276746] [error] CoreData: error:   File system flags: 		0
CoreData: error:   File system flags: 		0
2026-10-01 15:59:16.987889+0800 ZipHarbor[82646:3276746] [error] CoreData: error:   Total data blocks: 		0
CoreData: error:   Total data blocks: 		0
2026-10-01 15:59:16.987944+0800 ZipHarbor[82646:3276746] [error] CoreData: error:   Free data blocks: 		0
CoreData: error:   Free data blocks: 		0
2026-10-01 15:59:16.987987+0800 ZipHarbor[82646:3276746] [error] CoreData: error:   Free blocks for nonsuperuser:	0
CoreData: error:   Free blocks for nonsuperuser:	0
2026-10-01 15:59:16.988038+0800 ZipHarbor[82646:3276746] [error] CoreData: error:   Total i-nodes: 			0
CoreData: error:   Total i-nodes: 			0
2026-10-01 15:59:16.988086+0800 ZipHarbor[82646:3276746] [error] CoreData: error:   File system ID: 		0, 0
CoreData: error:   File system ID: 		0, 0
2026-10-01 15:59:16.988130+0800 ZipHarbor[82646:3276746] [error] CoreData: error:   Free i-nodes: 			0
CoreData: error:   Free i-nodes: 			0
2026-10-01 15:59:16.988166+0800 ZipHarbor[82646:3276746] [error] CoreData: error:   Owner UID: 			0
CoreData: error:   Owner UID: 			0
2026-10-01 15:59:16.988206+0800 ZipHarbor[82646:3276746] [error] CoreData: error:   Filesystem type name:
CoreData: error:   Filesystem type name: 		
2026-10-01 15:59:16.988242+0800 ZipHarbor[82646:3276746] [error] CoreData: error:   Mount on name:
CoreData: error:   Mount on name: 			
2026-10-01 15:59:16.988282+0800 ZipHarbor[82646:3276746] [error] CoreData: error:   Mount from name: 		\M-D\M-|\^C\M^@\^A
CoreData: error:   Mount from name: 		ƒ¸Ä
2026-10-01 15:59:16.988353+0800 ZipHarbor[82646:3276746] [error] CoreData: error: Failed to stat path '/Users/USER/Library/Developer/CoreSimulator/Devices/A875629A-52DA-43B2-9917-62B406AE0AB4/data/Containers/Data/Application/5FFBA6A0-D0AB-4393-B023-145B9C9108A4/Library/Application Support', errno 2 / No such file or directory.
CoreData: error: Failed to stat path '/Users/USER/Library/Developer/CoreSimulator/Devices/A875629A-52DA-43B2-9917-62B406AE0AB4/data/Containers/Data/Application/5FFBA6A0-D0AB-4393-B023-145B9C9108A4/Library/Application Support', errno 2 / No such file or directory.
2026-10-01 15:59:16.988396+0800 ZipHarbor[82646:3276746] [error] CoreData: error: Executing as effective user 501
CoreData: error: Executing as effective user 501
2026-10-01 15:59:16.988438+0800 ZipHarbor[82646:3276746] [error] CoreData: error:   Sandbox access to file-write-create denied
CoreData: error:   Sandbox access to file-write-create denied
2026-10-01 15:59:16.988485+0800 ZipHarbor[82646:3276746] [error] CoreData: error: Failed to statfs file; errno 2 / No such file or directory.
CoreData: error: Failed to statfs file; errno 2 / No such file or directory.
2026-10-01 15:59:16.988810+0800 ZipHarbor[82646:3276746] [error] CoreData: error: Information for file system
CoreData: error: Information for file system
2026-10-01 15:59:16.988845+0800 ZipHarbor[82646:3276746] [error] CoreData: error: ---------------------------
CoreData: error: ---------------------------
2026-10-01 15:59:16.988875+0800 ZipHarbor[82646:3276746] [error] CoreData: error:   File system type: 		0
CoreData: error:   File system type: 		0
2026-10-01 15:59:16.988925+0800 ZipHarbor[82646:3276746] [error] CoreData: error:   File system flags: 		0
CoreData: error:   File system flags: 		0
2026-10-01 15:59:16.988959+0800 ZipHarbor[82646:3276746] [error] CoreData: error:   Total data blocks: 		0
CoreData: error:   Total data blocks: 		0
2026-10-01 15:59:16.988994+0800 ZipHarbor[82646:3276746] [error] CoreData: error:   Free data blocks: 		0
CoreData: error:   Free data blocks: 		0
2026-10-01 15:59:16.989046+0800 ZipHarbor[82646:3276746] [error] CoreData: error:   Free blocks for nonsuperuser:	0
CoreData: error:   Free blocks for nonsuperuser:	0
2026-10-01 15:59:16.989083+0800 ZipHarbor[82646:3276746] [error] CoreData: error:   Total i-nodes: 			0
CoreData: error:   Total i-nodes: 			0
2026-10-01 15:59:16.989119+0800 ZipHarbor[82646:3276746] [error] CoreData: error:   File system ID: 		0, 0
CoreData: error:   File system ID: 		0, 0
2026-10-01 15:59:16.989155+0800 ZipHarbor[82646:3276746] [error] CoreData: error:   Free i-nodes: 			0
CoreData: error:   Free i-nodes: 			0
2026-10-01 15:59:16.989189+0800 ZipHarbor[82646:3276746] [error] CoreData: error:   Owner UID: 			0
CoreData: error:   Owner UID: 			0
2026-10-01 15:59:16.989228+0800 ZipHarbor[82646:3276746] [error] CoreData: error:   Filesystem type name:
CoreData: error:   Filesystem type name: 		
2026-10-01 15:59:16.989263+0800 ZipHarbor[82646:3276746] [error] CoreData: error:   Mount on name:
CoreData: error:   Mount on name: 			
2026-10-01 15:59:16.989296+0800 ZipHarbor[82646:3276746] [error] CoreData: error:   Mount from name: 		\M-D\M-|\^C\M^@\^A
CoreData: error:   Mount from name: 		ƒ¸Ä
2026-10-01 15:59:16.989357+0800 ZipHarbor[82646:3276746] [error] CoreData: error: Executing as effective user 501
CoreData: error: Executing as effective user 501
2026-10-01 15:59:16.989389+0800 ZipHarbor[82646:3276746] [error] CoreData: error: Information for /Users/USER/Library/Developer/CoreSimulator/Devices/A875629A-52DA-43B2-9917-62B406AE0AB4/data/Containers/Data/Application/5FFBA6A0-D0AB-4393-B023-145B9C9108A4/Library
CoreData: error: Information for /Users/USER/Library/Developer/CoreSimulator/Devices/A875629A-52DA-43B2-9917-62B406AE0AB4/data/Containers/Data/Application/5FFBA6A0-D0AB-4393-B023-145B9C9108A4/Library
2026-10-01 15:59:16.989425+0800 ZipHarbor[82646:3276746] [error] CoreData: error: ---------------------------
CoreData: error: ---------------------------
2026-10-01 15:59:16.989458+0800 ZipHarbor[82646:3276746] [error] CoreData: error:   File Device ID: 	0
CoreData: error:   File Device ID: 	0
2026-10-01 15:59:16.989489+0800 ZipHarbor[82646:3276746] [error] CoreData: error:   Device ID: 		16777234
CoreData: error:   Device ID: 		16777234
2026-10-01 15:59:16.989523+0800 ZipHarbor[82646:3276746] [error] CoreData: error:   File Size: 		160 bytes
CoreData: error:   File Size: 		160 bytes
2026-10-01 15:59:16.989551+0800 ZipHarbor[82646:3276746] [error] CoreData: error:   File inode: 		137185482
CoreData: error:   File inode: 		137185482
2026-10-01 15:59:16.989586+0800 ZipHarbor[82646:3276746] [error] CoreData: error:   File user ID: 		501
CoreData: error:   File user ID: 		501
2026-10-01 15:59:16.989618+0800 ZipHarbor[82646:3276746] [error] CoreData: error:   File group ID: 		20
CoreData: error:   File group ID: 		20
2026-10-01 15:59:16.989646+0800 ZipHarbor[82646:3276746] [error] CoreData: error:   File Permissions:
CoreData: error:   File Permissions: 	
2026-10-01 15:59:16.989682+0800 ZipHarbor[82646:3276746] [error] CoreData: error: d
CoreData: error: d
2026-10-01 15:59:16.989712+0800 ZipHarbor[82646:3276746] [error] CoreData: error:   755
CoreData: error:   755
2026-10-01 15:59:16.989748+0800 ZipHarbor[82646:3276746] [error] CoreData: error:   file is not a symbolic link
CoreData: error:   file is not a symbolic link
2026-10-01 15:59:16.989817+0800 ZipHarbor[82646:3276746] [error] CoreData: error:   Sandbox access to file-write-create allowed
CoreData: error:   Sandbox access to file-write-create allowed
2026-10-01 15:59:16.989855+0800 ZipHarbor[82646:3276746] [error] CoreData: error: Information for file system
CoreData: error: Information for file system
2026-10-01 15:59:16.989884+0800 ZipHarbor[82646:3276746] [error] CoreData: error: ---------------------------
CoreData: error: ---------------------------
2026-10-01 15:59:16.989923+0800 ZipHarbor[82646:3276746] [error] CoreData: error:   File system type: 		0x1a
CoreData: error:   File system type: 		0x1a
2026-10-01 15:59:16.989958+0800 ZipHarbor[82646:3276746] [error] CoreData: error:   File system flags: 		0x4909080
CoreData: error:   File system flags: 		0x4909080
2026-10-01 15:59:16.989992+0800 ZipHarbor[82646:3276746] [error] CoreData: error:   MNT_JOURNALED
CoreData: error:   MNT_JOURNALED
2026-10-01 15:59:16.990025+0800 ZipHarbor[82646:3276746] [error] CoreData: error:   Total data blocks: 		242824745
CoreData: error:   Total data blocks: 		242824745
2026-10-01 15:59:16.990058+0800 ZipHarbor[82646:3276746] [error] CoreData: error:   Free data blocks: 		48582386
CoreData: error:   Free data blocks: 		48582386
2026-10-01 15:59:16.990092+0800 ZipHarbor[82646:3276746] [error] CoreData: error:   Free blocks for nonsuperuser:	48582386
CoreData: error:   Free blocks for nonsuperuser:	48582386
2026-10-01 15:59:16.990125+0800 ZipHarbor[82646:3276746] [error] CoreData: error:   Total i-nodes: 			1950507543
CoreData: error:   Total i-nodes: 			1950507543
2026-10-01 15:59:16.990158+0800 ZipHarbor[82646:3276746] [error] CoreData: error:   File system ID: 		0x1000012, 0x1a
CoreData: error:   File system ID: 		0x1000012, 0x1a
2026-10-01 15:59:16.990188+0800 ZipHarbor[82646:3276746] [error] CoreData: error:   Free i-nodes: 			1943295440
CoreData: error:   Free i-nodes: 			1943295440
2026-10-01 15:59:16.990220+0800 ZipHarbor[82646:3276746] [error] CoreData: error:   Owner UID: 			0
CoreData: error:   Owner UID: 			0
2026-10-01 15:59:16.990253+0800 ZipHarbor[82646:3276746] [error] CoreData: error:   Filesystem type name: 		apfs
CoreData: error:   Filesystem type name: 		apfs
2026-10-01 15:59:16.990289+0800 ZipHarbor[82646:3276746] [error] CoreData: error:   Mount on name: 			/System/Volumes/Data
CoreData: error:   Mount on name: 			/System/Volumes/Data
2026-10-01 15:59:16.990318+0800 ZipHarbor[82646:3276746] [error] CoreData: error:   Mount from name: 		/dev/disk3s5
CoreData: error:   Mount from name: 		/dev/disk3s5
2026-10-01 15:59:16.990365+0800 ZipHarbor[82646:3276746] [error] CoreData: error: Executing as effective user 501
CoreData: error: Executing as effective user 501
2026-10-01 15:59:16.990396+0800 ZipHarbor[82646:3276746] [error] CoreData: error: Information for /Users/USER/Library/Developer/CoreSimulator/Devices/A875629A-52DA-43B2-9917-62B406AE0AB4/data/Containers/Data/Application/5FFBA6A0-D0AB-4393-B023-145B9C9108A4
CoreData: error: Information for /Users/USER/Library/Developer/CoreSimulator/Devices/A875629A-52DA-43B2-9917-62B406AE0AB4/data/Containers/Data/Application/5FFBA6A0-D0AB-4393-B023-145B9C9108A4
2026-10-01 15:59:16.990429+0800 ZipHarbor[82646:3276746] [error] CoreData: error: ---------------------------
CoreData: error: ---------------------------
2026-10-01 15:59:16.990462+0800 ZipHarbor[82646:3276746] [error] CoreData: error:   File Device ID: 	0
CoreData: error:   File Device ID: 	0
2026-10-01 15:59:16.990489+0800 ZipHarbor[82646:3276746] [error] CoreData: error:   Device ID: 		16777234
CoreData: error:   Device ID: 		16777234
2026-10-01 15:59:16.990516+0800 ZipHarbor[82646:3276746] [error] CoreData: error:   File Size: 		224 bytes
CoreData: error:   File Size: 		224 bytes
2026-10-01 15:59:16.990554+0800 ZipHarbor[82646:3276746] [error] CoreData: error:   File inode: 		137185480
CoreData: error:   File inode: 		137185480
2026-10-01 15:59:16.990585+0800 ZipHarbor[82646:3276746] [error] CoreData: error:   File user ID: 		501
CoreData: error:   File user ID: 		501
2026-10-01 15:59:16.990623+0800 ZipHarbor[82646:3276746] [error] CoreData: error:   File group ID: 		20
CoreData: error:   File group ID: 		20
2026-10-01 15:59:16.990656+0800 ZipHarbor[82646:3276746] [error] CoreData: error:   File Permissions:
CoreData: error:   File Permissions: 	
2026-10-01 15:59:16.990683+0800 ZipHarbor[82646:3276746] [error] CoreData: error: d
CoreData: error: d
2026-10-01 15:59:16.990708+0800 ZipHarbor[82646:3276746] [error] CoreData: error:   755
CoreData: error:   755
2026-10-01 15:59:16.990746+0800 ZipHarbor[82646:3276746] [error] CoreData: error:   file is not a symbolic link
CoreData: error:   file is not a symbolic link
2026-10-01 15:59:16.990793+0800 ZipHarbor[82646:3276746] [error] CoreData: error:   Sandbox access to file-write-create allowed
CoreData: error:   Sandbox access to file-write-create allowed
2026-10-01 15:59:16.990835+0800 ZipHarbor[82646:3276746] [error] CoreData: error: Executing as effective user 501
CoreData: error: Executing as effective user 501
2026-10-01 15:59:16.990869+0800 ZipHarbor[82646:3276746] [error] CoreData: error: Information for /Users/USER/Library/Developer/CoreSimulator/Devices/A875629A-52DA-43B2-9917-62B406AE0AB4/data/Containers/Data/Application
CoreData: error: Information for /Users/USER/Library/Developer/CoreSimulator/Devices/A875629A-52DA-43B2-9917-62B406AE0AB4/data/Containers/Data/Application
2026-10-01 15:59:16.990900+0800 ZipHarbor[82646:3276746] [error] CoreData: error: ---------------------------
CoreData: error: ---------------------------
2026-10-01 15:59:16.990933+0800 ZipHarbor[82646:3276746] [error] CoreData: error:   File Device ID: 	0
CoreData: error:   File Device ID: 	0
2026-10-01 15:59:16.990964+0800 ZipHarbor[82646:3276746] [error] CoreData: error:   Device ID: 		16777234
CoreData: error:   Device ID: 		16777234
2026-10-01 15:59:16.990998+0800 ZipHarbor[82646:3276746] [error] CoreData: error:   File Size: 		4768 bytes
CoreData: error:   File Size: 		4768 bytes
2026-10-01 15:59:16.991026+0800 ZipHarbor[82646:3276746] [error] CoreData: error:   File inode: 		137162074
CoreData: error:   File inode: 		137162074
2026-10-01 15:59:16.991058+0800 ZipHarbor[82646:3276746] [error] CoreData: error:   File user ID: 		501
CoreData: error:   File user ID: 		501
2026-10-01 15:59:16.991092+0800 ZipHarbor[82646:3276746] [error] CoreData: error:   File group ID: 		20
CoreData: error:   File group ID: 		20
2026-10-01 15:59:16.991124+0800 ZipHarbor[82646:3276746] [error] CoreData: error:   File Permissions:
CoreData: error:   File Permissions: 	
2026-10-01 15:59:16.991156+0800 ZipHarbor[82646:3276746] [error] CoreData: error: d
CoreData: error: d
2026-10-01 15:59:16.991190+0800 ZipHarbor[82646:3276746] [error] CoreData: error:   755
CoreData: error:   755
2026-10-01 15:59:16.991225+0800 ZipHarbor[82646:3276746] [error] CoreData: error:   file is not a symbolic link
CoreData: error:   file is not a symbolic link
2026-10-01 15:59:16.991274+0800 ZipHarbor[82646:3276746] [error] CoreData: error:   Sandbox access to file-write-create allowed
CoreData: error:   Sandbox access to file-write-create allowed
2026-10-01 15:59:16.991317+0800 ZipHarbor[82646:3276746] [error] CoreData: error: Executing as effective user 501
CoreData: error: Executing as effective user 501
2026-10-01 15:59:16.991354+0800 ZipHarbor[82646:3276746] [error] CoreData: error: Information for /Users/USER/Library/Developer/CoreSimulator/Devices/A875629A-52DA-43B2-9917-62B406AE0AB4/data/Containers/Data
CoreData: error: Information for /Users/USER/Library/Developer/CoreSimulator/Devices/A875629A-52DA-43B2-9917-62B406AE0AB4/data/Containers/Data
2026-10-01 15:59:16.991382+0800 ZipHarbor[82646:3276746] [error] CoreData: error: ---------------------------
CoreData: error: ---------------------------
2026-10-01 15:59:16.991414+0800 ZipHarbor[82646:3276746] [error] CoreData: error:   File Device ID: 	0
CoreData: error:   File Device ID: 	0
2026-10-01 15:59:16.991448+0800 ZipHarbor[82646:3276746] [error] CoreData: error:   Device ID: 		16777234
CoreData: error:   Device ID: 		16777234
2026-10-01 15:59:16.991476+0800 ZipHarbor[82646:3276746] [error] CoreData: error:   File Size: 		192 bytes
CoreData: error:   File Size: 		192 bytes
2026-10-01 15:59:16.991512+0800 ZipHarbor[82646:3276746] [error] CoreData: error:   File inode: 		137161583
CoreData: error:   File inode: 		137161583
2026-10-01 15:59:16.991543+0800 ZipHarbor[82646:3276746] [error] CoreData: error:   File user ID: 		501
CoreData: error:   File user ID: 		501
2026-10-01 15:59:16.991574+0800 ZipHarbor[82646:3276746] [error] CoreData: error:   File group ID: 		20
CoreData: error:   File group ID: 		20
2026-10-01 15:59:16.991605+0800 ZipHarbor[82646:3276746] [error] CoreData: error:   File Permissions:
CoreData: error:   File Permissions: 	
2026-10-01 15:59:16.991632+0800 ZipHarbor[82646:3276746] [error] CoreData: error: d
CoreData: error: d
2026-10-01 15:59:16.991661+0800 ZipHarbor[82646:3276746] [error] CoreData: error:   755
CoreData: error:   755
2026-10-01 15:59:16.991690+0800 ZipHarbor[82646:3276746] [error] CoreData: error:   file is not a symbolic link
CoreData: error:   file is not a symbolic link
2026-10-01 15:59:16.991745+0800 ZipHarbor[82646:3276746] [error] CoreData: error:   Sandbox access to file-write-create allowed
CoreData: error:   Sandbox access to file-write-create allowed
2026-10-01 15:59:16.991788+0800 ZipHarbor[82646:3276746] [error] CoreData: error: Executing as effective user 501
CoreData: error: Executing as effective user 501
2026-10-01 15:59:16.991816+0800 ZipHarbor[82646:3276746] [error] CoreData: error: Information for /Users/USER/Library/Developer/CoreSimulator/Devices/A875629A-52DA-43B2-9917-62B406AE0AB4/data/Containers
CoreData: error: Information for /Users/USER/Library/Developer/CoreSimulator/Devices/A875629A-52DA-43B2-9917-62B406AE0AB4/data/Containers
2026-10-01 15:59:16.991852+0800 ZipHarbor[82646:3276746] [error] CoreData: error: ---------------------------
CoreData: error: ---------------------------
2026-10-01 15:59:16.991884+0800 ZipHarbor[82646:3276746] [error] CoreData: error:   File Device ID: 	0
CoreData: error:   File Device ID: 	0
2026-10-01 15:59:16.991920+0800 ZipHarbor[82646:3276746] [error] CoreData: error:   Device ID: 		16777234
CoreData: error:   Device ID: 		16777234
2026-10-01 15:59:16.991960+0800 ZipHarbor[82646:3276746] [error] CoreData: error:   File Size: 		224 bytes
CoreData: error:   File Size: 		224 bytes
2026-10-01 15:59:16.991993+0800 ZipHarbor[82646:3276746] [error] CoreData: error:   File inode: 		137161533
CoreData: error:   File inode: 		137161533
2026-10-01 15:59:16.992022+0800 ZipHarbor[82646:3276746] [error] CoreData: error:   File user ID: 		501
CoreData: error:   File user ID: 		501
2026-10-01 15:59:16.992059+0800 ZipHarbor[82646:3276746] [error] CoreData: error:   File group ID: 		20
CoreData: error:   File group ID: 		20
2026-10-01 15:59:16.992096+0800 ZipHarbor[82646:3276746] [error] CoreData: error:   File Permissions:
CoreData: error:   File Permissions: 	
2026-10-01 15:59:16.992126+0800 ZipHarbor[82646:3276746] [error] CoreData: error: d
CoreData: error: d
2026-10-01 15:59:16.992157+0800 ZipHarbor[82646:3276746] [error] CoreData: error:   755
CoreData: error:   755
2026-10-01 15:59:16.992189+0800 ZipHarbor[82646:3276746] [error] CoreData: error:   file is not a symbolic link
CoreData: error:   file is not a symbolic link
2026-10-01 15:59:16.992245+0800 ZipHarbor[82646:3276746] [error] CoreData: error:   Sandbox access to file-write-create allowed
CoreData: error:   Sandbox access to file-write-create allowed
2026-10-01 15:59:16.992303+0800 ZipHarbor[82646:3276746] [error] CoreData: error: Executing as effective user 501
CoreData: error: Executing as effective user 501
2026-10-01 15:59:16.992334+0800 ZipHarbor[82646:3276746] [error] CoreData: error: Information for /Users/USER/Library/Developer/CoreSimulator/Devices/A875629A-52DA-43B2-9917-62B406AE0AB4/data
CoreData: error: Information for /Users/USER/Library/Developer/CoreSimulator/Devices/A875629A-52DA-43B2-9917-62B406AE0AB4/data
2026-10-01 15:59:16.992364+0800 ZipHarbor[82646:3276746] [error] CoreData: error: ---------------------------
CoreData: error: ---------------------------
2026-10-01 15:59:16.992402+0800 ZipHarbor[82646:3276746] [error] CoreData: error:   File Device ID: 	0
CoreData: error:   File Device ID: 	0
2026-10-01 15:59:16.992431+0800 ZipHarbor[82646:3276746] [error] CoreData: error:   Device ID: 		16777234
CoreData: error:   Device ID: 		16777234
2026-10-01 15:59:16.992469+0800 ZipHarbor[82646:3276746] [error] CoreData: error:   File Size: 		416 bytes
CoreData: error:   File Size: 		416 bytes
2026-10-01 15:59:16.992520+0800 ZipHarbor[82646:3276746] [error] CoreData: error:   File inode: 		137161341
CoreData: error:   File inode: 		137161341
2026-10-01 15:59:16.992556+0800 ZipHarbor[82646:3276746] [error] CoreData: error:   File user ID: 		501
CoreData: error:   File user ID: 		501
2026-10-01 15:59:16.992590+0800 ZipHarbor[82646:3276746] [error] CoreData: error:   File group ID: 		20
CoreData: error:   File group ID: 		20
2026-10-01 15:59:16.992621+0800 ZipHarbor[82646:3276746] [error] CoreData: error:   File Permissions:
CoreData: error:   File Permissions: 	
2026-10-01 15:59:16.992652+0800 ZipHarbor[82646:3276746] [error] CoreData: error: d
CoreData: error: d
2026-10-01 15:59:16.992677+0800 ZipHarbor[82646:3276746] [error] CoreData: error:   775
CoreData: error:   775
2026-10-01 15:59:16.992719+0800 ZipHarbor[82646:3276746] [error] CoreData: error:   file is not a symbolic link
CoreData: error:   file is not a symbolic link
2026-10-01 15:59:16.992770+0800 ZipHarbor[82646:3276746] [error] CoreData: error:   Sandbox access to file-write-create allowed
CoreData: error:   Sandbox access to file-write-create allowed
2026-10-01 15:59:16.992815+0800 ZipHarbor[82646:3276746] [error] CoreData: error: Executing as effective user 501
CoreData: error: Executing as effective user 501
2026-10-01 15:59:16.992848+0800 ZipHarbor[82646:3276746] [error] CoreData: error: Information for /Users/USER/Library/Developer/CoreSimulator/Devices/A875629A-52DA-43B2-9917-62B406AE0AB4
CoreData: error: Information for /Users/USER/Library/Developer/CoreSimulator/Devices/A875629A-52DA-43B2-9917-62B406AE0AB4
2026-10-01 15:59:16.992884+0800 ZipHarbor[82646:3276746] [error] CoreData: error: ---------------------------
CoreData: error: ---------------------------
2026-10-01 15:59:16.992914+0800 ZipHarbor[82646:3276746] [error] CoreData: error:   File Device ID: 	0
CoreData: error:   File Device ID: 	0
2026-10-01 15:59:16.992947+0800 ZipHarbor[82646:3276746] [error] CoreData: error:   Device ID: 		16777234
CoreData: error:   Device ID: 		16777234
2026-10-01 15:59:16.992984+0800 ZipHarbor[82646:3276746] [error] CoreData: error:   File Size: 		160 bytes
CoreData: error:   File Size: 		160 bytes
2026-10-01 15:59:16.993013+0800 ZipHarbor[82646:3276746] [error] CoreData: error:   File inode: 		137161340
CoreData: error:   File inode: 		137161340
2026-10-01 15:59:16.993042+0800 ZipHarbor[82646:3276746] [error] CoreData: error:   File user ID: 		501
CoreData: error:   File user ID: 		501
2026-10-01 15:59:16.993075+0800 ZipHarbor[82646:3276746] [error] CoreData: error:   File group ID: 		20
CoreData: error:   File group ID: 		20
2026-10-01 15:59:16.993106+0800 ZipHarbor[82646:3276746] [error] CoreData: error:   File Permissions:
CoreData: error:   File Permissions: 	
2026-10-01 15:59:16.993135+0800 ZipHarbor[82646:3276746] [error] CoreData: error: d
CoreData: error: d
2026-10-01 15:59:16.993170+0800 ZipHarbor[82646:3276746] [error] CoreData: error:   755
CoreData: error:   755
2026-10-01 15:59:16.993204+0800 ZipHarbor[82646:3276746] [error] CoreData: error:   file is not a symbolic link
CoreData: error:   file is not a symbolic link
2026-10-01 15:59:16.993252+0800 ZipHarbor[82646:3276746] [error] CoreData: error:   Sandbox access to file-write-create allowed
CoreData: error:   Sandbox access to file-write-create allowed
2026-10-01 15:59:16.993287+0800 ZipHarbor[82646:3276746] [error] CoreData: error: Executing as effective user 501
CoreData: error: Executing as effective user 501
2026-10-01 15:59:16.993319+0800 ZipHarbor[82646:3276746] [error] CoreData: error: Information for /Users/USER/Library/Developer/CoreSimulator/Devices
CoreData: error: Information for /Users/USER/Library/Developer/CoreSimulator/Devices
2026-10-01 15:59:16.993357+0800 ZipHarbor[82646:3276746] [error] CoreData: error: ---------------------------
CoreData: error: ---------------------------
2026-10-01 15:59:16.993392+0800 ZipHarbor[82646:3276746] [error] CoreData: error:   File Device ID: 	0
CoreData: error:   File Device ID: 	0
2026-10-01 15:59:16.993428+0800 ZipHarbor[82646:3276746] [error] CoreData: error:   Device ID: 		16777234
CoreData: error:   Device ID: 		16777234
2026-10-01 15:59:16.993460+0800 ZipHarbor[82646:3276746] [error] CoreData: error:   File Size: 		1984 bytes
CoreData: error:   File Size: 		1984 bytes
2026-10-01 15:59:16.993498+0800 ZipHarbor[82646:3276746] [error] CoreData: error:   File inode: 		2359327
CoreData: error:   File inode: 		2359327
2026-10-01 15:59:16.993533+0800 ZipHarbor[82646:3276746] [error] CoreData: error:   File user ID: 		501
CoreData: error:   File user ID: 		501
2026-10-01 15:59:16.993565+0800 ZipHarbor[82646:3276746] [error] CoreData: error:   File group ID: 		20
CoreData: error:   File group ID: 		20
2026-10-01 15:59:16.993602+0800 ZipHarbor[82646:3276746] [error] CoreData: error:   File Permissions:
CoreData: error:   File Permissions: 	
2026-10-01 15:59:16.993641+0800 ZipHarbor[82646:3276746] [error] CoreData: error: d
CoreData: error: d
2026-10-01 15:59:16.993674+0800 ZipHarbor[82646:3276746] [error] CoreData: error:   755
CoreData: error:   755
2026-10-01 15:59:16.993709+0800 ZipHarbor[82646:3276746] [error] CoreData: error:   file is not a symbolic link
CoreData: error:   file is not a symbolic link
2026-10-01 15:59:16.993758+0800 ZipHarbor[82646:3276746] [error] CoreData: error:   Sandbox access to file-write-create allowed
CoreData: error:   Sandbox access to file-write-create allowed
2026-10-01 15:59:16.993796+0800 ZipHarbor[82646:3276746] [error] CoreData: error: Executing as effective user 501
CoreData: error: Executing as effective user 501
2026-10-01 15:59:16.993829+0800 ZipHarbor[82646:3276746] [error] CoreData: error: Information for /Users/USER/Library/Developer/CoreSimulator
CoreData: error: Information for /Users/USER/Library/Developer/CoreSimulator
2026-10-01 15:59:16.993864+0800 ZipHarbor[82646:3276746] [error] CoreData: error: ---------------------------
CoreData: error: ---------------------------
2026-10-01 15:59:16.993899+0800 ZipHarbor[82646:3276746] [error] CoreData: error:   File Device ID: 	0
CoreData: error:   File Device ID: 	0
2026-10-01 15:59:16.993934+0800 ZipHarbor[82646:3276746] [error] CoreData: error:   Device ID: 		16777234
CoreData: error:   Device ID: 		16777234
2026-10-01 15:59:16.993968+0800 ZipHarbor[82646:3276746] [error] CoreData: error:   File Size: 		160 bytes
CoreData: error:   File Size: 		160 bytes
2026-10-01 15:59:16.994006+0800 ZipHarbor[82646:3276746] [error] CoreData: error:   File inode: 		2359221
CoreData: error:   File inode: 		2359221
2026-10-01 15:59:16.994032+0800 ZipHarbor[82646:3276746] [error] CoreData: error:   File user ID: 		501
CoreData: error:   File user ID: 		501
2026-10-01 15:59:16.994062+0800 ZipHarbor[82646:3276746] [error] CoreData: error:   File group ID: 		20
CoreData: error:   File group ID: 		20
2026-10-01 15:59:16.994097+0800 ZipHarbor[82646:3276746] [error] CoreData: error:   File Permissions:
CoreData: error:   File Permissions: 	
2026-10-01 15:59:16.994129+0800 ZipHarbor[82646:3276746] [error] CoreData: error: d
CoreData: error: d
2026-10-01 15:59:16.994162+0800 ZipHarbor[82646:3276746] [error] CoreData: error:   755
CoreData: error:   755
2026-10-01 15:59:16.994201+0800 ZipHarbor[82646:3276746] [error] CoreData: error:   file is not a symbolic link
CoreData: error:   file is not a symbolic link
2026-10-01 15:59:16.994254+0800 ZipHarbor[82646:3276746] [error] CoreData: error:   Sandbox access to file-write-create allowed
CoreData: error:   Sandbox access to file-write-create allowed
2026-10-01 15:59:16.994289+0800 ZipHarbor[82646:3276746] [error] CoreData: error: Executing as effective user 501
CoreData: error: Executing as effective user 501
2026-10-01 15:59:16.994319+0800 ZipHarbor[82646:3276746] [error] CoreData: error: Information for /Users/USER/Library/Developer
CoreData: error: Information for /Users/USER/Library/Developer
2026-10-01 15:59:16.994348+0800 ZipHarbor[82646:3276746] [error] CoreData: error: ---------------------------
CoreData: error: ---------------------------
2026-10-01 15:59:16.994380+0800 ZipHarbor[82646:3276746] [error] CoreData: error:   File Device ID: 	0
CoreData: error:   File Device ID: 	0
2026-10-01 15:59:16.994412+0800 ZipHarbor[82646:3276746] [error] CoreData: error:   Device ID: 		16777234
CoreData: error:   Device ID: 		16777234
2026-10-01 15:59:16.994440+0800 ZipHarbor[82646:3276746] [error] CoreData: error:   File Size: 		256 bytes
CoreData: error:   File Size: 		256 bytes
2026-10-01 15:59:16.994474+0800 ZipHarbor[82646:3276746] [error] CoreData: error:   File inode: 		2355486
CoreData: error:   File inode: 		2355486
2026-10-01 15:59:16.994510+0800 ZipHarbor[82646:3276746] [error] CoreData: error:   File user ID: 		501
CoreData: error:   File user ID: 		501
2026-10-01 15:59:16.994540+0800 ZipHarbor[82646:3276746] [error] CoreData: error:   File group ID: 		20
CoreData: error:   File group ID: 		20
2026-10-01 15:59:16.994569+0800 ZipHarbor[82646:3276746] [error] CoreData: error:   File Permissions:
CoreData: error:   File Permissions: 	
2026-10-01 15:59:16.994603+0800 ZipHarbor[82646:3276746] [error] CoreData: error: d
CoreData: error: d
2026-10-01 15:59:16.994632+0800 ZipHarbor[82646:3276746] [error] CoreData: error:   755
CoreData: error:   755
2026-10-01 15:59:16.994663+0800 ZipHarbor[82646:3276746] [error] CoreData: error:   file is not a symbolic link
CoreData: error:   file is not a symbolic link
2026-10-01 15:59:16.994709+0800 ZipHarbor[82646:3276746] [error] CoreData: error:   Sandbox access to file-write-create allowed
CoreData: error:   Sandbox access to file-write-create allowed
2026-10-01 15:59:16.994758+0800 ZipHarbor[82646:3276746] [error] CoreData: error: Executing as effective user 501
CoreData: error: Executing as effective user 501
2026-10-01 15:59:16.994791+0800 ZipHarbor[82646:3276746] [error] CoreData: error: Information for /Users/USER/Library
CoreData: error: Information for /Users/USER/Library
2026-10-01 15:59:16.994826+0800 ZipHarbor[82646:3276746] [error] CoreData: error: ---------------------------
CoreData: error: ---------------------------
2026-10-01 15:59:16.994862+0800 ZipHarbor[82646:3276746] [error] CoreData: error:   File Device ID: 	0
CoreData: error:   File Device ID: 	0
2026-10-01 15:59:16.994893+0800 ZipHarbor[82646:3276746] [error] CoreData: error:   Device ID: 		16777234
CoreData: error:   Device ID: 		16777234
2026-10-01 15:59:16.994925+0800 ZipHarbor[82646:3276746] [error] CoreData: error:   File Size: 		3200 bytes
CoreData: error:   File Size: 		3200 bytes
2026-10-01 15:59:16.994964+0800 ZipHarbor[82646:3276746] [error] CoreData: error:   File inode: 		372889
CoreData: error:   File inode: 		372889
2026-10-01 15:59:16.994996+0800 ZipHarbor[82646:3276746] [error] CoreData: error:   File user ID: 		501
CoreData: error:   File user ID: 		501
2026-10-01 15:59:16.995026+0800 ZipHarbor[82646:3276746] [error] CoreData: error:   File group ID: 		20
CoreData: error:   File group ID: 		20
2026-10-01 15:59:16.995061+0800 ZipHarbor[82646:3276746] [error] CoreData: error:   File Permissions:
CoreData: error:   File Permissions: 	
2026-10-01 15:59:16.995103+0800 ZipHarbor[82646:3276746] [error] CoreData: error: d
CoreData: error: d
2026-10-01 15:59:16.995142+0800 ZipHarbor[82646:3276746] [error] CoreData: error:   700
CoreData: error:   700
2026-10-01 15:59:16.995179+0800 ZipHarbor[82646:3276746] [error] CoreData: error:   file is not a symbolic link
CoreData: error:   file is not a symbolic link
2026-10-01 15:59:16.995229+0800 ZipHarbor[82646:3276746] [error] CoreData: error:   Sandbox access to file-write-create allowed
CoreData: error:   Sandbox access to file-write-create allowed
2026-10-01 15:59:16.995276+0800 ZipHarbor[82646:3276746] [error] CoreData: error: Executing as effective user 501
CoreData: error: Executing as effective user 501
2026-10-01 15:59:16.995310+0800 ZipHarbor[82646:3276746] [error] CoreData: error: Information for /Users/long
CoreData: error: Information for /Users/long
2026-10-01 15:59:16.995349+0800 ZipHarbor[82646:3276746] [error] CoreData: error: ---------------------------
CoreData: error: ---------------------------
2026-10-01 15:59:16.995386+0800 ZipHarbor[82646:3276746] [error] CoreData: error:   File Device ID: 	0
CoreData: error:   File Device ID: 	0
2026-10-01 15:59:16.995425+0800 ZipHarbor[82646:3276746] [error] CoreData: error:   Device ID: 		16777234
CoreData: error:   Device ID: 		16777234
2026-10-01 15:59:16.995462+0800 ZipHarbor[82646:3276746] [error] CoreData: error:   File Size: 		3520 bytes
CoreData: error:   File Size: 		3520 bytes
2026-10-01 15:59:16.995492+0800 ZipHarbor[82646:3276746] [error] CoreData: error:   File inode: 		372882
CoreData: error:   File inode: 		372882
2026-10-01 15:59:16.995533+0800 ZipHarbor[82646:3276746] [error] CoreData: error:   File user ID: 		501
CoreData: error:   File user ID: 		501
2026-10-01 15:59:16.995566+0800 ZipHarbor[82646:3276746] [error] CoreData: error:   File group ID: 		20
CoreData: error:   File group ID: 		20
2026-10-01 15:59:16.995599+0800 ZipHarbor[82646:3276746] [error] CoreData: error:   File Permissions:
CoreData: error:   File Permissions: 	
2026-10-01 15:59:16.995633+0800 ZipHarbor[82646:3276746] [error] CoreData: error: d
CoreData: error: d
2026-10-01 15:59:16.995666+0800 ZipHarbor[82646:3276746] [error] CoreData: error:   750
CoreData: error:   750
2026-10-01 15:59:16.995704+0800 ZipHarbor[82646:3276746] [error] CoreData: error:   file is not a symbolic link
CoreData: error:   file is not a symbolic link
2026-10-01 15:59:16.995753+0800 ZipHarbor[82646:3276746] [error] CoreData: error:   Sandbox access to file-write-create allowed
CoreData: error:   Sandbox access to file-write-create allowed
2026-10-01 15:59:16.995797+0800 ZipHarbor[82646:3276746] [error] CoreData: error: Executing as effective user 501
CoreData: error: Executing as effective user 501
2026-10-01 15:59:16.995835+0800 ZipHarbor[82646:3276746] [error] CoreData: error: Information for /Users
CoreData: error: Information for /Users
2026-10-01 15:59:16.995878+0800 ZipHarbor[82646:3276746] [error] CoreData: error: ---------------------------
CoreData: error: ---------------------------
2026-10-01 15:59:16.995922+0800 ZipHarbor[82646:3276746] [error] CoreData: error:   File Device ID: 	0
CoreData: error:   File Device ID: 	0
2026-10-01 15:59:16.995966+0800 ZipHarbor[82646:3276746] [error] CoreData: error:   Device ID: 		16777234
CoreData: error:   Device ID: 		16777234
2026-10-01 15:59:16.995998+0800 ZipHarbor[82646:3276746] [error] CoreData: error:   File Size: 		160 bytes
CoreData: error:   File Size: 		160 bytes
2026-10-01 15:59:16.996029+0800 ZipHarbor[82646:3276746] [error] CoreData: error:   File inode: 		18432
CoreData: error:   File inode: 		18432
2026-10-01 15:59:16.996070+0800 ZipHarbor[82646:3276746] [error] CoreData: error:   File user ID: 		0
CoreData: error:   File user ID: 		0
2026-10-01 15:59:16.996106+0800 ZipHarbor[82646:3276746] [error] CoreData: error:   File group ID: 		80
CoreData: error:   File group ID: 		80
2026-10-01 15:59:16.996140+0800 ZipHarbor[82646:3276746] [error] CoreData: error:   File Permissions:
CoreData: error:   File Permissions: 	
2026-10-01 15:59:16.996177+0800 ZipHarbor[82646:3276746] [error] CoreData: error: d
CoreData: error: d
2026-10-01 15:59:16.996208+0800 ZipHarbor[82646:3276746] [error] CoreData: error:   755
CoreData: error:   755
2026-10-01 15:59:16.996250+0800 ZipHarbor[82646:3276746] [error] CoreData: error:   file is not a symbolic link
CoreData: error:   file is not a symbolic link
2026-10-01 15:59:16.996313+0800 ZipHarbor[82646:3276746] [error] CoreData: error:   Sandbox access to file-write-create denied
CoreData: error:   Sandbox access to file-write-create denied
2026-10-01 15:59:16.996360+0800 ZipHarbor[82646:3276746] [error] CoreData: error: Executing as effective user 501
CoreData: error: Executing as effective user 501
2026-10-01 15:59:16.996391+0800 ZipHarbor[82646:3276746] [error] CoreData: error: Information for /
CoreData: error: Information for /
2026-10-01 15:59:16.996436+0800 ZipHarbor[82646:3276746] [error] CoreData: error: ---------------------------
CoreData: error: ---------------------------
2026-10-01 15:59:16.996485+0800 ZipHarbor[82646:3276746] [error] CoreData: error:   File Device ID: 	0
CoreData: error:   File Device ID: 	0
2026-10-01 15:59:16.996519+0800 ZipHarbor[82646:3276746] [error] CoreData: error:   Device ID: 		16777234
CoreData: error:   Device ID: 		16777234
2026-10-01 15:59:16.996557+0800 ZipHarbor[82646:3276746] [error] CoreData: error:   File Size: 		704 bytes
CoreData: error:   File Size: 		704 bytes
2026-10-01 15:59:16.996591+0800 ZipHarbor[82646:3276746] [error] CoreData: error:   File inode: 		2
CoreData: error:   File inode: 		2
2026-10-01 15:59:16.996624+0800 ZipHarbor[82646:3276746] [error] CoreData: error:   File user ID: 		0
CoreData: error:   File user ID: 		0
2026-10-01 15:59:16.996661+0800 ZipHarbor[82646:3276746] [error] CoreData: error:   File group ID: 		0
CoreData: error:   File group ID: 		0
2026-10-01 15:59:16.996701+0800 ZipHarbor[82646:3276746] [error] CoreData: error:   File Permissions:
CoreData: error:   File Permissions: 	
2026-10-01 15:59:16.996733+0800 ZipHarbor[82646:3276746] [error] CoreData: error: d
CoreData: error: d
2026-10-01 15:59:16.996768+0800 ZipHarbor[82646:3276746] [error] CoreData: error:   755
CoreData: error:   755
2026-10-01 15:59:16.996798+0800 ZipHarbor[82646:3276746] [error] CoreData: error:   file is not a symbolic link
CoreData: error:   file is not a symbolic link
2026-10-01 15:59:16.996842+0800 ZipHarbor[82646:3276746] [error] CoreData: error:   Sandbox access to file-write-create denied
CoreData: error:   Sandbox access to file-write-create denied
2026-10-01 15:59:16.996903+0800 ZipHarbor[82646:3276746] [error] CoreData: error: Logging status information for directory path: /Users/USER/Library/Developer/CoreSimulator/Devices/A875629A-52DA-43B2-9917-62B406AE0AB4/data/Containers/Data/Application/5FFBA6A0-D0AB-4393-B023-145B9C9108A4/Library/Application Support
CoreData: error: Logging status information for directory path: /Users/USER/Library/Developer/CoreSimulator/Devices/A875629A-52DA-43B2-9917-62B406AE0AB4/data/Containers/Data/Application/5FFBA6A0-D0AB-4393-B023-145B9C9108A4/Library/Application Support
2026-10-01 15:59:16.996960+0800 ZipHarbor[82646:3276746] [error] CoreData: error: Executing as effective user 501
CoreData: error: Executing as effective user 501
2026-10-01 15:59:16.997002+0800 ZipHarbor[82646:3276746] [error] CoreData: error: Information for /
CoreData: error: Information for /
2026-10-01 15:59:16.997039+0800 ZipHarbor[82646:3276746] [error] CoreData: error:   File Device ID: 	0
CoreData: error:   File Device ID: 	0
2026-10-01 15:59:16.997073+0800 ZipHarbor[82646:3276746] [error] CoreData: error:   Device ID: 		16777234
CoreData: error:   Device ID: 		16777234
2026-10-01 15:59:16.997118+0800 ZipHarbor[82646:3276746] [error] CoreData: error:   File Size: 		704 bytes
CoreData: error:   File Size: 		704 bytes
2026-10-01 15:59:16.997151+0800 ZipHarbor[82646:3276746] [error] CoreData: error:   File inode: 		2
CoreData: error:   File inode: 		2
2026-10-01 15:59:16.997186+0800 ZipHarbor[82646:3276746] [error] CoreData: error:   File user ID: 		0
CoreData: error:   File user ID: 		0
2026-10-01 15:59:16.997222+0800 ZipHarbor[82646:3276746] [error] CoreData: error:   File group ID: 		0
CoreData: error:   File group ID: 		0
2026-10-01 15:59:16.997267+0800 ZipHarbor[82646:3276746] [error] CoreData: error:   File Permissions:
CoreData: error:   File Permissions: 	
2026-10-01 15:59:16.997301+0800 ZipHarbor[82646:3276746] [error] CoreData: error: d
CoreData: error: d
2026-10-01 15:59:16.997337+0800 ZipHarbor[82646:3276746] [error] CoreData: error:   755
CoreData: error:   755
2026-10-01 15:59:16.997375+0800 ZipHarbor[82646:3276746] [error] CoreData: error:   component is not a symbolic link
CoreData: error:   component is not a symbolic link
2026-10-01 15:59:16.997413+0800 ZipHarbor[82646:3276746] [error] CoreData: error:   component is readable
CoreData: error:   component is readable
2026-10-01 15:59:16.997459+0800 ZipHarbor[82646:3276746] [error] CoreData: error:   component is not writeable with errno 30
CoreData: error:   component is not writeable with errno 30
2026-10-01 15:59:16.997501+0800 ZipHarbor[82646:3276746] [error] CoreData: error: Information for /Users
CoreData: error: Information for /Users
2026-10-01 15:59:16.997541+0800 ZipHarbor[82646:3276746] [error] CoreData: error:   File Device ID: 	0
CoreData: error:   File Device ID: 	0
2026-10-01 15:59:16.997572+0800 ZipHarbor[82646:3276746] [error] CoreData: error:   Device ID: 		16777234
CoreData: error:   Device ID: 		16777234
2026-10-01 15:59:16.997604+0800 ZipHarbor[82646:3276746] [error] CoreData: error:   File Size: 		160 bytes
CoreData: error:   File Size: 		160 bytes
2026-10-01 15:59:16.997639+0800 ZipHarbor[82646:3276746] [error] CoreData: error:   File inode: 		18432
CoreData: error:   File inode: 		18432
2026-10-01 15:59:16.997677+0800 ZipHarbor[82646:3276746] [error] CoreData: error:   File user ID: 		0
CoreData: error:   File user ID: 		0
2026-10-01 15:59:16.997712+0800 ZipHarbor[82646:3276746] [error] CoreData: error:   File group ID: 		80
CoreData: error:   File group ID: 		80
2026-10-01 15:59:16.997752+0800 ZipHarbor[82646:3276746] [error] CoreData: error:   File Permissions:
CoreData: error:   File Permissions: 	
2026-10-01 15:59:16.997782+0800 ZipHarbor[82646:3276746] [error] CoreData: error: d
CoreData: error: d
2026-10-01 15:59:16.997813+0800 ZipHarbor[82646:3276746] [error] CoreData: error:   755
CoreData: error:   755
2026-10-01 15:59:16.997852+0800 ZipHarbor[82646:3276746] [error] CoreData: error:   component is not a symbolic link
CoreData: error:   component is not a symbolic link
2026-10-01 15:59:16.997894+0800 ZipHarbor[82646:3276746] [error] CoreData: error:   component is readable
CoreData: error:   component is readable
2026-10-01 15:59:16.997930+0800 ZipHarbor[82646:3276746] [error] CoreData: error:   component is not writeable with errno 13
CoreData: error:   component is not writeable with errno 13
2026-10-01 15:59:16.997970+0800 ZipHarbor[82646:3276746] [error] CoreData: error: Information for /Users/long
CoreData: error: Information for /Users/long
2026-10-01 15:59:16.998006+0800 ZipHarbor[82646:3276746] [error] CoreData: error:   File Device ID: 	0
CoreData: error:   File Device ID: 	0
2026-10-01 15:59:16.998037+0800 ZipHarbor[82646:3276746] [error] CoreData: error:   Device ID: 		16777234
CoreData: error:   Device ID: 		16777234
2026-10-01 15:59:16.998066+0800 ZipHarbor[82646:3276746] [error] CoreData: error:   File Size: 		3520 bytes
CoreData: error:   File Size: 		3520 bytes
2026-10-01 15:59:16.998098+0800 ZipHarbor[82646:3276746] [error] CoreData: error:   File inode: 		372882
CoreData: error:   File inode: 		372882
2026-10-01 15:59:16.998132+0800 ZipHarbor[82646:3276746] [error] CoreData: error:   File user ID: 		501
CoreData: error:   File user ID: 		501
2026-10-01 15:59:16.998165+0800 ZipHarbor[82646:3276746] [error] CoreData: error:   File group ID: 		20
CoreData: error:   File group ID: 		20
2026-10-01 15:59:16.998197+0800 ZipHarbor[82646:3276746] [error] CoreData: error:   File Permissions:
CoreData: error:   File Permissions: 	
2026-10-01 15:59:16.998224+0800 ZipHarbor[82646:3276746] [error] CoreData: error: d
CoreData: error: d
2026-10-01 15:59:16.998256+0800 ZipHarbor[82646:3276746] [error] CoreData: error:   750
CoreData: error:   750
2026-10-01 15:59:16.998293+0800 ZipHarbor[82646:3276746] [error] CoreData: error:   component is not a symbolic link
CoreData: error:   component is not a symbolic link
2026-10-01 15:59:16.998336+0800 ZipHarbor[82646:3276746] [error] CoreData: error:   component is readable
CoreData: error:   component is readable
2026-10-01 15:59:16.998383+0800 ZipHarbor[82646:3276746] [error] CoreData: error:   component is writeable
CoreData: error:   component is writeable
2026-10-01 15:59:16.998418+0800 ZipHarbor[82646:3276746] [error] CoreData: error: Information for /Users/USER/Library
CoreData: error: Information for /Users/USER/Library
2026-10-01 15:59:16.998446+0800 ZipHarbor[82646:3276746] [error] CoreData: error:   File Device ID: 	0
CoreData: error:   File Device ID: 	0
2026-10-01 15:59:16.998479+0800 ZipHarbor[82646:3276746] [error] CoreData: error:   Device ID: 		16777234
CoreData: error:   Device ID: 		16777234
2026-10-01 15:59:16.998512+0800 ZipHarbor[82646:3276746] [error] CoreData: error:   File Size: 		3200 bytes
CoreData: error:   File Size: 		3200 bytes
2026-10-01 15:59:16.998544+0800 ZipHarbor[82646:3276746] [error] CoreData: error:   File inode: 		372889
CoreData: error:   File inode: 		372889
2026-10-01 15:59:16.998575+0800 ZipHarbor[82646:3276746] [error] CoreData: error:   File user ID: 		501
CoreData: error:   File user ID: 		501
2026-10-01 15:59:16.998603+0800 ZipHarbor[82646:3276746] [error] CoreData: error:   File group ID: 		20
CoreData: error:   File group ID: 		20
2026-10-01 15:59:16.998635+0800 ZipHarbor[82646:3276746] [error] CoreData: error:   File Permissions:
CoreData: error:   File Permissions: 	
2026-10-01 15:59:16.998666+0800 ZipHarbor[82646:3276746] [error] CoreData: error: d
CoreData: error: d
2026-10-01 15:59:16.998700+0800 ZipHarbor[82646:3276746] [error] CoreData: error:   700
CoreData: error:   700
2026-10-01 15:59:16.998740+0800 ZipHarbor[82646:3276746] [error] CoreData: error:   component is not a symbolic link
CoreData: error:   component is not a symbolic link
2026-10-01 15:59:16.998785+0800 ZipHarbor[82646:3276746] [error] CoreData: error:   component is readable
CoreData: error:   component is readable
2026-10-01 15:59:16.998831+0800 ZipHarbor[82646:3276746] [error] CoreData: error:   component is writeable
CoreData: error:   component is writeable
2026-10-01 15:59:16.998872+0800 ZipHarbor[82646:3276746] [error] CoreData: error: Information for /Users/USER/Library/Developer
CoreData: error: Information for /Users/USER/Library/Developer
2026-10-01 15:59:16.998901+0800 ZipHarbor[82646:3276746] [error] CoreData: error:   File Device ID: 	0
CoreData: error:   File Device ID: 	0
2026-10-01 15:59:16.998931+0800 ZipHarbor[82646:3276746] [error] CoreData: error:   Device ID: 		16777234
CoreData: error:   Device ID: 		16777234
2026-10-01 15:59:16.998970+0800 ZipHarbor[82646:3276746] [error] CoreData: error:   File Size: 		256 bytes
CoreData: error:   File Size: 		256 bytes
2026-10-01 15:59:16.999003+0800 ZipHarbor[82646:3276746] [error] CoreData: error:   File inode: 		2355486
CoreData: error:   File inode: 		2355486
2026-10-01 15:59:16.999033+0800 ZipHarbor[82646:3276746] [error] CoreData: error:   File user ID: 		501
CoreData: error:   File user ID: 		501
2026-10-01 15:59:16.999067+0800 ZipHarbor[82646:3276746] [error] CoreData: error:   File group ID: 		20
CoreData: error:   File group ID: 		20
2026-10-01 15:59:16.999096+0800 ZipHarbor[82646:3276746] [error] CoreData: error:   File Permissions:
CoreData: error:   File Permissions: 	
2026-10-01 15:59:16.999129+0800 ZipHarbor[82646:3276746] [error] CoreData: error: d
CoreData: error: d
2026-10-01 15:59:16.999161+0800 ZipHarbor[82646:3276746] [error] CoreData: error:   755
CoreData: error:   755
2026-10-01 15:59:16.999191+0800 ZipHarbor[82646:3276746] [error] CoreData: error:   component is not a symbolic link
CoreData: error:   component is not a symbolic link
2026-10-01 15:59:16.999224+0800 ZipHarbor[82646:3276746] [error] CoreData: error:   component is readable
CoreData: error:   component is readable
2026-10-01 15:59:16.999267+0800 ZipHarbor[82646:3276746] [error] CoreData: error:   component is writeable
CoreData: error:   component is writeable
2026-10-01 15:59:16.999302+0800 ZipHarbor[82646:3276746] [error] CoreData: error: Information for /Users/USER/Library/Developer/CoreSimulator
CoreData: error: Information for /Users/USER/Library/Developer/CoreSimulator
2026-10-01 15:59:16.999341+0800 ZipHarbor[82646:3276746] [error] CoreData: error:   File Device ID: 	0
CoreData: error:   File Device ID: 	0
2026-10-01 15:59:16.999376+0800 ZipHarbor[82646:3276746] [error] CoreData: error:   Device ID: 		16777234
CoreData: error:   Device ID: 		16777234
2026-10-01 15:59:16.999406+0800 ZipHarbor[82646:3276746] [error] CoreData: error:   File Size: 		160 bytes
CoreData: error:   File Size: 		160 bytes
2026-10-01 15:59:16.999441+0800 ZipHarbor[82646:3276746] [error] CoreData: error:   File inode: 		2359221
CoreData: error:   File inode: 		2359221
2026-10-01 15:59:16.999477+0800 ZipHarbor[82646:3276746] [error] CoreData: error:   File user ID: 		501
CoreData: error:   File user ID: 		501
2026-10-01 15:59:16.999507+0800 ZipHarbor[82646:3276746] [error] CoreData: error:   File group ID: 		20
CoreData: error:   File group ID: 		20
2026-10-01 15:59:16.999540+0800 ZipHarbor[82646:3276746] [error] CoreData: error:   File Permissions:
CoreData: error:   File Permissions: 	
2026-10-01 15:59:16.999566+0800 ZipHarbor[82646:3276746] [error] CoreData: error: d
CoreData: error: d
2026-10-01 15:59:16.999595+0800 ZipHarbor[82646:3276746] [error] CoreData: error:   755
CoreData: error:   755
2026-10-01 15:59:16.999627+0800 ZipHarbor[82646:3276746] [error] CoreData: error:   component is not a symbolic link
CoreData: error:   component is not a symbolic link
2026-10-01 15:59:16.999673+0800 ZipHarbor[82646:3276746] [error] CoreData: error:   component is readable
CoreData: error:   component is readable
2026-10-01 15:59:16.999713+0800 ZipHarbor[82646:3276746] [error] CoreData: error:   component is writeable
CoreData: error:   component is writeable
2026-10-01 15:59:16.999754+0800 ZipHarbor[82646:3276746] [error] CoreData: error: Information for /Users/USER/Library/Developer/CoreSimulator/Devices
CoreData: error: Information for /Users/USER/Library/Developer/CoreSimulator/Devices
2026-10-01 15:59:16.999787+0800 ZipHarbor[82646:3276746] [error] CoreData: error:   File Device ID: 	0
CoreData: error:   File Device ID: 	0
2026-10-01 15:59:16.999815+0800 ZipHarbor[82646:3276746] [error] CoreData: error:   Device ID: 		16777234
CoreData: error:   Device ID: 		16777234
2026-10-01 15:59:16.999851+0800 ZipHarbor[82646:3276746] [error] CoreData: error:   File Size: 		1984 bytes
CoreData: error:   File Size: 		1984 bytes
2026-10-01 15:59:16.999880+0800 ZipHarbor[82646:3276746] [error] CoreData: error:   File inode: 		2359327
CoreData: error:   File inode: 		2359327
2026-10-01 15:59:16.999908+0800 ZipHarbor[82646:3276746] [error] CoreData: error:   File user ID: 		501
CoreData: error:   File user ID: 		501
2026-10-01 15:59:16.999939+0800 ZipHarbor[82646:3276746] [error] CoreData: error:   File group ID: 		20
CoreData: error:   File group ID: 		20
2026-10-01 15:59:16.999975+0800 ZipHarbor[82646:3276746] [error] CoreData: error:   File Permissions:
CoreData: error:   File Permissions: 	
2026-10-01 15:59:17.000012+0800 ZipHarbor[82646:3276746] [error] CoreData: error: d
CoreData: error: d
2026-10-01 15:59:17.000041+0800 ZipHarbor[82646:3276746] [error] CoreData: error:   755
CoreData: error:   755
2026-10-01 15:59:17.000073+0800 ZipHarbor[82646:3276746] [error] CoreData: error:   component is not a symbolic link
CoreData: error:   component is not a symbolic link
2026-10-01 15:59:17.000113+0800 ZipHarbor[82646:3276746] [error] CoreData: error:   component is readable
CoreData: error:   component is readable
2026-10-01 15:59:17.000157+0800 ZipHarbor[82646:3276746] [error] CoreData: error:   component is writeable
CoreData: error:   component is writeable
2026-10-01 15:59:17.000196+0800 ZipHarbor[82646:3276746] [error] CoreData: error: Information for /Users/USER/Library/Developer/CoreSimulator/Devices/A875629A-52DA-43B2-9917-62B406AE0AB4
CoreData: error: Information for /Users/USER/Library/Developer/CoreSimulator/Devices/A875629A-52DA-43B2-9917-62B406AE0AB4
2026-10-01 15:59:17.000228+0800 ZipHarbor[82646:3276746] [error] CoreData: error:   File Device ID: 	0
CoreData: error:   File Device ID: 	0
2026-10-01 15:59:17.000257+0800 ZipHarbor[82646:3276746] [error] CoreData: error:   Device ID: 		16777234
CoreData: error:   Device ID: 		16777234
2026-10-01 15:59:17.000291+0800 ZipHarbor[82646:3276746] [error] CoreData: error:   File Size: 		160 bytes
CoreData: error:   File Size: 		160 bytes
2026-10-01 15:59:17.000322+0800 ZipHarbor[82646:3276746] [error] CoreData: error:   File inode: 		137161340
CoreData: error:   File inode: 		137161340
2026-10-01 15:59:17.000354+0800 ZipHarbor[82646:3276746] [error] CoreData: error:   File user ID: 		501
CoreData: error:   File user ID: 		501
2026-10-01 15:59:17.000389+0800 ZipHarbor[82646:3276746] [error] CoreData: error:   File group ID: 		20
CoreData: error:   File group ID: 		20
2026-10-01 15:59:17.000429+0800 ZipHarbor[82646:3276746] [error] CoreData: error:   File Permissions:
CoreData: error:   File Permissions: 	
2026-10-01 15:59:17.000457+0800 ZipHarbor[82646:3276746] [error] CoreData: error: d
CoreData: error: d
2026-10-01 15:59:17.000482+0800 ZipHarbor[82646:3276746] [error] CoreData: error:   755
CoreData: error:   755
2026-10-01 15:59:17.000514+0800 ZipHarbor[82646:3276746] [error] CoreData: error:   component is not a symbolic link
CoreData: error:   component is not a symbolic link
2026-10-01 15:59:17.000560+0800 ZipHarbor[82646:3276746] [error] CoreData: error:   component is readable
CoreData: error:   component is readable
2026-10-01 15:59:17.000613+0800 ZipHarbor[82646:3276746] [error] CoreData: error:   component is writeable
CoreData: error:   component is writeable
2026-10-01 15:59:17.000660+0800 ZipHarbor[82646:3276746] [error] CoreData: error: Information for /Users/USER/Library/Developer/CoreSimulator/Devices/A875629A-52DA-43B2-9917-62B406AE0AB4/data
CoreData: error: Information for /Users/USER/Library/Developer/CoreSimulator/Devices/A875629A-52DA-43B2-9917-62B406AE0AB4/data
2026-10-01 15:59:17.000692+0800 ZipHarbor[82646:3276746] [error] CoreData: error:   File Device ID: 	0
CoreData: error:   File Device ID: 	0
2026-10-01 15:59:17.000723+0800 ZipHarbor[82646:3276746] [error] CoreData: error:   Device ID: 		16777234
CoreData: error:   Device ID: 		16777234
2026-10-01 15:59:17.000758+0800 ZipHarbor[82646:3276746] [error] CoreData: error:   File Size: 		416 bytes
CoreData: error:   File Size: 		416 bytes
2026-10-01 15:59:17.000785+0800 ZipHarbor[82646:3276746] [error] CoreData: error:   File inode: 		137161341
CoreData: error:   File inode: 		137161341
2026-10-01 15:59:17.000809+0800 ZipHarbor[82646:3276746] [error] CoreData: error:   File user ID: 		501
CoreData: error:   File user ID: 		501
2026-10-01 15:59:17.000843+0800 ZipHarbor[82646:3276746] [error] CoreData: error:   File group ID: 		20
CoreData: error:   File group ID: 		20
2026-10-01 15:59:17.000877+0800 ZipHarbor[82646:3276746] [error] CoreData: error:   File Permissions:
CoreData: error:   File Permissions: 	
2026-10-01 15:59:17.000913+0800 ZipHarbor[82646:3276746] [error] CoreData: error: d
CoreData: error: d
2026-10-01 15:59:17.000941+0800 ZipHarbor[82646:3276746] [error] CoreData: error:   775
CoreData: error:   775
2026-10-01 15:59:17.000971+0800 ZipHarbor[82646:3276746] [error] CoreData: error:   component is not a symbolic link
CoreData: error:   component is not a symbolic link
2026-10-01 15:59:17.001018+0800 ZipHarbor[82646:3276746] [error] CoreData: error:   component is readable
CoreData: error:   component is readable
2026-10-01 15:59:17.001066+0800 ZipHarbor[82646:3276746] [error] CoreData: error:   component is writeable
CoreData: error:   component is writeable
2026-10-01 15:59:17.001110+0800 ZipHarbor[82646:3276746] [error] CoreData: error: Information for /Users/USER/Library/Developer/CoreSimulator/Devices/A875629A-52DA-43B2-9917-62B406AE0AB4/data/Containers
CoreData: error: Information for /Users/USER/Library/Developer/CoreSimulator/Devices/A875629A-52DA-43B2-9917-62B406AE0AB4/data/Containers
2026-10-01 15:59:17.001149+0800 ZipHarbor[82646:3276746] [error] CoreData: error:   File Device ID: 	0
CoreData: error:   File Device ID: 	0
2026-10-01 15:59:17.001172+0800 ZipHarbor[82646:3276746] [error] CoreData: error:   Device ID: 		16777234
CoreData: error:   Device ID: 		16777234
2026-10-01 15:59:17.001198+0800 ZipHarbor[82646:3276746] [error] CoreData: error:   File Size: 		224 bytes
CoreData: error:   File Size: 		224 bytes
2026-10-01 15:59:17.001226+0800 ZipHarbor[82646:3276746] [error] CoreData: error:   File inode: 		137161533
CoreData: error:   File inode: 		137161533
2026-10-01 15:59:17.001258+0800 ZipHarbor[82646:3276746] [error] CoreData: error:   File user ID: 		501
CoreData: error:   File user ID: 		501
2026-10-01 15:59:17.001291+0800 ZipHarbor[82646:3276746] [error] CoreData: error:   File group ID: 		20
CoreData: error:   File group ID: 		20
2026-10-01 15:59:17.001323+0800 ZipHarbor[82646:3276746] [error] CoreData: error:   File Permissions:
CoreData: error:   File Permissions: 	
2026-10-01 15:59:17.001353+0800 ZipHarbor[82646:3276746] [error] CoreData: error: d
CoreData: error: d
2026-10-01 15:59:17.001393+0800 ZipHarbor[82646:3276746] [error] CoreData: error:   755
CoreData: error:   755
2026-10-01 15:59:17.001421+0800 ZipHarbor[82646:3276746] [error] CoreData: error:   component is not a symbolic link
CoreData: error:   component is not a symbolic link
2026-10-01 15:59:17.001465+0800 ZipHarbor[82646:3276746] [error] CoreData: error:   component is readable
CoreData: error:   component is readable
2026-10-01 15:59:17.001511+0800 ZipHarbor[82646:3276746] [error] CoreData: error:   component is writeable
CoreData: error:   component is writeable
2026-10-01 15:59:17.001551+0800 ZipHarbor[82646:3276746] [error] CoreData: error: Information for /Users/USER/Library/Developer/CoreSimulator/Devices/A875629A-52DA-43B2-9917-62B406AE0AB4/data/Containers/Data
CoreData: error: Information for /Users/USER/Library/Developer/CoreSimulator/Devices/A875629A-52DA-43B2-9917-62B406AE0AB4/data/Containers/Data
2026-10-01 15:59:17.001587+0800 ZipHarbor[82646:3276746] [error] CoreData: error:   File Device ID: 	0
CoreData: error:   File Device ID: 	0
2026-10-01 15:59:17.001617+0800 ZipHarbor[82646:3276746] [error] CoreData: error:   Device ID: 		16777234
CoreData: error:   Device ID: 		16777234
2026-10-01 15:59:17.001672+0800 ZipHarbor[82646:3276746] [error] CoreData: error:   File Size: 		192 bytes
CoreData: error:   File Size: 		192 bytes
2026-10-01 15:59:17.001708+0800 ZipHarbor[82646:3276746] [error] CoreData: error:   File inode: 		137161583
CoreData: error:   File inode: 		137161583
2026-10-01 15:59:17.001747+0800 ZipHarbor[82646:3276746] [error] CoreData: error:   File user ID: 		501
CoreData: error:   File user ID: 		501
2026-10-01 15:59:17.001781+0800 ZipHarbor[82646:3276746] [error] CoreData: error:   File group ID: 		20
CoreData: error:   File group ID: 		20
2026-10-01 15:59:17.001811+0800 ZipHarbor[82646:3276746] [error] CoreData: error:   File Permissions:
CoreData: error:   File Permissions: 	
2026-10-01 15:59:17.001847+0800 ZipHarbor[82646:3276746] [error] CoreData: error: d
CoreData: error: d
2026-10-01 15:59:17.001878+0800 ZipHarbor[82646:3276746] [error] CoreData: error:   755
CoreData: error:   755
2026-10-01 15:59:17.001906+0800 ZipHarbor[82646:3276746] [error] CoreData: error:   component is not a symbolic link
CoreData: error:   component is not a symbolic link
2026-10-01 15:59:17.001957+0800 ZipHarbor[82646:3276746] [error] CoreData: error:   component is readable
CoreData: error:   component is readable
2026-10-01 15:59:17.001998+0800 ZipHarbor[82646:3276746] [error] CoreData: error:   component is writeable
CoreData: error:   component is writeable
2026-10-01 15:59:17.002038+0800 ZipHarbor[82646:3276746] [error] CoreData: error: Information for /Users/USER/Library/Developer/CoreSimulator/Devices/A875629A-52DA-43B2-9917-62B406AE0AB4/data/Containers/Data/Application
CoreData: error: Information for /Users/USER/Library/Developer/CoreSimulator/Devices/A875629A-52DA-43B2-9917-62B406AE0AB4/data/Containers/Data/Application
2026-10-01 15:59:17.002067+0800 ZipHarbor[82646:3276746] [error] CoreData: error:   File Device ID: 	0
CoreData: error:   File Device ID: 	0
2026-10-01 15:59:17.002096+0800 ZipHarbor[82646:3276746] [error] CoreData: error:   Device ID: 		16777234
CoreData: error:   Device ID: 		16777234
2026-10-01 15:59:17.002124+0800 ZipHarbor[82646:3276746] [error] CoreData: error:   File Size: 		4768 bytes
CoreData: error:   File Size: 		4768 bytes
2026-10-01 15:59:17.002155+0800 ZipHarbor[82646:3276746] [error] CoreData: error:   File inode: 		137162074
CoreData: error:   File inode: 		137162074
2026-10-01 15:59:17.002181+0800 ZipHarbor[82646:3276746] [error] CoreData: error:   File user ID: 		501
CoreData: error:   File user ID: 		501
2026-10-01 15:59:17.002209+0800 ZipHarbor[82646:3276746] [error] CoreData: error:   File group ID: 		20
CoreData: error:   File group ID: 		20
2026-10-01 15:59:17.002240+0800 ZipHarbor[82646:3276746] [error] CoreData: error:   File Permissions:
CoreData: error:   File Permissions: 	
2026-10-01 15:59:17.002270+0800 ZipHarbor[82646:3276746] [error] CoreData: error: d
CoreData: error: d
2026-10-01 15:59:17.002304+0800 ZipHarbor[82646:3276746] [error] CoreData: error:   755
CoreData: error:   755
2026-10-01 15:59:17.002334+0800 ZipHarbor[82646:3276746] [error] CoreData: error:   component is not a symbolic link
CoreData: error:   component is not a symbolic link
2026-10-01 15:59:17.002382+0800 ZipHarbor[82646:3276746] [error] CoreData: error:   component is readable
CoreData: error:   component is readable
2026-10-01 15:59:17.002423+0800 ZipHarbor[82646:3276746] [error] CoreData: error:   component is writeable
CoreData: error:   component is writeable
2026-10-01 15:59:17.002468+0800 ZipHarbor[82646:3276746] [error] CoreData: error: Information for /Users/USER/Library/Developer/CoreSimulator/Devices/A875629A-52DA-43B2-9917-62B406AE0AB4/data/Containers/Data/Application/5FFBA6A0-D0AB-4393-B023-145B9C9108A4
CoreData: error: Information for /Users/USER/Library/Developer/CoreSimulator/Devices/A875629A-52DA-43B2-9917-62B406AE0AB4/data/Containers/Data/Application/5FFBA6A0-D0AB-4393-B023-145B9C9108A4
2026-10-01 15:59:17.002507+0800 ZipHarbor[82646:3276746] [error] CoreData: error:   File Device ID: 	0
CoreData: error:   File Device ID: 	0
2026-10-01 15:59:17.002533+0800 ZipHarbor[82646:3276746] [error] CoreData: error:   Device ID: 		16777234
CoreData: error:   Device ID: 		16777234
2026-10-01 15:59:17.002565+0800 ZipHarbor[82646:3276746] [error] CoreData: error:   File Size: 		224 bytes
CoreData: error:   File Size: 		224 bytes
2026-10-01 15:59:17.002594+0800 ZipHarbor[82646:3276746] [error] CoreData: error:   File inode: 		137185480
CoreData: error:   File inode: 		137185480
2026-10-01 15:59:17.002623+0800 ZipHarbor[82646:3276746] [error] CoreData: error:   File user ID: 		501
CoreData: error:   File user ID: 		501
2026-10-01 15:59:17.002660+0800 ZipHarbor[82646:3276746] [error] CoreData: error:   File group ID: 		20
CoreData: error:   File group ID: 		20
2026-10-01 15:59:17.002693+0800 ZipHarbor[82646:3276746] [error] CoreData: error:   File Permissions:
CoreData: error:   File Permissions: 	
2026-10-01 15:59:17.002730+0800 ZipHarbor[82646:3276746] [error] CoreData: error: d
CoreData: error: d
2026-10-01 15:59:17.002764+0800 ZipHarbor[82646:3276746] [error] CoreData: error:   755
CoreData: error:   755
2026-10-01 15:59:17.002801+0800 ZipHarbor[82646:3276746] [error] CoreData: error:   component is not a symbolic link
CoreData: error:   component is not a symbolic link
2026-10-01 15:59:17.002847+0800 ZipHarbor[82646:3276746] [error] CoreData: error:   component is readable
CoreData: error:   component is readable
2026-10-01 15:59:17.002899+0800 ZipHarbor[82646:3276746] [error] CoreData: error:   component is writeable
CoreData: error:   component is writeable
2026-10-01 15:59:17.002943+0800 ZipHarbor[82646:3276746] [error] CoreData: error: Information for /Users/USER/Library/Developer/CoreSimulator/Devices/A875629A-52DA-43B2-9917-62B406AE0AB4/data/Containers/Data/Application/5FFBA6A0-D0AB-4393-B023-145B9C9108A4/Library
CoreData: error: Information for /Users/USER/Library/Developer/CoreSimulator/Devices/A875629A-52DA-43B2-9917-62B406AE0AB4/data/Containers/Data/Application/5FFBA6A0-D0AB-4393-B023-145B9C9108A4/Library
2026-10-01 15:59:17.002972+0800 ZipHarbor[82646:3276746] [error] CoreData: error:   File Device ID: 	0
CoreData: error:   File Device ID: 	0
2026-10-01 15:59:17.003006+0800 ZipHarbor[82646:3276746] [error] CoreData: error:   Device ID: 		16777234
CoreData: error:   Device ID: 		16777234
2026-10-01 15:59:17.003035+0800 ZipHarbor[82646:3276746] [error] CoreData: error:   File Size: 		160 bytes
CoreData: error:   File Size: 		160 bytes
2026-10-01 15:59:17.003069+0800 ZipHarbor[82646:3276746] [error] CoreData: error:   File inode: 		137185482
CoreData: error:   File inode: 		137185482
2026-10-01 15:59:17.003105+0800 ZipHarbor[82646:3276746] [error] CoreData: error:   File user ID: 		501
CoreData: error:   File user ID: 		501
2026-10-01 15:59:17.003141+0800 ZipHarbor[82646:3276746] [error] CoreData: error:   File group ID: 		20
CoreData: error:   File group ID: 		20
2026-10-01 15:59:17.003170+0800 ZipHarbor[82646:3276746] [error] CoreData: error:   File Permissions:
CoreData: error:   File Permissions: 	
2026-10-01 15:59:17.003196+0800 ZipHarbor[82646:3276746] [error] CoreData: error: d
CoreData: error: d
2026-10-01 15:59:17.003222+0800 ZipHarbor[82646:3276746] [error] CoreData: error:   755
CoreData: error:   755
2026-10-01 15:59:17.003253+0800 ZipHarbor[82646:3276746] [error] CoreData: error:   component is not a symbolic link
CoreData: error:   component is not a symbolic link
2026-10-01 15:59:17.003297+0800 ZipHarbor[82646:3276746] [error] CoreData: error:   component is readable
CoreData: error:   component is readable
2026-10-01 15:59:17.003346+0800 ZipHarbor[82646:3276746] [error] CoreData: error:   component is writeable
CoreData: error:   component is writeable
2026-10-01 15:59:17.003393+0800 ZipHarbor[82646:3276746] [error] CoreData: error: Failed to stat path '/Users/USER/Library/Developer/CoreSimulator/Devices/A875629A-52DA-43B2-9917-62B406AE0AB4/data/Containers/Data/Application/5FFBA6A0-D0AB-4393-B023-145B9C9108A4/Library/Application Support', errno 2 / No such file or directory.
CoreData: error: Failed to stat path '/Users/USER/Library/Developer/CoreSimulator/Devices/A875629A-52DA-43B2-9917-62B406AE0AB4/data/Containers/Data/Application/5FFBA6A0-D0AB-4393-B023-145B9C9108A4/Library/Application Support', errno 2 / No such file or directory.
2026-10-01 15:59:17.003436+0800 ZipHarbor[82646:3276746] [error] CoreData: error:   Sandbox access to file-write-create denied
CoreData: error:   Sandbox access to file-write-create denied
2026-10-01 15:59:17.003671+0800 ZipHarbor[82646:3276746] [error] CoreData: error: addPersistentStoreWithType:configuration:URL:options:error: returned error NSCocoaErrorDomain (512)
CoreData: error: addPersistentStoreWithType:configuration:URL:options:error: returned error NSCocoaErrorDomain (512)
2026-10-01 15:59:17.003721+0800 ZipHarbor[82646:3276746] [error] CoreData: error: userInfo:
CoreData: error: userInfo:
2026-10-01 15:59:17.003759+0800 ZipHarbor[82646:3276746] [error] CoreData: error: 	reason : Failed to create file; code = 2
CoreData: error: 	reason : Failed to create file; code = 2
2026-10-01 15:59:17.003794+0800 ZipHarbor[82646:3276746] [error] CoreData: error: storeType: SQLite
CoreData: error: storeType: SQLite
2026-10-01 15:59:17.003846+0800 ZipHarbor[82646:3276746] [error] CoreData: error: configuration: default
CoreData: error: configuration: default
2026-10-01 15:59:17.003912+0800 ZipHarbor[82646:3276746] [error] CoreData: error: URL: file:///Users/USER/Library/Developer/CoreSimulator/Devices/A875629A-52DA-43B2-9917-62B406AE0AB4/data/Containers/Data/Application/5FFBA6A0-D0AB-4393-B023-145B9C9108A4/Library/Application%20Support/default.store
CoreData: error: URL: file:///Users/USER/Library/Developer/CoreSimulator/Devices/A875629A-52DA-43B2-9917-62B406AE0AB4/data/Containers/Data/Application/5FFBA6A0-D0AB-4393-B023-145B9C9108A4/Library/Application%20Support/default.store
CoreData: annotation: options:
CoreData: annotation: 	NSMigratePersistentStoresAutomaticallyOption : 1
CoreData: annotation: 	NSInferMappingModelAutomaticallyOption : 1
CoreData: annotation: 	NSPersistentStoreRemoteChangeNotificationOptionKey : 1
CoreData: annotation: 	NSPersistentHistoryTrackingKey : 1
2026-10-01 15:59:17.005075+0800 ZipHarbor[82646:3276746] [error] CoreData: error: <NSPersistentStoreCoordinator: 0x1040e4300>: Attempting recovery from error encountered during addPersistentStore: 0x104068510 Error Domain=NSCocoaErrorDomain Code=512 "未能保存该文件。" UserInfo={reason=Failed to create file; code = 2}
CoreData: error: <NSPersistentStoreCoordinator: 0x1040e4300>: Attempting recovery from error encountered during addPersistentStore: 0x104068510 Error Domain=NSCocoaErrorDomain Code=512 "未能保存该文件。" UserInfo={reason=Failed to create file; code = 2}
2026-10-01 15:59:17.005199+0800 ZipHarbor[82646:3276746] [error] CoreData: error: During recovery, parent directory path reported as missing
CoreData: error: During recovery, parent directory path reported as missing
2026-10-01 15:59:17.009685+0800 ZipHarbor[82646:3276746] [error] CoreData: error: Recovery attempt while adding <NSPersistentStoreDescription: 0x104068510> (type: SQLite, url: file:///Users/USER/Library/Developer/CoreSimulator/Devices/A875629A-52DA-43B2-9917-62B406AE0AB4/data/Containers/Data/Application/5FFBA6A0-D0AB-4393-B023-145B9C9108A4/Library/Application%20Support/default.store) was successful!
CoreData: error: Recovery attempt while adding <NSPersistentStoreDescription: 0x104068510> (type: SQLite, url: file:///Users/USER/Library/Developer/CoreSimulator/Devices/A875629A-52DA-43B2-9917-62B406AE0AB4/data/Containers/Data/Application/5FFBA6A0-D0AB-4393-B023-145B9C9108A4/Library/Application%20Support/default.store) was successful!
Test Suite 'All tests' started at 2026-10-01 15:59:17.788.
Test Suite 'ZipHarborTests.xctest' started at 2026-10-01 15:59:17.788.
Test Suite 'ArchiveModelTests' started at 2026-10-01 15:59:17.788.
Test Case '-[ZipHarborTests.ArchiveModelTests testArchivePathValidationBlocksTraversalAndAbsolutePaths]' started.
Test Case '-[ZipHarborTests.ArchiveModelTests testArchivePathValidationBlocksTraversalAndAbsolutePaths]' passed (0.001 seconds).
Test Case '-[ZipHarborTests.ArchiveModelTests testCreateInspectAndExtractZipRoundTrip]' started.
Test Case '-[ZipHarborTests.ArchiveModelTests testCreateInspectAndExtractZipRoundTrip]' passed (0.043 seconds).
Test Case '-[ZipHarborTests.ArchiveModelTests testFormatDetectionUsesCompoundExtensionsFirst]' started.
Test Case '-[ZipHarborTests.ArchiveModelTests testFormatDetectionUsesCompoundExtensionsFirst]' passed (0.001 seconds).
Test Case '-[ZipHarborTests.ArchiveModelTests testSevenZipPasswordCreationIsRejected]' started.
Test Case '-[ZipHarborTests.ArchiveModelTests testSevenZipPasswordCreationIsRejected]' passed (0.002 seconds).
Test Case '-[ZipHarborTests.ArchiveModelTests testSevenZipRoundTrip]' started.
Test Case '-[ZipHarborTests.ArchiveModelTests testSevenZipRoundTrip]' passed (0.035 seconds).
Test Case '-[ZipHarborTests.ArchiveModelTests testSplitZipIsReassembledForInspectAndExtract]' started.
Test Case '-[ZipHarborTests.ArchiveModelTests testSplitZipIsReassembledForInspectAndExtract]' passed (0.005 seconds).
Test Case '-[ZipHarborTests.ArchiveModelTests testZipAESRoundTrip]' started.
Test Case '-[ZipHarborTests.ArchiveModelTests testZipAESRoundTrip]' passed (0.005 seconds).
Test Case '-[ZipHarborTests.ArchiveModelTests testZipAESWithoutPasswordRequestsPassword]' started.
Test Case '-[ZipHarborTests.ArchiveModelTests testZipAESWithoutPasswordRequestsPassword]' passed (0.003 seconds).
Test Suite 'ArchiveModelTests' passed at 2026-10-01 15:59:17.885.
	 Executed 8 tests, with 0 failures (0 unexpected) in 0.094 (0.097) seconds
Test Suite 'CoordinatorTests' started at 2026-10-01 15:59:17.885.
Test Case '-[ZipHarborTests.CoordinatorTests testClearAndRetentionKeepActiveJobsFilesAndFavorites]' started.
Test Case '-[ZipHarborTests.CoordinatorTests testClearAndRetentionKeepActiveJobsFilesAndFavorites]' passed (0.014 seconds).
Test Case '-[ZipHarborTests.CoordinatorTests testPasswordContinuesOriginalJobWithoutDuplicateHistory]' started.
Test Case '-[ZipHarborTests.CoordinatorTests testPasswordContinuesOriginalJobWithoutDuplicateHistory]' passed (0.164 seconds).
Test Case '-[ZipHarborTests.CoordinatorTests testRelativeReferencesAndSettingsPersistWithoutPasswords]' started.
Test Case '-[ZipHarborTests.CoordinatorTests testRelativeReferencesAndSettingsPersistWithoutPasswords]' passed (0.004 seconds).
Test Suite 'CoordinatorTests' passed at 2026-10-01 15:59:18.068.
	 Executed 3 tests, with 0 failures (0 unexpected) in 0.182 (0.182) seconds
Test Suite 'MigrationEngineTests' started at 2026-10-01 15:59:18.068.
Test Case '-[ZipHarborTests.MigrationEngineTests testCancellationDuringWriteCleansTemporaryAndPreservesSource]' started.
Test Case '-[ZipHarborTests.MigrationEngineTests testCancellationDuringWriteCleansTemporaryAndPreservesSource]' passed (0.012 seconds).
Test Case '-[ZipHarborTests.MigrationEngineTests testEveryConflictPolicyAndAskDecision]' started.
Test Case '-[ZipHarborTests.MigrationEngineTests testEveryConflictPolicyAndAskDecision]' passed (0.007 seconds).
Test Case '-[ZipHarborTests.MigrationEngineTests testExistingSymlinkCannotEscapeDestination]' started.
Test Case '-[ZipHarborTests.MigrationEngineTests testExistingSymlinkCannotEscapeDestination]' passed (0.003 seconds).
Test Case '-[ZipHarborTests.MigrationEngineTests testFlattenedCreationDeduplicatesNamesAndSelectedFolderExtracts]' started.
Test Case '-[ZipHarborTests.MigrationEngineTests testFlattenedCreationDeduplicatesNamesAndSelectedFolderExtracts]' passed (0.007 seconds).
Test Case '-[ZipHarborTests.MigrationEngineTests testIndependentReadFormats]' started.
Test Case '-[ZipHarborTests.MigrationEngineTests testIndependentReadFormats]' passed (0.013 seconds).
Test Case '-[ZipHarborTests.MigrationEngineTests testMissingVolumeAndWrongPasswordAreTypedErrors]' started.
Test Case '-[ZipHarborTests.MigrationEngineTests testMissingVolumeAndWrongPasswordAreTypedErrors]' passed (0.005 seconds).
Test Case '-[ZipHarborTests.MigrationEngineTests testMixedEncryptedArchiveRejectsPasswordBeforePublishingAnyFile]' started.
Test Case '-[ZipHarborTests.MigrationEngineTests testMixedEncryptedArchiveRejectsPasswordBeforePublishingAnyFile]' passed (0.005 seconds).
Test Case '-[ZipHarborTests.MigrationEngineTests testPauseResumeAndCancellationCleanOutput]' started.
Test Case '-[ZipHarborTests.MigrationEngineTests testPauseResumeAndCancellationCleanOutput]' passed (0.181 seconds).
Test Case '-[ZipHarborTests.MigrationEngineTests testTraversalArchiveIsRejected]' started.
Test Case '-[ZipHarborTests.MigrationEngineTests testTraversalArchiveIsRejected]' passed (0.001 seconds).
Test Suite 'MigrationEngineTests' passed at 2026-10-01 15:59:18.302.
	 Executed 9 tests, with 0 failures (0 unexpected) in 0.232 (0.235) seconds
Test Suite 'PerformanceAcceptanceTests' started at 2026-10-01 15:59:18.302.
Test Case '-[ZipHarborTests.PerformanceAcceptanceTests testOneGiBStreamingRoundTripAndManySmallFiles]' started.
1 GiB SHA256 verified; duration=3.2773630619049072s; 2000 files duration=1.5119569301605225s; baseline=60 MiB; sampled peak physical footprint=78 MiB
Test Case '-[ZipHarborTests.PerformanceAcceptanceTests testOneGiBStreamingRoundTripAndManySmallFiles]' passed (6.272 seconds).
Test Suite 'PerformanceAcceptanceTests' passed at 2026-10-01 15:59:24.574.
	 Executed 1 test, with 0 failures (0 unexpected) in 6.272 (6.272) seconds
Test Suite 'ZipHarborTests.xctest' passed at 2026-10-01 15:59:24.574.
	 Executed 21 tests, with 0 failures (0 unexpected) in 6.780 (6.786) seconds
Test Suite 'All tests' passed at 2026-10-01 15:59:24.575.
	 Executed 21 tests, with 0 failures (0 unexpected) in 6.780 (6.787) seconds
2026-10-01 15:59:25.261171+0800 ZipHarborUITests-Runner[82683:3277297] [Default] Running tests...
2026-10-01 15:59:25.278162+0800 ZipHarborUITests-Runner[82683:3277315] [General] Failed to send CA Event for app launch measurements for ca_event_type: 0 event_name: com.apple.app_launch_measurement.FirstFramePresentationMetric
2026-10-01 15:59:25.773871+0800 ZipHarborUITests-Runner[82683:3277316] [General] Failed to send CA Event for app launch measurements for ca_event_type: 1 event_name: com.apple.app_launch_measurement.ExtendedLaunchMetrics
objc[82683]: Class UIAccessibilityLoaderWebShared is implemented in both /Library/Developer/CoreSimulator/Volumes/iOS_23F77/Library/Developer/CoreSimulator/Profiles/Runtimes/iOS 26.5.simruntime/Contents/Resources/RuntimeRoot/System/Library/AccessibilityBundles/WebCore.axbundle/WebCore (0x10aef4310) and /Library/Developer/CoreSimulator/Volumes/iOS_23F77/Library/Developer/CoreSimulator/Profiles/Runtimes/iOS 26.5.simruntime/Contents/Resources/RuntimeRoot/System/Library/AccessibilityBundles/WebKit.axbundle/WebKit (0x109f64398). This may cause spurious casting failures and mysterious crashes. One of the duplicates must be removed or renamed.
    t =      nans Interface orientation changed to Portrait
Test Suite 'All tests' started at 2026-10-01 15:59:27.720.
Test Suite 'ZipHarborUITests.xctest' started at 2026-10-01 15:59:27.720.
Test Suite 'ZipHarborUITests' started at 2026-10-01 15:59:27.720.
Test Case '-[ZipHarborUITests.ZipHarborUITests testAccessibilityLargeTextLayout]' started.
    t =     0.00s Start Test at 2026-10-01 15:59:27.721
    t =     0.21s Set Up
    t =     0.21s Open com.xiaolongxu.zipharbor.app
    t =     0.21s     Launch com.xiaolongxu.zipharbor.app
2026-10-01 15:59:28.102 xcodebuild[82558:3275422] [MT] IDELaunchParametersSnapshot: debugger version lookup failed for path '<nil>': noURL
2026-10-01 15:59:28.102 xcodebuild[82558:3275422] [MT] IDELaunchParametersSnapshot: no debugger version
    t =     0.59s         Setting up automation session
    t =     1.17s         Wait for com.xiaolongxu.zipharbor.app to idle
    t =     2.48s Waiting 25.0s for "file-课程资料_2026.zip" Button to exist
    t =     3.51s     Checking `Expect predicate `existsNoRetry == 1` for object "file-课程资料_2026.zip" Button`
    t =     3.52s         Checking existence of `"file-课程资料_2026.zip" Button`
    t =     3.56s Find the Target Application 'com.xiaolongxu.zipharbor.app'
    t =     3.67s Added attachment named 'home-large-text'
    t =     3.67s Tap "tab-Settings" Button
    t =     3.67s     Wait for com.xiaolongxu.zipharbor.app to idle
    t =     3.68s     Find the "tab-Settings" Button
    t =     3.69s     Check for interrupting elements affecting "tab-Settings" Button
    t =     3.72s     Synthesize event
    t =     4.12s     Wait for com.xiaolongxu.zipharbor.app to idle
    t =     4.12s Find the Target Application 'com.xiaolongxu.zipharbor.app'
    t =     4.19s Added attachment named 'settings-large-text'
    t =     4.19s Checking existence of `"defaultDestinationButton" Button`
    t =     4.20s Tear Down
Test Case '-[ZipHarborUITests.ZipHarborUITests testAccessibilityLargeTextLayout]' passed (4.439 seconds).
Test Case '-[ZipHarborUITests.ZipHarborUITests testCancellingExternalFolderChoiceKeepsPreviousDestination]' started.
    t =     0.00s Start Test at 2026-10-01 15:59:32.160
    t =     0.02s Set Up
    t =     0.02s Open com.xiaolongxu.zipharbor.app
    t =     0.02s     Launch com.xiaolongxu.zipharbor.app
    t =     0.02s         Terminate com.xiaolongxu.zipharbor.app:82695
2026-10-01 15:59:33.233 xcodebuild[82558:3275422] [MT] IDELaunchParametersSnapshot: debugger version lookup failed for path '<nil>': noURL
2026-10-01 15:59:33.233 xcodebuild[82558:3275422] [MT] IDELaunchParametersSnapshot: no debugger version
    t =     1.28s         Setting up automation session
    t =     1.82s         Wait for com.xiaolongxu.zipharbor.app to idle
    t =     3.07s Waiting 25.0s for "file-课程资料_2026.zip" Button to exist
    t =     4.11s     Checking `Expect predicate `existsNoRetry == 1` for object "file-课程资料_2026.zip" Button`
    t =     4.11s         Checking existence of `"file-课程资料_2026.zip" Button`
    t =     4.16s Tap "tab-Settings" Button
    t =     4.16s     Wait for com.xiaolongxu.zipharbor.app to idle
    t =     4.16s     Find the "tab-Settings" Button
    t =     4.18s     Check for interrupting elements affecting "tab-Settings" Button
    t =     4.19s     Synthesize event
    t =     4.48s     Wait for com.xiaolongxu.zipharbor.app to idle
    t =     4.48s Tap "defaultDestinationButton" Button
    t =     4.48s     Wait for com.xiaolongxu.zipharbor.app to idle
    t =     4.49s     Find the "defaultDestinationButton" Button
    t =     4.50s     Check for interrupting elements affecting "defaultDestinationButton" Button
    t =     4.52s     Synthesize event
    t =     4.81s     Wait for com.xiaolongxu.zipharbor.app to idle
    t =     5.18s Find the "destination-downloads" Button
    t =     5.21s Tap "destination-other" Button
    t =     5.21s     Wait for com.xiaolongxu.zipharbor.app to idle
    t =     5.21s     Find the "destination-other" Button
    t =     5.23s     Check for interrupting elements affecting "destination-other" Button
    t =     5.25s     Synthesize event
    t =     5.54s     Wait for com.xiaolongxu.zipharbor.app to idle
    t =     5.91s Waiting 30.0s for "Browse" Button to exist
    t =     6.95s     Checking `Expect predicate `existsNoRetry == 1` for object "Browse" Button`
    t =     6.95s         Checking existence of `"Browse" Button`
    t =     7.25s Checking existence of `Button (First Match)`
    t =     7.37s Tap Button (First Match)
    t =     7.37s     Wait for com.xiaolongxu.zipharbor.app to idle
    t =     7.37s     Find the Button (First Match)
    t =     7.44s     Check for interrupting elements affecting "Cancel" Button
    t =     7.48s     Synthesize event
    t =     7.78s     Wait for com.xiaolongxu.zipharbor.app to idle
    t =     8.15s Waiting 5.0s for "saveDefaultDestinationButton" Button to exist
    t =     9.19s     Checking `Expect predicate `existsNoRetry == 1` for object "saveDefaultDestinationButton" Button`
    t =     9.19s         Checking existence of `"saveDefaultDestinationButton" Button`
    t =     9.22s Find the "destination-downloads" Button
    t =     9.24s Find the "destination-other" Button
    t =     9.26s Find the Target Application 'com.xiaolongxu.zipharbor.app'
    t =     9.32s Added attachment named 'destination-cancel-keeps-selection'
    t =     9.33s Tear Down
Test Case '-[ZipHarborUITests.ZipHarborUITests testCancellingExternalFolderChoiceKeepsPreviousDestination]' passed (9.559 seconds).
Test Case '-[ZipHarborUITests.ZipHarborUITests testCreateTwoStepsAESRoundTripAndBackPreservesSelection]' started.
    t =     0.00s Start Test at 2026-10-01 15:59:41.720
    t =     0.02s Set Up
    t =     0.02s Open com.xiaolongxu.zipharbor.app
    t =     0.02s     Launch com.xiaolongxu.zipharbor.app
    t =     0.02s         Terminate com.xiaolongxu.zipharbor.app:82713
2026-10-01 15:59:42.799 xcodebuild[82558:3275422] [MT] IDELaunchParametersSnapshot: debugger version lookup failed for path '<nil>': noURL
2026-10-01 15:59:42.799 xcodebuild[82558:3275422] [MT] IDELaunchParametersSnapshot: no debugger version
    t =     1.29s         Setting up automation session
    t =     1.86s         Wait for com.xiaolongxu.zipharbor.app to idle
    t =     3.14s Waiting 25.0s for "file-课程资料_2026.zip" Button to exist
    t =     4.18s     Checking `Expect predicate `existsNoRetry == 1` for object "file-课程资料_2026.zip" Button`
    t =     4.18s         Checking existence of `"file-课程资料_2026.zip" Button`
    t =     4.24s Tap "createArchiveButton" Button
    t =     4.24s     Wait for com.xiaolongxu.zipharbor.app to idle
    t =     4.24s     Find the "createArchiveButton" Button
    t =     4.26s     Check for interrupting elements affecting "createArchiveButton" Button
    t =     4.28s     Synthesize event
    t =     4.57s     Wait for com.xiaolongxu.zipharbor.app to idle
    t =     5.01s Tap "source-课堂笔记.txt" Button
    t =     5.01s     Wait for com.xiaolongxu.zipharbor.app to idle
    t =     5.01s     Find the "source-课堂笔记.txt" Button
    t =     5.03s     Check for interrupting elements affecting "source-课堂笔记.txt" Button
    t =     5.04s     Synthesize event
    t =     5.33s     Wait for com.xiaolongxu.zipharbor.app to idle
    t =     5.39s Find the Target Application 'com.xiaolongxu.zipharbor.app'
    t =     5.45s Added attachment named 'create-select'
    t =     5.45s Tap "createNextButton" Button
    t =     5.45s     Wait for com.xiaolongxu.zipharbor.app to idle
    t =     5.45s     Find the "createNextButton" Button
    t =     5.46s     Check for interrupting elements affecting "createNextButton" Button
    t =     5.48s     Synthesize event
    t =     5.77s     Wait for com.xiaolongxu.zipharbor.app to idle
    t =     5.77s Find the Target Application 'com.xiaolongxu.zipharbor.app'
    t =     5.84s Added attachment named 'create-settings'
    t =     5.84s Tap "backButton" Button
    t =     5.84s     Wait for com.xiaolongxu.zipharbor.app to idle
    t =     5.84s     Find the "backButton" Button
    t =     5.86s     Check for interrupting elements affecting "backButton" Button
    t =     5.88s     Synthesize event
    t =     6.16s     Wait for com.xiaolongxu.zipharbor.app to idle
    t =     6.17s Checking existence of `"已选择 1 项" StaticText`
    t =     6.19s Tap "createNextButton" Button
    t =     6.19s     Wait for com.xiaolongxu.zipharbor.app to idle
    t =     6.19s     Find the "createNextButton" Button
    t =     6.21s     Check for interrupting elements affecting "createNextButton" Button
    t =     6.22s     Synthesize event
    t =     6.51s     Wait for com.xiaolongxu.zipharbor.app to idle
    t =     6.52s Tap "archiveNameField" TextField
    t =     6.52s     Wait for com.xiaolongxu.zipharbor.app to idle
    t =     6.52s     Find the "archiveNameField" TextField
    t =     6.53s     Check for interrupting elements affecting "archiveNameField" TextField
    t =     6.55s     Synthesize event
    t =     6.84s     Wait for com.xiaolongxu.zipharbor.app to idle
    t =     7.70s Type '...' into "archiveNameField" TextField
    t =     7.70s     Wait for com.xiaolongxu.zipharbor.app to idle
    t =     8.06s     Find the "archiveNameField" TextField
    t =     8.10s     Check for interrupting elements affecting "archiveNameField" TextField
    t =     8.13s     Synthesize event
    t =     9.00s     Wait for com.xiaolongxu.zipharbor.app to idle
    t =     9.00s Type 'UI Roundtrip' into "archiveNameField" TextField
    t =     9.00s     Wait for com.xiaolongxu.zipharbor.app to idle
    t =     9.01s     Find the "archiveNameField" TextField
    t =     9.05s     Check for interrupting elements affecting "archiveNameField" TextField
    t =     9.07s     Synthesize event
    t =     9.47s     Wait for com.xiaolongxu.zipharbor.app to idle
    t =     9.48s Tap "passwordToggle" Button
    t =     9.48s     Wait for com.xiaolongxu.zipharbor.app to idle
    t =     9.48s     Find the "passwordToggle" Button
    t =     9.51s     Check for interrupting elements affecting "passwordToggle" Button
    t =     9.53s     Synthesize event
    t =     9.82s     Wait for com.xiaolongxu.zipharbor.app to idle
    t =     9.83s Waiting 3.0s for "archivePasswordField" SecureTextField to exist
    t =    10.87s     Checking `Expect predicate `existsNoRetry == 1` for object "archivePasswordField" SecureTextField`
    t =    10.87s         Checking existence of `"archivePasswordField" SecureTextField`
    t =    10.90s Tap "archivePasswordField" SecureTextField
    t =    10.90s     Wait for com.xiaolongxu.zipharbor.app to idle
    t =    10.90s     Find the "archivePasswordField" SecureTextField
    t =    10.93s     Check for interrupting elements affecting "archivePasswordField" SecureTextField
    t =    10.95s     Synthesize event
    t =    11.24s     Wait for com.xiaolongxu.zipharbor.app to idle
    t =    11.64s Type '<redacted>' into "archivePasswordField" SecureTextField
    t =    11.64s     Wait for com.xiaolongxu.zipharbor.app to idle
    t =    11.64s     Find the "archivePasswordField" SecureTextField
    t =    11.67s     Check for interrupting elements affecting "archivePasswordField" SecureTextField
    t =    11.69s     Synthesize event
    t =    11.96s     Wait for com.xiaolongxu.zipharbor.app to idle
    t =    11.96s Swipe up Target Application 'com.xiaolongxu.zipharbor.app'
    t =    11.96s     Wait for com.xiaolongxu.zipharbor.app to idle
    t =    11.96s     Find the Target Application 'com.xiaolongxu.zipharbor.app'
    t =    11.98s     Check for interrupting elements affecting "ZipHarbor 压缩工具" Application
    t =    12.00s     Synthesize event
    t =    12.42s     Wait for com.xiaolongxu.zipharbor.app to idle
    t =    12.42s Tap "submitCreateArchiveButton" Button
    t =    12.42s     Wait for com.xiaolongxu.zipharbor.app to idle
    t =    12.42s     Find the "submitCreateArchiveButton" Button
    t =    12.44s     Check for interrupting elements affecting "submitCreateArchiveButton" Button
    t =    12.46s     Synthesize event
    t =    12.47s         Scroll element to visible
    t =    12.47s         Find the "submitCreateArchiveButton" Button
    t =    12.50s         Computed hit point {195, 440} after scrolling to visible
    t =    12.79s     Wait for com.xiaolongxu.zipharbor.app to idle
    t =    13.30s Waiting 25.0s for "resultDoneButton" Button to exist
    t =    14.34s     Checking `Expect predicate `existsNoRetry == 1` for object "resultDoneButton" Button`
    t =    14.34s         Checking existence of `"resultDoneButton" Button`
    t =    14.37s Tap "resultDoneButton" Button
    t =    14.37s     Wait for com.xiaolongxu.zipharbor.app to idle
    t =    14.37s     Find the "resultDoneButton" Button
    t =    14.39s     Check for interrupting elements affecting "resultDoneButton" Button
    t =    14.40s     Synthesize event
    t =    14.69s     Wait for com.xiaolongxu.zipharbor.app to idle
    t =    15.04s Tap "tab-Files" Button
    t =    15.04s     Wait for com.xiaolongxu.zipharbor.app to idle
    t =    15.04s     Find the "tab-Files" Button
    t =    15.05s     Check for interrupting elements affecting "tab-Files" Button
    t =    15.06s     Synthesize event
    t =    15.35s     Wait for com.xiaolongxu.zipharbor.app to idle
    t =    15.36s Waiting 5.0s for "file-UI Roundtrip.zip" Button to exist
    t =    16.39s     Checking `Expect predicate `existsNoRetry == 1` for object "file-UI Roundtrip.zip" Button`
    t =    16.39s         Checking existence of `"file-UI Roundtrip.zip" Button`
    t =    16.41s Tap "file-UI Roundtrip.zip" Button
    t =    16.41s     Wait for com.xiaolongxu.zipharbor.app to idle
    t =    16.41s     Find the "file-UI Roundtrip.zip" Button
    t =    16.43s     Check for interrupting elements affecting "file-UI Roundtrip.zip" Button
    t =    16.45s     Synthesize event
    t =    16.73s     Wait for com.xiaolongxu.zipharbor.app to idle
    t =    17.12s Waiting 10.0s for "extractToButton" Button to exist
    t =    18.16s     Checking `Expect predicate `existsNoRetry == 1` for object "extractToButton" Button`
    t =    18.16s         Checking existence of `"extractToButton" Button`
    t =    18.18s Tap "extractToButton" Button
    t =    18.18s     Wait for com.xiaolongxu.zipharbor.app to idle
    t =    18.18s     Find the "extractToButton" Button
    t =    18.20s     Check for interrupting elements affecting "extractToButton" Button
    t =    18.21s     Synthesize event
    t =    18.50s     Wait for com.xiaolongxu.zipharbor.app to idle
    t =    18.89s Waiting 5.0s for "startExtractionButton" Button to exist
    t =    19.93s     Checking `Expect predicate `existsNoRetry == 1` for object "startExtractionButton" Button`
    t =    19.93s         Checking existence of `"startExtractionButton" Button`
    t =    19.96s Find the Target Application 'com.xiaolongxu.zipharbor.app'
    t =    20.03s Added attachment named 'extraction-destination'
    t =    20.03s Tap "startExtractionButton" Button
    t =    20.03s     Wait for com.xiaolongxu.zipharbor.app to idle
    t =    20.03s     Find the "startExtractionButton" Button
    t =    20.05s     Check for interrupting elements affecting "startExtractionButton" Button
    t =    20.07s     Synthesize event
    t =    20.36s     Wait for com.xiaolongxu.zipharbor.app to idle
    t =    21.29s Waiting 15.0s for "taskPasswordField" SecureTextField to exist
    t =    22.33s     Checking `Expect predicate `existsNoRetry == 1` for object "taskPasswordField" SecureTextField`
    t =    22.33s         Checking existence of `"taskPasswordField" SecureTextField`
    t =    22.35s Tap "taskPasswordField" SecureTextField
    t =    22.35s     Wait for com.xiaolongxu.zipharbor.app to idle
    t =    22.35s     Find the "taskPasswordField" SecureTextField
    t =    22.36s     Check for interrupting elements affecting "taskPasswordField" SecureTextField
    t =    22.38s     Synthesize event
    t =    22.67s     Wait for com.xiaolongxu.zipharbor.app to idle
    t =    22.95s Type '<redacted>' into "taskPasswordField" SecureTextField
    t =    22.95s     Wait for com.xiaolongxu.zipharbor.app to idle
    t =    22.95s     Find the "taskPasswordField" SecureTextField
    t =    22.97s     Check for interrupting elements affecting "taskPasswordField" SecureTextField
    t =    22.99s     Synthesize event
    t =    23.26s     Wait for com.xiaolongxu.zipharbor.app to idle
    t =    23.26s Tap "unlockAndContinueButton" Button
    t =    23.26s     Wait for com.xiaolongxu.zipharbor.app to idle
    t =    23.27s     Find the "unlockAndContinueButton" Button
    t =    23.29s     Check for interrupting elements affecting "unlockAndContinueButton" Button
    t =    23.31s     Synthesize event
    t =    23.60s     Wait for com.xiaolongxu.zipharbor.app to idle
    t =    23.94s Waiting 20.0s for "resultDoneButton" Button to exist
    t =    24.98s     Checking `Expect predicate `existsNoRetry == 1` for object "resultDoneButton" Button`
    t =    24.98s         Checking existence of `"resultDoneButton" Button`
    t =    24.99s Tap "resultDoneButton" Button
    t =    24.99s     Wait for com.xiaolongxu.zipharbor.app to idle
    t =    24.99s     Find the "resultDoneButton" Button
    t =    25.01s     Check for interrupting elements affecting "resultDoneButton" Button
    t =    25.02s     Synthesize event
    t =    25.31s     Wait for com.xiaolongxu.zipharbor.app to idle
    t =    25.65s Tear Down
Test Case '-[ZipHarborUITests.ZipHarborUITests testCreateTwoStepsAESRoundTripAndBackPreservesSelection]' passed (25.898 seconds).
Test Case '-[ZipHarborUITests.ZipHarborUITests testDefaultDestinationAndPreserveSettingsAffectExtraction]' started.
    t =     0.00s Start Test at 2026-10-01 16:00:07.618
    t =     0.02s Set Up
    t =     0.02s Open com.xiaolongxu.zipharbor.app
    t =     0.02s     Launch com.xiaolongxu.zipharbor.app
    t =     0.02s         Terminate com.xiaolongxu.zipharbor.app:82749
2026-10-01 16:00:08.688 xcodebuild[82558:3275422] [MT] IDELaunchParametersSnapshot: debugger version lookup failed for path '<nil>': noURL
2026-10-01 16:00:08.688 xcodebuild[82558:3275422] [MT] IDELaunchParametersSnapshot: no debugger version
    t =     1.28s         Setting up automation session
    t =     1.84s         Wait for com.xiaolongxu.zipharbor.app to idle
    t =     3.09s Waiting 25.0s for "file-课程资料_2026.zip" Button to exist
    t =     4.13s     Checking `Expect predicate `existsNoRetry == 1` for object "file-课程资料_2026.zip" Button`
    t =     4.13s         Checking existence of `"file-课程资料_2026.zip" Button`
    t =     4.19s Tap "tab-Settings" Button
    t =     4.19s     Wait for com.xiaolongxu.zipharbor.app to idle
    t =     4.19s     Find the "tab-Settings" Button
    t =     4.21s     Check for interrupting elements affecting "tab-Settings" Button
    t =     4.23s     Synthesize event
    t =     4.51s     Wait for com.xiaolongxu.zipharbor.app to idle
    t =     4.52s Tap "defaultDestinationButton" Button
    t =     4.52s     Wait for com.xiaolongxu.zipharbor.app to idle
    t =     4.52s     Find the "defaultDestinationButton" Button
    t =     4.54s     Check for interrupting elements affecting "defaultDestinationButton" Button
    t =     4.55s     Synthesize event
    t =     4.84s     Wait for com.xiaolongxu.zipharbor.app to idle
    t =     5.19s Tap "destination-same" Button
    t =     5.19s     Wait for com.xiaolongxu.zipharbor.app to idle
    t =     5.20s     Find the "destination-same" Button
    t =     5.22s     Check for interrupting elements affecting "destination-same" Button
    t =     5.24s     Synthesize event
    t =     5.53s     Wait for com.xiaolongxu.zipharbor.app to idle
    t =     6.23s Tap "saveDefaultDestinationButton" Button
    t =     6.23s     Wait for com.xiaolongxu.zipharbor.app to idle
    t =     6.24s     Find the "saveDefaultDestinationButton" Button
    t =     6.26s     Check for interrupting elements affecting "saveDefaultDestinationButton" Button
    t =     6.28s     Synthesize event
    t =     6.57s     Wait for com.xiaolongxu.zipharbor.app to idle
    t =     6.91s Tap "defaultPreserveToggle" Button
    t =     6.91s     Wait for com.xiaolongxu.zipharbor.app to idle
    t =     6.91s     Find the "defaultPreserveToggle" Button
    t =     6.93s     Check for interrupting elements affecting "defaultPreserveToggle" Button
    t =     6.95s     Synthesize event
    t =     7.25s     Wait for com.xiaolongxu.zipharbor.app to idle
    t =     7.25s Tap "tab-Files" Button
    t =     7.25s     Wait for com.xiaolongxu.zipharbor.app to idle
    t =     7.25s     Find the "tab-Files" Button
    t =     7.27s     Check for interrupting elements affecting "tab-Files" Button
    t =     7.28s     Synthesize event
    t =     7.57s     Wait for com.xiaolongxu.zipharbor.app to idle
    t =     7.57s Tap "file-课程资料_2026.zip" Button
    t =     7.57s     Wait for com.xiaolongxu.zipharbor.app to idle
    t =     7.57s     Find the "file-课程资料_2026.zip" Button
    t =     7.59s     Check for interrupting elements affecting "file-课程资料_2026.zip" Button
    t =     7.61s     Synthesize event
    t =     7.90s     Wait for com.xiaolongxu.zipharbor.app to idle
    t =     8.31s Waiting 10.0s for "extractToButton" Button to exist
    t =     9.34s     Checking `Expect predicate `existsNoRetry == 1` for object "extractToButton" Button`
    t =     9.34s         Checking existence of `"extractToButton" Button`
    t =     9.36s Tap "extractToButton" Button
    t =     9.37s     Wait for com.xiaolongxu.zipharbor.app to idle
    t =     9.37s     Find the "extractToButton" Button
    t =     9.38s     Check for interrupting elements affecting "extractToButton" Button
    t =     9.40s     Synthesize event
    t =     9.69s     Wait for com.xiaolongxu.zipharbor.app to idle
    t =    10.06s Find the "Keep folder structure" Button
    t =    10.09s Find the Target Application 'com.xiaolongxu.zipharbor.app'
    t =    10.16s Added attachment named 'extraction-default-settings'
    t =    10.16s Tap "startExtractionButton" Button
    t =    10.16s     Wait for com.xiaolongxu.zipharbor.app to idle
    t =    10.16s     Find the "startExtractionButton" Button
    t =    10.18s     Check for interrupting elements affecting "startExtractionButton" Button
    t =    10.20s     Synthesize event
    t =    10.49s     Wait for com.xiaolongxu.zipharbor.app to idle
    t =    11.45s Waiting 15.0s for "resultDoneButton" Button to exist
    t =    12.48s     Checking `Expect predicate `existsNoRetry == 1` for object "resultDoneButton" Button`
    t =    12.48s         Checking existence of `"resultDoneButton" Button`
    t =    12.50s Tap "openOutputButton" Button
    t =    12.50s     Wait for com.xiaolongxu.zipharbor.app to idle
    t =    12.50s     Find the "openOutputButton" Button
    t =    12.52s     Check for interrupting elements affecting "openOutputButton" Button
    t =    12.53s     Synthesize event
    t =    12.82s     Wait for com.xiaolongxu.zipharbor.app to idle
    t =    13.22s Waiting 5.0s for "README.txt" StaticText to exist
    t =    14.25s     Checking `Expect predicate `existsNoRetry == 1` for object "README.txt" StaticText`
    t =    14.25s         Checking existence of `"README.txt" StaticText`
    t =    14.27s Checking existence of `"课程资料" StaticText`
    t =    14.29s Tear Down
Test Case '-[ZipHarborUITests.ZipHarborUITests testDefaultDestinationAndPreserveSettingsAffectExtraction]' passed (14.527 seconds).
Test Case '-[ZipHarborUITests.ZipHarborUITests testEnglishAndDarkAppearance]' started.
    t =     0.00s Start Test at 2026-10-01 16:00:22.146
    t =     0.02s Set Up
    t =     0.02s Open com.xiaolongxu.zipharbor.app
    t =     0.02s     Launch com.xiaolongxu.zipharbor.app
    t =     0.02s         Terminate com.xiaolongxu.zipharbor.app:82842
2026-10-01 16:00:23.213 xcodebuild[82558:3275422] [MT] IDELaunchParametersSnapshot: debugger version lookup failed for path '<nil>': noURL
2026-10-01 16:00:23.213 xcodebuild[82558:3275422] [MT] IDELaunchParametersSnapshot: no debugger version
    t =     1.27s         Setting up automation session
    t =     1.86s         Wait for com.xiaolongxu.zipharbor.app to idle
    t =     3.13s Waiting 25.0s for "file-课程资料_2026.zip" Button to exist
    t =     4.16s     Checking `Expect predicate `existsNoRetry == 1` for object "file-课程资料_2026.zip" Button`
    t =     4.16s         Checking existence of `"file-课程资料_2026.zip" Button`
    t =     4.21s Checking existence of `"Quick actions" StaticText`
    t =     4.23s Find the Target Application 'com.xiaolongxu.zipharbor.app'
    t =     4.31s Added attachment named 'home-en'
    t =     4.31s Tap "tab-Settings" Button
    t =     4.31s     Wait for com.xiaolongxu.zipharbor.app to idle
    t =     4.31s     Find the "tab-Settings" Button
    t =     4.33s     Check for interrupting elements affecting "tab-Settings" Button
    t =     4.34s     Synthesize event
    t =     4.63s     Wait for com.xiaolongxu.zipharbor.app to idle
    t =     4.64s Tap "darkModeToggle" Button
    t =     4.64s     Wait for com.xiaolongxu.zipharbor.app to idle
    t =     4.64s     Find the "darkModeToggle" Button
    t =     4.65s     Check for interrupting elements affecting "darkModeToggle" Button
    t =     4.67s     Synthesize event
    t =     4.96s     Wait for com.xiaolongxu.zipharbor.app to idle
    t =     4.96s Find the Target Application 'com.xiaolongxu.zipharbor.app'
    t =     5.02s Added attachment named 'settings-dark-en'
    t =     5.02s Tap "tab-Files" Button
    t =     5.02s     Wait for com.xiaolongxu.zipharbor.app to idle
    t =     5.03s     Find the "tab-Files" Button
    t =     5.05s     Check for interrupting elements affecting "tab-Files" Button
    t =     5.06s     Synthesize event
    t =     5.35s     Wait for com.xiaolongxu.zipharbor.app to idle
    t =     5.36s Find the Target Application 'com.xiaolongxu.zipharbor.app'
    t =     5.43s Added attachment named 'home-dark-en'
    t =     5.43s Checking existence of `"openArchiveButton" Button`
    t =     5.45s Tear Down
Test Case '-[ZipHarborUITests.ZipHarborUITests testEnglishAndDarkAppearance]' passed (5.683 seconds).
Test Case '-[ZipHarborUITests.ZipHarborUITests testFavoritesAndSelectedDirectoryExtraction]' started.
    t =     0.00s Start Test at 2026-10-01 16:00:27.829
    t =     0.02s Set Up
    t =     0.02s Open com.xiaolongxu.zipharbor.app
    t =     0.02s     Launch com.xiaolongxu.zipharbor.app
    t =     0.02s         Terminate com.xiaolongxu.zipharbor.app:82914
2026-10-01 16:00:28.886 xcodebuild[82558:3275422] [MT] IDELaunchParametersSnapshot: debugger version lookup failed for path '<nil>': noURL
2026-10-01 16:00:28.886 xcodebuild[82558:3275422] [MT] IDELaunchParametersSnapshot: no debugger version
    t =     1.26s         Setting up automation session
    t =     1.84s         Wait for com.xiaolongxu.zipharbor.app to idle
    t =     3.08s Waiting 25.0s for "file-课程资料_2026.zip" Button to exist
    t =     4.11s     Checking `Expect predicate `existsNoRetry == 1` for object "file-课程资料_2026.zip" Button`
    t =     4.11s         Checking existence of `"file-课程资料_2026.zip" Button`
    t =     4.15s Tap "file-课程资料_2026.zip" Button
    t =     4.15s     Wait for com.xiaolongxu.zipharbor.app to idle
    t =     4.15s     Find the "file-课程资料_2026.zip" Button
    t =     4.17s     Check for interrupting elements affecting "file-课程资料_2026.zip" Button
    t =     4.19s     Synthesize event
    t =     4.47s     Wait for com.xiaolongxu.zipharbor.app to idle
    t =     4.88s Waiting 10.0s for "entry-课程资料" Button to exist
    t =     5.91s     Checking `Expect predicate `existsNoRetry == 1` for object "entry-课程资料" Button`
    t =     5.91s         Checking existence of `"entry-课程资料" Button`
    t =     5.94s Tap "Add favorite" Button
    t =     5.94s     Wait for com.xiaolongxu.zipharbor.app to idle
    t =     5.95s     Find the "Add favorite" Button
    t =     5.96s     Check for interrupting elements affecting "Add favorite" Button
    t =     5.98s     Synthesize event
    t =     6.27s     Wait for com.xiaolongxu.zipharbor.app to idle
    t =     6.27s Tap "select-课程资料" Button
    t =     6.27s     Wait for com.xiaolongxu.zipharbor.app to idle
    t =     6.27s     Find the "select-课程资料" Button
    t =     6.29s     Check for interrupting elements affecting "select-课程资料" Button
    t =     6.30s     Synthesize event
    t =     6.59s     Wait for com.xiaolongxu.zipharbor.app to idle
    t =     6.60s Tap "extractSelectedButton" Button
    t =     6.60s     Wait for com.xiaolongxu.zipharbor.app to idle
    t =     6.60s     Find the "extractSelectedButton" Button
    t =     6.64s     Check for interrupting elements affecting "extractSelectedButton" Button
    t =     6.67s     Synthesize event
    t =     6.97s     Wait for com.xiaolongxu.zipharbor.app to idle
    t =     7.35s Tap "startExtractionButton" Button
    t =     7.35s     Wait for com.xiaolongxu.zipharbor.app to idle
    t =     7.35s     Find the "startExtractionButton" Button
    t =     7.38s     Check for interrupting elements affecting "startExtractionButton" Button
    t =     7.40s     Synthesize event
    t =     7.69s     Wait for com.xiaolongxu.zipharbor.app to idle
    t =     8.65s Waiting 20.0s for "resultDoneButton" Button to exist
    t =     9.66s     Checking `Expect predicate `existsNoRetry == 1` for object "resultDoneButton" Button`
    t =     9.66s         Checking existence of `"resultDoneButton" Button`
    t =     9.68s Tap "openOutputButton" Button
    t =     9.68s     Wait for com.xiaolongxu.zipharbor.app to idle
    t =     9.69s     Find the "openOutputButton" Button
    t =     9.70s     Check for interrupting elements affecting "openOutputButton" Button
    t =     9.72s     Synthesize event
    t =    10.00s     Wait for com.xiaolongxu.zipharbor.app to idle
    t =    10.38s Waiting 5.0s for "课程资料" StaticText to exist
    t =    11.42s     Checking `Expect predicate `existsNoRetry == 1` for object "课程资料" StaticText`
    t =    11.42s         Checking existence of `"课程资料" StaticText`
    t =    11.44s Checking existence of `"课堂笔记.txt" StaticText`
    t =    11.46s Find the Target Application 'com.xiaolongxu.zipharbor.app'
    t =    11.52s Added attachment named 'selected-directory-output'
    t =    11.52s Tap "folderDoneButton" Button
    t =    11.52s     Wait for com.xiaolongxu.zipharbor.app to idle
    t =    11.52s     Find the "folderDoneButton" Button
    t =    11.54s     Check for interrupting elements affecting "folderDoneButton" Button
    t =    11.55s     Synthesize event
    t =    11.84s     Wait for com.xiaolongxu.zipharbor.app to idle
    t =    12.19s Tap "resultDoneButton" Button
    t =    12.19s     Wait for com.xiaolongxu.zipharbor.app to idle
    t =    12.19s     Find the "resultDoneButton" Button
    t =    12.21s     Check for interrupting elements affecting "resultDoneButton" Button
    t =    12.22s     Synthesize event
    t =    12.51s     Wait for com.xiaolongxu.zipharbor.app to idle
    t =    12.86s Tap "tab-Files" Button
    t =    12.86s     Wait for com.xiaolongxu.zipharbor.app to idle
    t =    12.86s     Find the "tab-Files" Button
    t =    12.88s     Check for interrupting elements affecting "tab-Files" Button
    t =    12.89s     Synthesize event
    t =    13.18s     Wait for com.xiaolongxu.zipharbor.app to idle
    t =    13.19s Swipe up Target Application 'com.xiaolongxu.zipharbor.app'
    t =    13.19s     Wait for com.xiaolongxu.zipharbor.app to idle
    t =    13.19s     Find the Target Application 'com.xiaolongxu.zipharbor.app'
    t =    13.20s     Check for interrupting elements affecting "ZipHarbor" Application
    t =    13.22s     Synthesize event
    t =    13.64s     Wait for com.xiaolongxu.zipharbor.app to idle
    t =    14.11s Tap "location-Favorites" Button
    t =    14.11s     Wait for com.xiaolongxu.zipharbor.app to idle
    t =    14.12s     Find the "location-Favorites" Button
    t =    14.14s     Check for interrupting elements affecting "location-Favorites" Button
    t =    14.16s     Synthesize event
    t =    14.45s     Wait for com.xiaolongxu.zipharbor.app to idle
    t =    14.80s Waiting 5.0s for "file-课程资料_2026.zip" Button to exist
    t =    15.82s     Checking `Expect predicate `existsNoRetry == 1` for object "file-课程资料_2026.zip" Button`
    t =    15.82s         Checking existence of `"file-课程资料_2026.zip" Button`
    t =    15.85s Find the Target Application 'com.xiaolongxu.zipharbor.app'
    t =    15.92s Added attachment named 'favorites'
    t =    15.92s Tear Down
Test Case '-[ZipHarborUITests.ZipHarborUITests testFavoritesAndSelectedDirectoryExtraction]' passed (16.169 seconds).
Test Case '-[ZipHarborUITests.ZipHarborUITests testPasswordAutomaticallyContinuesAndDoneDismisses]' started.
    t =     0.00s Start Test at 2026-10-01 16:00:43.999
    t =     0.02s Set Up
    t =     0.02s Open com.xiaolongxu.zipharbor.app
    t =     0.02s     Launch com.xiaolongxu.zipharbor.app
    t =     0.02s         Terminate com.xiaolongxu.zipharbor.app:82935
2026-10-01 16:00:45.056 xcodebuild[82558:3275422] [MT] IDELaunchParametersSnapshot: debugger version lookup failed for path '<nil>': noURL
2026-10-01 16:00:45.057 xcodebuild[82558:3275422] [MT] IDELaunchParametersSnapshot: no debugger version
    t =     1.26s         Setting up automation session
    t =     1.83s         Wait for com.xiaolongxu.zipharbor.app to idle
    t =     3.13s Waiting 25.0s for "file-课程资料_2026.zip" Button to exist
    t =     4.13s     Checking `Expect predicate `existsNoRetry == 1` for object "file-课程资料_2026.zip" Button`
    t =     4.13s         Checking existence of `"file-课程资料_2026.zip" Button`
    t =     4.19s Find the Target Application 'com.xiaolongxu.zipharbor.app'
    t =     4.27s Added attachment named 'home-zh'
    t =     4.27s Tap "file-0903.zip" Button
    t =     4.27s     Wait for com.xiaolongxu.zipharbor.app to idle
    t =     4.27s     Find the "file-0903.zip" Button
    t =     4.29s     Check for interrupting elements affecting "file-0903.zip" Button
    t =     4.31s     Synthesize event
    t =     4.60s     Wait for com.xiaolongxu.zipharbor.app to idle
    t =     5.01s Waiting 10.0s for "extractToButton" Button to exist
    t =     6.05s     Checking `Expect predicate `existsNoRetry == 1` for object "extractToButton" Button`
    t =     6.05s         Checking existence of `"extractToButton" Button`
    t =     6.08s Tap "extractToButton" Button
    t =     6.08s     Wait for com.xiaolongxu.zipharbor.app to idle
    t =     6.09s     Find the "extractToButton" Button
    t =     6.10s     Check for interrupting elements affecting "extractToButton" Button
    t =     6.11s     Synthesize event
    t =     6.40s     Wait for com.xiaolongxu.zipharbor.app to idle
    t =     6.83s Waiting 5.0s for "startExtractionButton" Button to exist
    t =     7.85s     Checking `Expect predicate `existsNoRetry == 1` for object "startExtractionButton" Button`
    t =     7.85s         Checking existence of `"startExtractionButton" Button`
    t =     7.88s Find the Target Application 'com.xiaolongxu.zipharbor.app'
    t =     7.95s Added attachment named 'extraction-destination'
    t =     7.96s Tap "startExtractionButton" Button
    t =     7.96s     Wait for com.xiaolongxu.zipharbor.app to idle
    t =     7.96s     Find the "startExtractionButton" Button
    t =     7.98s     Check for interrupting elements affecting "startExtractionButton" Button
    t =     8.00s     Synthesize event
    t =     8.29s     Wait for com.xiaolongxu.zipharbor.app to idle
    t =     9.27s Waiting 15.0s for "taskPasswordField" SecureTextField to exist
    t =    10.30s     Checking `Expect predicate `existsNoRetry == 1` for object "taskPasswordField" SecureTextField`
    t =    10.30s         Checking existence of `"taskPasswordField" SecureTextField`
    t =    10.33s Tap "taskPasswordField" SecureTextField
    t =    10.33s     Wait for com.xiaolongxu.zipharbor.app to idle
    t =    10.33s     Find the "taskPasswordField" SecureTextField
    t =    10.35s     Check for interrupting elements affecting "taskPasswordField" SecureTextField
    t =    10.37s     Synthesize event
    t =    10.66s     Wait for com.xiaolongxu.zipharbor.app to idle
    t =    11.33s Type '<redacted>' into "taskPasswordField" SecureTextField
    t =    11.33s     Wait for com.xiaolongxu.zipharbor.app to idle
    t =    11.34s     Find the "taskPasswordField" SecureTextField
    t =    11.37s     Check for interrupting elements affecting "taskPasswordField" SecureTextField
    t =    11.39s     Synthesize event
    t =    11.65s     Wait for com.xiaolongxu.zipharbor.app to idle
    t =    11.66s Tap "unlockAndContinueButton" Button
    t =    11.66s     Wait for com.xiaolongxu.zipharbor.app to idle
    t =    11.66s     Find the "unlockAndContinueButton" Button
    t =    11.69s     Check for interrupting elements affecting "unlockAndContinueButton" Button
    t =    11.71s     Synthesize event
    t =    11.99s     Wait for com.xiaolongxu.zipharbor.app to idle
    t =    12.39s Waiting 20.0s for "resultDoneButton" Button to exist
    t =    13.40s     Checking `Expect predicate `existsNoRetry == 1` for object "resultDoneButton" Button`
    t =    13.40s         Checking existence of `"resultDoneButton" Button`
    t =    13.42s Find the Target Application 'com.xiaolongxu.zipharbor.app'
    t =    13.49s Added attachment named 'extraction-result'
    t =    13.49s Tap "openOutputButton" Button
    t =    13.49s     Wait for com.xiaolongxu.zipharbor.app to idle
    t =    13.50s     Find the "openOutputButton" Button
    t =    13.51s     Check for interrupting elements affecting "openOutputButton" Button
    t =    13.53s     Synthesize event
    t =    13.81s     Wait for com.xiaolongxu.zipharbor.app to idle
    t =    14.21s Waiting 5.0s for "课堂笔记.txt" StaticText to exist
    t =    15.24s     Checking `Expect predicate `existsNoRetry == 1` for object "课堂笔记.txt" StaticText`
    t =    15.24s         Checking existence of `"课堂笔记.txt" StaticText`
    t =    15.26s Find the Target Application 'com.xiaolongxu.zipharbor.app'
    t =    15.33s Added attachment named 'output-folder'
    t =    15.33s Tap "folderDoneButton" Button
    t =    15.33s     Wait for com.xiaolongxu.zipharbor.app to idle
    t =    15.34s     Find the "folderDoneButton" Button
    t =    15.35s     Check for interrupting elements affecting "folderDoneButton" Button
    t =    15.37s     Synthesize event
    t =    15.66s     Wait for com.xiaolongxu.zipharbor.app to idle
    t =    16.01s Tap "resultDoneButton" Button
    t =    16.01s     Wait for com.xiaolongxu.zipharbor.app to idle
    t =    16.03s     Find the "resultDoneButton" Button
    t =    16.11s     Check for interrupting elements affecting "resultDoneButton" Button
    t =    16.13s     Synthesize event
    t =    16.42s     Wait for com.xiaolongxu.zipharbor.app to idle
    t =    16.78s Waiting 5.0s for "tab-Tasks" Button to exist
    t =    17.82s     Checking `Expect predicate `existsNoRetry == 1` for object "tab-Tasks" Button`
    t =    17.82s         Checking existence of `"tab-Tasks" Button`
    t =    17.83s Checking existence of `"resultDoneButton" Button`
    t =    17.84s Tap "taskFilter-Completed" Button
    t =    17.84s     Wait for com.xiaolongxu.zipharbor.app to idle
    t =    17.85s     Find the "taskFilter-Completed" Button
    t =    17.86s     Check for interrupting elements affecting "taskFilter-Completed" Button
    t =    17.87s     Synthesize event
    t =    18.16s     Wait for com.xiaolongxu.zipharbor.app to idle
    t =    18.17s Checking existence of `"result-0903" Button`
    t =    18.18s Tear Down
Test Case '-[ZipHarborUITests.ZipHarborUITests testPasswordAutomaticallyContinuesAndDoneDismisses]' passed (18.413 seconds).
Test Case '-[ZipHarborUITests.ZipHarborUITests testPasswordCancelAndClearHistoryKeepFiles]' started.
    t =     0.00s Start Test at 2026-10-01 16:01:02.413
    t =     0.02s Set Up
    t =     0.02s Open com.xiaolongxu.zipharbor.app
    t =     0.02s     Launch com.xiaolongxu.zipharbor.app
    t =     0.02s         Terminate com.xiaolongxu.zipharbor.app:82999
2026-10-01 16:01:03.601 xcodebuild[82558:3275422] [MT] IDELaunchParametersSnapshot: debugger version lookup failed for path '<nil>': noURL
2026-10-01 16:01:03.601 xcodebuild[82558:3275422] [MT] IDELaunchParametersSnapshot: no debugger version
    t =     1.39s         Setting up automation session
    t =     2.01s         Wait for com.xiaolongxu.zipharbor.app to idle
    t =     3.30s Waiting 25.0s for "file-课程资料_2026.zip" Button to exist
    t =     4.33s     Checking `Expect predicate `existsNoRetry == 1` for object "file-课程资料_2026.zip" Button`
    t =     4.33s         Checking existence of `"file-课程资料_2026.zip" Button`
    t =     4.38s Tap "file-0903.zip" Button
    t =     4.38s     Wait for com.xiaolongxu.zipharbor.app to idle
    t =     4.38s     Find the "file-0903.zip" Button
    t =     4.40s     Check for interrupting elements affecting "file-0903.zip" Button
    t =     4.42s     Synthesize event
    t =     4.70s     Wait for com.xiaolongxu.zipharbor.app to idle
    t =     5.10s Waiting 10.0s for "extractToButton" Button to exist
    t =     6.13s     Checking `Expect predicate `existsNoRetry == 1` for object "extractToButton" Button`
    t =     6.13s         Checking existence of `"extractToButton" Button`
    t =     6.15s Tap "extractToButton" Button
    t =     6.15s     Wait for com.xiaolongxu.zipharbor.app to idle
    t =     6.15s     Find the "extractToButton" Button
    t =     6.17s     Check for interrupting elements affecting "extractToButton" Button
    t =     6.18s     Synthesize event
    t =     6.47s     Wait for com.xiaolongxu.zipharbor.app to idle
    t =     6.85s Waiting 5.0s for "startExtractionButton" Button to exist
    t =     7.87s     Checking `Expect predicate `existsNoRetry == 1` for object "startExtractionButton" Button`
    t =     7.87s         Checking existence of `"startExtractionButton" Button`
    t =     7.91s Find the Target Application 'com.xiaolongxu.zipharbor.app'
    t =     7.98s Added attachment named 'extraction-destination'
    t =     7.98s Tap "startExtractionButton" Button
    t =     7.98s     Wait for com.xiaolongxu.zipharbor.app to idle
    t =     7.98s     Find the "startExtractionButton" Button
    t =     8.00s     Check for interrupting elements affecting "startExtractionButton" Button
    t =     8.02s     Synthesize event
    t =     8.31s     Wait for com.xiaolongxu.zipharbor.app to idle
    t =     9.25s Waiting 15.0s for "taskPasswordField" SecureTextField to exist
    t =    10.26s     Checking `Expect predicate `existsNoRetry == 1` for object "taskPasswordField" SecureTextField`
    t =    10.26s         Checking existence of `"taskPasswordField" SecureTextField`
    t =    10.28s Tap "sheetDoneButton" Button
    t =    10.28s     Wait for com.xiaolongxu.zipharbor.app to idle
    t =    10.29s     Find the "sheetDoneButton" Button
    t =    10.30s     Check for interrupting elements affecting "sheetDoneButton" Button
    t =    10.32s     Synthesize event
    t =    10.60s     Wait for com.xiaolongxu.zipharbor.app to idle
    t =    10.98s Waiting 5.0s for "tab-Settings" Button to exist
    t =    12.00s     Checking `Expect predicate `existsNoRetry == 1` for object "tab-Settings" Button`
    t =    12.00s         Checking existence of `"tab-Settings" Button`
    t =    12.01s Tap "tab-Settings" Button
    t =    12.01s     Wait for com.xiaolongxu.zipharbor.app to idle
    t =    12.02s     Find the "tab-Settings" Button
    t =    12.03s     Check for interrupting elements affecting "tab-Settings" Button
    t =    12.04s     Synthesize event
    t =    12.33s     Wait for com.xiaolongxu.zipharbor.app to idle
    t =    12.33s Find the Target Application 'com.xiaolongxu.zipharbor.app'
    t =    12.39s Added attachment named 'settings-zh'
    t =    12.39s Tap "clearHistoryButton" Button
    t =    12.39s     Wait for com.xiaolongxu.zipharbor.app to idle
    t =    12.40s     Find the "clearHistoryButton" Button
    t =    12.42s     Check for interrupting elements affecting "clearHistoryButton" Button
    t =    12.43s     Synthesize event
    t =    12.72s     Wait for com.xiaolongxu.zipharbor.app to idle
    t =    12.88s Get all elements bound by index for: Elements matching predicate '"清除最近记录" IN identifiers'
    t =    12.91s Tap "清除最近记录" Button
    t =    12.91s     Wait for com.xiaolongxu.zipharbor.app to idle
    t =    13.39s     Find the "清除最近记录" Button
    t =    13.41s     Check for interrupting elements affecting "清除最近记录" Button
    t =    13.43s     Synthesize event
    t =    13.72s     Wait for com.xiaolongxu.zipharbor.app to idle
    t =    14.06s Tap "tab-Files" Button
    t =    14.06s     Wait for com.xiaolongxu.zipharbor.app to idle
    t =    14.07s     Find the "tab-Files" Button
    t =    14.09s     Check for interrupting elements affecting "tab-Files" Button
    t =    14.10s     Synthesize event
    t =    14.39s     Wait for com.xiaolongxu.zipharbor.app to idle
    t =    14.40s Checking existence of `"file-0903.zip" Button`
    t =    14.42s Tear Down
Test Case '-[ZipHarborUITests.ZipHarborUITests testPasswordCancelAndClearHistoryKeepFiles]' passed (14.663 seconds).
Test Case '-[ZipHarborUITests.ZipHarborUITests testPhotosAndVideoImportThenCreateArchive]' started.
    t =     0.00s Start Test at 2026-10-01 16:01:17.077
    t =     0.02s Set Up
    t =     0.02s Open com.xiaolongxu.zipharbor.app
    t =     0.02s     Launch com.xiaolongxu.zipharbor.app
    t =     0.02s         Terminate com.xiaolongxu.zipharbor.app:83063
2026-10-01 16:01:18.140 xcodebuild[82558:3275422] [MT] IDELaunchParametersSnapshot: debugger version lookup failed for path '<nil>': noURL
2026-10-01 16:01:18.140 xcodebuild[82558:3275422] [MT] IDELaunchParametersSnapshot: no debugger version
    t =     1.27s         Setting up automation session
    t =     1.85s         Wait for com.xiaolongxu.zipharbor.app to idle
    t =     3.10s Waiting 25.0s for "file-课程资料_2026.zip" Button to exist
    t =     4.12s     Checking `Expect predicate `existsNoRetry == 1` for object "file-课程资料_2026.zip" Button`
    t =     4.12s         Checking existence of `"file-课程资料_2026.zip" Button`
    t =     4.17s Tap "createArchiveButton" Button
    t =     4.17s     Wait for com.xiaolongxu.zipharbor.app to idle
    t =     4.17s     Find the "createArchiveButton" Button
    t =     4.19s     Check for interrupting elements affecting "createArchiveButton" Button
    t =     4.21s     Synthesize event
    t =     4.50s     Wait for com.xiaolongxu.zipharbor.app to idle
    t =     4.88s Tap "addPhotosButton" Button
    t =     4.88s     Wait for com.xiaolongxu.zipharbor.app to idle
    t =     4.89s     Find the "addPhotosButton" Button
    t =     4.90s     Check for interrupting elements affecting "addPhotosButton" Button
    t =     4.92s     Synthesize event
    t =     5.20s     Wait for com.xiaolongxu.zipharbor.app to idle
    t =     5.60s Waiting 20.0s for "Cancel" Button to exist
    t =     6.63s     Checking `Expect predicate `existsNoRetry == 1` for object "Cancel" Button`
    t =     6.63s         Checking existence of `"Cancel" Button`
    t =     7.47s Waiting 10.0s for "PXGGridLayout-Info" Image to exist
    t =     8.49s     Checking `Expect predicate `existsNoRetry == 1` for object "PXGGridLayout-Info" Image`
    t =     8.49s         Checking existence of `"PXGGridLayout-Info" Image`
    t =     8.68s Get number of matches for: Elements matching predicate '"PXGGridLayout-Info" IN identifiers'
    t =     8.84s Tap "PXGGridLayout-Info" Image[0.50, 0.50]
    t =     8.84s     Wait for com.xiaolongxu.zipharbor.app to idle
    t =     8.84s     Find the "PXGGridLayout-Info" Image
    t =     8.98s     Check for interrupting elements affecting "PXGGridLayout-Info" Image
    t =     9.09s     Synthesize event
    t =     9.09s         Find the "PXGGridLayout-Info" Image
    t =     9.24s         Find the "PXGGridLayout-Info" Image
    t =     9.41s         Find the "PXGGridLayout-Info" Image
    t =     9.85s     Wait for com.xiaolongxu.zipharbor.app to idle
    t =     9.85s Tap "PXGGridLayout-Info" Image[0.50, 0.50]
    t =     9.85s     Wait for com.xiaolongxu.zipharbor.app to idle
    t =     9.86s     Find the "PXGGridLayout-Info" Image
    t =    10.01s     Check for interrupting elements affecting "PXGGridLayout-Info" Image
    t =    10.12s     Synthesize event
    t =    10.12s         Find the "PXGGridLayout-Info" Image
    t =    10.27s         Find the "PXGGridLayout-Info" Image
    t =    10.43s         Find the "PXGGridLayout-Info" Image
    t =    10.88s     Wait for com.xiaolongxu.zipharbor.app to idle
    t =    10.88s Find the Target Application 'com.xiaolongxu.zipharbor.app'
    t =    11.08s Added attachment named 'photos-picker-selected'
    t =    11.08s Waiting 5.0s for "Add" Button to exist
    t =    12.12s     Checking `Expect predicate `existsNoRetry == 1` for object "Add" Button`
    t =    12.12s         Checking existence of `"Add" Button`
    t =    12.33s Tap "Add" Button
    t =    12.33s     Wait for com.xiaolongxu.zipharbor.app to idle
    t =    12.33s     Find the "Add" Button
    t =    12.51s     Check for interrupting elements affecting "Add" Button
    t =    12.62s     Synthesize event
    t =    12.92s     Wait for com.xiaolongxu.zipharbor.app to idle
    t =    13.42s Waiting 20.0s for "Selected 2 items" StaticText to exist
    t =    14.45s     Checking `Expect predicate `existsNoRetry == 1` for object "Selected 2 items" StaticText`
    t =    14.45s         Checking existence of `"Selected 2 items" StaticText`
    t =    14.47s Find the Target Application 'com.xiaolongxu.zipharbor.app'
    t =    14.53s Added attachment named 'photos-video-imported'
    t =    14.53s Tap "createNextButton" Button
    t =    14.53s     Wait for com.xiaolongxu.zipharbor.app to idle
    t =    14.53s     Find the "createNextButton" Button
    t =    14.54s     Check for interrupting elements affecting "createNextButton" Button
    t =    14.56s     Synthesize event
    t =    14.84s     Wait for com.xiaolongxu.zipharbor.app to idle
    t =    14.85s Tap "submitCreateArchiveButton" Button
    t =    14.85s     Wait for com.xiaolongxu.zipharbor.app to idle
    t =    14.85s     Find the "submitCreateArchiveButton" Button
    t =    14.87s     Check for interrupting elements affecting "submitCreateArchiveButton" Button
    t =    14.88s     Synthesize event
    t =    15.17s     Wait for com.xiaolongxu.zipharbor.app to idle
    t =    15.56s Waiting 20.0s for "resultDoneButton" Button to exist
    t =    16.59s     Checking `Expect predicate `existsNoRetry == 1` for object "resultDoneButton" Button`
    t =    16.59s         Checking existence of `"resultDoneButton" Button`
    t =    16.62s Find the Target Application 'com.xiaolongxu.zipharbor.app'
    t =    16.68s Added attachment named 'photos-video-archive-result'
    t =    16.69s Tear Down
Test Case '-[ZipHarborUITests.ZipHarborUITests testPhotosAndVideoImportThenCreateArchive]' passed (16.930 seconds).
Test Case '-[ZipHarborUITests.ZipHarborUITests testRepeatedExtractionConflictCancelRetryAndKeepBoth]' started.
    t =     0.00s Start Test at 2026-10-01 16:01:34.008
    t =     0.02s Set Up
    t =     0.02s Open com.xiaolongxu.zipharbor.app
    t =     0.02s     Launch com.xiaolongxu.zipharbor.app
    t =     0.02s         Terminate com.xiaolongxu.zipharbor.app:83136
2026-10-01 16:01:35.070 xcodebuild[82558:3275422] [MT] IDELaunchParametersSnapshot: debugger version lookup failed for path '<nil>': noURL
2026-10-01 16:01:35.070 xcodebuild[82558:3275422] [MT] IDELaunchParametersSnapshot: no debugger version
    t =     1.27s         Setting up automation session
    t =     1.85s         Wait for com.xiaolongxu.zipharbor.app to idle
    t =     3.12s Waiting 25.0s for "file-课程资料_2026.zip" Button to exist
    t =     4.14s     Checking `Expect predicate `existsNoRetry == 1` for object "file-课程资料_2026.zip" Button`
    t =     4.14s         Checking existence of `"file-课程资料_2026.zip" Button`
    t =     4.19s Tap "file-课程资料_2026.zip" Button
    t =     4.19s     Wait for com.xiaolongxu.zipharbor.app to idle
    t =     4.19s     Find the "file-课程资料_2026.zip" Button
    t =     4.21s     Check for interrupting elements affecting "file-课程资料_2026.zip" Button
    t =     4.23s     Synthesize event
    t =     4.52s     Wait for com.xiaolongxu.zipharbor.app to idle
    t =     4.92s Waiting 10.0s for "extractToButton" Button to exist
    t =     5.93s     Checking `Expect predicate `existsNoRetry == 1` for object "extractToButton" Button`
    t =     5.93s         Checking existence of `"extractToButton" Button`
    t =     5.96s Tap "extractToButton" Button
    t =     5.96s     Wait for com.xiaolongxu.zipharbor.app to idle
    t =     5.96s     Find the "extractToButton" Button
    t =     5.98s     Check for interrupting elements affecting "extractToButton" Button
    t =     5.99s     Synthesize event
    t =     6.28s     Wait for com.xiaolongxu.zipharbor.app to idle
    t =     6.67s Waiting 5.0s for "startExtractionButton" Button to exist
    t =     7.70s     Checking `Expect predicate `existsNoRetry == 1` for object "startExtractionButton" Button`
    t =     7.70s         Checking existence of `"startExtractionButton" Button`
    t =     7.73s Find the Target Application 'com.xiaolongxu.zipharbor.app'
    t =     7.80s Added attachment named 'extraction-destination'
    t =     7.80s Tap "startExtractionButton" Button
    t =     7.80s     Wait for com.xiaolongxu.zipharbor.app to idle
    t =     7.80s     Find the "startExtractionButton" Button
    t =     7.83s     Check for interrupting elements affecting "startExtractionButton" Button
    t =     7.85s     Synthesize event
    t =     8.14s     Wait for com.xiaolongxu.zipharbor.app to idle
    t =     9.09s Waiting 20.0s for "resultDoneButton" Button to exist
    t =    10.13s     Checking `Expect predicate `existsNoRetry == 1` for object "resultDoneButton" Button`
    t =    10.13s         Checking existence of `"resultDoneButton" Button`
    t =    10.15s Tap "resultDoneButton" Button
    t =    10.15s     Wait for com.xiaolongxu.zipharbor.app to idle
    t =    10.16s     Find the "resultDoneButton" Button
    t =    10.17s     Check for interrupting elements affecting "resultDoneButton" Button
    t =    10.19s     Synthesize event
    t =    10.48s     Wait for com.xiaolongxu.zipharbor.app to idle
    t =    10.83s Tap "taskFilter-Completed" Button
    t =    10.83s     Wait for com.xiaolongxu.zipharbor.app to idle
    t =    10.83s     Find the "taskFilter-Completed" Button
    t =    10.85s     Check for interrupting elements affecting "taskFilter-Completed" Button
    t =    10.86s     Synthesize event
    t =    11.15s     Wait for com.xiaolongxu.zipharbor.app to idle
    t =    11.16s Waiting 5.0s for "result-课程资料_2026" Button to exist
    t =    12.17s     Checking `Expect predicate `existsNoRetry == 1` for object "result-课程资料_2026" Button`
    t =    12.17s         Checking existence of `"result-课程资料_2026" Button`
    t =    12.19s Find the Target Application 'com.xiaolongxu.zipharbor.app'
    t =    12.24s Added attachment named 'tasks-completed'
    t =    12.25s Tap "tab-Files" Button
    t =    12.25s     Wait for com.xiaolongxu.zipharbor.app to idle
    t =    12.25s     Find the "tab-Files" Button
    t =    12.26s     Check for interrupting elements affecting "tab-Files" Button
    t =    12.27s     Synthesize event
    t =    12.56s     Wait for com.xiaolongxu.zipharbor.app to idle
    t =    12.57s Tap "file-课程资料_2026.zip" Button
    t =    12.57s     Wait for com.xiaolongxu.zipharbor.app to idle
    t =    12.57s     Find the "file-课程资料_2026.zip" Button
    t =    12.59s     Check for interrupting elements affecting "file-课程资料_2026.zip" Button
    t =    12.61s     Synthesize event
    t =    12.90s     Wait for com.xiaolongxu.zipharbor.app to idle
    t =    13.22s Waiting 10.0s for "extractToButton" Button to exist
    t =    14.24s     Checking `Expect predicate `existsNoRetry == 1` for object "extractToButton" Button`
    t =    14.24s         Checking existence of `"extractToButton" Button`
    t =    14.27s Tap "extractToButton" Button
    t =    14.27s     Wait for com.xiaolongxu.zipharbor.app to idle
    t =    14.27s     Find the "extractToButton" Button
    t =    14.29s     Check for interrupting elements affecting "extractToButton" Button
    t =    14.30s     Synthesize event
    t =    14.59s     Wait for com.xiaolongxu.zipharbor.app to idle
    t =    14.95s Waiting 5.0s for "startExtractionButton" Button to exist
    t =    15.99s     Checking `Expect predicate `existsNoRetry == 1` for object "startExtractionButton" Button`
    t =    15.99s         Checking existence of `"startExtractionButton" Button`
    t =    16.02s Find the Target Application 'com.xiaolongxu.zipharbor.app'
    t =    16.09s Added attachment named 'extraction-destination'
    t =    16.09s Tap "startExtractionButton" Button
    t =    16.09s     Wait for com.xiaolongxu.zipharbor.app to idle
    t =    16.10s     Find the "startExtractionButton" Button
    t =    16.12s     Check for interrupting elements affecting "startExtractionButton" Button
    t =    16.14s     Synthesize event
    t =    16.43s     Wait for com.xiaolongxu.zipharbor.app to idle
    t =    17.37s Waiting 15.0s for "Keep both" Button to exist
    t =    18.39s     Checking `Expect predicate `existsNoRetry == 1` for object "Keep both" Button`
    t =    18.39s         Checking existence of `"Keep both" Button`
    t =    18.41s Find the Target Application 'com.xiaolongxu.zipharbor.app'
    t =    18.48s Added attachment named 'conflict-choice'
    t =    18.48s Tap "sheetDoneButton" Button
    t =    18.48s     Wait for com.xiaolongxu.zipharbor.app to idle
    t =    18.48s     Find the "sheetDoneButton" Button
    t =    18.50s     Check for interrupting elements affecting "sheetDoneButton" Button
    t =    18.51s     Synthesize event
    t =    18.80s     Wait for com.xiaolongxu.zipharbor.app to idle
    t =    19.16s Tap "taskFilter-Failed" Button
    t =    19.16s     Wait for com.xiaolongxu.zipharbor.app to idle
    t =    19.16s     Find the "taskFilter-Failed" Button
    t =    19.18s     Check for interrupting elements affecting "taskFilter-Failed" Button
    t =    19.19s     Synthesize event
    t =    19.48s     Wait for com.xiaolongxu.zipharbor.app to idle
    t =    19.49s Waiting 10.0s for "retry-课程资料_2026" Button to exist
    t =    20.52s     Checking `Expect predicate `existsNoRetry == 1` for object "retry-课程资料_2026" Button`
    t =    20.52s         Checking existence of `"retry-课程资料_2026" Button`
    t =    20.54s Find the Target Application 'com.xiaolongxu.zipharbor.app'
    t =    20.60s Added attachment named 'tasks-cancelled'
    t =    20.60s Tap "retry-课程资料_2026" Button
    t =    20.60s     Wait for com.xiaolongxu.zipharbor.app to idle
    t =    20.60s     Find the "retry-课程资料_2026" Button
    t =    20.62s     Check for interrupting elements affecting "retry-课程资料_2026" Button
    t =    20.63s     Synthesize event
    t =    20.92s     Wait for com.xiaolongxu.zipharbor.app to idle
    t =    21.27s Waiting 15.0s for "Keep both" Button to exist
    t =    22.28s     Checking `Expect predicate `existsNoRetry == 1` for object "Keep both" Button`
    t =    22.28s         Checking existence of `"Keep both" Button`
    t =    22.30s Tap "Apply to all conflicts in this task" Switch[0.93, 0.50]
    t =    22.30s     Wait for com.xiaolongxu.zipharbor.app to idle
    t =    22.30s     Find the "Apply to all conflicts in this task" Switch
    t =    22.32s     Check for interrupting elements affecting "Apply to all conflicts in this task" Switch
    t =    22.33s     Synthesize event
    t =    22.33s         Find the "Apply to all conflicts in this task" Switch
    t =    22.35s         Find the "Apply to all conflicts in this task" Switch
    t =    22.37s         Find the "Apply to all conflicts in this task" Switch
    t =    22.66s     Wait for com.xiaolongxu.zipharbor.app to idle
    t =    23.89s Find the "Apply to all conflicts in this task" Switch
    t =    23.90s Find the Target Application 'com.xiaolongxu.zipharbor.app'
    t =    23.97s Added attachment named 'conflict-apply-to-all'
    t =    23.97s Tap "Keep both" Button
    t =    23.97s     Wait for com.xiaolongxu.zipharbor.app to idle
    t =    23.97s     Find the "Keep both" Button
    t =    23.99s     Check for interrupting elements affecting "Keep both" Button
    t =    24.00s     Synthesize event
    t =    24.29s     Wait for com.xiaolongxu.zipharbor.app to idle
    t =    24.66s Waiting 20.0s for "resultDoneButton" Button to exist
    t =    25.70s     Checking `Expect predicate `existsNoRetry == 1` for object "resultDoneButton" Button`
    t =    25.70s         Checking existence of `"resultDoneButton" Button`
    t =    25.72s Tap "openOutputButton" Button
    t =    25.72s     Wait for com.xiaolongxu.zipharbor.app to idle
    t =    25.72s     Find the "openOutputButton" Button
    t =    25.74s     Check for interrupting elements affecting "openOutputButton" Button
    t =    25.75s     Synthesize event
    t =    26.04s     Wait for com.xiaolongxu.zipharbor.app to idle
    t =    26.44s Waiting 5.0s for "课堂笔记.txt" StaticText to exist
    t =    27.47s     Checking `Expect predicate `existsNoRetry == 1` for object "课堂笔记.txt" StaticText`
    t =    27.47s         Checking existence of `"课堂笔记.txt" StaticText`
    t =    27.50s Checking existence of `"课堂笔记 (2).txt" StaticText`
    t =    27.52s Find the Target Application 'com.xiaolongxu.zipharbor.app'
    t =    27.58s Added attachment named 'conflict-kept-both-output'
    t =    27.58s Tap "folderDoneButton" Button
    t =    27.58s     Wait for com.xiaolongxu.zipharbor.app to idle
    t =    27.58s     Find the "folderDoneButton" Button
    t =    27.60s     Check for interrupting elements affecting "folderDoneButton" Button
    t =    27.61s     Synthesize event
    t =    27.90s     Wait for com.xiaolongxu.zipharbor.app to idle
    t =    28.25s Tap "resultDoneButton" Button
    t =    28.25s     Wait for com.xiaolongxu.zipharbor.app to idle
    t =    28.25s     Find the "resultDoneButton" Button
    t =    28.27s     Check for interrupting elements affecting "resultDoneButton" Button
    t =    28.28s     Synthesize event
    t =    28.57s     Wait for com.xiaolongxu.zipharbor.app to idle
    t =    28.93s Tear Down
Test Case '-[ZipHarborUITests.ZipHarborUITests testRepeatedExtractionConflictCancelRetryAndKeepBoth]' passed (29.186 seconds).
Test Case '-[ZipHarborUITests.ZipHarborUITests testSelectedFolderExtractionAndPreview]' started.
    t =     0.00s Start Test at 2026-10-01 16:02:03.195
    t =     0.02s Set Up
    t =     0.02s Open com.xiaolongxu.zipharbor.app
    t =     0.02s     Launch com.xiaolongxu.zipharbor.app
    t =     0.02s         Terminate com.xiaolongxu.zipharbor.app:83191
2026-10-01 16:02:04.256 xcodebuild[82558:3275422] [MT] IDELaunchParametersSnapshot: debugger version lookup failed for path '<nil>': noURL
2026-10-01 16:02:04.256 xcodebuild[82558:3275422] [MT] IDELaunchParametersSnapshot: no debugger version
    t =     1.27s         Setting up automation session
    t =     1.85s         Wait for com.xiaolongxu.zipharbor.app to idle
    t =     3.21s Waiting 25.0s for "file-课程资料_2026.zip" Button to exist
    t =     4.25s     Checking `Expect predicate `existsNoRetry == 1` for object "file-课程资料_2026.zip" Button`
    t =     4.25s         Checking existence of `"file-课程资料_2026.zip" Button`
    t =     4.30s Tap "file-课程资料_2026.zip" Button
    t =     4.31s     Wait for com.xiaolongxu.zipharbor.app to idle
    t =     4.31s     Find the "file-课程资料_2026.zip" Button
    t =     4.33s     Check for interrupting elements affecting "file-课程资料_2026.zip" Button
    t =     4.34s     Synthesize event
    t =     4.63s     Wait for com.xiaolongxu.zipharbor.app to idle
    t =     5.04s Waiting 10.0s for "entry-课程资料" Button to exist
    t =     6.06s     Checking `Expect predicate `existsNoRetry == 1` for object "entry-课程资料" Button`
    t =     6.06s         Checking existence of `"entry-课程资料" Button`
    t =     6.09s Find the Target Application 'com.xiaolongxu.zipharbor.app'
    t =     6.15s Added attachment named 'archive-detail'
    t =     6.16s Tap "entry-课程资料" Button
    t =     6.16s     Wait for com.xiaolongxu.zipharbor.app to idle
    t =     6.16s     Find the "entry-课程资料" Button
    t =     6.17s     Check for interrupting elements affecting "entry-课程资料" Button
    t =     6.19s     Synthesize event
    t =     6.48s     Wait for com.xiaolongxu.zipharbor.app to idle
    t =     6.48s Checking existence of `"entry-README.txt" Button`
    t =     6.50s Tap "entry-README.txt" Button
    t =     6.50s     Wait for com.xiaolongxu.zipharbor.app to idle
    t =     6.50s     Find the "entry-README.txt" Button
    t =     6.51s     Check for interrupting elements affecting "entry-README.txt" Button
    t =     6.53s     Synthesize event
    t =     6.82s     Wait for com.xiaolongxu.zipharbor.app to idle
    t =     7.26s Waiting 10.0s for "Read-only preview." StaticText to exist
    t =     8.29s     Checking `Expect predicate `existsNoRetry == 1` for object "Read-only preview." StaticText`
    t =     8.29s         Checking existence of `"Read-only preview." StaticText`
    t =     8.44s         Capturing element debug description
    t =     9.27s     Checking `Expect predicate `existsNoRetry == 1` for object "Read-only preview." StaticText`
    t =     9.27s         Checking existence of `"Read-only preview." StaticText`
    t =     9.30s         Capturing element debug description
    t =    10.34s     Checking `Expect predicate `existsNoRetry == 1` for object "Read-only preview." StaticText`
    t =    10.34s         Checking existence of `"Read-only preview." StaticText`
    t =    10.36s         Capturing element debug description
    t =    11.29s     Checking `Expect predicate `existsNoRetry == 1` for object "Read-only preview." StaticText`
    t =    11.29s         Checking existence of `"Read-only preview." StaticText`
    t =    11.33s         Capturing element debug description
    t =    12.34s     Checking `Expect predicate `existsNoRetry == 1` for object "Read-only preview." StaticText`
    t =    12.34s         Checking existence of `"Read-only preview." StaticText`
    t =    12.37s         Capturing element debug description
    t =    13.29s     Checking `Expect predicate `existsNoRetry == 1` for object "Read-only preview." StaticText`
    t =    13.29s         Checking existence of `"Read-only preview." StaticText`
    t =    13.32s         Capturing element debug description
    t =    14.33s     Checking `Expect predicate `existsNoRetry == 1` for object "Read-only preview." StaticText`
    t =    14.33s         Checking existence of `"Read-only preview." StaticText`
    t =    14.36s         Capturing element debug description
    t =    15.29s     Checking `Expect predicate `existsNoRetry == 1` for object "Read-only preview." StaticText`
    t =    15.29s         Checking existence of `"Read-only preview." StaticText`
    t =    15.32s         Capturing element debug description
    t =    16.35s     Checking `Expect predicate `existsNoRetry == 1` for object "Read-only preview." StaticText`
    t =    16.35s         Checking existence of `"Read-only preview." StaticText`
    t =    16.39s         Capturing element debug description
    t =    17.27s     Checking `Expect predicate `existsNoRetry == 1` for object "Read-only preview." StaticText`
    t =    17.27s         Checking existence of `"Read-only preview." StaticText`
    t =    17.30s         Capturing element debug description
    t =    17.30s     Checking existence of `"Read-only preview." StaticText`
    t =    17.33s Collecting debug information to assist test failure triage
    t =    17.33s     Requesting snapshot of accessibility hierarchy for app with pid 83284
    t =    17.37s Waiting 5.0s for NavigationBar (First Match) to exist
    t =    18.40s     Checking `Expect predicate `existsNoRetry == 1` for object NavigationBar (First Match)`
    t =    18.40s         Checking existence of `NavigationBar (First Match)`
    t =    18.41s Find the Target Application 'com.xiaolongxu.zipharbor.app'
    t =    18.49s Added attachment named 'quick-look'
    t =    18.49s Tear Down
Test Case '-[ZipHarborUITests.ZipHarborUITests testSelectedFolderExtractionAndPreview]' passed (18.700 seconds).
Test Case '-[ZipHarborUITests.ZipHarborUITests testSystemFilesImportsRealArchive]' started.
    t =     0.00s Start Test at 2026-10-01 16:02:21.895
    t =     0.02s Set Up
    t =     0.02s Open com.xiaolongxu.zipharbor.app
    t =     0.02s     Launch com.xiaolongxu.zipharbor.app
    t =     0.02s         Terminate com.xiaolongxu.zipharbor.app:83284
2026-10-01 16:02:22.955 xcodebuild[82558:3275422] [MT] IDELaunchParametersSnapshot: debugger version lookup failed for path '<nil>': noURL
2026-10-01 16:02:22.955 xcodebuild[82558:3275422] [MT] IDELaunchParametersSnapshot: no debugger version
    t =     1.27s         Setting up automation session
    t =     1.80s         Wait for com.xiaolongxu.zipharbor.app to idle
    t =     3.04s Waiting 25.0s for "file-课程资料_2026.zip" Button to exist
    t =     4.07s     Checking `Expect predicate `existsNoRetry == 1` for object "file-课程资料_2026.zip" Button`
    t =     4.07s         Checking existence of `"file-课程资料_2026.zip" Button`
    t =     4.11s Tap "openArchiveButton" Button
    t =     4.11s     Wait for com.xiaolongxu.zipharbor.app to idle
    t =     4.12s     Find the "openArchiveButton" Button
    t =     4.13s     Check for interrupting elements affecting "openArchiveButton" Button
    t =     4.15s     Synthesize event
    t =     4.44s     Wait for com.xiaolongxu.zipharbor.app to idle
    t =     4.44s Waiting 30.0s for "Browse" Button to exist
    t =     5.46s     Checking `Expect predicate `existsNoRetry == 1` for object "Browse" Button`
    t =     5.46s         Checking existence of `"Browse" Button`
    t =     5.64s Tap "Browse" Button
    t =     5.64s     Wait for com.xiaolongxu.zipharbor.app to idle
    t =     5.81s     Find the "Browse" Button
    t =     5.96s     Check for interrupting elements affecting "Browse" Button
    t =     6.00s     Synthesize event
    t =     6.29s     Wait for com.xiaolongxu.zipharbor.app to idle
    t =     6.29s Waiting 3.0s for "Provider QA.zip" StaticText to exist
    t =     7.32s     Checking `Expect predicate `existsNoRetry == 1` for object "Provider QA.zip" StaticText`
    t =     7.32s         Checking existence of `"Provider QA.zip" StaticText`
    t =     7.38s         Capturing element debug description
    t =     8.30s     Checking `Expect predicate `existsNoRetry == 1` for object "Provider QA.zip" StaticText`
    t =     8.30s         Checking existence of `"Provider QA.zip" StaticText`
    t =     8.34s         Capturing element debug description
    t =     9.30s     Checking `Expect predicate `existsNoRetry == 1` for object "Provider QA.zip" StaticText`
    t =     9.30s         Checking existence of `"Provider QA.zip" StaticText`
    t =     9.35s         Capturing element debug description
    t =     9.35s     Checking existence of `"Provider QA.zip" StaticText`
    t =     9.39s Collecting debug information to assist test failure triage
    t =     9.39s     Requesting snapshot of accessibility hierarchy for app with pid 83351
    t =     9.46s Checking existence of `"Downloads" StaticText`
    t =     9.50s Waiting 10.0s for "Downloads" StaticText to exist
    t =    10.51s     Checking `Expect predicate `existsNoRetry == 1` for object "Downloads" StaticText`
    t =    10.51s         Checking existence of `"Downloads" StaticText`
    t =    10.55s Tap "Downloads" StaticText
    t =    10.55s     Wait for com.xiaolongxu.zipharbor.app to idle
    t =    10.55s     Find the "Downloads" StaticText
    t =    10.59s     Check for interrupting elements affecting "Downloads" StaticText
    t =    10.63s     Synthesize event
    t =    10.92s     Wait for com.xiaolongxu.zipharbor.app to idle
    t =    10.93s Waiting 10.0s for "Provider QA.zip" StaticText to exist
    t =    11.95s     Checking `Expect predicate `existsNoRetry == 1` for object "Provider QA.zip" StaticText`
    t =    11.95s         Checking existence of `"Provider QA.zip" StaticText`
    t =    12.00s Tap "Provider QA.zip" StaticText
    t =    12.00s     Wait for com.xiaolongxu.zipharbor.app to idle
    t =    12.00s     Find the "Provider QA.zip" StaticText
    t =    12.04s     Check for interrupting elements affecting "Provider QA.zip" StaticText
    t =    12.08s     Synthesize event
    t =    12.37s     Wait for com.xiaolongxu.zipharbor.app to idle
    t =    12.37s Tap "Open" Button
    t =    12.37s     Wait for com.xiaolongxu.zipharbor.app to idle
    t =    12.37s     Find the "Open" Button
    t =    12.42s     Check for interrupting elements affecting "Open" Button
    t =    12.46s     Synthesize event
    t =    12.76s     Wait for com.xiaolongxu.zipharbor.app to idle
    t =    13.20s Waiting 20.0s for "entry-课程资料" Button to exist
    t =    14.23s     Checking `Expect predicate `existsNoRetry == 1` for object "entry-课程资料" Button`
    t =    14.23s         Checking existence of `"entry-课程资料" Button`
    t =    14.26s Find the Target Application 'com.xiaolongxu.zipharbor.app'
    t =    14.32s Added attachment named 'system-files-imported-archive'
    t =    14.32s Tear Down
Test Case '-[ZipHarborUITests.ZipHarborUITests testSystemFilesImportsRealArchive]' passed (14.566 seconds).
Test Case '-[ZipHarborUITests.ZipHarborUITests testSystemPickerAndSharePresentation]' started.
    t =     0.00s Start Test at 2026-10-01 16:02:36.462
    t =     0.02s Set Up
    t =     0.02s Open com.xiaolongxu.zipharbor.app
    t =     0.02s     Launch com.xiaolongxu.zipharbor.app
    t =     0.02s         Terminate com.xiaolongxu.zipharbor.app:83351
2026-10-01 16:02:37.537 xcodebuild[82558:3275422] [MT] IDELaunchParametersSnapshot: debugger version lookup failed for path '<nil>': noURL
2026-10-01 16:02:37.537 xcodebuild[82558:3275422] [MT] IDELaunchParametersSnapshot: no debugger version
    t =     1.28s         Setting up automation session
    t =     1.83s         Wait for com.xiaolongxu.zipharbor.app to idle
    t =     3.07s Waiting 25.0s for "file-课程资料_2026.zip" Button to exist
    t =     4.08s     Checking `Expect predicate `existsNoRetry == 1` for object "file-课程资料_2026.zip" Button`
    t =     4.08s         Checking existence of `"file-课程资料_2026.zip" Button`
    t =     4.13s Tap "openArchiveButton" Button
    t =     4.13s     Wait for com.xiaolongxu.zipharbor.app to idle
    t =     4.13s     Find the "openArchiveButton" Button
    t =     4.15s     Check for interrupting elements affecting "openArchiveButton" Button
    t =     4.16s     Synthesize event
    t =     4.45s     Wait for com.xiaolongxu.zipharbor.app to idle
    t =     4.45s Waiting 30.0s for "Browse" Button to exist
    t =     5.49s     Checking `Expect predicate `existsNoRetry == 1` for object "Browse" Button`
    t =     5.49s         Checking existence of `"Browse" Button`
    t =     6.00s Find the Target Application 'com.xiaolongxu.zipharbor.app'
    t =     6.10s Added attachment named 'system-files-picker'
    t =     6.10s Checking existence of `Button (First Match)`
    t =     6.16s Press Target Application 'com.xiaolongxu.zipharbor.app'[0.50, 0.08] for 0.1 seconds, then drag to Target Application 'com.xiaolongxu.zipharbor.app'[0.50, 0.85] with velocity of 500.00 pixels per second, and then hold for 0.0 seconds 
    t =     6.16s     Wait for com.xiaolongxu.zipharbor.app to idle
    t =     6.16s     Find the Target Application 'com.xiaolongxu.zipharbor.app'
    t =     6.20s     Check for interrupting elements affecting "ZipHarbor" Application
    t =     6.24s     Synthesize event
    t =     6.24s         Find the Target Application 'com.xiaolongxu.zipharbor.app'
    t =     6.28s         Find the Target Application 'com.xiaolongxu.zipharbor.app'
    t =     6.34s         Find the Target Application 'com.xiaolongxu.zipharbor.app'
    t =     6.37s         Find the Target Application 'com.xiaolongxu.zipharbor.app'
    t =     6.40s         Find the Target Application 'com.xiaolongxu.zipharbor.app'
    t =     8.06s     Wait for com.xiaolongxu.zipharbor.app to idle
    t =     8.40s Waiting 5.0s for "file-课程资料_2026.zip" Button to exist
    t =     9.42s     Checking `Expect predicate `existsNoRetry == 1` for object "file-课程资料_2026.zip" Button`
    t =     9.42s         Checking existence of `"file-课程资料_2026.zip" Button`
    t =     9.44s Tap "file-课程资料_2026.zip" Button
    t =     9.44s     Wait for com.xiaolongxu.zipharbor.app to idle
    t =     9.44s     Find the "file-课程资料_2026.zip" Button
    t =     9.46s     Check for interrupting elements affecting "file-课程资料_2026.zip" Button
    t =     9.48s     Synthesize event
    t =     9.77s     Wait for com.xiaolongxu.zipharbor.app to idle
    t =    10.17s Waiting 10.0s for "extractToButton" Button to exist
    t =    11.19s     Checking `Expect predicate `existsNoRetry == 1` for object "extractToButton" Button`
    t =    11.19s         Checking existence of `"extractToButton" Button`
    t =    11.21s Tap "Share archive" Button
    t =    11.21s     Wait for com.xiaolongxu.zipharbor.app to idle
    t =    11.22s     Find the "Share archive" Button
    t =    11.23s     Check for interrupting elements affecting "Share archive" Button
    t =    11.25s     Synthesize event
    t =    11.54s     Wait for com.xiaolongxu.zipharbor.app to idle
    t =    11.70s Waiting 15.0s for Button (First Match) to exist
    t =    12.73s     Checking `Expect predicate `existsNoRetry == 1` for object Button (First Match)`
    t =    12.73s         Checking existence of `Button (First Match)`
    t =    12.90s Find the Target Application 'com.xiaolongxu.zipharbor.app'
    t =    12.99s Added attachment named 'system-share'
    t =    12.99s Tear Down
Test Case '-[ZipHarborUITests.ZipHarborUITests testSystemPickerAndSharePresentation]' passed (13.221 seconds).
Test Case '-[ZipHarborUITests.ZipHarborUITests testWrongPasswordCanRetryWithoutRestartingExtraction]' started.
    t =     0.00s Start Test at 2026-10-01 16:02:49.683
    t =     0.02s Set Up
    t =     0.02s Open com.xiaolongxu.zipharbor.app
    t =     0.02s     Launch com.xiaolongxu.zipharbor.app
    t =     0.02s         Terminate com.xiaolongxu.zipharbor.app:83414
2026-10-01 16:02:50.747 xcodebuild[82558:3275422] [MT] IDELaunchParametersSnapshot: debugger version lookup failed for path '<nil>': noURL
2026-10-01 16:02:50.747 xcodebuild[82558:3275422] [MT] IDELaunchParametersSnapshot: no debugger version
    t =     1.27s         Setting up automation session
    t =     1.83s         Wait for com.xiaolongxu.zipharbor.app to idle
    t =     3.08s Waiting 25.0s for "file-课程资料_2026.zip" Button to exist
    t =     4.10s     Checking `Expect predicate `existsNoRetry == 1` for object "file-课程资料_2026.zip" Button`
    t =     4.11s         Checking existence of `"file-课程资料_2026.zip" Button`
    t =     4.16s Tap "file-0903.zip" Button
    t =     4.16s     Wait for com.xiaolongxu.zipharbor.app to idle
    t =     4.16s     Find the "file-0903.zip" Button
    t =     4.18s     Check for interrupting elements affecting "file-0903.zip" Button
    t =     4.19s     Synthesize event
    t =     4.48s     Wait for com.xiaolongxu.zipharbor.app to idle
    t =     4.87s Waiting 10.0s for "extractToButton" Button to exist
    t =     5.89s     Checking `Expect predicate `existsNoRetry == 1` for object "extractToButton" Button`
    t =     5.89s         Checking existence of `"extractToButton" Button`
    t =     5.92s Tap "extractToButton" Button
    t =     5.92s     Wait for com.xiaolongxu.zipharbor.app to idle
    t =     5.92s     Find the "extractToButton" Button
    t =     5.93s     Check for interrupting elements affecting "extractToButton" Button
    t =     5.94s     Synthesize event
    t =     6.23s     Wait for com.xiaolongxu.zipharbor.app to idle
    t =     6.66s Waiting 5.0s for "startExtractionButton" Button to exist
    t =     7.69s     Checking `Expect predicate `existsNoRetry == 1` for object "startExtractionButton" Button`
    t =     7.69s         Checking existence of `"startExtractionButton" Button`
    t =     7.73s Find the Target Application 'com.xiaolongxu.zipharbor.app'
    t =     7.80s Added attachment named 'extraction-destination'
    t =     7.80s Tap "startExtractionButton" Button
    t =     7.80s     Wait for com.xiaolongxu.zipharbor.app to idle
    t =     7.80s     Find the "startExtractionButton" Button
    t =     7.82s     Check for interrupting elements affecting "startExtractionButton" Button
    t =     7.84s     Synthesize event
    t =     8.13s     Wait for com.xiaolongxu.zipharbor.app to idle
    t =     9.12s Waiting 15.0s for "taskPasswordField" SecureTextField to exist
    t =    10.16s     Checking `Expect predicate `existsNoRetry == 1` for object "taskPasswordField" SecureTextField`
    t =    10.16s         Checking existence of `"taskPasswordField" SecureTextField`
    t =    10.17s Tap "taskPasswordField" SecureTextField
    t =    10.17s     Wait for com.xiaolongxu.zipharbor.app to idle
    t =    10.18s     Find the "taskPasswordField" SecureTextField
    t =    10.19s     Check for interrupting elements affecting "taskPasswordField" SecureTextField
    t =    10.21s     Synthesize event
    t =    10.49s     Wait for com.xiaolongxu.zipharbor.app to idle
    t =    11.14s Type '<redacted>' into "taskPasswordField" SecureTextField
    t =    11.14s     Wait for com.xiaolongxu.zipharbor.app to idle
    t =    11.14s     Find the "taskPasswordField" SecureTextField
    t =    11.17s     Check for interrupting elements affecting "taskPasswordField" SecureTextField
    t =    11.19s     Synthesize event
    t =    11.48s     Wait for com.xiaolongxu.zipharbor.app to idle
    t =    11.48s Tap "unlockAndContinueButton" Button
    t =    11.48s     Wait for com.xiaolongxu.zipharbor.app to idle
    t =    11.49s     Find the "unlockAndContinueButton" Button
    t =    11.51s     Check for interrupting elements affecting "unlockAndContinueButton" Button
    t =    11.53s     Synthesize event
    t =    11.82s     Wait for com.xiaolongxu.zipharbor.app to idle
    t =    12.21s Waiting 10.0s for "密码不正确，请重试。" StaticText to exist
    t =    13.23s     Checking `Expect predicate `existsNoRetry == 1` for object "密码不正确，请重试。" StaticText`
    t =    13.23s         Checking existence of `"密码不正确，请重试。" StaticText`
    t =    13.24s Find the Target Application 'com.xiaolongxu.zipharbor.app'
    t =    13.31s Added attachment named 'wrong-password'
    t =    13.31s Tap "taskPasswordField" SecureTextField
    t =    13.31s     Wait for com.xiaolongxu.zipharbor.app to idle
    t =    13.31s     Find the "taskPasswordField" SecureTextField
    t =    13.32s     Check for interrupting elements affecting "taskPasswordField" SecureTextField
    t =    13.34s     Synthesize event
    t =    13.62s     Wait for com.xiaolongxu.zipharbor.app to idle
    t =    13.88s Type '...' into "taskPasswordField" SecureTextField
    t =    13.88s     Wait for com.xiaolongxu.zipharbor.app to idle
    t =    13.89s     Find the "taskPasswordField" SecureTextField
    t =    13.91s     Check for interrupting elements affecting "taskPasswordField" SecureTextField
    t =    13.93s     Synthesize event
    t =    14.47s     Wait for com.xiaolongxu.zipharbor.app to idle
    t =    14.47s Type '<redacted>' into "taskPasswordField" SecureTextField
    t =    14.47s     Wait for com.xiaolongxu.zipharbor.app to idle
    t =    14.48s     Find the "taskPasswordField" SecureTextField
    t =    14.50s     Check for interrupting elements affecting "taskPasswordField" SecureTextField
    t =    14.52s     Synthesize event
    t =    14.79s     Wait for com.xiaolongxu.zipharbor.app to idle
    t =    14.79s Tap "unlockAndContinueButton" Button
    t =    14.79s     Wait for com.xiaolongxu.zipharbor.app to idle
    t =    14.79s     Find the "unlockAndContinueButton" Button
    t =    14.82s     Check for interrupting elements affecting "unlockAndContinueButton" Button
    t =    14.84s     Synthesize event
    t =    15.12s     Wait for com.xiaolongxu.zipharbor.app to idle
    t =    15.49s Waiting 20.0s for "resultDoneButton" Button to exist
    t =    16.53s     Checking `Expect predicate `existsNoRetry == 1` for object "resultDoneButton" Button`
    t =    16.53s         Checking existence of `"resultDoneButton" Button`
    t =    16.56s Tap "resultDoneButton" Button
    t =    16.56s     Wait for com.xiaolongxu.zipharbor.app to idle
    t =    16.56s     Find the "resultDoneButton" Button
    t =    16.58s     Check for interrupting elements affecting "resultDoneButton" Button
    t =    16.59s     Synthesize event
    t =    16.88s     Wait for com.xiaolongxu.zipharbor.app to idle
    t =    17.23s Tear Down
Test Case '-[ZipHarborUITests.ZipHarborUITests testWrongPasswordCanRetryWithoutRestartingExtraction]' passed (17.483 seconds).
Test Suite 'ZipHarborUITests' passed at 2026-10-01 16:03:07.167.
	 Executed 14 tests, with 0 failures (0 unexpected) in 219.439 (219.447) seconds
Test Suite 'ZipHarborUITests.xctest' passed at 2026-10-01 16:03:07.168.
	 Executed 14 tests, with 0 failures (0 unexpected) in 219.439 (219.447) seconds
Test Suite 'All tests' passed at 2026-10-01 16:03:07.168.
	 Executed 14 tests, with 0 failures (0 unexpected) in 219.439 (219.448) seconds
2026-10-01 16:03:07.671 xcodebuild[82558:3275422] [MT] IDETestOperationsObserverDebug: 237.140 elapsed -- Testing started completed.
2026-10-01 16:03:07.671 xcodebuild[82558:3275422] [MT] IDETestOperationsObserverDebug: 0.000 sec, +0.000 sec -- start
2026-10-01 16:03:07.671 xcodebuild[82558:3275422] [MT] IDETestOperationsObserverDebug: 237.140 sec, +237.140 sec -- end

Test session results, code coverage, and logs:
	/Users/USER/github_space/zip-app/docs/simulator-acceptance-20261001/results/iPhone14-full.xcresult

** TEST SUCCEEDED **

Testing started
