Command line invocation:
    /Applications/Xcode.app/Contents/Developer/usr/bin/xcodebuild -project ZipHarbor/ZipHarbor.xcodeproj -scheme ZipHarbor -destination platform=iOS,id=IPHONE14_UDID -derivedDataPath /tmp/ZipHarbor-Device-AppIcon-20261001 -allowProvisioningUpdates -parallel-testing-enabled NO -resultBundlePath docs/iphone14-acceptance-20261001/results/engine.xcresult "-only-testing:ZipHarborTests" test

Resolve Package Graph

Fetching from https://github.com/Lakr233/libarchive.xcframework.git (cached)

Creating working copy of package ‘libarchive.xcframework’

Checking out 1.0.0 of package ‘libarchive.xcframework’


Resolved source packages:
  ArchiveKit: https://github.com/Lakr233/libarchive.xcframework.git @ 1.0.0

Writing result bundle at path:
	/Users/USER/github_space/zip-app/docs/iphone14-acceptance-20261001/results/engine.xcresult

ComputePackagePrebuildTargetDependencyGraph

Prepare packages

CreateBuildRequest

SendProjectDescription

CreateBuildOperation

ComputeTargetDependencyGraph
note: Building targets in dependency order
note: Target dependency graph (5 targets)
    Target 'ZipHarborUITests' in project 'ZipHarbor'
        ➜ Explicit dependency on target 'ZipHarbor' in project 'ZipHarbor'
    Target 'ZipHarborTests' in project 'ZipHarbor'
        ➜ Explicit dependency on target 'ZipHarbor' in project 'ZipHarbor'
    Target 'ZipHarbor' in project 'ZipHarbor'
        ➜ Explicit dependency on target 'ArchiveKit-product' in project 'ArchiveKit'
    Target 'ArchiveKit-product' in project 'ArchiveKit'
        ➜ Explicit dependency on target 'ArchiveKit' in project 'ArchiveKit'
    Target 'ArchiveKit' in project 'ArchiveKit' (no dependencies)

GatherProvisioningInputs

CreateBuildDescription

ExecuteExternalTool /Applications/Xcode.app/Contents/Developer/Toolchains/XcodeDefault.xctoolchain/usr/bin/swiftc --version

ExecuteExternalTool /Applications/Xcode.app/Contents/Developer/usr/bin/actool --print-asset-tag-combinations --output-format xml1 /Users/USER/github_space/zip-app/ZipHarbor/ZipHarbor/Assets.xcassets

ExecuteExternalTool /Applications/Xcode.app/Contents/Developer/Toolchains/XcodeDefault.xctoolchain/usr/bin/clang -v -E -dM -isysroot /Applications/Xcode.app/Contents/Developer/Platforms/iPhoneOS.platform/Developer/SDKs/iPhoneOS27.0.sdk -x c -c /dev/null

ExecuteExternalTool /Applications/Xcode.app/Contents/Developer/Toolchains/XcodeDefault.xctoolchain/usr/bin/ld -version_details

ExecuteExternalTool /Applications/Xcode.app/Contents/Developer/usr/bin/actool --version --output-format xml1

Build description signature: 2a9db7ad4b688eeda64a867aa6a62e63
Build description path: /tmp/ZipHarbor-Device-AppIcon-20261001/Build/Intermediates.noindex/XCBuildData/2a9db7ad4b688eeda64a867aa6a62e63.xcbuilddata
CreateBuildDirectory /tmp/ZipHarbor-Device-AppIcon-20261001/CompilationCache.noindex
    cd /Users/USER/github_space/zip-app/ZipHarbor/ZipHarbor.xcodeproj
    builtin-create-build-directory /tmp/ZipHarbor-Device-AppIcon-20261001/CompilationCache.noindex

CreateBuildDirectory /tmp/ZipHarbor-Device-AppIcon-20261001/SDKExplicitPrecompiledModules
    cd /Users/USER/github_space/zip-app/ZipHarbor/ZipHarbor.xcodeproj
    builtin-create-build-directory /tmp/ZipHarbor-Device-AppIcon-20261001/SDKExplicitPrecompiledModules

CreateBuildDirectory /tmp/ZipHarbor-Device-AppIcon-20261001/ModuleCache.noindex
    cd /Users/USER/github_space/zip-app/ZipHarbor/ZipHarbor.xcodeproj
    builtin-create-build-directory /tmp/ZipHarbor-Device-AppIcon-20261001/ModuleCache.noindex

CreateBuildDirectory /tmp/ZipHarbor-Device-AppIcon-20261001/Build/Intermediates.noindex
    cd /Users/USER/github_space/zip-app/ZipHarbor/ZipHarbor.xcodeproj
    builtin-create-build-directory /tmp/ZipHarbor-Device-AppIcon-20261001/Build/Intermediates.noindex

CreateBuildDirectory /tmp/ZipHarbor-Device-AppIcon-20261001/Build/Products
    cd /Users/USER/github_space/zip-app/ZipHarbor/ZipHarbor.xcodeproj
    builtin-create-build-directory /tmp/ZipHarbor-Device-AppIcon-20261001/Build/Products

ClangStatCache /Applications/Xcode.app/Contents/Developer/Toolchains/XcodeDefault.xctoolchain/usr/bin/clang-stat-cache /Applications/Xcode.app/Contents/Developer/Platforms/iPhoneOS.platform/Developer/SDKs/iPhoneOS27.0.sdk /tmp/ZipHarbor-Device-AppIcon-20261001/SDKStatCaches.noindex/iphoneos27.0-24A430-6c78b3cbc238196c85e1bf6c792c5915.sdkstatcache
    cd /Users/USER/github_space/zip-app/ZipHarbor/ZipHarbor.xcodeproj
    /Applications/Xcode.app/Contents/Developer/Toolchains/XcodeDefault.xctoolchain/usr/bin/clang-stat-cache /Applications/Xcode.app/Contents/Developer/Platforms/iPhoneOS.platform/Developer/SDKs/iPhoneOS27.0.sdk -o /tmp/ZipHarbor-Device-AppIcon-20261001/SDKStatCaches.noindex/iphoneos27.0-24A430-6c78b3cbc238196c85e1bf6c792c5915.sdkstatcache

CreateBuildDirectory /tmp/ZipHarbor-Device-AppIcon-20261001/Build/Products/Debug-iphoneos
    cd /Users/USER/github_space/zip-app/ZipHarbor/ZipHarbor.xcodeproj
    builtin-create-build-directory /tmp/ZipHarbor-Device-AppIcon-20261001/Build/Products/Debug-iphoneos

CreateBuildDirectory /tmp/ZipHarbor-Device-AppIcon-20261001/Build/Intermediates.noindex/SwiftExplicitPrecompiledModules
    cd /Users/USER/github_space/zip-app/ZipHarbor/ZipHarbor.xcodeproj
    builtin-create-build-directory /tmp/ZipHarbor-Device-AppIcon-20261001/Build/Intermediates.noindex/SwiftExplicitPrecompiledModules

CreateBuildDirectory /tmp/ZipHarbor-Device-AppIcon-20261001/Build/Intermediates.noindex/ExplicitPrecompiledModules
    cd /Users/USER/github_space/zip-app/ZipHarbor/ZipHarbor.xcodeproj
    builtin-create-build-directory /tmp/ZipHarbor-Device-AppIcon-20261001/Build/Intermediates.noindex/ExplicitPrecompiledModules

CreateBuildDirectory /tmp/ZipHarbor-Device-AppIcon-20261001/Build/Intermediates.noindex/PrecompiledHeaders
    cd /Users/USER/github_space/zip-app/ZipHarbor/ZipHarbor.xcodeproj
    builtin-create-build-directory /tmp/ZipHarbor-Device-AppIcon-20261001/Build/Intermediates.noindex/PrecompiledHeaders

WriteAuxiliaryFile /tmp/ZipHarbor-Device-AppIcon-20261001/Build/Intermediates.noindex/ZipHarbor.build/Debug-iphoneos/ZipHarbor-576ff8f1de8c1a2cbc0351e2756fa15b-VFS-iphoneos/all-product-headers.yaml
    cd /Users/USER/github_space/zip-app/ZipHarbor/ZipHarbor.xcodeproj
    write-file /tmp/ZipHarbor-Device-AppIcon-20261001/Build/Intermediates.noindex/ZipHarbor.build/Debug-iphoneos/ZipHarbor-576ff8f1de8c1a2cbc0351e2756fa15b-VFS-iphoneos/all-product-headers.yaml

CreateBuildDirectory /tmp/ZipHarbor-Device-AppIcon-20261001/Build/Intermediates.noindex/EagerLinkingTBDs/Debug-iphoneos
    cd /Users/USER/github_space/zip-app/ZipHarbor/ZipHarbor.xcodeproj
    builtin-create-build-directory /tmp/ZipHarbor-Device-AppIcon-20261001/Build/Intermediates.noindex/EagerLinkingTBDs/Debug-iphoneos

CreateBuildDirectory /tmp/ZipHarbor-Device-AppIcon-20261001/Build/Products/Debug-iphoneos/PackageFrameworks
    cd /Users/USER/github_space/zip-app/ZipHarbor/ZipHarbor.xcodeproj
    builtin-create-build-directory /tmp/ZipHarbor-Device-AppIcon-20261001/Build/Products/Debug-iphoneos/PackageFrameworks

WriteAuxiliaryFile /tmp/ZipHarbor-Device-AppIcon-20261001/Build/Intermediates.noindex/ZipHarbor.build/Debug-iphoneos/ZipHarborUITests.build/empty-ZipHarborUITests.plist (in target 'ZipHarborUITests' from project 'ZipHarbor')
    cd /Users/USER/github_space/zip-app/ZipHarbor
    write-file /tmp/ZipHarbor-Device-AppIcon-20261001/Build/Intermediates.noindex/ZipHarbor.build/Debug-iphoneos/ZipHarborUITests.build/empty-ZipHarborUITests.plist

WriteAuxiliaryFile /tmp/ZipHarbor-Device-AppIcon-20261001/Build/Intermediates.noindex/ZipHarbor.build/Debug-iphoneos/ZipHarborUITests.build/ZipHarborUITests.hmap (in target 'ZipHarborUITests' from project 'ZipHarbor')
    cd /Users/USER/github_space/zip-app/ZipHarbor
    write-file /tmp/ZipHarbor-Device-AppIcon-20261001/Build/Intermediates.noindex/ZipHarbor.build/Debug-iphoneos/ZipHarborUITests.build/ZipHarborUITests.hmap

WriteAuxiliaryFile /tmp/ZipHarbor-Device-AppIcon-20261001/Build/Intermediates.noindex/ZipHarbor.build/Debug-iphoneos/ZipHarborUITests.build/ZipHarborUITests-project-headers.hmap (in target 'ZipHarborUITests' from project 'ZipHarbor')
    cd /Users/USER/github_space/zip-app/ZipHarbor
    write-file /tmp/ZipHarbor-Device-AppIcon-20261001/Build/Intermediates.noindex/ZipHarbor.build/Debug-iphoneos/ZipHarborUITests.build/ZipHarborUITests-project-headers.hmap

WriteAuxiliaryFile /tmp/ZipHarbor-Device-AppIcon-20261001/Build/Intermediates.noindex/ZipHarbor.build/Debug-iphoneos/ZipHarborUITests.build/ZipHarborUITests-own-target-headers.hmap (in target 'ZipHarborUITests' from project 'ZipHarbor')
    cd /Users/USER/github_space/zip-app/ZipHarbor
    write-file /tmp/ZipHarbor-Device-AppIcon-20261001/Build/Intermediates.noindex/ZipHarbor.build/Debug-iphoneos/ZipHarborUITests.build/ZipHarborUITests-own-target-headers.hmap

WriteAuxiliaryFile /tmp/ZipHarbor-Device-AppIcon-20261001/Build/Intermediates.noindex/ZipHarbor.build/Debug-iphoneos/ZipHarborUITests.build/ZipHarborUITests.DependencyMetadataFileList (in target 'ZipHarborUITests' from project 'ZipHarbor')
    cd /Users/USER/github_space/zip-app/ZipHarbor
    write-file /tmp/ZipHarbor-Device-AppIcon-20261001/Build/Intermediates.noindex/ZipHarbor.build/Debug-iphoneos/ZipHarborUITests.build/ZipHarborUITests.DependencyMetadataFileList

WriteAuxiliaryFile /tmp/ZipHarbor-Device-AppIcon-20261001/Build/Intermediates.noindex/ZipHarbor.build/Debug-iphoneos/ZipHarborUITests.build/ZipHarborUITests-generated-files.hmap (in target 'ZipHarborUITests' from project 'ZipHarbor')
    cd /Users/USER/github_space/zip-app/ZipHarbor
    write-file /tmp/ZipHarbor-Device-AppIcon-20261001/Build/Intermediates.noindex/ZipHarbor.build/Debug-iphoneos/ZipHarborUITests.build/ZipHarborUITests-generated-files.hmap

WriteAuxiliaryFile /tmp/ZipHarbor-Device-AppIcon-20261001/Build/Intermediates.noindex/ZipHarbor.build/Debug-iphoneos/ZipHarborUITests.build/ZipHarborUITests.DependencyStaticMetadataFileList (in target 'ZipHarborUITests' from project 'ZipHarbor')
    cd /Users/USER/github_space/zip-app/ZipHarbor
    write-file /tmp/ZipHarbor-Device-AppIcon-20261001/Build/Intermediates.noindex/ZipHarbor.build/Debug-iphoneos/ZipHarborUITests.build/ZipHarborUITests.DependencyStaticMetadataFileList

WriteAuxiliaryFile /tmp/ZipHarbor-Device-AppIcon-20261001/Build/Intermediates.noindex/ZipHarbor.build/Debug-iphoneos/ZipHarborUITests.build/ProductTypeInfoPlistAdditions.plist (in target 'ZipHarborUITests' from project 'ZipHarbor')
    cd /Users/USER/github_space/zip-app/ZipHarbor
    write-file /tmp/ZipHarbor-Device-AppIcon-20261001/Build/Intermediates.noindex/ZipHarbor.build/Debug-iphoneos/ZipHarborUITests.build/ProductTypeInfoPlistAdditions.plist

WriteAuxiliaryFile /tmp/ZipHarbor-Device-AppIcon-20261001/Build/Intermediates.noindex/ZipHarbor.build/Debug-iphoneos/ZipHarborUITests.build/ZipHarborUITests-all-non-framework-target-headers.hmap (in target 'ZipHarborUITests' from project 'ZipHarbor')
    cd /Users/USER/github_space/zip-app/ZipHarbor
    write-file /tmp/ZipHarbor-Device-AppIcon-20261001/Build/Intermediates.noindex/ZipHarbor.build/Debug-iphoneos/ZipHarborUITests.build/ZipHarborUITests-all-non-framework-target-headers.hmap

WriteAuxiliaryFile /tmp/ZipHarbor-Device-AppIcon-20261001/Build/Intermediates.noindex/ZipHarbor.build/Debug-iphoneos/ZipHarborUITests.build/ZipHarborUITests-all-target-headers.hmap (in target 'ZipHarborUITests' from project 'ZipHarbor')
    cd /Users/USER/github_space/zip-app/ZipHarbor
    write-file /tmp/ZipHarbor-Device-AppIcon-20261001/Build/Intermediates.noindex/ZipHarbor.build/Debug-iphoneos/ZipHarborUITests.build/ZipHarborUITests-all-target-headers.hmap

WriteAuxiliaryFile /tmp/ZipHarbor-Device-AppIcon-20261001/Build/Intermediates.noindex/ZipHarbor.build/Debug-iphoneos/ZipHarborUITests.build/Objects-normal/arm64/ZipHarborUITests.SwiftFileList (in target 'ZipHarborUITests' from project 'ZipHarbor')
    cd /Users/USER/github_space/zip-app/ZipHarbor
    write-file /tmp/ZipHarbor-Device-AppIcon-20261001/Build/Intermediates.noindex/ZipHarbor.build/Debug-iphoneos/ZipHarborUITests.build/Objects-normal/arm64/ZipHarborUITests.SwiftFileList

WriteAuxiliaryFile /tmp/ZipHarbor-Device-AppIcon-20261001/Build/Intermediates.noindex/ZipHarbor.build/Debug-iphoneos/ZipHarborUITests.build/Objects-normal/arm64/ZipHarborUITests_const_extract_protocols.json (in target 'ZipHarborUITests' from project 'ZipHarbor')
    cd /Users/USER/github_space/zip-app/ZipHarbor
    write-file /tmp/ZipHarbor-Device-AppIcon-20261001/Build/Intermediates.noindex/ZipHarbor.build/Debug-iphoneos/ZipHarborUITests.build/Objects-normal/arm64/ZipHarborUITests_const_extract_protocols.json

WriteAuxiliaryFile /tmp/ZipHarbor-Device-AppIcon-20261001/Build/Intermediates.noindex/ZipHarbor.build/Debug-iphoneos/ZipHarborUITests.build/Objects-normal/arm64/ZipHarborUITests.SwiftConstValuesFileList (in target 'ZipHarborUITests' from project 'ZipHarbor')
    cd /Users/USER/github_space/zip-app/ZipHarbor
    write-file /tmp/ZipHarbor-Device-AppIcon-20261001/Build/Intermediates.noindex/ZipHarbor.build/Debug-iphoneos/ZipHarborUITests.build/Objects-normal/arm64/ZipHarborUITests.SwiftConstValuesFileList

WriteAuxiliaryFile /tmp/ZipHarbor-Device-AppIcon-20261001/Build/Intermediates.noindex/ZipHarbor.build/Debug-iphoneos/ZipHarborUITests.build/Objects-normal/arm64/ZipHarborUITests.LinkFileList (in target 'ZipHarborUITests' from project 'ZipHarbor')
    cd /Users/USER/github_space/zip-app/ZipHarbor
    write-file /tmp/ZipHarbor-Device-AppIcon-20261001/Build/Intermediates.noindex/ZipHarbor.build/Debug-iphoneos/ZipHarborUITests.build/Objects-normal/arm64/ZipHarborUITests.LinkFileList

WriteAuxiliaryFile /tmp/ZipHarbor-Device-AppIcon-20261001/Build/Intermediates.noindex/ZipHarbor.build/Debug-iphoneos/ZipHarborUITests.build/Objects-normal/arm64/ZipHarborUITests-OutputFileMap.json (in target 'ZipHarborUITests' from project 'ZipHarbor')
    cd /Users/USER/github_space/zip-app/ZipHarbor
    write-file /tmp/ZipHarbor-Device-AppIcon-20261001/Build/Intermediates.noindex/ZipHarbor.build/Debug-iphoneos/ZipHarborUITests.build/Objects-normal/arm64/ZipHarborUITests-OutputFileMap.json

WriteAuxiliaryFile /tmp/ZipHarbor-Device-AppIcon-20261001/Build/Intermediates.noindex/ZipHarbor.build/Debug-iphoneos/ZipHarborTests.build/ZipHarborTests.DependencyMetadataFileList (in target 'ZipHarborTests' from project 'ZipHarbor')
    cd /Users/USER/github_space/zip-app/ZipHarbor
    write-file /tmp/ZipHarbor-Device-AppIcon-20261001/Build/Intermediates.noindex/ZipHarbor.build/Debug-iphoneos/ZipHarborTests.build/ZipHarborTests.DependencyMetadataFileList

WriteAuxiliaryFile /tmp/ZipHarbor-Device-AppIcon-20261001/Build/Intermediates.noindex/ZipHarbor.build/Debug-iphoneos/ZipHarborUITests.build/DerivedSources/Entitlements.plist (in target 'ZipHarborUITests' from project 'ZipHarbor')
    cd /Users/USER/github_space/zip-app/ZipHarbor
    write-file /tmp/ZipHarbor-Device-AppIcon-20261001/Build/Intermediates.noindex/ZipHarbor.build/Debug-iphoneos/ZipHarborUITests.build/DerivedSources/Entitlements.plist

WriteAuxiliaryFile /tmp/ZipHarbor-Device-AppIcon-20261001/Build/Intermediates.noindex/ZipHarbor.build/Debug-iphoneos/ZipHarborTests.build/empty-ZipHarborTests.plist (in target 'ZipHarborTests' from project 'ZipHarbor')
    cd /Users/USER/github_space/zip-app/ZipHarbor
    write-file /tmp/ZipHarbor-Device-AppIcon-20261001/Build/Intermediates.noindex/ZipHarbor.build/Debug-iphoneos/ZipHarborTests.build/empty-ZipHarborTests.plist

WriteAuxiliaryFile /tmp/ZipHarbor-Device-AppIcon-20261001/Build/Intermediates.noindex/ZipHarbor.build/Debug-iphoneos/ZipHarborTests.build/ZipHarborTests.hmap (in target 'ZipHarborTests' from project 'ZipHarbor')
    cd /Users/USER/github_space/zip-app/ZipHarbor
    write-file /tmp/ZipHarbor-Device-AppIcon-20261001/Build/Intermediates.noindex/ZipHarbor.build/Debug-iphoneos/ZipHarborTests.build/ZipHarborTests.hmap

WriteAuxiliaryFile /tmp/ZipHarbor-Device-AppIcon-20261001/Build/Intermediates.noindex/ZipHarbor.build/Debug-iphoneos/ZipHarborTests.build/ZipHarborTests.DependencyStaticMetadataFileList (in target 'ZipHarborTests' from project 'ZipHarbor')
    cd /Users/USER/github_space/zip-app/ZipHarbor
    write-file /tmp/ZipHarbor-Device-AppIcon-20261001/Build/Intermediates.noindex/ZipHarbor.build/Debug-iphoneos/ZipHarborTests.build/ZipHarborTests.DependencyStaticMetadataFileList

WriteAuxiliaryFile /tmp/ZipHarbor-Device-AppIcon-20261001/Build/Intermediates.noindex/ZipHarbor.build/Debug-iphoneos/ZipHarborTests.build/ZipHarborTests-project-headers.hmap (in target 'ZipHarborTests' from project 'ZipHarbor')
    cd /Users/USER/github_space/zip-app/ZipHarbor
    write-file /tmp/ZipHarbor-Device-AppIcon-20261001/Build/Intermediates.noindex/ZipHarbor.build/Debug-iphoneos/ZipHarborTests.build/ZipHarborTests-project-headers.hmap

WriteAuxiliaryFile /tmp/ZipHarbor-Device-AppIcon-20261001/Build/Intermediates.noindex/ZipHarbor.build/Debug-iphoneos/ZipHarborTests.build/ZipHarborTests-own-target-headers.hmap (in target 'ZipHarborTests' from project 'ZipHarbor')
    cd /Users/USER/github_space/zip-app/ZipHarbor
    write-file /tmp/ZipHarbor-Device-AppIcon-20261001/Build/Intermediates.noindex/ZipHarbor.build/Debug-iphoneos/ZipHarborTests.build/ZipHarborTests-own-target-headers.hmap

WriteAuxiliaryFile /tmp/ZipHarbor-Device-AppIcon-20261001/Build/Intermediates.noindex/ZipHarbor.build/Debug-iphoneos/ZipHarborTests.build/ZipHarborTests-generated-files.hmap (in target 'ZipHarborTests' from project 'ZipHarbor')
    cd /Users/USER/github_space/zip-app/ZipHarbor
    write-file /tmp/ZipHarbor-Device-AppIcon-20261001/Build/Intermediates.noindex/ZipHarbor.build/Debug-iphoneos/ZipHarborTests.build/ZipHarborTests-generated-files.hmap

WriteAuxiliaryFile /tmp/ZipHarbor-Device-AppIcon-20261001/Build/Intermediates.noindex/ZipHarbor.build/Debug-iphoneos/ZipHarborTests.build/ZipHarborTests-all-target-headers.hmap (in target 'ZipHarborTests' from project 'ZipHarbor')
    cd /Users/USER/github_space/zip-app/ZipHarbor
    write-file /tmp/ZipHarbor-Device-AppIcon-20261001/Build/Intermediates.noindex/ZipHarbor.build/Debug-iphoneos/ZipHarborTests.build/ZipHarborTests-all-target-headers.hmap

WriteAuxiliaryFile /tmp/ZipHarbor-Device-AppIcon-20261001/Build/Intermediates.noindex/ZipHarbor.build/Debug-iphoneos/ZipHarborTests.build/ZipHarborTests-all-non-framework-target-headers.hmap (in target 'ZipHarborTests' from project 'ZipHarbor')
    cd /Users/USER/github_space/zip-app/ZipHarbor
    write-file /tmp/ZipHarbor-Device-AppIcon-20261001/Build/Intermediates.noindex/ZipHarbor.build/Debug-iphoneos/ZipHarborTests.build/ZipHarborTests-all-non-framework-target-headers.hmap

WriteAuxiliaryFile /tmp/ZipHarbor-Device-AppIcon-20261001/Build/Intermediates.noindex/ZipHarbor.build/Debug-iphoneos/ZipHarborTests.build/Objects-normal/arm64/ZipHarborTests.SwiftFileList (in target 'ZipHarborTests' from project 'ZipHarbor')
    cd /Users/USER/github_space/zip-app/ZipHarbor
    write-file /tmp/ZipHarbor-Device-AppIcon-20261001/Build/Intermediates.noindex/ZipHarbor.build/Debug-iphoneos/ZipHarborTests.build/Objects-normal/arm64/ZipHarborTests.SwiftFileList

WriteAuxiliaryFile /tmp/ZipHarbor-Device-AppIcon-20261001/Build/Intermediates.noindex/ZipHarbor.build/Debug-iphoneos/ZipHarborTests.build/Objects-normal/arm64/ZipHarborTests.SwiftConstValuesFileList (in target 'ZipHarborTests' from project 'ZipHarbor')
    cd /Users/USER/github_space/zip-app/ZipHarbor
    write-file /tmp/ZipHarbor-Device-AppIcon-20261001/Build/Intermediates.noindex/ZipHarbor.build/Debug-iphoneos/ZipHarborTests.build/Objects-normal/arm64/ZipHarborTests.SwiftConstValuesFileList

WriteAuxiliaryFile /tmp/ZipHarbor-Device-AppIcon-20261001/Build/Intermediates.noindex/ZipHarbor.build/Debug-iphoneos/ZipHarborTests.build/Objects-normal/arm64/ZipHarborTests_const_extract_protocols.json (in target 'ZipHarborTests' from project 'ZipHarbor')
    cd /Users/USER/github_space/zip-app/ZipHarbor
    write-file /tmp/ZipHarbor-Device-AppIcon-20261001/Build/Intermediates.noindex/ZipHarbor.build/Debug-iphoneos/ZipHarborTests.build/Objects-normal/arm64/ZipHarborTests_const_extract_protocols.json

WriteAuxiliaryFile /tmp/ZipHarbor-Device-AppIcon-20261001/Build/Intermediates.noindex/ZipHarbor.build/Debug-iphoneos/ZipHarborTests.build/Objects-normal/arm64/ZipHarborTests.LinkFileList (in target 'ZipHarborTests' from project 'ZipHarbor')
    cd /Users/USER/github_space/zip-app/ZipHarbor
    write-file /tmp/ZipHarbor-Device-AppIcon-20261001/Build/Intermediates.noindex/ZipHarbor.build/Debug-iphoneos/ZipHarborTests.build/Objects-normal/arm64/ZipHarborTests.LinkFileList

WriteAuxiliaryFile /tmp/ZipHarbor-Device-AppIcon-20261001/Build/Intermediates.noindex/ZipHarbor.build/Debug-iphoneos/ZipHarborTests.build/Objects-normal/arm64/ZipHarborTests-OutputFileMap.json (in target 'ZipHarborTests' from project 'ZipHarbor')
    cd /Users/USER/github_space/zip-app/ZipHarbor
    write-file /tmp/ZipHarbor-Device-AppIcon-20261001/Build/Intermediates.noindex/ZipHarbor.build/Debug-iphoneos/ZipHarborTests.build/Objects-normal/arm64/ZipHarborTests-OutputFileMap.json

MkDir /tmp/ZipHarbor-Device-AppIcon-20261001/Build/Products/Debug-iphoneos/ZipHarbor.app/PlugIns/ZipHarborTests.xctest (in target 'ZipHarborTests' from project 'ZipHarbor')
    cd /Users/USER/github_space/zip-app/ZipHarbor
    /bin/mkdir -p /tmp/ZipHarbor-Device-AppIcon-20261001/Build/Products/Debug-iphoneos/ZipHarbor.app/PlugIns/ZipHarborTests.xctest

MkDir /tmp/ZipHarbor-Device-AppIcon-20261001/Build/Products/Debug-iphoneos/ZipHarborUITests-Runner.app/PlugIns/ZipHarborUITests.xctest (in target 'ZipHarborUITests' from project 'ZipHarbor')
    cd /Users/USER/github_space/zip-app/ZipHarbor
    /bin/mkdir -p /tmp/ZipHarbor-Device-AppIcon-20261001/Build/Products/Debug-iphoneos/ZipHarborUITests-Runner.app/PlugIns/ZipHarborUITests.xctest

ProcessXCFramework /tmp/ZipHarbor-Device-AppIcon-20261001/SourcePackages/artifacts/libarchive.xcframework/libarchive/libarchive.xcframework /tmp/ZipHarbor-Device-AppIcon-20261001/Build/Products/Debug-iphoneos/libarchive.framework ios
    cd /Users/USER/github_space/zip-app/ZipHarbor/ZipHarbor.xcodeproj
    builtin-process-xcframework --xcframework /tmp/ZipHarbor-Device-AppIcon-20261001/SourcePackages/artifacts/libarchive.xcframework/libarchive/libarchive.xcframework --platform ios --target-path /tmp/ZipHarbor-Device-AppIcon-20261001/Build/Products/Debug-iphoneos

WriteAuxiliaryFile /tmp/ZipHarbor-Device-AppIcon-20261001/Build/Intermediates.noindex/ZipHarbor.build/Debug-iphoneos/ZipHarbor.build/ZipHarbor.DependencyStaticMetadataFileList (in target 'ZipHarbor' from project 'ZipHarbor')
    cd /Users/USER/github_space/zip-app/ZipHarbor
    write-file /tmp/ZipHarbor-Device-AppIcon-20261001/Build/Intermediates.noindex/ZipHarbor.build/Debug-iphoneos/ZipHarbor.build/ZipHarbor.DependencyStaticMetadataFileList

WriteAuxiliaryFile /tmp/ZipHarbor-Device-AppIcon-20261001/Build/Intermediates.noindex/ZipHarbor.build/Debug-iphoneos/ZipHarbor.build/ZipHarbor-generated-files.hmap (in target 'ZipHarbor' from project 'ZipHarbor')
    cd /Users/USER/github_space/zip-app/ZipHarbor
    write-file /tmp/ZipHarbor-Device-AppIcon-20261001/Build/Intermediates.noindex/ZipHarbor.build/Debug-iphoneos/ZipHarbor.build/ZipHarbor-generated-files.hmap

WriteAuxiliaryFile /tmp/ZipHarbor-Device-AppIcon-20261001/Build/Intermediates.noindex/ZipHarbor.build/Debug-iphoneos/ZipHarbor.build/ZipHarbor.hmap (in target 'ZipHarbor' from project 'ZipHarbor')
    cd /Users/USER/github_space/zip-app/ZipHarbor
    write-file /tmp/ZipHarbor-Device-AppIcon-20261001/Build/Intermediates.noindex/ZipHarbor.build/Debug-iphoneos/ZipHarbor.build/ZipHarbor.hmap

WriteAuxiliaryFile /tmp/ZipHarbor-Device-AppIcon-20261001/Build/Intermediates.noindex/ZipHarbor.build/Debug-iphoneos/ZipHarbor.build/ZipHarbor.DependencyMetadataFileList (in target 'ZipHarbor' from project 'ZipHarbor')
    cd /Users/USER/github_space/zip-app/ZipHarbor
    write-file /tmp/ZipHarbor-Device-AppIcon-20261001/Build/Intermediates.noindex/ZipHarbor.build/Debug-iphoneos/ZipHarbor.build/ZipHarbor.DependencyMetadataFileList

WriteAuxiliaryFile /tmp/ZipHarbor-Device-AppIcon-20261001/Build/Intermediates.noindex/ZipHarbor.build/Debug-iphoneos/ZipHarbor.build/ZipHarbor-project-headers.hmap (in target 'ZipHarbor' from project 'ZipHarbor')
    cd /Users/USER/github_space/zip-app/ZipHarbor
    write-file /tmp/ZipHarbor-Device-AppIcon-20261001/Build/Intermediates.noindex/ZipHarbor.build/Debug-iphoneos/ZipHarbor.build/ZipHarbor-project-headers.hmap

WriteAuxiliaryFile /tmp/ZipHarbor-Device-AppIcon-20261001/Build/Intermediates.noindex/ArchiveKit.build/Debug-iphoneos/ArchiveKit-t.build/ArchiveKit.DependencyMetadataFileList (in target 'ArchiveKit' from project 'ArchiveKit')
    cd /tmp/ZipHarbor-Device-AppIcon-20261001/SourcePackages/checkouts/libarchive.xcframework
    write-file /tmp/ZipHarbor-Device-AppIcon-20261001/Build/Intermediates.noindex/ArchiveKit.build/Debug-iphoneos/ArchiveKit-t.build/ArchiveKit.DependencyMetadataFileList

WriteAuxiliaryFile /tmp/ZipHarbor-Device-AppIcon-20261001/Build/Intermediates.noindex/ArchiveKit.build/Debug-iphoneos/ArchiveKit-t.build/ArchiveKit.DependencyStaticMetadataFileList (in target 'ArchiveKit' from project 'ArchiveKit')
    cd /tmp/ZipHarbor-Device-AppIcon-20261001/SourcePackages/checkouts/libarchive.xcframework
    write-file /tmp/ZipHarbor-Device-AppIcon-20261001/Build/Intermediates.noindex/ArchiveKit.build/Debug-iphoneos/ArchiveKit-t.build/ArchiveKit.DependencyStaticMetadataFileList

WriteAuxiliaryFile /tmp/ZipHarbor-Device-AppIcon-20261001/Build/Intermediates.noindex/ZipHarbor.build/Debug-iphoneos/ZipHarbor.build/ZipHarbor-own-target-headers.hmap (in target 'ZipHarbor' from project 'ZipHarbor')
    cd /Users/USER/github_space/zip-app/ZipHarbor
    write-file /tmp/ZipHarbor-Device-AppIcon-20261001/Build/Intermediates.noindex/ZipHarbor.build/Debug-iphoneos/ZipHarbor.build/ZipHarbor-own-target-headers.hmap

WriteAuxiliaryFile /tmp/ZipHarbor-Device-AppIcon-20261001/Build/Intermediates.noindex/ArchiveKit.build/Debug-iphoneos/ArchiveKit-t.build/ArchiveKit.modulemap (in target 'ArchiveKit' from project 'ArchiveKit')
    cd /tmp/ZipHarbor-Device-AppIcon-20261001/SourcePackages/checkouts/libarchive.xcframework
    write-file /tmp/ZipHarbor-Device-AppIcon-20261001/Build/Intermediates.noindex/ArchiveKit.build/Debug-iphoneos/ArchiveKit-t.build/ArchiveKit.modulemap

WriteAuxiliaryFile /tmp/ZipHarbor-Device-AppIcon-20261001/Build/Intermediates.noindex/ArchiveKit.build/Debug-iphoneos/ArchiveKit-t.build/Objects-normal/arm64/ArchiveKit.LinkFileList (in target 'ArchiveKit' from project 'ArchiveKit')
    cd /tmp/ZipHarbor-Device-AppIcon-20261001/SourcePackages/checkouts/libarchive.xcframework
    write-file /tmp/ZipHarbor-Device-AppIcon-20261001/Build/Intermediates.noindex/ArchiveKit.build/Debug-iphoneos/ArchiveKit-t.build/Objects-normal/arm64/ArchiveKit.LinkFileList

WriteAuxiliaryFile /tmp/ZipHarbor-Device-AppIcon-20261001/Build/Intermediates.noindex/ArchiveKit.build/Debug-iphoneos/ArchiveKit-t.build/Objects-normal/arm64/ArchiveKit-OutputFileMap.json (in target 'ArchiveKit' from project 'ArchiveKit')
    cd /tmp/ZipHarbor-Device-AppIcon-20261001/SourcePackages/checkouts/libarchive.xcframework
    write-file /tmp/ZipHarbor-Device-AppIcon-20261001/Build/Intermediates.noindex/ArchiveKit.build/Debug-iphoneos/ArchiveKit-t.build/Objects-normal/arm64/ArchiveKit-OutputFileMap.json

WriteAuxiliaryFile /tmp/ZipHarbor-Device-AppIcon-20261001/Build/Intermediates.noindex/ArchiveKit.build/Debug-iphoneos/ArchiveKit-t.build/Objects-normal/arm64/ArchiveKit.SwiftFileList (in target 'ArchiveKit' from project 'ArchiveKit')
    cd /tmp/ZipHarbor-Device-AppIcon-20261001/SourcePackages/checkouts/libarchive.xcframework
    write-file /tmp/ZipHarbor-Device-AppIcon-20261001/Build/Intermediates.noindex/ArchiveKit.build/Debug-iphoneos/ArchiveKit-t.build/Objects-normal/arm64/ArchiveKit.SwiftFileList

WriteAuxiliaryFile /tmp/ZipHarbor-Device-AppIcon-20261001/Build/Intermediates.noindex/ArchiveKit.build/Debug-iphoneos/ArchiveKit-t.build/Objects-normal/arm64/ArchiveKit_const_extract_protocols.json (in target 'ArchiveKit' from project 'ArchiveKit')
    cd /tmp/ZipHarbor-Device-AppIcon-20261001/SourcePackages/checkouts/libarchive.xcframework
    write-file /tmp/ZipHarbor-Device-AppIcon-20261001/Build/Intermediates.noindex/ArchiveKit.build/Debug-iphoneos/ArchiveKit-t.build/Objects-normal/arm64/ArchiveKit_const_extract_protocols.json

WriteAuxiliaryFile /tmp/ZipHarbor-Device-AppIcon-20261001/Build/Intermediates.noindex/ArchiveKit.build/Debug-iphoneos/ArchiveKit-t.build/Objects-normal/arm64/ArchiveKit.SwiftConstValuesFileList (in target 'ArchiveKit' from project 'ArchiveKit')
    cd /tmp/ZipHarbor-Device-AppIcon-20261001/SourcePackages/checkouts/libarchive.xcframework
    write-file /tmp/ZipHarbor-Device-AppIcon-20261001/Build/Intermediates.noindex/ArchiveKit.build/Debug-iphoneos/ArchiveKit-t.build/Objects-normal/arm64/ArchiveKit.SwiftConstValuesFileList

WriteAuxiliaryFile /tmp/ZipHarbor-Device-AppIcon-20261001/Build/Intermediates.noindex/ZipHarbor.build/Debug-iphoneos/ZipHarbor.build/ZipHarbor-all-target-headers.hmap (in target 'ZipHarbor' from project 'ZipHarbor')
    cd /Users/USER/github_space/zip-app/ZipHarbor
    write-file /tmp/ZipHarbor-Device-AppIcon-20261001/Build/Intermediates.noindex/ZipHarbor.build/Debug-iphoneos/ZipHarbor.build/ZipHarbor-all-target-headers.hmap

WriteAuxiliaryFile /tmp/ZipHarbor-Device-AppIcon-20261001/Build/Intermediates.noindex/ZipHarbor.build/Debug-iphoneos/ZipHarbor.build/ZipHarbor-all-non-framework-target-headers.hmap (in target 'ZipHarbor' from project 'ZipHarbor')
    cd /Users/USER/github_space/zip-app/ZipHarbor
    write-file /tmp/ZipHarbor-Device-AppIcon-20261001/Build/Intermediates.noindex/ZipHarbor.build/Debug-iphoneos/ZipHarbor.build/ZipHarbor-all-non-framework-target-headers.hmap

WriteAuxiliaryFile /tmp/ZipHarbor-Device-AppIcon-20261001/Build/Intermediates.noindex/ZipHarbor.build/Debug-iphoneos/ZipHarbor.build/ZipHarbor-DebugDylibPath-normal-arm64.txt (in target 'ZipHarbor' from project 'ZipHarbor')
    cd /Users/USER/github_space/zip-app/ZipHarbor
    write-file /tmp/ZipHarbor-Device-AppIcon-20261001/Build/Intermediates.noindex/ZipHarbor.build/Debug-iphoneos/ZipHarbor.build/ZipHarbor-DebugDylibPath-normal-arm64.txt

WriteAuxiliaryFile /tmp/ZipHarbor-Device-AppIcon-20261001/Build/Intermediates.noindex/ZipHarbor.build/Debug-iphoneos/ZipHarbor.build/ZipHarbor-DebugDylibInstallName-normal-arm64.txt (in target 'ZipHarbor' from project 'ZipHarbor')
    cd /Users/USER/github_space/zip-app/ZipHarbor
    write-file /tmp/ZipHarbor-Device-AppIcon-20261001/Build/Intermediates.noindex/ZipHarbor.build/Debug-iphoneos/ZipHarbor.build/ZipHarbor-DebugDylibInstallName-normal-arm64.txt

WriteAuxiliaryFile /tmp/ZipHarbor-Device-AppIcon-20261001/Build/Intermediates.noindex/ZipHarbor.build/Debug-iphoneos/ZipHarbor.build/Objects-normal/arm64/ZipHarbor.SwiftFileList (in target 'ZipHarbor' from project 'ZipHarbor')
    cd /Users/USER/github_space/zip-app/ZipHarbor
    write-file /tmp/ZipHarbor-Device-AppIcon-20261001/Build/Intermediates.noindex/ZipHarbor.build/Debug-iphoneos/ZipHarbor.build/Objects-normal/arm64/ZipHarbor.SwiftFileList

WriteAuxiliaryFile /tmp/ZipHarbor-Device-AppIcon-20261001/Build/Intermediates.noindex/ZipHarbor.build/Debug-iphoneos/ZipHarbor.build/Objects-normal/arm64/ZipHarbor_const_extract_protocols.json (in target 'ZipHarbor' from project 'ZipHarbor')
    cd /Users/USER/github_space/zip-app/ZipHarbor
    write-file /tmp/ZipHarbor-Device-AppIcon-20261001/Build/Intermediates.noindex/ZipHarbor.build/Debug-iphoneos/ZipHarbor.build/Objects-normal/arm64/ZipHarbor_const_extract_protocols.json

WriteAuxiliaryFile /tmp/ZipHarbor-Device-AppIcon-20261001/Build/Intermediates.noindex/ZipHarbor.build/Debug-iphoneos/ZipHarbor.build/Objects-normal/arm64/ZipHarbor.SwiftConstValuesFileList (in target 'ZipHarbor' from project 'ZipHarbor')
    cd /Users/USER/github_space/zip-app/ZipHarbor
    write-file /tmp/ZipHarbor-Device-AppIcon-20261001/Build/Intermediates.noindex/ZipHarbor.build/Debug-iphoneos/ZipHarbor.build/Objects-normal/arm64/ZipHarbor.SwiftConstValuesFileList

WriteAuxiliaryFile /tmp/ZipHarbor-Device-AppIcon-20261001/Build/Intermediates.noindex/ZipHarbor.build/Debug-iphoneos/ZipHarbor.build/Objects-normal/arm64/ZipHarbor.LinkFileList (in target 'ZipHarbor' from project 'ZipHarbor')
    cd /Users/USER/github_space/zip-app/ZipHarbor
    write-file /tmp/ZipHarbor-Device-AppIcon-20261001/Build/Intermediates.noindex/ZipHarbor.build/Debug-iphoneos/ZipHarbor.build/Objects-normal/arm64/ZipHarbor.LinkFileList

WriteAuxiliaryFile /tmp/ZipHarbor-Device-AppIcon-20261001/Build/Intermediates.noindex/ZipHarbor.build/Debug-iphoneos/ZipHarbor.build/Objects-normal/arm64/ZipHarbor-OutputFileMap.json (in target 'ZipHarbor' from project 'ZipHarbor')
    cd /Users/USER/github_space/zip-app/ZipHarbor
    write-file /tmp/ZipHarbor-Device-AppIcon-20261001/Build/Intermediates.noindex/ZipHarbor.build/Debug-iphoneos/ZipHarbor.build/Objects-normal/arm64/ZipHarbor-OutputFileMap.json

WriteAuxiliaryFile /tmp/ZipHarbor-Device-AppIcon-20261001/Build/Intermediates.noindex/ZipHarbor.build/Debug-iphoneos/ZipHarbor.build/DerivedSources/Entitlements.plist (in target 'ZipHarbor' from project 'ZipHarbor')
    cd /Users/USER/github_space/zip-app/ZipHarbor
    write-file /tmp/ZipHarbor-Device-AppIcon-20261001/Build/Intermediates.noindex/ZipHarbor.build/Debug-iphoneos/ZipHarbor.build/DerivedSources/Entitlements.plist

MkDir /tmp/ZipHarbor-Device-AppIcon-20261001/Build/Products/Debug-iphoneos/ZipHarbor.app/PlugIns (in target 'ZipHarbor' from project 'ZipHarbor')
    cd /Users/USER/github_space/zip-app/ZipHarbor
    /bin/mkdir -p /tmp/ZipHarbor-Device-AppIcon-20261001/Build/Products/Debug-iphoneos/ZipHarbor.app/PlugIns

MkDir /tmp/ZipHarbor-Device-AppIcon-20261001/Build/Products/Debug-iphoneos/ZipHarbor.app/Frameworks (in target 'ZipHarbor' from project 'ZipHarbor')
    cd /Users/USER/github_space/zip-app/ZipHarbor
    /bin/mkdir -p /tmp/ZipHarbor-Device-AppIcon-20261001/Build/Products/Debug-iphoneos/ZipHarbor.app/Frameworks

Copy /tmp/ZipHarbor-Device-AppIcon-20261001/Build/Intermediates.noindex/GeneratedModuleMaps-iphoneos/ArchiveKit.modulemap /tmp/ZipHarbor-Device-AppIcon-20261001/Build/Intermediates.noindex/ArchiveKit.build/Debug-iphoneos/ArchiveKit-t.build/ArchiveKit.modulemap (in target 'ArchiveKit' from project 'ArchiveKit')
    cd /tmp/ZipHarbor-Device-AppIcon-20261001/SourcePackages/checkouts/libarchive.xcframework
    builtin-copy -exclude .DS_Store -exclude CVS -exclude .svn -exclude .git -exclude .hg -resolve-src-symlinks /tmp/ZipHarbor-Device-AppIcon-20261001/Build/Intermediates.noindex/ArchiveKit.build/Debug-iphoneos/ArchiveKit-t.build/ArchiveKit.modulemap /tmp/ZipHarbor-Device-AppIcon-20261001/Build/Intermediates.noindex/GeneratedModuleMaps-iphoneos

MkDir /tmp/ZipHarbor-Device-AppIcon-20261001/Build/Products/Debug-iphoneos/ZipHarbor.app (in target 'ZipHarbor' from project 'ZipHarbor')
    cd /Users/USER/github_space/zip-app/ZipHarbor
    /bin/mkdir -p /tmp/ZipHarbor-Device-AppIcon-20261001/Build/Products/Debug-iphoneos/ZipHarbor.app

SwiftDriver ArchiveKit normal arm64 com.apple.xcode.tools.swift.compiler (in target 'ArchiveKit' from project 'ArchiveKit')
    cd /Users/USER/github_space/zip-app/ZipHarbor/ZipHarbor.xcodeproj
    builtin-SwiftDriver -- /Applications/Xcode.app/Contents/Developer/Toolchains/XcodeDefault.xctoolchain/usr/bin/swiftc -parse-as-library -module-name ArchiveKit -Onone @/tmp/ZipHarbor-Device-AppIcon-20261001/Build/Intermediates.noindex/ArchiveKit.build/Debug-iphoneos/ArchiveKit-t.build/Objects-normal/arm64/ArchiveKit.SwiftFileList -DSWIFT_PACKAGE -DDEBUG -DSWIFT_MODULE_RESOURCE_BUNDLE_UNAVAILABLE -DXcode -plugin-path /Applications/Xcode.app/Contents/Developer/Toolchains/XcodeDefault.xctoolchain/usr/lib/swift/host/plugins/testing -enable-experimental-feature DebugDescriptionMacro -sdk /Applications/Xcode.app/Contents/Developer/Platforms/iPhoneOS.platform/Developer/SDKs/iPhoneOS27.0.sdk -target arm64-apple-ios15.0 -g -module-cache-path /tmp/ZipHarbor-Device-AppIcon-20261001/ModuleCache.noindex -Xfrontend -serialize-debugging-options -enable-testing -suppress-warnings -index-store-path /tmp/ZipHarbor-Device-AppIcon-20261001/Index.noindex/DataStore -Xcc -D_LIBCPP_HARDENING_MODE\=_LIBCPP_HARDENING_MODE_DEBUG -swift-version 5 -I /tmp/ZipHarbor-Device-AppIcon-20261001/Build/Products/Debug-iphoneos -Isystem /Applications/Xcode.app/Contents/Developer/Platforms/iPhoneOS.platform/Developer/usr/lib -F /tmp/ZipHarbor-Device-AppIcon-20261001/Build/Products/Debug-iphoneos -F /Applications/Xcode.app/Contents/Developer/Platforms/iPhoneOS.platform/Developer/Library/Frameworks -F /Applications/Xcode.app/Contents/Developer/Platforms/iPhoneOS.platform/Developer/SDKs/iPhoneOS27.0.sdk/Developer/Library/Frameworks -c -j15 -enable-batch-mode -incremental -Xcc -ivfsstatcache -Xcc /tmp/ZipHarbor-Device-AppIcon-20261001/SDKStatCaches.noindex/iphoneos27.0-24A430-6c78b3cbc238196c85e1bf6c792c5915.sdkstatcache -output-file-map /tmp/ZipHarbor-Device-AppIcon-20261001/Build/Intermediates.noindex/ArchiveKit.build/Debug-iphoneos/ArchiveKit-t.build/Objects-normal/arm64/ArchiveKit-OutputFileMap.json -save-temps -no-color-diagnostics -explicit-module-build -module-cache-path /tmp/ZipHarbor-Device-AppIcon-20261001/Build/Intermediates.noindex/SwiftExplicitPrecompiledModules -clang-scanner-module-cache-path /tmp/ZipHarbor-Device-AppIcon-20261001/ModuleCache.noindex -sdk-module-cache-path /tmp/ZipHarbor-Device-AppIcon-20261001/SDKExplicitPrecompiledModules -emit-dependencies -emit-module -emit-module-path /tmp/ZipHarbor-Device-AppIcon-20261001/Build/Intermediates.noindex/ArchiveKit.build/Debug-iphoneos/ArchiveKit-t.build/Objects-normal/arm64/ArchiveKit.swiftmodule -serialize-diagnostics -dependency-scan-serialize-diagnostics-path /tmp/ZipHarbor-Device-AppIcon-20261001/Build/Intermediates.noindex/ArchiveKit.build/Debug-iphoneos/ArchiveKit-t.build/Objects-normal/arm64/ArchiveKit-dependency-scan.dia -validate-clang-modules-once -clang-build-session-file /tmp/ZipHarbor-Device-AppIcon-20261001/ModuleCache.noindex/Session.modulevalidation -Xcc -fmodules-prune-interval\=86400 -Xcc -fmodules-prune-after\=345600 -package-name libarchive_xcframework -emit-const-values -const-gather-protocols-list /tmp/ZipHarbor-Device-AppIcon-20261001/Build/Intermediates.noindex/ArchiveKit.build/Debug-iphoneos/ArchiveKit-t.build/Objects-normal/arm64/ArchiveKit_const_extract_protocols.json -Xcc -I/tmp/ZipHarbor-Device-AppIcon-20261001/Build/Products/Debug-iphoneos/include -Xcc -I/tmp/ZipHarbor-Device-AppIcon-20261001/Build/Intermediates.noindex/ArchiveKit.build/Debug-iphoneos/ArchiveKit-t.build/DerivedSources-normal/arm64 -Xcc -I/tmp/ZipHarbor-Device-AppIcon-20261001/Build/Intermediates.noindex/ArchiveKit.build/Debug-iphoneos/ArchiveKit-t.build/DerivedSources/arm64 -Xcc -I/tmp/ZipHarbor-Device-AppIcon-20261001/Build/Intermediates.noindex/ArchiveKit.build/Debug-iphoneos/ArchiveKit-t.build/DerivedSources -Xcc -DSWIFT_PACKAGE -Xcc -DDEBUG\=1 -emit-objc-header -emit-objc-header-path /tmp/ZipHarbor-Device-AppIcon-20261001/Build/Intermediates.noindex/ArchiveKit.build/Debug-iphoneos/ArchiveKit-t.build/Objects-normal/arm64/ArchiveKit-Swift.h -working-directory /Users/USER/github_space/zip-app/ZipHarbor/ZipHarbor.xcodeproj -experimental-emit-module-separately -disable-cmo

SwiftExplicitDependencyGeneratePcm arm64 /tmp/ZipHarbor-Device-AppIcon-20261001/SDKExplicitPrecompiledModules/_SwiftConcurrencyShims-D6AU4P2B94GVJSUZ1C9UENLJ3.pcm

SwiftExplicitDependencyGeneratePcm arm64 /tmp/ZipHarbor-Device-AppIcon-20261001/SDKExplicitPrecompiledModules/_Builtin_stdbool-DAMXLCW5UVZCBBISR2UP3RWLP.pcm

SwiftExplicitDependencyGeneratePcm arm64 /tmp/ZipHarbor-Device-AppIcon-20261001/SDKExplicitPrecompiledModules/ptrcheck-DLS1W4R0OYBD6FV4W06PTV2OJ.pcm

SwiftExplicitDependencyGeneratePcm arm64 /tmp/ZipHarbor-Device-AppIcon-20261001/SDKExplicitPrecompiledModules/SwiftShims-24YN98RIFKKNPHJELX4M1D29P.pcm

SwiftExplicitDependencyGeneratePcm arm64 /tmp/ZipHarbor-Device-AppIcon-20261001/SDKExplicitPrecompiledModules/_Builtin_float-1YQTOS5F1TV448OL5PKKLPTU0.pcm

SwiftExplicitDependencyGeneratePcm arm64 /tmp/ZipHarbor-Device-AppIcon-20261001/SDKExplicitPrecompiledModules/_AvailabilityInternal-CHOKF8FSO0MZLP0Y7ZFF5Q42I.pcm

SwiftExplicitDependencyGeneratePcm arm64 /tmp/ZipHarbor-Device-AppIcon-20261001/SDKExplicitPrecompiledModules/_Builtin_stdarg-3IBO7IUSYH4CRLVT2RX1VPR4C.pcm

SwiftExplicitDependencyGeneratePcm arm64 /tmp/ZipHarbor-Device-AppIcon-20261001/SDKExplicitPrecompiledModules/_Builtin_stddef-5CXWMEXB5Y11THHA9U13OK31.pcm

SwiftExplicitDependencyGeneratePcm arm64 /tmp/ZipHarbor-Device-AppIcon-20261001/SDKExplicitPrecompiledModules/_DarwinFoundation1-7B1WRIA6E54LON1TS00KIDETE.pcm

SwiftExplicitDependencyGeneratePcm arm64 /tmp/ZipHarbor-Device-AppIcon-20261001/SDKExplicitPrecompiledModules/_DarwinFoundation2-52RI3S8HA0V6HIBMKN9C0HKF.pcm

SwiftExplicitDependencyGeneratePcm arm64 /tmp/ZipHarbor-Device-AppIcon-20261001/SDKExplicitPrecompiledModules/_Builtin_limits-DO888TVT7LL1OICB4BFWNC9PL.pcm

SwiftExplicitDependencyGeneratePcm arm64 /tmp/ZipHarbor-Device-AppIcon-20261001/SDKExplicitPrecompiledModules/sys_types-4QH3WZ5B99UNNM0L93SA5X2K6.pcm

SwiftExplicitDependencyGeneratePcm arm64 /tmp/ZipHarbor-Device-AppIcon-20261001/SDKExplicitPrecompiledModules/_Builtin_stdint-49C1UYQG4IL2Y0PJIQUEPD03K.pcm

SwiftExplicitDependencyGeneratePcm arm64 /tmp/ZipHarbor-Device-AppIcon-20261001/SDKExplicitPrecompiledModules/_DarwinFoundation3-3C8TKCBR0TSG5HL6C9TYDDAS3.pcm

SwiftExplicitDependencyGeneratePcm arm64 /tmp/ZipHarbor-Device-AppIcon-20261001/SDKExplicitPrecompiledModules/_Builtin_inttypes-55AMSVBRRT3NJYBW540R9YTAG.pcm

SwiftExplicitDependencyGeneratePcm arm64 /tmp/ZipHarbor-Device-AppIcon-20261001/SDKExplicitPrecompiledModules/Darwin-EX98RSRJ9QVVTT30QBR6U3QD2.pcm

SwiftExplicitDependencyGeneratePcm arm64 /tmp/ZipHarbor-Device-AppIcon-20261001/Build/Intermediates.noindex/SwiftExplicitPrecompiledModules/libarchive-EVA6WNR4LT3FLMA8JX784JHPU.pcm

SwiftEmitModule normal arm64 Emitting\ module\ for\ ArchiveKit (in target 'ArchiveKit' from project 'ArchiveKit')

SwiftCompile normal arm64 (in target 'ArchiveKit' from project 'ArchiveKit')
    cd /Users/USER/github_space/zip-app/ZipHarbor/ZipHarbor.xcodeproj
    

SwiftCompile normal arm64 Compiling\ ArchiveKit.swift /private/tmp/ZipHarbor-Device-AppIcon-20261001/SourcePackages/checkouts/libarchive.xcframework/Sources/ArchiveKit/ArchiveKit.swift (in target 'ArchiveKit' from project 'ArchiveKit')

SwiftCompile normal arm64 /private/tmp/ZipHarbor-Device-AppIcon-20261001/SourcePackages/checkouts/libarchive.xcframework/Sources/ArchiveKit/ArchiveKit.swift (in target 'ArchiveKit' from project 'ArchiveKit')
    cd /Users/USER/github_space/zip-app/ZipHarbor/ZipHarbor.xcodeproj
    builtin-SwiftPerFileCompile ArchiveKit.swift

SwiftDriverJobDiscovery normal arm64 Emitting module for ArchiveKit (in target 'ArchiveKit' from project 'ArchiveKit')

SwiftDriver\ Compilation\ Requirements ArchiveKit normal arm64 com.apple.xcode.tools.swift.compiler (in target 'ArchiveKit' from project 'ArchiveKit')
    cd /Users/USER/github_space/zip-app/ZipHarbor/ZipHarbor.xcodeproj
    builtin-Swift-Compilation-Requirements -- /Applications/Xcode.app/Contents/Developer/Toolchains/XcodeDefault.xctoolchain/usr/bin/swiftc -parse-as-library -module-name ArchiveKit -Onone @/tmp/ZipHarbor-Device-AppIcon-20261001/Build/Intermediates.noindex/ArchiveKit.build/Debug-iphoneos/ArchiveKit-t.build/Objects-normal/arm64/ArchiveKit.SwiftFileList -DSWIFT_PACKAGE -DDEBUG -DSWIFT_MODULE_RESOURCE_BUNDLE_UNAVAILABLE -DXcode -plugin-path /Applications/Xcode.app/Contents/Developer/Toolchains/XcodeDefault.xctoolchain/usr/lib/swift/host/plugins/testing -enable-experimental-feature DebugDescriptionMacro -sdk /Applications/Xcode.app/Contents/Developer/Platforms/iPhoneOS.platform/Developer/SDKs/iPhoneOS27.0.sdk -target arm64-apple-ios15.0 -g -module-cache-path /tmp/ZipHarbor-Device-AppIcon-20261001/ModuleCache.noindex -Xfrontend -serialize-debugging-options -enable-testing -suppress-warnings -index-store-path /tmp/ZipHarbor-Device-AppIcon-20261001/Index.noindex/DataStore -Xcc -D_LIBCPP_HARDENING_MODE\=_LIBCPP_HARDENING_MODE_DEBUG -swift-version 5 -I /tmp/ZipHarbor-Device-AppIcon-20261001/Build/Products/Debug-iphoneos -Isystem /Applications/Xcode.app/Contents/Developer/Platforms/iPhoneOS.platform/Developer/usr/lib -F /tmp/ZipHarbor-Device-AppIcon-20261001/Build/Products/Debug-iphoneos -F /Applications/Xcode.app/Contents/Developer/Platforms/iPhoneOS.platform/Developer/Library/Frameworks -F /Applications/Xcode.app/Contents/Developer/Platforms/iPhoneOS.platform/Developer/SDKs/iPhoneOS27.0.sdk/Developer/Library/Frameworks -c -j15 -enable-batch-mode -incremental -Xcc -ivfsstatcache -Xcc /tmp/ZipHarbor-Device-AppIcon-20261001/SDKStatCaches.noindex/iphoneos27.0-24A430-6c78b3cbc238196c85e1bf6c792c5915.sdkstatcache -output-file-map /tmp/ZipHarbor-Device-AppIcon-20261001/Build/Intermediates.noindex/ArchiveKit.build/Debug-iphoneos/ArchiveKit-t.build/Objects-normal/arm64/ArchiveKit-OutputFileMap.json -save-temps -no-color-diagnostics -explicit-module-build -module-cache-path /tmp/ZipHarbor-Device-AppIcon-20261001/Build/Intermediates.noindex/SwiftExplicitPrecompiledModules -clang-scanner-module-cache-path /tmp/ZipHarbor-Device-AppIcon-20261001/ModuleCache.noindex -sdk-module-cache-path /tmp/ZipHarbor-Device-AppIcon-20261001/SDKExplicitPrecompiledModules -emit-dependencies -emit-module -emit-module-path /tmp/ZipHarbor-Device-AppIcon-20261001/Build/Intermediates.noindex/ArchiveKit.build/Debug-iphoneos/ArchiveKit-t.build/Objects-normal/arm64/ArchiveKit.swiftmodule -serialize-diagnostics -dependency-scan-serialize-diagnostics-path /tmp/ZipHarbor-Device-AppIcon-20261001/Build/Intermediates.noindex/ArchiveKit.build/Debug-iphoneos/ArchiveKit-t.build/Objects-normal/arm64/ArchiveKit-dependency-scan.dia -validate-clang-modules-once -clang-build-session-file /tmp/ZipHarbor-Device-AppIcon-20261001/ModuleCache.noindex/Session.modulevalidation -Xcc -fmodules-prune-interval\=86400 -Xcc -fmodules-prune-after\=345600 -package-name libarchive_xcframework -emit-const-values -const-gather-protocols-list /tmp/ZipHarbor-Device-AppIcon-20261001/Build/Intermediates.noindex/ArchiveKit.build/Debug-iphoneos/ArchiveKit-t.build/Objects-normal/arm64/ArchiveKit_const_extract_protocols.json -Xcc -I/tmp/ZipHarbor-Device-AppIcon-20261001/Build/Products/Debug-iphoneos/include -Xcc -I/tmp/ZipHarbor-Device-AppIcon-20261001/Build/Intermediates.noindex/ArchiveKit.build/Debug-iphoneos/ArchiveKit-t.build/DerivedSources-normal/arm64 -Xcc -I/tmp/ZipHarbor-Device-AppIcon-20261001/Build/Intermediates.noindex/ArchiveKit.build/Debug-iphoneos/ArchiveKit-t.build/DerivedSources/arm64 -Xcc -I/tmp/ZipHarbor-Device-AppIcon-20261001/Build/Intermediates.noindex/ArchiveKit.build/Debug-iphoneos/ArchiveKit-t.build/DerivedSources -Xcc -DSWIFT_PACKAGE -Xcc -DDEBUG\=1 -emit-objc-header -emit-objc-header-path /tmp/ZipHarbor-Device-AppIcon-20261001/Build/Intermediates.noindex/ArchiveKit.build/Debug-iphoneos/ArchiveKit-t.build/Objects-normal/arm64/ArchiveKit-Swift.h -working-directory /Users/USER/github_space/zip-app/ZipHarbor/ZipHarbor.xcodeproj -experimental-emit-module-separately -disable-cmo

SwiftMergeGeneratedHeaders /tmp/ZipHarbor-Device-AppIcon-20261001/Build/Intermediates.noindex/GeneratedModuleMaps-iphoneos/ArchiveKit-Swift.h /tmp/ZipHarbor-Device-AppIcon-20261001/Build/Intermediates.noindex/ArchiveKit.build/Debug-iphoneos/ArchiveKit-t.build/Objects-normal/arm64/ArchiveKit-Swift.h (in target 'ArchiveKit' from project 'ArchiveKit')
    cd /tmp/ZipHarbor-Device-AppIcon-20261001/SourcePackages/checkouts/libarchive.xcframework
    builtin-swiftHeaderTool -arch arm64 /tmp/ZipHarbor-Device-AppIcon-20261001/Build/Intermediates.noindex/ArchiveKit.build/Debug-iphoneos/ArchiveKit-t.build/Objects-normal/arm64/ArchiveKit-Swift.h -o /tmp/ZipHarbor-Device-AppIcon-20261001/Build/Intermediates.noindex/GeneratedModuleMaps-iphoneos/ArchiveKit-Swift.h

Copy /tmp/ZipHarbor-Device-AppIcon-20261001/Build/Products/Debug-iphoneos/ArchiveKit.swiftmodule/arm64-apple-ios.swiftdoc /tmp/ZipHarbor-Device-AppIcon-20261001/Build/Intermediates.noindex/ArchiveKit.build/Debug-iphoneos/ArchiveKit-t.build/Objects-normal/arm64/ArchiveKit.swiftdoc (in target 'ArchiveKit' from project 'ArchiveKit')
    cd /tmp/ZipHarbor-Device-AppIcon-20261001/SourcePackages/checkouts/libarchive.xcframework
    builtin-copy -exclude .DS_Store -exclude CVS -exclude .svn -exclude .git -exclude .hg -resolve-src-symlinks -rename /tmp/ZipHarbor-Device-AppIcon-20261001/Build/Intermediates.noindex/ArchiveKit.build/Debug-iphoneos/ArchiveKit-t.build/Objects-normal/arm64/ArchiveKit.swiftdoc /tmp/ZipHarbor-Device-AppIcon-20261001/Build/Products/Debug-iphoneos/ArchiveKit.swiftmodule/arm64-apple-ios.swiftdoc

Copy /tmp/ZipHarbor-Device-AppIcon-20261001/Build/Products/Debug-iphoneos/ArchiveKit.swiftmodule/arm64-apple-ios.swiftmodule /tmp/ZipHarbor-Device-AppIcon-20261001/Build/Intermediates.noindex/ArchiveKit.build/Debug-iphoneos/ArchiveKit-t.build/Objects-normal/arm64/ArchiveKit.swiftmodule (in target 'ArchiveKit' from project 'ArchiveKit')
    cd /tmp/ZipHarbor-Device-AppIcon-20261001/SourcePackages/checkouts/libarchive.xcframework
    builtin-copy -exclude .DS_Store -exclude CVS -exclude .svn -exclude .git -exclude .hg -resolve-src-symlinks -rename /tmp/ZipHarbor-Device-AppIcon-20261001/Build/Intermediates.noindex/ArchiveKit.build/Debug-iphoneos/ArchiveKit-t.build/Objects-normal/arm64/ArchiveKit.swiftmodule /tmp/ZipHarbor-Device-AppIcon-20261001/Build/Products/Debug-iphoneos/ArchiveKit.swiftmodule/arm64-apple-ios.swiftmodule

Copy /tmp/ZipHarbor-Device-AppIcon-20261001/Build/Products/Debug-iphoneos/ArchiveKit.swiftmodule/arm64-apple-ios.abi.json /tmp/ZipHarbor-Device-AppIcon-20261001/Build/Intermediates.noindex/ArchiveKit.build/Debug-iphoneos/ArchiveKit-t.build/Objects-normal/arm64/ArchiveKit.abi.json (in target 'ArchiveKit' from project 'ArchiveKit')
    cd /tmp/ZipHarbor-Device-AppIcon-20261001/SourcePackages/checkouts/libarchive.xcframework
    builtin-copy -exclude .DS_Store -exclude CVS -exclude .svn -exclude .git -exclude .hg -resolve-src-symlinks -rename /tmp/ZipHarbor-Device-AppIcon-20261001/Build/Intermediates.noindex/ArchiveKit.build/Debug-iphoneos/ArchiveKit-t.build/Objects-normal/arm64/ArchiveKit.abi.json /tmp/ZipHarbor-Device-AppIcon-20261001/Build/Products/Debug-iphoneos/ArchiveKit.swiftmodule/arm64-apple-ios.abi.json

Copy /tmp/ZipHarbor-Device-AppIcon-20261001/Build/Products/Debug-iphoneos/ArchiveKit.swiftmodule/Project/arm64-apple-ios.swiftsourceinfo /tmp/ZipHarbor-Device-AppIcon-20261001/Build/Intermediates.noindex/ArchiveKit.build/Debug-iphoneos/ArchiveKit-t.build/Objects-normal/arm64/ArchiveKit.swiftsourceinfo (in target 'ArchiveKit' from project 'ArchiveKit')
    cd /tmp/ZipHarbor-Device-AppIcon-20261001/SourcePackages/checkouts/libarchive.xcframework
    builtin-copy -exclude .DS_Store -exclude CVS -exclude .svn -exclude .git -exclude .hg -resolve-src-symlinks -rename /tmp/ZipHarbor-Device-AppIcon-20261001/Build/Intermediates.noindex/ArchiveKit.build/Debug-iphoneos/ArchiveKit-t.build/Objects-normal/arm64/ArchiveKit.swiftsourceinfo /tmp/ZipHarbor-Device-AppIcon-20261001/Build/Products/Debug-iphoneos/ArchiveKit.swiftmodule/Project/arm64-apple-ios.swiftsourceinfo

ProcessProductPackaging /Users/USER/Library/Developer/Xcode/UserData/Provisioning\ Profiles/63dd1084-944d-4fc2-ba15-f1a3f72c90a3.mobileprovision /tmp/ZipHarbor-Device-AppIcon-20261001/Build/Products/Debug-iphoneos/ZipHarbor.app/embedded.mobileprovision (in target 'ZipHarbor' from project 'ZipHarbor')
    cd /Users/USER/github_space/zip-app/ZipHarbor
    builtin-productPackagingUtility /Users/USER/Library/Developer/Xcode/UserData/Provisioning\ Profiles/63dd1084-944d-4fc2-ba15-f1a3f72c90a3.mobileprovision -o /tmp/ZipHarbor-Device-AppIcon-20261001/Build/Products/Debug-iphoneos/ZipHarbor.app/embedded.mobileprovision

ProcessProductPackaging "" /tmp/ZipHarbor-Device-AppIcon-20261001/Build/Intermediates.noindex/ZipHarbor.build/Debug-iphoneos/ZipHarbor.build/ZipHarbor.app.xcent (in target 'ZipHarbor' from project 'ZipHarbor')
    cd /Users/USER/github_space/zip-app/ZipHarbor
    
    Entitlements:
    
    {
    "application-identifier" = "3LSP26D33P.com.xiaolongxu.zipharbor.app";
    "com.apple.developer.team-identifier" = 3LSP26D33P;
    "get-task-allow" = 1;
}
    
    builtin-productPackagingUtility -entitlements -format xml -o /tmp/ZipHarbor-Device-AppIcon-20261001/Build/Intermediates.noindex/ZipHarbor.build/Debug-iphoneos/ZipHarbor.build/ZipHarbor.app.xcent

ProcessProductPackagingDER /tmp/ZipHarbor-Device-AppIcon-20261001/Build/Intermediates.noindex/ZipHarbor.build/Debug-iphoneos/ZipHarbor.build/ZipHarbor.app.xcent /tmp/ZipHarbor-Device-AppIcon-20261001/Build/Intermediates.noindex/ZipHarbor.build/Debug-iphoneos/ZipHarbor.build/ZipHarbor.app.xcent.der (in target 'ZipHarbor' from project 'ZipHarbor')
    cd /Users/USER/github_space/zip-app/ZipHarbor
    /usr/bin/derq query -f xml -i /tmp/ZipHarbor-Device-AppIcon-20261001/Build/Intermediates.noindex/ZipHarbor.build/Debug-iphoneos/ZipHarbor.build/ZipHarbor.app.xcent -o /tmp/ZipHarbor-Device-AppIcon-20261001/Build/Intermediates.noindex/ZipHarbor.build/Debug-iphoneos/ZipHarbor.build/ZipHarbor.app.xcent.der --raw

GenerateAssetSymbols /Users/USER/github_space/zip-app/ZipHarbor/ZipHarbor/Assets.xcassets (in target 'ZipHarbor' from project 'ZipHarbor')
    cd /Users/USER/github_space/zip-app/ZipHarbor
    /Applications/Xcode.app/Contents/Developer/usr/bin/actool /Users/USER/github_space/zip-app/ZipHarbor/ZipHarbor/Assets.xcassets --compile /tmp/ZipHarbor-Device-AppIcon-20261001/Build/Products/Debug-iphoneos/ZipHarbor.app --output-format human-readable-text --notices --warnings --export-dependency-info /tmp/ZipHarbor-Device-AppIcon-20261001/Build/Intermediates.noindex/ZipHarbor.build/Debug-iphoneos/ZipHarbor.build/assetcatalog_dependencies --output-partial-info-plist /tmp/ZipHarbor-Device-AppIcon-20261001/Build/Intermediates.noindex/ZipHarbor.build/Debug-iphoneos/ZipHarbor.build/assetcatalog_generated_info.plist --app-icon AppIcon --accent-color AccentColor --compress-pngs --enable-on-demand-resources YES --development-region en --target-device iphone --target-device ipad --minimum-deployment-target 17.0 --platform iphoneos --bundle-identifier com.xiaolongxu.zipharbor.app --generate-swift-asset-symbols /tmp/ZipHarbor-Device-AppIcon-20261001/Build/Intermediates.noindex/ZipHarbor.build/Debug-iphoneos/ZipHarbor.build/DerivedSources/GeneratedAssetSymbols.swift --generate-objc-asset-symbols /tmp/ZipHarbor-Device-AppIcon-20261001/Build/Intermediates.noindex/ZipHarbor.build/Debug-iphoneos/ZipHarbor.build/DerivedSources/GeneratedAssetSymbols.h --generate-asset-symbol-index /tmp/ZipHarbor-Device-AppIcon-20261001/Build/Intermediates.noindex/ZipHarbor.build/Debug-iphoneos/ZipHarbor.build/DerivedSources/GeneratedAssetSymbols-Index.plist
/* com.apple.actool.compilation-results */
/tmp/ZipHarbor-Device-AppIcon-20261001/Build/Intermediates.noindex/ZipHarbor.build/Debug-iphoneos/ZipHarbor.build/DerivedSources/GeneratedAssetSymbols-Index.plist
/tmp/ZipHarbor-Device-AppIcon-20261001/Build/Intermediates.noindex/ZipHarbor.build/Debug-iphoneos/ZipHarbor.build/DerivedSources/GeneratedAssetSymbols.h
/tmp/ZipHarbor-Device-AppIcon-20261001/Build/Intermediates.noindex/ZipHarbor.build/Debug-iphoneos/ZipHarbor.build/DerivedSources/GeneratedAssetSymbols.swift


MkDir /tmp/ZipHarbor-Device-AppIcon-20261001/Build/Intermediates.noindex/ZipHarbor.build/Debug-iphoneos/ZipHarbor.build/assetcatalog_output/thinned (in target 'ZipHarbor' from project 'ZipHarbor')
    cd /Users/USER/github_space/zip-app/ZipHarbor
    /bin/mkdir -p /tmp/ZipHarbor-Device-AppIcon-20261001/Build/Intermediates.noindex/ZipHarbor.build/Debug-iphoneos/ZipHarbor.build/assetcatalog_output/thinned

MkDir /tmp/ZipHarbor-Device-AppIcon-20261001/Build/Intermediates.noindex/ZipHarbor.build/Debug-iphoneos/ZipHarbor.build/assetcatalog_output/unthinned (in target 'ZipHarbor' from project 'ZipHarbor')
    cd /Users/USER/github_space/zip-app/ZipHarbor
    /bin/mkdir -p /tmp/ZipHarbor-Device-AppIcon-20261001/Build/Intermediates.noindex/ZipHarbor.build/Debug-iphoneos/ZipHarbor.build/assetcatalog_output/unthinned

CompileAssetCatalogVariant thinned /tmp/ZipHarbor-Device-AppIcon-20261001/Build/Products/Debug-iphoneos/ZipHarbor.app /Users/USER/github_space/zip-app/ZipHarbor/ZipHarbor/Assets.xcassets (in target 'ZipHarbor' from project 'ZipHarbor')
    cd /Users/USER/github_space/zip-app/ZipHarbor
    /Applications/Xcode.app/Contents/Developer/usr/bin/actool /Users/USER/github_space/zip-app/ZipHarbor/ZipHarbor/Assets.xcassets --compile /tmp/ZipHarbor-Device-AppIcon-20261001/Build/Intermediates.noindex/ZipHarbor.build/Debug-iphoneos/ZipHarbor.build/assetcatalog_output/thinned --output-format human-readable-text --notices --warnings --export-dependency-info /tmp/ZipHarbor-Device-AppIcon-20261001/Build/Intermediates.noindex/ZipHarbor.build/Debug-iphoneos/ZipHarbor.build/assetcatalog_dependencies_thinned --output-partial-info-plist /tmp/ZipHarbor-Device-AppIcon-20261001/Build/Intermediates.noindex/ZipHarbor.build/Debug-iphoneos/ZipHarbor.build/assetcatalog_generated_info.plist_thinned --app-icon AppIcon --accent-color AccentColor --compress-pngs --enable-on-demand-resources YES --filter-for-thinning-device-configuration iPhone14,7 --filter-for-device-os-version 27.0 --development-region en --target-device iphone --target-device ipad --minimum-deployment-target 17.0 --platform iphoneos
/* com.apple.actool.compilation-results */
/tmp/ZipHarbor-Device-AppIcon-20261001/Build/Intermediates.noindex/ZipHarbor.build/Debug-iphoneos/ZipHarbor.build/assetcatalog_generated_info.plist_thinned
/tmp/ZipHarbor-Device-AppIcon-20261001/Build/Intermediates.noindex/ZipHarbor.build/Debug-iphoneos/ZipHarbor.build/assetcatalog_output/thinned/AppIcon60x60@2x.png
/tmp/ZipHarbor-Device-AppIcon-20261001/Build/Intermediates.noindex/ZipHarbor.build/Debug-iphoneos/ZipHarbor.build/assetcatalog_output/thinned/AppIcon76x76@2x~ipad.png
/tmp/ZipHarbor-Device-AppIcon-20261001/Build/Intermediates.noindex/ZipHarbor.build/Debug-iphoneos/ZipHarbor.build/assetcatalog_output/thinned/Assets.car


SwiftDriverJobDiscovery normal arm64 Compiling ArchiveKit.swift (in target 'ArchiveKit' from project 'ArchiveKit')

SwiftDriver\ Compilation ArchiveKit normal arm64 com.apple.xcode.tools.swift.compiler (in target 'ArchiveKit' from project 'ArchiveKit')
    cd /Users/USER/github_space/zip-app/ZipHarbor/ZipHarbor.xcodeproj
    builtin-Swift-Compilation -- /Applications/Xcode.app/Contents/Developer/Toolchains/XcodeDefault.xctoolchain/usr/bin/swiftc -parse-as-library -module-name ArchiveKit -Onone @/tmp/ZipHarbor-Device-AppIcon-20261001/Build/Intermediates.noindex/ArchiveKit.build/Debug-iphoneos/ArchiveKit-t.build/Objects-normal/arm64/ArchiveKit.SwiftFileList -DSWIFT_PACKAGE -DDEBUG -DSWIFT_MODULE_RESOURCE_BUNDLE_UNAVAILABLE -DXcode -plugin-path /Applications/Xcode.app/Contents/Developer/Toolchains/XcodeDefault.xctoolchain/usr/lib/swift/host/plugins/testing -enable-experimental-feature DebugDescriptionMacro -sdk /Applications/Xcode.app/Contents/Developer/Platforms/iPhoneOS.platform/Developer/SDKs/iPhoneOS27.0.sdk -target arm64-apple-ios15.0 -g -module-cache-path /tmp/ZipHarbor-Device-AppIcon-20261001/ModuleCache.noindex -Xfrontend -serialize-debugging-options -enable-testing -suppress-warnings -index-store-path /tmp/ZipHarbor-Device-AppIcon-20261001/Index.noindex/DataStore -Xcc -D_LIBCPP_HARDENING_MODE\=_LIBCPP_HARDENING_MODE_DEBUG -swift-version 5 -I /tmp/ZipHarbor-Device-AppIcon-20261001/Build/Products/Debug-iphoneos -Isystem /Applications/Xcode.app/Contents/Developer/Platforms/iPhoneOS.platform/Developer/usr/lib -F /tmp/ZipHarbor-Device-AppIcon-20261001/Build/Products/Debug-iphoneos -F /Applications/Xcode.app/Contents/Developer/Platforms/iPhoneOS.platform/Developer/Library/Frameworks -F /Applications/Xcode.app/Contents/Developer/Platforms/iPhoneOS.platform/Developer/SDKs/iPhoneOS27.0.sdk/Developer/Library/Frameworks -c -j15 -enable-batch-mode -incremental -Xcc -ivfsstatcache -Xcc /tmp/ZipHarbor-Device-AppIcon-20261001/SDKStatCaches.noindex/iphoneos27.0-24A430-6c78b3cbc238196c85e1bf6c792c5915.sdkstatcache -output-file-map /tmp/ZipHarbor-Device-AppIcon-20261001/Build/Intermediates.noindex/ArchiveKit.build/Debug-iphoneos/ArchiveKit-t.build/Objects-normal/arm64/ArchiveKit-OutputFileMap.json -save-temps -no-color-diagnostics -explicit-module-build -module-cache-path /tmp/ZipHarbor-Device-AppIcon-20261001/Build/Intermediates.noindex/SwiftExplicitPrecompiledModules -clang-scanner-module-cache-path /tmp/ZipHarbor-Device-AppIcon-20261001/ModuleCache.noindex -sdk-module-cache-path /tmp/ZipHarbor-Device-AppIcon-20261001/SDKExplicitPrecompiledModules -emit-dependencies -emit-module -emit-module-path /tmp/ZipHarbor-Device-AppIcon-20261001/Build/Intermediates.noindex/ArchiveKit.build/Debug-iphoneos/ArchiveKit-t.build/Objects-normal/arm64/ArchiveKit.swiftmodule -serialize-diagnostics -dependency-scan-serialize-diagnostics-path /tmp/ZipHarbor-Device-AppIcon-20261001/Build/Intermediates.noindex/ArchiveKit.build/Debug-iphoneos/ArchiveKit-t.build/Objects-normal/arm64/ArchiveKit-dependency-scan.dia -validate-clang-modules-once -clang-build-session-file /tmp/ZipHarbor-Device-AppIcon-20261001/ModuleCache.noindex/Session.modulevalidation -Xcc -fmodules-prune-interval\=86400 -Xcc -fmodules-prune-after\=345600 -package-name libarchive_xcframework -emit-const-values -const-gather-protocols-list /tmp/ZipHarbor-Device-AppIcon-20261001/Build/Intermediates.noindex/ArchiveKit.build/Debug-iphoneos/ArchiveKit-t.build/Objects-normal/arm64/ArchiveKit_const_extract_protocols.json -Xcc -I/tmp/ZipHarbor-Device-AppIcon-20261001/Build/Products/Debug-iphoneos/include -Xcc -I/tmp/ZipHarbor-Device-AppIcon-20261001/Build/Intermediates.noindex/ArchiveKit.build/Debug-iphoneos/ArchiveKit-t.build/DerivedSources-normal/arm64 -Xcc -I/tmp/ZipHarbor-Device-AppIcon-20261001/Build/Intermediates.noindex/ArchiveKit.build/Debug-iphoneos/ArchiveKit-t.build/DerivedSources/arm64 -Xcc -I/tmp/ZipHarbor-Device-AppIcon-20261001/Build/Intermediates.noindex/ArchiveKit.build/Debug-iphoneos/ArchiveKit-t.build/DerivedSources -Xcc -DSWIFT_PACKAGE -Xcc -DDEBUG\=1 -emit-objc-header -emit-objc-header-path /tmp/ZipHarbor-Device-AppIcon-20261001/Build/Intermediates.noindex/ArchiveKit.build/Debug-iphoneos/ArchiveKit-t.build/Objects-normal/arm64/ArchiveKit-Swift.h -working-directory /Users/USER/github_space/zip-app/ZipHarbor/ZipHarbor.xcodeproj -experimental-emit-module-separately -disable-cmo

Ld /tmp/ZipHarbor-Device-AppIcon-20261001/Build/Products/Debug-iphoneos/ArchiveKit.o normal (in target 'ArchiveKit' from project 'ArchiveKit')
    cd /tmp/ZipHarbor-Device-AppIcon-20261001/SourcePackages/checkouts/libarchive.xcframework
    /Applications/Xcode.app/Contents/Developer/Toolchains/XcodeDefault.xctoolchain/usr/bin/clang -Xlinker -reproducible -target arm64-apple-ios15.0 -r -isysroot /Applications/Xcode.app/Contents/Developer/Platforms/iPhoneOS.platform/Developer/SDKs/iPhoneOS27.0.sdk -O0 -w -Xlinker -no_warn_duplicate_libraries -F/tmp/ZipHarbor-Device-AppIcon-20261001/Build/Intermediates.noindex/EagerLinkingTBDs/Debug-iphoneos -F/tmp/ZipHarbor-Device-AppIcon-20261001/Build/Products/Debug-iphoneos -iframework /Applications/Xcode.app/Contents/Developer/Platforms/iPhoneOS.platform/Developer/Library/Frameworks -iframework /Applications/Xcode.app/Contents/Developer/Platforms/iPhoneOS.platform/Developer/SDKs/iPhoneOS27.0.sdk/Developer/Library/Frameworks -filelist /tmp/ZipHarbor-Device-AppIcon-20261001/Build/Intermediates.noindex/ArchiveKit.build/Debug-iphoneos/ArchiveKit-t.build/Objects-normal/arm64/ArchiveKit.LinkFileList -nostdlib -Xlinker -object_path_lto -Xlinker /tmp/ZipHarbor-Device-AppIcon-20261001/Build/Intermediates.noindex/ArchiveKit.build/Debug-iphoneos/ArchiveKit-t.build/Objects-normal/arm64/ArchiveKit_lto.o -Xlinker -no_deduplicate -Xlinker -dependency_info -Xlinker /tmp/ZipHarbor-Device-AppIcon-20261001/Build/Intermediates.noindex/ArchiveKit.build/Debug-iphoneos/ArchiveKit-t.build/Objects-normal/arm64/ArchiveKit_dependency_info.dat -fobjc-link-runtime -L/Applications/Xcode.app/Contents/Developer/Toolchains/XcodeDefault.xctoolchain/usr/lib/swift/iphoneos -L/usr/lib/swift -Xlinker -add_ast_path -Xlinker /tmp/ZipHarbor-Device-AppIcon-20261001/Build/Intermediates.noindex/ArchiveKit.build/Debug-iphoneos/ArchiveKit-t.build/Objects-normal/arm64/ArchiveKit.swiftmodule -o /tmp/ZipHarbor-Device-AppIcon-20261001/Build/Products/Debug-iphoneos/ArchiveKit.o

ExtractAppIntentsMetadata (in target 'ArchiveKit' from project 'ArchiveKit')
    cd /tmp/ZipHarbor-Device-AppIcon-20261001/SourcePackages/checkouts/libarchive.xcframework
    /Applications/Xcode.app/Contents/Developer/Toolchains/XcodeDefault.xctoolchain/usr/bin/appintentsmetadataprocessor --toolchain-dir /Applications/Xcode.app/Contents/Developer/Toolchains/XcodeDefault.xctoolchain --module-name ArchiveKit --sdk-root /Applications/Xcode.app/Contents/Developer/Platforms/iPhoneOS.platform/Developer/SDKs/iPhoneOS27.0.sdk --xcode-version 27A266a --platform-family iOS --deployment-target 15.0 --bundle-identifier libarchive.xcframework.ArchiveKit --output /tmp/ZipHarbor-Device-AppIcon-20261001/Build/Products/Debug-iphoneos/ArchiveKit.appintents --target-triple arm64-apple-ios15.0 --binary-file /tmp/ZipHarbor-Device-AppIcon-20261001/Build/Products/Debug-iphoneos/ArchiveKit.o --dependency-file /tmp/ZipHarbor-Device-AppIcon-20261001/Build/Intermediates.noindex/ArchiveKit.build/Debug-iphoneos/ArchiveKit-t.build/Objects-normal/arm64/ArchiveKit_dependency_info.dat --stringsdata-file /tmp/ZipHarbor-Device-AppIcon-20261001/Build/Intermediates.noindex/ArchiveKit.build/Debug-iphoneos/ArchiveKit-t.build/Objects-normal/arm64/ExtractedAppShortcutsMetadata.stringsdata --source-file-list /tmp/ZipHarbor-Device-AppIcon-20261001/Build/Intermediates.noindex/ArchiveKit.build/Debug-iphoneos/ArchiveKit-t.build/Objects-normal/arm64/ArchiveKit.SwiftFileList --metadata-file-list /tmp/ZipHarbor-Device-AppIcon-20261001/Build/Intermediates.noindex/ArchiveKit.build/Debug-iphoneos/ArchiveKit-t.build/ArchiveKit.DependencyMetadataFileList --static-metadata-file-list /tmp/ZipHarbor-Device-AppIcon-20261001/Build/Intermediates.noindex/ArchiveKit.build/Debug-iphoneos/ArchiveKit-t.build/ArchiveKit.DependencyStaticMetadataFileList --swift-const-vals-list /tmp/ZipHarbor-Device-AppIcon-20261001/Build/Intermediates.noindex/ArchiveKit.build/Debug-iphoneos/ArchiveKit-t.build/Objects-normal/arm64/ArchiveKit.SwiftConstValuesFileList --force --compile-time-extraction --deployment-aware-processing --no-app-shortcuts-localization
2026-10-01 22:44:13.718 appintentsmetadataprocessor[60272:4097203] Starting appintentsmetadataprocessor export
2026-10-01 22:44:13.767 appintentsmetadataprocessor[60272:4097203] Extracted no relevant App Intents symbols, skipping writing output

CpResource /tmp/ZipHarbor-Device-AppIcon-20261001/Build/Products/Debug-iphoneos/ZipHarbor.app/OpenSourceNotices.txt /Users/USER/github_space/zip-app/ZipHarbor/ZipHarbor/Resources/OpenSourceNotices.txt (in target 'ZipHarbor' from project 'ZipHarbor')
    cd /Users/USER/github_space/zip-app/ZipHarbor
    builtin-copy -exclude .DS_Store -exclude CVS -exclude .svn -exclude .git -exclude .hg -resolve-src-symlinks /Users/USER/github_space/zip-app/ZipHarbor/ZipHarbor/Resources/OpenSourceNotices.txt /tmp/ZipHarbor-Device-AppIcon-20261001/Build/Products/Debug-iphoneos/ZipHarbor.app

Ld /tmp/ZipHarbor-Device-AppIcon-20261001/Build/Products/Debug-iphoneos/ZipHarbor.app/__preview.dylib normal (in target 'ZipHarbor' from project 'ZipHarbor')
    cd /Users/USER/github_space/zip-app/ZipHarbor
    /Applications/Xcode.app/Contents/Developer/Toolchains/XcodeDefault.xctoolchain/usr/bin/clang -Xlinker -reproducible -target arm64-apple-ios17.0 -dynamiclib -isysroot /Applications/Xcode.app/Contents/Developer/Platforms/iPhoneOS.platform/Developer/SDKs/iPhoneOS27.0.sdk -O0 -Xlinker -no_warn_duplicate_libraries -L/tmp/ZipHarbor-Device-AppIcon-20261001/Build/Products/Debug-iphoneos -F/tmp/ZipHarbor-Device-AppIcon-20261001/Build/Products/Debug-iphoneos/PackageFrameworks -F/tmp/ZipHarbor-Device-AppIcon-20261001/Build/Products/Debug-iphoneos -install_name @rpath/ZipHarbor.debug.dylib -Xlinker -dead_strip -rdynamic -Xlinker -no_deduplicate -Xlinker -dependency_info -Xlinker /tmp/ZipHarbor-Device-AppIcon-20261001/Build/Intermediates.noindex/ZipHarbor.build/Debug-iphoneos/ZipHarbor.build/Objects-normal/arm64/ZipHarbor_dependency_info.dat -Xlinker -no_adhoc_codesign -o /tmp/ZipHarbor-Device-AppIcon-20261001/Build/Products/Debug-iphoneos/ZipHarbor.app/__preview.dylib

CopyStringsFile /tmp/ZipHarbor-Device-AppIcon-20261001/Build/Products/Debug-iphoneos/ZipHarbor.app/en.lproj/InfoPlist.strings /Users/USER/github_space/zip-app/ZipHarbor/ZipHarbor/Resources/en.lproj/InfoPlist.strings (in target 'ZipHarbor' from project 'ZipHarbor')
    cd /Users/USER/github_space/zip-app/ZipHarbor
    builtin-copyStrings --validate --outputencoding binary --outfilename InfoPlist.strings --outdir /tmp/ZipHarbor-Device-AppIcon-20261001/Build/Products/Debug-iphoneos/ZipHarbor.app/en.lproj -- /Users/USER/github_space/zip-app/ZipHarbor/ZipHarbor/Resources/en.lproj/InfoPlist.strings
/Users/USER/github_space/zip-app/ZipHarbor/ZipHarbor/Resources/en.lproj/InfoPlist.strings:1:1: note: detected encoding of input file as Unicode (UTF-8) (in target 'ZipHarbor' from project 'ZipHarbor')

CopyStringsFile /tmp/ZipHarbor-Device-AppIcon-20261001/Build/Products/Debug-iphoneos/ZipHarbor.app/en.lproj/Localizable.strings /Users/USER/github_space/zip-app/ZipHarbor/ZipHarbor/Resources/en.lproj/Localizable.strings (in target 'ZipHarbor' from project 'ZipHarbor')
    cd /Users/USER/github_space/zip-app/ZipHarbor
    builtin-copyStrings --validate --outputencoding binary --outfilename Localizable.strings --outdir /tmp/ZipHarbor-Device-AppIcon-20261001/Build/Products/Debug-iphoneos/ZipHarbor.app/en.lproj -- /Users/USER/github_space/zip-app/ZipHarbor/ZipHarbor/Resources/en.lproj/Localizable.strings
/Users/USER/github_space/zip-app/ZipHarbor/ZipHarbor/Resources/en.lproj/Localizable.strings:1:1: note: detected encoding of input file as Unicode (UTF-8) (in target 'ZipHarbor' from project 'ZipHarbor')

Copy /tmp/ZipHarbor-Device-AppIcon-20261001/Build/Products/Debug-iphoneos/ZipHarbor.app/Frameworks/libarchive.framework /tmp/ZipHarbor-Device-AppIcon-20261001/SourcePackages/artifacts/libarchive.xcframework/libarchive/libarchive.xcframework/ios-arm64_arm64e/libarchive.framework (in target 'ZipHarbor' from project 'ZipHarbor')
    cd /Users/USER/github_space/zip-app/ZipHarbor
    builtin-copy -exclude .DS_Store -exclude CVS -exclude .svn -exclude .git -exclude .hg -exclude Headers -exclude PrivateHeaders -exclude Modules -exclude \*.tbd -bitcode-strip all -bitcode-strip-tool /Applications/Xcode.app/Contents/Developer/Toolchains/XcodeDefault.xctoolchain/usr/bin/bitcode_strip -resolve-src-symlinks -remove-static-executable /tmp/ZipHarbor-Device-AppIcon-20261001/SourcePackages/artifacts/libarchive.xcframework/libarchive/libarchive.xcframework/ios-arm64_arm64e/libarchive.framework /tmp/ZipHarbor-Device-AppIcon-20261001/Build/Products/Debug-iphoneos/ZipHarbor.app/Frameworks
note: Injecting stub binary into codeless framework (in target 'ZipHarbor' from project 'ZipHarbor')
    /Applications/Xcode.app/Contents/Developer/Toolchains/XcodeDefault.xctoolchain/usr/bin/clang -isysroot /Applications/Xcode.app/Contents/Developer/Platforms/iPhoneOS.platform/Developer/SDKs/iPhoneOS27.0.sdk -x c -c /dev/null -target arm64-apple-ios12.0 -o /private/var/folders/yg/g1m2509n60z00vz9dy7gycpc0000gn/T/swbuild.tmp.O2AJy3fT/Data.noindex/arm64-apple.o
    /Applications/Xcode.app/Contents/Developer/Toolchains/XcodeDefault.xctoolchain/usr/bin/clang -isysroot /Applications/Xcode.app/Contents/Developer/Platforms/iPhoneOS.platform/Developer/SDKs/iPhoneOS27.0.sdk -dynamiclib -Xlinker -adhoc_codesign -target arm64-apple-ios12.0 -install_name @rpath/libarchive.framework/libarchive -o /private/var/folders/yg/g1m2509n60z00vz9dy7gycpc0000gn/T/swbuild.tmp.O2AJy3fT/Data.noindex/arm64-apple /private/var/folders/yg/g1m2509n60z00vz9dy7gycpc0000gn/T/swbuild.tmp.O2AJy3fT/Data.noindex/arm64-apple.o
    /Applications/Xcode.app/Contents/Developer/Toolchains/XcodeDefault.xctoolchain/usr/bin/lipo -create -output /tmp/ZipHarbor-Device-AppIcon-20261001/Build/Products/Debug-iphoneos/ZipHarbor.app/Frameworks/libarchive.framework/libarchive /private/var/folders/yg/g1m2509n60z00vz9dy7gycpc0000gn/T/swbuild.tmp.O2AJy3fT/Data.noindex/arm64-apple

CopyStringsFile /tmp/ZipHarbor-Device-AppIcon-20261001/Build/Products/Debug-iphoneos/ZipHarbor.app/zh-Hans.lproj/Localizable.strings /Users/USER/github_space/zip-app/ZipHarbor/ZipHarbor/Resources/zh-Hans.lproj/Localizable.strings (in target 'ZipHarbor' from project 'ZipHarbor')
    cd /Users/USER/github_space/zip-app/ZipHarbor
    builtin-copyStrings --validate --outputencoding binary --outfilename Localizable.strings --outdir /tmp/ZipHarbor-Device-AppIcon-20261001/Build/Products/Debug-iphoneos/ZipHarbor.app/zh-Hans.lproj -- /Users/USER/github_space/zip-app/ZipHarbor/ZipHarbor/Resources/zh-Hans.lproj/Localizable.strings
/Users/USER/github_space/zip-app/ZipHarbor/ZipHarbor/Resources/zh-Hans.lproj/Localizable.strings:1:1: note: detected encoding of input file as Unicode (UTF-8) (in target 'ZipHarbor' from project 'ZipHarbor')

CopyStringsFile /tmp/ZipHarbor-Device-AppIcon-20261001/Build/Products/Debug-iphoneos/ZipHarbor.app/zh-Hans.lproj/InfoPlist.strings /Users/USER/github_space/zip-app/ZipHarbor/ZipHarbor/Resources/zh-Hans.lproj/InfoPlist.strings (in target 'ZipHarbor' from project 'ZipHarbor')
    cd /Users/USER/github_space/zip-app/ZipHarbor
    builtin-copyStrings --validate --outputencoding binary --outfilename InfoPlist.strings --outdir /tmp/ZipHarbor-Device-AppIcon-20261001/Build/Products/Debug-iphoneos/ZipHarbor.app/zh-Hans.lproj -- /Users/USER/github_space/zip-app/ZipHarbor/ZipHarbor/Resources/zh-Hans.lproj/InfoPlist.strings
/Users/USER/github_space/zip-app/ZipHarbor/ZipHarbor/Resources/zh-Hans.lproj/InfoPlist.strings:1:1: note: detected encoding of input file as Unicode (UTF-8) (in target 'ZipHarbor' from project 'ZipHarbor')

LinkAssetCatalog /Users/USER/github_space/zip-app/ZipHarbor/ZipHarbor/Assets.xcassets (in target 'ZipHarbor' from project 'ZipHarbor')
    cd /Users/USER/github_space/zip-app/ZipHarbor
    builtin-linkAssetCatalog --thinned /tmp/ZipHarbor-Device-AppIcon-20261001/Build/Intermediates.noindex/ZipHarbor.build/Debug-iphoneos/ZipHarbor.build/assetcatalog_output/thinned --thinned-dependencies /tmp/ZipHarbor-Device-AppIcon-20261001/Build/Intermediates.noindex/ZipHarbor.build/Debug-iphoneos/ZipHarbor.build/assetcatalog_dependencies_thinned --thinned-info-plist-content /tmp/ZipHarbor-Device-AppIcon-20261001/Build/Intermediates.noindex/ZipHarbor.build/Debug-iphoneos/ZipHarbor.build/assetcatalog_generated_info.plist_thinned --unthinned /tmp/ZipHarbor-Device-AppIcon-20261001/Build/Intermediates.noindex/ZipHarbor.build/Debug-iphoneos/ZipHarbor.build/assetcatalog_output/unthinned --unthinned-dependencies /tmp/ZipHarbor-Device-AppIcon-20261001/Build/Intermediates.noindex/ZipHarbor.build/Debug-iphoneos/ZipHarbor.build/assetcatalog_dependencies_unthinned --unthinned-info-plist-content /tmp/ZipHarbor-Device-AppIcon-20261001/Build/Intermediates.noindex/ZipHarbor.build/Debug-iphoneos/ZipHarbor.build/assetcatalog_generated_info.plist_unthinned --output /tmp/ZipHarbor-Device-AppIcon-20261001/Build/Products/Debug-iphoneos/ZipHarbor.app --plist-output /tmp/ZipHarbor-Device-AppIcon-20261001/Build/Intermediates.noindex/ZipHarbor.build/Debug-iphoneos/ZipHarbor.build/assetcatalog_generated_info.plist
note: Emplaced /tmp/ZipHarbor-Device-AppIcon-20261001/Build/Products/Debug-iphoneos/ZipHarbor.app/Assets.car (in target 'ZipHarbor' from project 'ZipHarbor')
note: Emplaced /tmp/ZipHarbor-Device-AppIcon-20261001/Build/Products/Debug-iphoneos/ZipHarbor.app/AppIcon60x60@2x.png (in target 'ZipHarbor' from project 'ZipHarbor')
note: Emplaced /tmp/ZipHarbor-Device-AppIcon-20261001/Build/Products/Debug-iphoneos/ZipHarbor.app/AppIcon76x76@2x~ipad.png (in target 'ZipHarbor' from project 'ZipHarbor')

ProcessInfoPlistFile /tmp/ZipHarbor-Device-AppIcon-20261001/Build/Products/Debug-iphoneos/ZipHarbor.app/Info.plist /Users/USER/github_space/zip-app/ZipHarbor/ZipHarbor/Info.plist (in target 'ZipHarbor' from project 'ZipHarbor')
    cd /Users/USER/github_space/zip-app/ZipHarbor
    builtin-infoPlistUtility /Users/USER/github_space/zip-app/ZipHarbor/ZipHarbor/Info.plist -producttype com.apple.product-type.application -genpkginfo /tmp/ZipHarbor-Device-AppIcon-20261001/Build/Products/Debug-iphoneos/ZipHarbor.app/PkgInfo -expandbuildsettings -format binary -platform iphoneos -additionalcontentfile /tmp/ZipHarbor-Device-AppIcon-20261001/Build/Intermediates.noindex/ZipHarbor.build/Debug-iphoneos/ZipHarbor.build/assetcatalog_generated_info.plist -scanforprivacyfile /tmp/ZipHarbor-Device-AppIcon-20261001/Build/Products/Debug-iphoneos/ZipHarbor.app/Frameworks/libarchive.framework -requiredArchitecture arm64 -o /tmp/ZipHarbor-Device-AppIcon-20261001/Build/Products/Debug-iphoneos/ZipHarbor.app/Info.plist

CodeSign /tmp/ZipHarbor-Device-AppIcon-20261001/Build/Products/Debug-iphoneos/ZipHarbor.app/Frameworks/libarchive.framework (in target 'ZipHarbor' from project 'ZipHarbor')
    cd /Users/USER/github_space/zip-app/ZipHarbor
    
    Signing Identity:     "Apple Development: xiaolong xu (HY7V43DS7R)"
    Provisioning Profile: "iOS Team Provisioning Profile: *"
                          (63dd1084-944d-4fc2-ba15-f1a3f72c90a3)
    
    /usr/bin/codesign --force --sign FFD2AF526670F8DE3BED6017FCAE181F2157970F --timestamp\=none --preserve-metadata\=identifier,entitlements,flags --generate-entitlement-der /tmp/ZipHarbor-Device-AppIcon-20261001/Build/Products/Debug-iphoneos/ZipHarbor.app/Frameworks/libarchive.framework
/tmp/ZipHarbor-Device-AppIcon-20261001/Build/Products/Debug-iphoneos/ZipHarbor.app/Frameworks/libarchive.framework: replacing existing signature

SwiftDriver ZipHarbor normal arm64 com.apple.xcode.tools.swift.compiler (in target 'ZipHarbor' from project 'ZipHarbor')
    cd /Users/USER/github_space/zip-app/ZipHarbor
    builtin-SwiftDriver -- /Applications/Xcode.app/Contents/Developer/Toolchains/XcodeDefault.xctoolchain/usr/bin/swiftc -module-name ZipHarbor -Onone @/tmp/ZipHarbor-Device-AppIcon-20261001/Build/Intermediates.noindex/ZipHarbor.build/Debug-iphoneos/ZipHarbor.build/Objects-normal/arm64/ZipHarbor.SwiftFileList -DDEBUG -enable-experimental-feature DebugDescriptionMacro -sdk /Applications/Xcode.app/Contents/Developer/Platforms/iPhoneOS.platform/Developer/SDKs/iPhoneOS27.0.sdk -target arm64-apple-ios17.0 -g -module-cache-path /tmp/ZipHarbor-Device-AppIcon-20261001/ModuleCache.noindex -Xfrontend -serialize-debugging-options -enable-testing -index-store-path /tmp/ZipHarbor-Device-AppIcon-20261001/Index.noindex/DataStore -Xcc -D_LIBCPP_HARDENING_MODE\=_LIBCPP_HARDENING_MODE_DEBUG -swift-version 6 -I /tmp/ZipHarbor-Device-AppIcon-20261001/Build/Products/Debug-iphoneos -F /tmp/ZipHarbor-Device-AppIcon-20261001/Build/Products/Debug-iphoneos/PackageFrameworks -F /tmp/ZipHarbor-Device-AppIcon-20261001/Build/Products/Debug-iphoneos -emit-localized-strings -emit-localized-strings-path /tmp/ZipHarbor-Device-AppIcon-20261001/Build/Intermediates.noindex/ZipHarbor.build/Debug-iphoneos/ZipHarbor.build/Objects-normal/arm64 -c -j15 -enable-batch-mode -incremental -Xcc -ivfsstatcache -Xcc /tmp/ZipHarbor-Device-AppIcon-20261001/SDKStatCaches.noindex/iphoneos27.0-24A430-6c78b3cbc238196c85e1bf6c792c5915.sdkstatcache -output-file-map /tmp/ZipHarbor-Device-AppIcon-20261001/Build/Intermediates.noindex/ZipHarbor.build/Debug-iphoneos/ZipHarbor.build/Objects-normal/arm64/ZipHarbor-OutputFileMap.json -save-temps -no-color-diagnostics -explicit-module-build -module-cache-path /tmp/ZipHarbor-Device-AppIcon-20261001/Build/Intermediates.noindex/SwiftExplicitPrecompiledModules -clang-scanner-module-cache-path /tmp/ZipHarbor-Device-AppIcon-20261001/ModuleCache.noindex -sdk-module-cache-path /tmp/ZipHarbor-Device-AppIcon-20261001/SDKExplicitPrecompiledModules -emit-dependencies -emit-module -emit-module-path /tmp/ZipHarbor-Device-AppIcon-20261001/Build/Intermediates.noindex/ZipHarbor.build/Debug-iphoneos/ZipHarbor.build/Objects-normal/arm64/ZipHarbor.swiftmodule -serialize-diagnostics -dependency-scan-serialize-diagnostics-path /tmp/ZipHarbor-Device-AppIcon-20261001/Build/Intermediates.noindex/ZipHarbor.build/Debug-iphoneos/ZipHarbor.build/Objects-normal/arm64/ZipHarbor-dependency-scan.dia -validate-clang-modules-once -clang-build-session-file /tmp/ZipHarbor-Device-AppIcon-20261001/ModuleCache.noindex/Session.modulevalidation -Xcc -fmodules-prune-interval\=86400 -Xcc -fmodules-prune-after\=345600 -emit-const-values -const-gather-protocols-list /tmp/ZipHarbor-Device-AppIcon-20261001/Build/Intermediates.noindex/ZipHarbor.build/Debug-iphoneos/ZipHarbor.build/Objects-normal/arm64/ZipHarbor_const_extract_protocols.json -Xcc -iquote -Xcc /tmp/ZipHarbor-Device-AppIcon-20261001/Build/Intermediates.noindex/ZipHarbor.build/Debug-iphoneos/ZipHarbor.build/ZipHarbor-generated-files.hmap -Xcc -I/tmp/ZipHarbor-Device-AppIcon-20261001/Build/Intermediates.noindex/ZipHarbor.build/Debug-iphoneos/ZipHarbor.build/ZipHarbor-own-target-headers.hmap -Xcc -I/tmp/ZipHarbor-Device-AppIcon-20261001/Build/Intermediates.noindex/ZipHarbor.build/Debug-iphoneos/ZipHarbor.build/ZipHarbor-all-non-framework-target-headers.hmap -Xcc -ivfsoverlay -Xcc /tmp/ZipHarbor-Device-AppIcon-20261001/Build/Intermediates.noindex/ZipHarbor.build/Debug-iphoneos/ZipHarbor-576ff8f1de8c1a2cbc0351e2756fa15b-VFS-iphoneos/all-product-headers.yaml -Xcc -iquote -Xcc /tmp/ZipHarbor-Device-AppIcon-20261001/Build/Intermediates.noindex/ZipHarbor.build/Debug-iphoneos/ZipHarbor.build/ZipHarbor-project-headers.hmap -Xcc -I/tmp/ZipHarbor-Device-AppIcon-20261001/Build/Products/Debug-iphoneos/include -Xcc -I/tmp/ZipHarbor-Device-AppIcon-20261001/Build/Intermediates.noindex/ZipHarbor.build/Debug-iphoneos/ZipHarbor.build/DerivedSources-normal/arm64 -Xcc -I/tmp/ZipHarbor-Device-AppIcon-20261001/Build/Intermediates.noindex/ZipHarbor.build/Debug-iphoneos/ZipHarbor.build/DerivedSources/arm64 -Xcc -I/tmp/ZipHarbor-Device-AppIcon-20261001/Build/Intermediates.noindex/ZipHarbor.build/Debug-iphoneos/ZipHarbor.build/DerivedSources -Xcc -DDEBUG\=1 -emit-objc-header -emit-objc-header-path /tmp/ZipHarbor-Device-AppIcon-20261001/Build/Intermediates.noindex/ZipHarbor.build/Debug-iphoneos/ZipHarbor.build/Objects-normal/arm64/ZipHarbor-Swift.h -working-directory /Users/USER/github_space/zip-app/ZipHarbor -experimental-emit-module-separately -disable-cmo

SwiftExplicitDependencyGeneratePcm arm64 /tmp/ZipHarbor-Device-AppIcon-20261001/SDKExplicitPrecompiledModules/ptrauth-6F9YABGE0MCEYBKHEY79FGXRA.pcm

SwiftExplicitDependencyGeneratePcm arm64 /tmp/ZipHarbor-Device-AppIcon-20261001/SDKExplicitPrecompiledModules/_Builtin_float-6B4BNY9YO8VS5RVXPCL0Y9Z0R.pcm

SwiftExplicitDependencyGeneratePcm arm64 /tmp/ZipHarbor-Device-AppIcon-20261001/SDKExplicitPrecompiledModules/_AvailabilityInternal-EN8TL4CPXABPM8HDBEZK9INTI.pcm

SwiftExplicitDependencyGeneratePcm arm64 /tmp/ZipHarbor-Device-AppIcon-20261001/SDKExplicitPrecompiledModules/ptrcheck-ACM1HGJ4M81GYT7JJDXGDV66K.pcm

SwiftExplicitDependencyGeneratePcm arm64 /tmp/ZipHarbor-Device-AppIcon-20261001/SDKExplicitPrecompiledModules/_Builtin_stdbool-EZRA98W8CGDY1NYQ4CZHRWD4T.pcm

SwiftExplicitDependencyGeneratePcm arm64 /tmp/ZipHarbor-Device-AppIcon-20261001/SDKExplicitPrecompiledModules/SwiftShims-4W7J86A8XM1LPFB8D1YLVRIEV.pcm

SwiftExplicitDependencyGeneratePcm arm64 /tmp/ZipHarbor-Device-AppIcon-20261001/SDKExplicitPrecompiledModules/_Builtin_stdarg-EU562O7XO8OG6MJHRBBZ5VSTL.pcm

SwiftExplicitDependencyGeneratePcm arm64 /tmp/ZipHarbor-Device-AppIcon-20261001/SDKExplicitPrecompiledModules/DeveloperToolsSupport-BS3J0B55XFDHZPD6C6WPB5HFZ.pcm

SwiftExplicitDependencyGeneratePcm arm64 /tmp/ZipHarbor-Device-AppIcon-20261001/SDKExplicitPrecompiledModules/_Builtin_stddef-3M8QXFNF2NFRVRPH9ZX21W2ED.pcm

SwiftExplicitDependencyGeneratePcm arm64 /tmp/ZipHarbor-Device-AppIcon-20261001/SDKExplicitPrecompiledModules/_SwiftConcurrencyShims-2DWIVWZXMC1QCTU7RHZ2O70.pcm

SwiftExplicitDependencyGeneratePcm arm64 /tmp/ZipHarbor-Device-AppIcon-20261001/SDKExplicitPrecompiledModules/_DarwinFoundation1-3BMQ7SJZ92S5OW8BRFZYQQG4V.pcm

SwiftExplicitDependencyGeneratePcm arm64 /tmp/ZipHarbor-Device-AppIcon-20261001/SDKExplicitPrecompiledModules/_Builtin_limits-6JA1B9E76Z6WQSPU0UTD38SXJ.pcm

SwiftExplicitDependencyGeneratePcm arm64 /tmp/ZipHarbor-Device-AppIcon-20261001/SDKExplicitPrecompiledModules/_DarwinFoundation2-3AKVMERKVS310LUZUFO7MQRZO.pcm

SwiftExplicitDependencyGeneratePcm arm64 /tmp/ZipHarbor-Device-AppIcon-20261001/SDKExplicitPrecompiledModules/ExtensionFoundation-729UWXDNDEN5SOZOD9TVAA0OE.pcm

SwiftExplicitDependencyGeneratePcm arm64 /tmp/ZipHarbor-Device-AppIcon-20261001/SDKExplicitPrecompiledModules/string_h-AZXIU0A3RVXAXDAWRG1E2ZVSM.pcm

SwiftExplicitDependencyGeneratePcm arm64 /tmp/ZipHarbor-Device-AppIcon-20261001/SDKExplicitPrecompiledModules/sys_types-BUEDDAFYDH0X5OK9KSKH89SKE.pcm

SwiftExplicitDependencyGeneratePcm arm64 /tmp/ZipHarbor-Device-AppIcon-20261001/SDKExplicitPrecompiledModules/_Builtin_tgmath-DV0HPDDQEVPW8Q1LL1THVB17Q.pcm

SwiftExplicitDependencyGeneratePcm arm64 /tmp/ZipHarbor-Device-AppIcon-20261001/SDKExplicitPrecompiledModules/_Builtin_stdint-A9TGI03QPXIS6RBJO1938BK2S.pcm

SwiftExplicitDependencyGeneratePcm arm64 /tmp/ZipHarbor-Device-AppIcon-20261001/SDKExplicitPrecompiledModules/_Builtin_stdatomic-60MWS1TQMFJ89XMUCB4PT2D2Q.pcm

SwiftExplicitDependencyGeneratePcm arm64 /tmp/ZipHarbor-Device-AppIcon-20261001/SDKExplicitPrecompiledModules/_Builtin_intrinsics-6TTGYPP6JYLGG41HR8NP0MQFI.pcm

SwiftExplicitDependencyGeneratePcm arm64 /tmp/ZipHarbor-Device-AppIcon-20261001/SDKExplicitPrecompiledModules/_DarwinFoundation3-5QM3968BBMCIZPKQPH1AQGOPA.pcm

SwiftExplicitDependencyGeneratePcm arm64 /tmp/ZipHarbor-Device-AppIcon-20261001/SDKExplicitPrecompiledModules/_Builtin_inttypes-KF01QYVZQZGUJFICXPAQI3PD.pcm

SwiftExplicitDependencyGeneratePcm arm64 /tmp/ZipHarbor-Device-AppIcon-20261001/SDKExplicitPrecompiledModules/Darwin-C4EU3B1U3R3957W2FMRU29421.pcm

SwiftExplicitDependencyGeneratePcm arm64 /tmp/ZipHarbor-Device-AppIcon-20261001/SDKExplicitPrecompiledModules/simd-A8G62A635V1I3DJU1ADVCZ79J.pcm

SwiftExplicitDependencyGeneratePcm arm64 /tmp/ZipHarbor-Device-AppIcon-20261001/Build/Intermediates.noindex/SwiftExplicitPrecompiledModules/libarchive-1GMX5QMPCNVJ3WPUK0PKFPHCV.pcm

SwiftExplicitDependencyGeneratePcm arm64 /tmp/ZipHarbor-Device-AppIcon-20261001/SDKExplicitPrecompiledModules/ObjectiveC-9KAIMF2ICQKVVD8J2TZ0JAOF2.pcm

SwiftExplicitDependencyGeneratePcm arm64 /tmp/ZipHarbor-Device-AppIcon-20261001/SDKExplicitPrecompiledModules/MachO-8F647EVPNTLCOF2EKD3MI7WU5.pcm

SwiftExplicitDependencyGeneratePcm arm64 /tmp/ZipHarbor-Device-AppIcon-20261001/SDKExplicitPrecompiledModules/os_object-7RO5HGNMTAW20OJYTPVJ2A112.pcm

SwiftExplicitDependencyGeneratePcm arm64 /tmp/ZipHarbor-Device-AppIcon-20261001/SDKExplicitPrecompiledModules/os_workgroup-6GFPSMLKG0I2HRAZYBPD3HRDE.pcm

SwiftExplicitDependencyGeneratePcm arm64 /tmp/ZipHarbor-Device-AppIcon-20261001/SDKExplicitPrecompiledModules/Spatial-4NJKL9ITSB8R1M62NAIW26ICR.pcm

SwiftExplicitDependencyGeneratePcm arm64 /tmp/ZipHarbor-Device-AppIcon-20261001/SDKExplicitPrecompiledModules/Dispatch-70LSIXU108OHSCOJ24HVRSPJH.pcm

SwiftExplicitDependencyGeneratePcm arm64 /tmp/ZipHarbor-Device-AppIcon-20261001/SDKExplicitPrecompiledModules/XPC-ATA2UO4JZK9C8DSY5AJS2ZGD9.pcm

SwiftExplicitDependencyGeneratePcm arm64 /tmp/ZipHarbor-Device-AppIcon-20261001/SDKExplicitPrecompiledModules/dnssd-9JIGTVDY4LAEKH6V0P8J08WWN.pcm

SwiftExplicitDependencyGeneratePcm arm64 /tmp/ZipHarbor-Device-AppIcon-20261001/SDKExplicitPrecompiledModules/CoreFoundation-CW00F477JOSK6TSWGZXY477ZS.pcm

SwiftExplicitDependencyGeneratePcm arm64 /tmp/ZipHarbor-Device-AppIcon-20261001/SDKExplicitPrecompiledModules/os-5WX4146BQWY1WAR8644IKYKF1.pcm

SwiftExplicitDependencyGeneratePcm arm64 /tmp/ZipHarbor-Device-AppIcon-20261001/SDKExplicitPrecompiledModules/Security-8Z1150KHMCAZ3JDNC8RH8IJ3R.pcm

SwiftExplicitDependencyGeneratePcm arm64 /tmp/ZipHarbor-Device-AppIcon-20261001/SDKExplicitPrecompiledModules/CoreAudioTypes-1O1DZBLTRMVAZ56DVZGIHEROM.pcm

SwiftExplicitDependencyGeneratePcm arm64 /tmp/ZipHarbor-Device-AppIcon-20261001/SDKExplicitPrecompiledModules/CoreGraphics-1UG0HG9NG276OE1DK1TELIB42.pcm

SwiftExplicitDependencyGeneratePcm arm64 /tmp/ZipHarbor-Device-AppIcon-20261001/SDKExplicitPrecompiledModules/CFNetwork-35EOBQKP63K013GD2XLI4EOT6.pcm

SwiftExplicitDependencyGeneratePcm arm64 /tmp/ZipHarbor-Device-AppIcon-20261001/SDKExplicitPrecompiledModules/CoreAudio-EB6AU7QWAT29WWWG9LFM35SOH.pcm

SwiftExplicitDependencyGeneratePcm arm64 /tmp/ZipHarbor-Device-AppIcon-20261001/SDKExplicitPrecompiledModules/Foundation-6VOOA2S9GBA804EEL9YTP07AJ.pcm

SwiftExplicitDependencyGeneratePcm arm64 /tmp/ZipHarbor-Device-AppIcon-20261001/SDKExplicitPrecompiledModules/ImageIO-MWF8MMQ6PVUUND7JCB6JZQF9.pcm

SwiftExplicitDependencyGeneratePcm arm64 /tmp/ZipHarbor-Device-AppIcon-20261001/SDKExplicitPrecompiledModules/CoreText-5EW6I8NZVTGELVVEVZJWVDR6U.pcm

SwiftExplicitDependencyGeneratePcm arm64 /tmp/ZipHarbor-Device-AppIcon-20261001/SDKExplicitPrecompiledModules/UniformTypeIdentifiers-8OASC6RXY5AD4F9Q8G2TGVEYT.pcm

SwiftExplicitDependencyGeneratePcm arm64 /tmp/ZipHarbor-Device-AppIcon-20261001/SDKExplicitPrecompiledModules/LocalAuthentication-309TAVJI9FIPUT2PQK4K3UHAU.pcm

SwiftExplicitDependencyGeneratePcm arm64 /tmp/ZipHarbor-Device-AppIcon-20261001/SDKExplicitPrecompiledModules/FileProvider-8E1LPF9TKTDSRECFGPVF9D97.pcm

SwiftExplicitDependencyGeneratePcm arm64 /tmp/ZipHarbor-Device-AppIcon-20261001/SDKExplicitPrecompiledModules/OSLog-8B2WPGYSRPDEFQ9CKHX7KV4VJ.pcm

SwiftExplicitDependencyGeneratePcm arm64 /tmp/ZipHarbor-Device-AppIcon-20261001/SDKExplicitPrecompiledModules/Accessibility-C4RGFMCVX1CMVS71HZ99844FC.pcm

SwiftExplicitDependencyGeneratePcm arm64 /tmp/ZipHarbor-Device-AppIcon-20261001/SDKExplicitPrecompiledModules/Symbols-6WBHP64MJYO57O6UFLBEXUGHJ.pcm

SwiftExplicitDependencyGeneratePcm arm64 /tmp/ZipHarbor-Device-AppIcon-20261001/SDKExplicitPrecompiledModules/AppIntentsTypeSupport-5778L0KQGNQ8F66FWLJQUH57B.pcm

SwiftExplicitDependencyGeneratePcm arm64 /tmp/ZipHarbor-Device-AppIcon-20261001/SDKExplicitPrecompiledModules/UIUtilities-DESYXDJ9AVASXHAOXFDGZF8FQ.pcm

SwiftExplicitDependencyGeneratePcm arm64 /tmp/ZipHarbor-Device-AppIcon-20261001/SDKExplicitPrecompiledModules/IOSurface-5KO4S6T8D6T5NX3BK4SB2BO0O.pcm

SwiftExplicitDependencyGeneratePcm arm64 /tmp/ZipHarbor-Device-AppIcon-20261001/SDKExplicitPrecompiledModules/Network-AUOEYWY8LGSCK2VC5TAXV27M6.pcm

SwiftExplicitDependencyGeneratePcm arm64 /tmp/ZipHarbor-Device-AppIcon-20261001/SDKExplicitPrecompiledModules/CoreMIDI-8A0JSHQS272YMSH5YS596ZOEW.pcm

SwiftExplicitDependencyGeneratePcm arm64 /tmp/ZipHarbor-Device-AppIcon-20261001/SDKExplicitPrecompiledModules/DataDetection-AFHNDQL2VKU350J67LFF4HM8F.pcm

SwiftExplicitDependencyGeneratePcm arm64 /tmp/ZipHarbor-Device-AppIcon-20261001/SDKExplicitPrecompiledModules/CoreData-ENVY156HN9DL6D5TY6866RIVM.pcm

SwiftExplicitDependencyGeneratePcm arm64 /tmp/ZipHarbor-Device-AppIcon-20261001/SDKExplicitPrecompiledModules/CoreTransferable-8IIQ9TPKZQ9BFKL9DM2OVI1P8.pcm

SwiftExplicitDependencyGeneratePcm arm64 /tmp/ZipHarbor-Device-AppIcon-20261001/SDKExplicitPrecompiledModules/AppIntents-1Z2ZM6NZQN2WNNII0W2SFAR6S.pcm

SwiftExplicitDependencyGeneratePcm arm64 /tmp/ZipHarbor-Device-AppIcon-20261001/SDKExplicitPrecompiledModules/UserNotifications-C4NWV70XNG1YOP4YVF7BS5MP9.pcm

SwiftExplicitDependencyGeneratePcm arm64 /tmp/ZipHarbor-Device-AppIcon-20261001/SDKExplicitPrecompiledModules/RelevanceKit-8FRFL8Z37YF7UMKUDRGXY52JD.pcm

SwiftExplicitDependencyGeneratePcm arm64 /tmp/ZipHarbor-Device-AppIcon-20261001/SDKExplicitPrecompiledModules/_LocationEssentials-BG3SGN2YR9J1LWHQ3E43Q1WRL.pcm

SwiftExplicitDependencyGeneratePcm arm64 /tmp/ZipHarbor-Device-AppIcon-20261001/SDKExplicitPrecompiledModules/CoreSpotlight-792J9NB2EQ9Y6XJCZ0JIMFT66.pcm

SwiftExplicitDependencyGeneratePcm arm64 /tmp/ZipHarbor-Device-AppIcon-20261001/SDKExplicitPrecompiledModules/QuickLookThumbnailing-4PKWJIC5AD6QUS5FFRBYOWBAF.pcm

SwiftExplicitDependencyGeneratePcm arm64 /tmp/ZipHarbor-Device-AppIcon-20261001/SDKExplicitPrecompiledModules/Metal-2ORDP4YSH9UANVJ67DT34AK96.pcm

SwiftExplicitDependencyGeneratePcm arm64 /tmp/ZipHarbor-Device-AppIcon-20261001/SDKExplicitPrecompiledModules/OpenGLES-99OGX2SCG8J98HQSBQLV2PK6U.pcm

SwiftExplicitDependencyGeneratePcm arm64 /tmp/ZipHarbor-Device-AppIcon-20261001/SDKExplicitPrecompiledModules/AudioToolbox-6ERPIPHYUGB1Q57JV78MJAER6.pcm

SwiftExplicitDependencyGeneratePcm arm64 /tmp/ZipHarbor-Device-AppIcon-20261001/SDKExplicitPrecompiledModules/AVRouting-E8KLGL4Q96VF2J2G5EZUSDJRD.pcm

SwiftExplicitDependencyGeneratePcm arm64 /tmp/ZipHarbor-Device-AppIcon-20261001/SDKExplicitPrecompiledModules/CoreLocation-8HV0S3RHGO24B6IIZN8QWDSKU.pcm

SwiftExplicitDependencyGeneratePcm arm64 /tmp/ZipHarbor-Device-AppIcon-20261001/SDKExplicitPrecompiledModules/CoreMotion-18PUASCKN7UV97L6K1LW8Q0HP.pcm

SwiftExplicitDependencyGeneratePcm arm64 /tmp/ZipHarbor-Device-AppIcon-20261001/SDKExplicitPrecompiledModules/CloudKit-9KONZFED5OPES32Z0BDIAANXU.pcm

SwiftExplicitDependencyGeneratePcm arm64 /tmp/ZipHarbor-Device-AppIcon-20261001/SDKExplicitPrecompiledModules/CoreVideo-4TN4VWYZG3CA7YKVIC37A4T5C.pcm

SwiftExplicitDependencyGeneratePcm arm64 /tmp/ZipHarbor-Device-AppIcon-20261001/SDKExplicitPrecompiledModules/CoreImage-CSCNF3TXZ7RBTYM1T4QJWHJW4.pcm

SwiftExplicitDependencyGeneratePcm arm64 /tmp/ZipHarbor-Device-AppIcon-20261001/SDKExplicitPrecompiledModules/CoreMedia-9ZKY0FDJ4EXL4HJ06GJX1TDVR.pcm

SwiftExplicitDependencyGeneratePcm arm64 /tmp/ZipHarbor-Device-AppIcon-20261001/SDKExplicitPrecompiledModules/QuartzCore-99JBICBXUIPEVPFZAX4J9QBLH.pcm

SwiftExplicitDependencyGeneratePcm arm64 /tmp/ZipHarbor-Device-AppIcon-20261001/SDKExplicitPrecompiledModules/SwiftUICore-7EPW3U7M6FLVBY38RKSJRECPZ.pcm

SwiftExplicitDependencyGeneratePcm arm64 /tmp/ZipHarbor-Device-AppIcon-20261001/SDKExplicitPrecompiledModules/MediaToolbox-1EVX4AJ1T8VKICQI8L1LG6N6D.pcm

SwiftExplicitDependencyGeneratePcm arm64 /tmp/ZipHarbor-Device-AppIcon-20261001/SDKExplicitPrecompiledModules/VideoToolbox-2DL5CEC2BWJXA9X58DTMV6P07.pcm

SwiftExplicitDependencyGeneratePcm arm64 /tmp/ZipHarbor-Device-AppIcon-20261001/SDKExplicitPrecompiledModules/AVFAudio-4RBHLITUGDYL14TGD2ZUHOHXK.pcm

SwiftExplicitDependencyGeneratePcm arm64 /tmp/ZipHarbor-Device-AppIcon-20261001/SDKExplicitPrecompiledModules/UIKit-90VJUD3PHAZ3BKCLKRQB8M1G8.pcm

SwiftExplicitDependencyGeneratePcm arm64 /tmp/ZipHarbor-Device-AppIcon-20261001/SDKExplicitPrecompiledModules/AVFoundation-EQ3K6FAPZSPFTNDU9XYT9X8MW.pcm

SwiftExplicitDependencyGeneratePcm arm64 /tmp/ZipHarbor-Device-AppIcon-20261001/SDKExplicitPrecompiledModules/Photos-709PS6KFCN2623ESSQQZ96K25.pcm

SwiftExplicitDependencyGeneratePcm arm64 /tmp/ZipHarbor-Device-AppIcon-20261001/SDKExplicitPrecompiledModules/PhotosUI-CN1L6YJDUNT7HK0GV21HT98DA.pcm

SwiftExplicitDependencyGeneratePcm arm64 /tmp/ZipHarbor-Device-AppIcon-20261001/SDKExplicitPrecompiledModules/ExtensionKit-30C1O9KLK6XHKZU51W63TXL1L.pcm

SwiftExplicitDependencyGeneratePcm arm64 /tmp/ZipHarbor-Device-AppIcon-20261001/SDKExplicitPrecompiledModules/SwiftUI-D21U8QJYP80CTQ0VP3E4UC2BA.pcm

SwiftExplicitDependencyGeneratePcm arm64 /tmp/ZipHarbor-Device-AppIcon-20261001/SDKExplicitPrecompiledModules/PDFKit-6Q2NDG9Q2EOUBU3CJ48NPXKTE.pcm

SwiftExplicitDependencyGeneratePcm arm64 /tmp/ZipHarbor-Device-AppIcon-20261001/SDKExplicitPrecompiledModules/QuickLook-43MQVDGUTFIU72VNFEECG5FR1.pcm

SwiftEmitModule normal arm64 Emitting\ module\ for\ ZipHarbor (in target 'ZipHarbor' from project 'ZipHarbor')

SwiftCompile normal arm64 (in target 'ZipHarbor' from project 'ZipHarbor')
    cd /Users/USER/github_space/zip-app/ZipHarbor
    

SwiftCompile normal arm64 Compiling\ SystemBridges.swift /Users/USER/github_space/zip-app/ZipHarbor/ZipHarbor/Infrastructure/SystemBridges.swift (in target 'ZipHarbor' from project 'ZipHarbor')

SwiftCompile normal arm64 /Users/USER/github_space/zip-app/ZipHarbor/ZipHarbor/Infrastructure/SystemBridges.swift (in target 'ZipHarbor' from project 'ZipHarbor')
    cd /Users/USER/github_space/zip-app/ZipHarbor
    builtin-SwiftPerFileCompile SystemBridges.swift

SwiftCompile normal arm64 Compiling\ FileAccess.swift /Users/USER/github_space/zip-app/ZipHarbor/ZipHarbor/Infrastructure/FileAccess.swift (in target 'ZipHarbor' from project 'ZipHarbor')

SwiftCompile normal arm64 /Users/USER/github_space/zip-app/ZipHarbor/ZipHarbor/Infrastructure/FileAccess.swift (in target 'ZipHarbor' from project 'ZipHarbor')
    cd /Users/USER/github_space/zip-app/ZipHarbor
    builtin-SwiftPerFileCompile FileAccess.swift

SwiftCompile normal arm64 Compiling\ GeneratedAssetSymbols.swift /tmp/ZipHarbor-Device-AppIcon-20261001/Build/Intermediates.noindex/ZipHarbor.build/Debug-iphoneos/ZipHarbor.build/DerivedSources/GeneratedAssetSymbols.swift (in target 'ZipHarbor' from project 'ZipHarbor')

SwiftCompile normal arm64 /tmp/ZipHarbor-Device-AppIcon-20261001/Build/Intermediates.noindex/ZipHarbor.build/Debug-iphoneos/ZipHarbor.build/DerivedSources/GeneratedAssetSymbols.swift (in target 'ZipHarbor' from project 'ZipHarbor')
    cd /Users/USER/github_space/zip-app/ZipHarbor
    builtin-SwiftPerFileCompile GeneratedAssetSymbols.swift

SwiftCompile normal arm64 Compiling\ LocalStore.swift /Users/USER/github_space/zip-app/ZipHarbor/ZipHarbor/Infrastructure/LocalStore.swift (in target 'ZipHarbor' from project 'ZipHarbor')

SwiftCompile normal arm64 /Users/USER/github_space/zip-app/ZipHarbor/ZipHarbor/Infrastructure/LocalStore.swift (in target 'ZipHarbor' from project 'ZipHarbor')
    cd /Users/USER/github_space/zip-app/ZipHarbor
    builtin-SwiftPerFileCompile LocalStore.swift

SwiftCompile normal arm64 Compiling\ LibArchiveEngine.swift /Users/USER/github_space/zip-app/ZipHarbor/ZipHarbor/Infrastructure/LibArchiveEngine.swift (in target 'ZipHarbor' from project 'ZipHarbor')

SwiftCompile normal arm64 /Users/USER/github_space/zip-app/ZipHarbor/ZipHarbor/Infrastructure/LibArchiveEngine.swift (in target 'ZipHarbor' from project 'ZipHarbor')
    cd /Users/USER/github_space/zip-app/ZipHarbor
    builtin-SwiftPerFileCompile LibArchiveEngine.swift

SwiftCompile normal arm64 Compiling\ TasksView.swift /Users/USER/github_space/zip-app/ZipHarbor/ZipHarbor/Features/TasksView.swift (in target 'ZipHarbor' from project 'ZipHarbor')

SwiftCompile normal arm64 /Users/USER/github_space/zip-app/ZipHarbor/ZipHarbor/Features/TasksView.swift (in target 'ZipHarbor' from project 'ZipHarbor')
    cd /Users/USER/github_space/zip-app/ZipHarbor
    builtin-SwiftPerFileCompile TasksView.swift

SwiftCompile normal arm64 Compiling\ SettingsView.swift /Users/USER/github_space/zip-app/ZipHarbor/ZipHarbor/Features/SettingsView.swift (in target 'ZipHarbor' from project 'ZipHarbor')

SwiftCompile normal arm64 /Users/USER/github_space/zip-app/ZipHarbor/ZipHarbor/Features/SettingsView.swift (in target 'ZipHarbor' from project 'ZipHarbor')
    cd /Users/USER/github_space/zip-app/ZipHarbor
    builtin-SwiftPerFileCompile SettingsView.swift

SwiftCompile normal arm64 Compiling\ ArchiveView.swift,\ CreateView.swift /Users/USER/github_space/zip-app/ZipHarbor/ZipHarbor/Features/ArchiveView.swift /Users/USER/github_space/zip-app/ZipHarbor/ZipHarbor/Features/CreateView.swift (in target 'ZipHarbor' from project 'ZipHarbor')

SwiftCompile normal arm64 /Users/USER/github_space/zip-app/ZipHarbor/ZipHarbor/Features/ArchiveView.swift (in target 'ZipHarbor' from project 'ZipHarbor')
    cd /Users/USER/github_space/zip-app/ZipHarbor
    builtin-SwiftPerFileCompile ArchiveView.swift

SwiftCompile normal arm64 /Users/USER/github_space/zip-app/ZipHarbor/ZipHarbor/Features/CreateView.swift (in target 'ZipHarbor' from project 'ZipHarbor')
    cd /Users/USER/github_space/zip-app/ZipHarbor
    builtin-SwiftPerFileCompile CreateView.swift

SwiftCompile normal arm64 Compiling\ TaskCoordinator.swift,\ Components.swift /Users/USER/github_space/zip-app/ZipHarbor/ZipHarbor/Application/TaskCoordinator.swift /Users/USER/github_space/zip-app/ZipHarbor/ZipHarbor/DesignSystem/Components.swift (in target 'ZipHarbor' from project 'ZipHarbor')

SwiftCompile normal arm64 /Users/USER/github_space/zip-app/ZipHarbor/ZipHarbor/Application/TaskCoordinator.swift (in target 'ZipHarbor' from project 'ZipHarbor')
    cd /Users/USER/github_space/zip-app/ZipHarbor
    builtin-SwiftPerFileCompile TaskCoordinator.swift

SwiftCompile normal arm64 /Users/USER/github_space/zip-app/ZipHarbor/ZipHarbor/DesignSystem/Components.swift (in target 'ZipHarbor' from project 'ZipHarbor')
    cd /Users/USER/github_space/zip-app/ZipHarbor
    builtin-SwiftPerFileCompile Components.swift

SwiftCompile normal arm64 Compiling\ ArchiveEngine.swift,\ ArchiveModels.swift /Users/USER/github_space/zip-app/ZipHarbor/ZipHarbor/Domain/ArchiveEngine.swift /Users/USER/github_space/zip-app/ZipHarbor/ZipHarbor/Domain/ArchiveModels.swift (in target 'ZipHarbor' from project 'ZipHarbor')

SwiftCompile normal arm64 /Users/USER/github_space/zip-app/ZipHarbor/ZipHarbor/Domain/ArchiveEngine.swift (in target 'ZipHarbor' from project 'ZipHarbor')
    cd /Users/USER/github_space/zip-app/ZipHarbor
    builtin-SwiftPerFileCompile ArchiveEngine.swift

SwiftCompile normal arm64 /Users/USER/github_space/zip-app/ZipHarbor/ZipHarbor/Domain/ArchiveModels.swift (in target 'ZipHarbor' from project 'ZipHarbor')
    cd /Users/USER/github_space/zip-app/ZipHarbor
    builtin-SwiftPerFileCompile ArchiveModels.swift

SwiftCompile normal arm64 Compiling\ AppSession.swift,\ AppSettings.swift /Users/USER/github_space/zip-app/ZipHarbor/ZipHarbor/Application/AppSession.swift /Users/USER/github_space/zip-app/ZipHarbor/ZipHarbor/Application/AppSettings.swift (in target 'ZipHarbor' from project 'ZipHarbor')

SwiftCompile normal arm64 /Users/USER/github_space/zip-app/ZipHarbor/ZipHarbor/Application/AppSession.swift (in target 'ZipHarbor' from project 'ZipHarbor')
    cd /Users/USER/github_space/zip-app/ZipHarbor
    builtin-SwiftPerFileCompile AppSession.swift

SwiftCompile normal arm64 /Users/USER/github_space/zip-app/ZipHarbor/ZipHarbor/Application/AppSettings.swift (in target 'ZipHarbor' from project 'ZipHarbor')
    cd /Users/USER/github_space/zip-app/ZipHarbor
    builtin-SwiftPerFileCompile AppSettings.swift

SwiftCompile normal arm64 Compiling\ QASeed.swift,\ ZipHarborApp.swift /Users/USER/github_space/zip-app/ZipHarbor/ZipHarbor/App/QASeed.swift /Users/USER/github_space/zip-app/ZipHarbor/ZipHarbor/App/ZipHarborApp.swift (in target 'ZipHarbor' from project 'ZipHarbor')

SwiftCompile normal arm64 /Users/USER/github_space/zip-app/ZipHarbor/ZipHarbor/App/QASeed.swift (in target 'ZipHarbor' from project 'ZipHarbor')
    cd /Users/USER/github_space/zip-app/ZipHarbor
    builtin-SwiftPerFileCompile QASeed.swift

SwiftCompile normal arm64 /Users/USER/github_space/zip-app/ZipHarbor/ZipHarbor/App/ZipHarborApp.swift (in target 'ZipHarbor' from project 'ZipHarbor')
    cd /Users/USER/github_space/zip-app/ZipHarbor
    builtin-SwiftPerFileCompile ZipHarborApp.swift

SwiftCompile normal arm64 Compiling\ DestinationViews.swift,\ FolderBrowser.swift /Users/USER/github_space/zip-app/ZipHarbor/ZipHarbor/Features/DestinationViews.swift /Users/USER/github_space/zip-app/ZipHarbor/ZipHarbor/Features/FolderBrowser.swift (in target 'ZipHarbor' from project 'ZipHarbor')

SwiftCompile normal arm64 /Users/USER/github_space/zip-app/ZipHarbor/ZipHarbor/Features/DestinationViews.swift (in target 'ZipHarbor' from project 'ZipHarbor')
    cd /Users/USER/github_space/zip-app/ZipHarbor
    builtin-SwiftPerFileCompile DestinationViews.swift

SwiftCompile normal arm64 /Users/USER/github_space/zip-app/ZipHarbor/ZipHarbor/Features/FolderBrowser.swift (in target 'ZipHarbor' from project 'ZipHarbor')
    cd /Users/USER/github_space/zip-app/ZipHarbor
    builtin-SwiftPerFileCompile FolderBrowser.swift

SwiftCompile normal arm64 Compiling\ RootView.swift /Users/USER/github_space/zip-app/ZipHarbor/ZipHarbor/Features/RootView.swift (in target 'ZipHarbor' from project 'ZipHarbor')

SwiftCompile normal arm64 /Users/USER/github_space/zip-app/ZipHarbor/ZipHarbor/Features/RootView.swift (in target 'ZipHarbor' from project 'ZipHarbor')
    cd /Users/USER/github_space/zip-app/ZipHarbor
    builtin-SwiftPerFileCompile RootView.swift

SwiftCompile normal arm64 Compiling\ AppLockService.swift /Users/USER/github_space/zip-app/ZipHarbor/ZipHarbor/Infrastructure/AppLockService.swift (in target 'ZipHarbor' from project 'ZipHarbor')

SwiftCompile normal arm64 /Users/USER/github_space/zip-app/ZipHarbor/ZipHarbor/Infrastructure/AppLockService.swift (in target 'ZipHarbor' from project 'ZipHarbor')
    cd /Users/USER/github_space/zip-app/ZipHarbor
    builtin-SwiftPerFileCompile AppLockService.swift

SwiftDriverJobDiscovery normal arm64 Compiling ArchiveEngine.swift, ArchiveModels.swift (in target 'ZipHarbor' from project 'ZipHarbor')

SwiftDriverJobDiscovery normal arm64 Compiling FileAccess.swift (in target 'ZipHarbor' from project 'ZipHarbor')

SwiftDriverJobDiscovery normal arm64 Compiling AppSession.swift, AppSettings.swift (in target 'ZipHarbor' from project 'ZipHarbor')

SwiftDriverJobDiscovery normal arm64 Compiling LocalStore.swift (in target 'ZipHarbor' from project 'ZipHarbor')

SwiftDriverJobDiscovery normal arm64 Compiling LibArchiveEngine.swift (in target 'ZipHarbor' from project 'ZipHarbor')

SwiftDriverJobDiscovery normal arm64 Compiling AppLockService.swift (in target 'ZipHarbor' from project 'ZipHarbor')

SwiftDriverJobDiscovery normal arm64 Emitting module for ZipHarbor (in target 'ZipHarbor' from project 'ZipHarbor')

SwiftDriver\ Compilation\ Requirements ZipHarbor normal arm64 com.apple.xcode.tools.swift.compiler (in target 'ZipHarbor' from project 'ZipHarbor')
    cd /Users/USER/github_space/zip-app/ZipHarbor
    builtin-Swift-Compilation-Requirements -- /Applications/Xcode.app/Contents/Developer/Toolchains/XcodeDefault.xctoolchain/usr/bin/swiftc -module-name ZipHarbor -Onone @/tmp/ZipHarbor-Device-AppIcon-20261001/Build/Intermediates.noindex/ZipHarbor.build/Debug-iphoneos/ZipHarbor.build/Objects-normal/arm64/ZipHarbor.SwiftFileList -DDEBUG -enable-experimental-feature DebugDescriptionMacro -sdk /Applications/Xcode.app/Contents/Developer/Platforms/iPhoneOS.platform/Developer/SDKs/iPhoneOS27.0.sdk -target arm64-apple-ios17.0 -g -module-cache-path /tmp/ZipHarbor-Device-AppIcon-20261001/ModuleCache.noindex -Xfrontend -serialize-debugging-options -enable-testing -index-store-path /tmp/ZipHarbor-Device-AppIcon-20261001/Index.noindex/DataStore -Xcc -D_LIBCPP_HARDENING_MODE\=_LIBCPP_HARDENING_MODE_DEBUG -swift-version 6 -I /tmp/ZipHarbor-Device-AppIcon-20261001/Build/Products/Debug-iphoneos -F /tmp/ZipHarbor-Device-AppIcon-20261001/Build/Products/Debug-iphoneos/PackageFrameworks -F /tmp/ZipHarbor-Device-AppIcon-20261001/Build/Products/Debug-iphoneos -emit-localized-strings -emit-localized-strings-path /tmp/ZipHarbor-Device-AppIcon-20261001/Build/Intermediates.noindex/ZipHarbor.build/Debug-iphoneos/ZipHarbor.build/Objects-normal/arm64 -c -j15 -enable-batch-mode -incremental -Xcc -ivfsstatcache -Xcc /tmp/ZipHarbor-Device-AppIcon-20261001/SDKStatCaches.noindex/iphoneos27.0-24A430-6c78b3cbc238196c85e1bf6c792c5915.sdkstatcache -output-file-map /tmp/ZipHarbor-Device-AppIcon-20261001/Build/Intermediates.noindex/ZipHarbor.build/Debug-iphoneos/ZipHarbor.build/Objects-normal/arm64/ZipHarbor-OutputFileMap.json -save-temps -no-color-diagnostics -explicit-module-build -module-cache-path /tmp/ZipHarbor-Device-AppIcon-20261001/Build/Intermediates.noindex/SwiftExplicitPrecompiledModules -clang-scanner-module-cache-path /tmp/ZipHarbor-Device-AppIcon-20261001/ModuleCache.noindex -sdk-module-cache-path /tmp/ZipHarbor-Device-AppIcon-20261001/SDKExplicitPrecompiledModules -emit-dependencies -emit-module -emit-module-path /tmp/ZipHarbor-Device-AppIcon-20261001/Build/Intermediates.noindex/ZipHarbor.build/Debug-iphoneos/ZipHarbor.build/Objects-normal/arm64/ZipHarbor.swiftmodule -serialize-diagnostics -dependency-scan-serialize-diagnostics-path /tmp/ZipHarbor-Device-AppIcon-20261001/Build/Intermediates.noindex/ZipHarbor.build/Debug-iphoneos/ZipHarbor.build/Objects-normal/arm64/ZipHarbor-dependency-scan.dia -validate-clang-modules-once -clang-build-session-file /tmp/ZipHarbor-Device-AppIcon-20261001/ModuleCache.noindex/Session.modulevalidation -Xcc -fmodules-prune-interval\=86400 -Xcc -fmodules-prune-after\=345600 -emit-const-values -const-gather-protocols-list /tmp/ZipHarbor-Device-AppIcon-20261001/Build/Intermediates.noindex/ZipHarbor.build/Debug-iphoneos/ZipHarbor.build/Objects-normal/arm64/ZipHarbor_const_extract_protocols.json -Xcc -iquote -Xcc /tmp/ZipHarbor-Device-AppIcon-20261001/Build/Intermediates.noindex/ZipHarbor.build/Debug-iphoneos/ZipHarbor.build/ZipHarbor-generated-files.hmap -Xcc -I/tmp/ZipHarbor-Device-AppIcon-20261001/Build/Intermediates.noindex/ZipHarbor.build/Debug-iphoneos/ZipHarbor.build/ZipHarbor-own-target-headers.hmap -Xcc -I/tmp/ZipHarbor-Device-AppIcon-20261001/Build/Intermediates.noindex/ZipHarbor.build/Debug-iphoneos/ZipHarbor.build/ZipHarbor-all-non-framework-target-headers.hmap -Xcc -ivfsoverlay -Xcc /tmp/ZipHarbor-Device-AppIcon-20261001/Build/Intermediates.noindex/ZipHarbor.build/Debug-iphoneos/ZipHarbor-576ff8f1de8c1a2cbc0351e2756fa15b-VFS-iphoneos/all-product-headers.yaml -Xcc -iquote -Xcc /tmp/ZipHarbor-Device-AppIcon-20261001/Build/Intermediates.noindex/ZipHarbor.build/Debug-iphoneos/ZipHarbor.build/ZipHarbor-project-headers.hmap -Xcc -I/tmp/ZipHarbor-Device-AppIcon-20261001/Build/Products/Debug-iphoneos/include -Xcc -I/tmp/ZipHarbor-Device-AppIcon-20261001/Build/Intermediates.noindex/ZipHarbor.build/Debug-iphoneos/ZipHarbor.build/DerivedSources-normal/arm64 -Xcc -I/tmp/ZipHarbor-Device-AppIcon-20261001/Build/Intermediates.noindex/ZipHarbor.build/Debug-iphoneos/ZipHarbor.build/DerivedSources/arm64 -Xcc -I/tmp/ZipHarbor-Device-AppIcon-20261001/Build/Intermediates.noindex/ZipHarbor.build/Debug-iphoneos/ZipHarbor.build/DerivedSources -Xcc -DDEBUG\=1 -emit-objc-header -emit-objc-header-path /tmp/ZipHarbor-Device-AppIcon-20261001/Build/Intermediates.noindex/ZipHarbor.build/Debug-iphoneos/ZipHarbor.build/Objects-normal/arm64/ZipHarbor-Swift.h -working-directory /Users/USER/github_space/zip-app/ZipHarbor -experimental-emit-module-separately -disable-cmo

SwiftMergeGeneratedHeaders /tmp/ZipHarbor-Device-AppIcon-20261001/Build/Intermediates.noindex/ZipHarbor.build/Debug-iphoneos/ZipHarbor.build/DerivedSources/ZipHarbor-Swift.h /tmp/ZipHarbor-Device-AppIcon-20261001/Build/Intermediates.noindex/ZipHarbor.build/Debug-iphoneos/ZipHarbor.build/Objects-normal/arm64/ZipHarbor-Swift.h (in target 'ZipHarbor' from project 'ZipHarbor')
    cd /Users/USER/github_space/zip-app/ZipHarbor
    builtin-swiftHeaderTool -arch arm64 /tmp/ZipHarbor-Device-AppIcon-20261001/Build/Intermediates.noindex/ZipHarbor.build/Debug-iphoneos/ZipHarbor.build/Objects-normal/arm64/ZipHarbor-Swift.h -o /tmp/ZipHarbor-Device-AppIcon-20261001/Build/Intermediates.noindex/ZipHarbor.build/Debug-iphoneos/ZipHarbor.build/DerivedSources/ZipHarbor-Swift.h

Copy /tmp/ZipHarbor-Device-AppIcon-20261001/Build/Products/Debug-iphoneos/ZipHarbor.swiftmodule/arm64-apple-ios.swiftdoc /tmp/ZipHarbor-Device-AppIcon-20261001/Build/Intermediates.noindex/ZipHarbor.build/Debug-iphoneos/ZipHarbor.build/Objects-normal/arm64/ZipHarbor.swiftdoc (in target 'ZipHarbor' from project 'ZipHarbor')
    cd /Users/USER/github_space/zip-app/ZipHarbor
    builtin-copy -exclude .DS_Store -exclude CVS -exclude .svn -exclude .git -exclude .hg -resolve-src-symlinks -rename /tmp/ZipHarbor-Device-AppIcon-20261001/Build/Intermediates.noindex/ZipHarbor.build/Debug-iphoneos/ZipHarbor.build/Objects-normal/arm64/ZipHarbor.swiftdoc /tmp/ZipHarbor-Device-AppIcon-20261001/Build/Products/Debug-iphoneos/ZipHarbor.swiftmodule/arm64-apple-ios.swiftdoc

Copy /tmp/ZipHarbor-Device-AppIcon-20261001/Build/Products/Debug-iphoneos/ZipHarbor.swiftmodule/arm64-apple-ios.swiftmodule /tmp/ZipHarbor-Device-AppIcon-20261001/Build/Intermediates.noindex/ZipHarbor.build/Debug-iphoneos/ZipHarbor.build/Objects-normal/arm64/ZipHarbor.swiftmodule (in target 'ZipHarbor' from project 'ZipHarbor')
    cd /Users/USER/github_space/zip-app/ZipHarbor
    builtin-copy -exclude .DS_Store -exclude CVS -exclude .svn -exclude .git -exclude .hg -resolve-src-symlinks -rename /tmp/ZipHarbor-Device-AppIcon-20261001/Build/Intermediates.noindex/ZipHarbor.build/Debug-iphoneos/ZipHarbor.build/Objects-normal/arm64/ZipHarbor.swiftmodule /tmp/ZipHarbor-Device-AppIcon-20261001/Build/Products/Debug-iphoneos/ZipHarbor.swiftmodule/arm64-apple-ios.swiftmodule

Copy /tmp/ZipHarbor-Device-AppIcon-20261001/Build/Products/Debug-iphoneos/ZipHarbor.swiftmodule/Project/arm64-apple-ios.swiftsourceinfo /tmp/ZipHarbor-Device-AppIcon-20261001/Build/Intermediates.noindex/ZipHarbor.build/Debug-iphoneos/ZipHarbor.build/Objects-normal/arm64/ZipHarbor.swiftsourceinfo (in target 'ZipHarbor' from project 'ZipHarbor')
    cd /Users/USER/github_space/zip-app/ZipHarbor
    builtin-copy -exclude .DS_Store -exclude CVS -exclude .svn -exclude .git -exclude .hg -resolve-src-symlinks -rename /tmp/ZipHarbor-Device-AppIcon-20261001/Build/Intermediates.noindex/ZipHarbor.build/Debug-iphoneos/ZipHarbor.build/Objects-normal/arm64/ZipHarbor.swiftsourceinfo /tmp/ZipHarbor-Device-AppIcon-20261001/Build/Products/Debug-iphoneos/ZipHarbor.swiftmodule/Project/arm64-apple-ios.swiftsourceinfo

Copy /tmp/ZipHarbor-Device-AppIcon-20261001/Build/Products/Debug-iphoneos/ZipHarbor.swiftmodule/arm64-apple-ios.abi.json /tmp/ZipHarbor-Device-AppIcon-20261001/Build/Intermediates.noindex/ZipHarbor.build/Debug-iphoneos/ZipHarbor.build/Objects-normal/arm64/ZipHarbor.abi.json (in target 'ZipHarbor' from project 'ZipHarbor')
    cd /Users/USER/github_space/zip-app/ZipHarbor
    builtin-copy -exclude .DS_Store -exclude CVS -exclude .svn -exclude .git -exclude .hg -resolve-src-symlinks -rename /tmp/ZipHarbor-Device-AppIcon-20261001/Build/Intermediates.noindex/ZipHarbor.build/Debug-iphoneos/ZipHarbor.build/Objects-normal/arm64/ZipHarbor.abi.json /tmp/ZipHarbor-Device-AppIcon-20261001/Build/Products/Debug-iphoneos/ZipHarbor.swiftmodule/arm64-apple-ios.abi.json

ProcessProductPackaging /Users/USER/Library/Developer/Xcode/UserData/Provisioning\ Profiles/63dd1084-944d-4fc2-ba15-f1a3f72c90a3.mobileprovision /tmp/ZipHarbor-Device-AppIcon-20261001/Build/Products/Debug-iphoneos/ZipHarborUITests-Runner.app/embedded.mobileprovision (in target 'ZipHarborUITests' from project 'ZipHarbor')
    cd /Users/USER/github_space/zip-app/ZipHarbor
    builtin-productPackagingUtility /Users/USER/Library/Developer/Xcode/UserData/Provisioning\ Profiles/63dd1084-944d-4fc2-ba15-f1a3f72c90a3.mobileprovision -o /tmp/ZipHarbor-Device-AppIcon-20261001/Build/Products/Debug-iphoneos/ZipHarborUITests-Runner.app/embedded.mobileprovision

ProcessProductPackaging "" /tmp/ZipHarbor-Device-AppIcon-20261001/Build/Intermediates.noindex/ZipHarbor.build/Debug-iphoneos/ZipHarborUITests.build/ZipHarborUITests.xctest.xcent (in target 'ZipHarborUITests' from project 'ZipHarbor')
    cd /Users/USER/github_space/zip-app/ZipHarbor
    
    Entitlements:
    
    {
    "application-identifier" = "3LSP26D33P.com.xiaolongxu.zipharbor.app.uitests.xctrunner";
    "com.apple.developer.team-identifier" = 3LSP26D33P;
    "get-task-allow" = 1;
    "keychain-access-groups" =     (
        "3LSP26D33P.com.xiaolongxu.zipharbor.app.uitests.xctrunner"
    );
}
    
    builtin-productPackagingUtility -entitlements -format xml -o /tmp/ZipHarbor-Device-AppIcon-20261001/Build/Intermediates.noindex/ZipHarbor.build/Debug-iphoneos/ZipHarborUITests.build/ZipHarborUITests.xctest.xcent

ProcessProductPackagingDER /tmp/ZipHarbor-Device-AppIcon-20261001/Build/Intermediates.noindex/ZipHarbor.build/Debug-iphoneos/ZipHarborUITests.build/ZipHarborUITests.xctest.xcent /tmp/ZipHarbor-Device-AppIcon-20261001/Build/Intermediates.noindex/ZipHarbor.build/Debug-iphoneos/ZipHarborUITests.build/ZipHarborUITests.xctest.xcent.der (in target 'ZipHarborUITests' from project 'ZipHarbor')
    cd /Users/USER/github_space/zip-app/ZipHarbor
    /usr/bin/derq query -f xml -i /tmp/ZipHarbor-Device-AppIcon-20261001/Build/Intermediates.noindex/ZipHarbor.build/Debug-iphoneos/ZipHarborUITests.build/ZipHarborUITests.xctest.xcent -o /tmp/ZipHarbor-Device-AppIcon-20261001/Build/Intermediates.noindex/ZipHarbor.build/Debug-iphoneos/ZipHarborUITests.build/ZipHarborUITests.xctest.xcent.der --raw

SwiftDriver ZipHarborTests normal arm64 com.apple.xcode.tools.swift.compiler (in target 'ZipHarborTests' from project 'ZipHarbor')
    cd /Users/USER/github_space/zip-app/ZipHarbor
    builtin-SwiftDriver -- /Applications/Xcode.app/Contents/Developer/Toolchains/XcodeDefault.xctoolchain/usr/bin/swiftc -module-name ZipHarborTests -Onone @/tmp/ZipHarbor-Device-AppIcon-20261001/Build/Intermediates.noindex/ZipHarbor.build/Debug-iphoneos/ZipHarborTests.build/Objects-normal/arm64/ZipHarborTests.SwiftFileList -DDEBUG -plugin-path /Applications/Xcode.app/Contents/Developer/Toolchains/XcodeDefault.xctoolchain/usr/lib/swift/host/plugins/testing -enable-experimental-feature DebugDescriptionMacro -sdk /Applications/Xcode.app/Contents/Developer/Platforms/iPhoneOS.platform/Developer/SDKs/iPhoneOS27.0.sdk -target arm64-apple-ios17.0 -g -module-cache-path /tmp/ZipHarbor-Device-AppIcon-20261001/ModuleCache.noindex -Xfrontend -serialize-debugging-options -enable-testing -index-store-path /tmp/ZipHarbor-Device-AppIcon-20261001/Index.noindex/DataStore -Xcc -D_LIBCPP_HARDENING_MODE\=_LIBCPP_HARDENING_MODE_DEBUG -swift-version 6 -I /tmp/ZipHarbor-Device-AppIcon-20261001/Build/Products/Debug-iphoneos -Isystem /Applications/Xcode.app/Contents/Developer/Platforms/iPhoneOS.platform/Developer/usr/lib -F /tmp/ZipHarbor-Device-AppIcon-20261001/Build/Products/Debug-iphoneos/PackageFrameworks -F /tmp/ZipHarbor-Device-AppIcon-20261001/Build/Products/Debug-iphoneos -F /Applications/Xcode.app/Contents/Developer/Platforms/iPhoneOS.platform/Developer/Library/Frameworks -F /Applications/Xcode.app/Contents/Developer/Platforms/iPhoneOS.platform/Developer/SDKs/iPhoneOS27.0.sdk/Developer/Library/Frameworks -c -j15 -enable-batch-mode -incremental -Xcc -ivfsstatcache -Xcc /tmp/ZipHarbor-Device-AppIcon-20261001/SDKStatCaches.noindex/iphoneos27.0-24A430-6c78b3cbc238196c85e1bf6c792c5915.sdkstatcache -output-file-map /tmp/ZipHarbor-Device-AppIcon-20261001/Build/Intermediates.noindex/ZipHarbor.build/Debug-iphoneos/ZipHarborTests.build/Objects-normal/arm64/ZipHarborTests-OutputFileMap.json -save-temps -no-color-diagnostics -explicit-module-build -module-cache-path /tmp/ZipHarbor-Device-AppIcon-20261001/Build/Intermediates.noindex/SwiftExplicitPrecompiledModules -clang-scanner-module-cache-path /tmp/ZipHarbor-Device-AppIcon-20261001/ModuleCache.noindex -sdk-module-cache-path /tmp/ZipHarbor-Device-AppIcon-20261001/SDKExplicitPrecompiledModules -emit-dependencies -emit-module -emit-module-path /tmp/ZipHarbor-Device-AppIcon-20261001/Build/Intermediates.noindex/ZipHarbor.build/Debug-iphoneos/ZipHarborTests.build/Objects-normal/arm64/ZipHarborTests.swiftmodule -serialize-diagnostics -dependency-scan-serialize-diagnostics-path /tmp/ZipHarbor-Device-AppIcon-20261001/Build/Intermediates.noindex/ZipHarbor.build/Debug-iphoneos/ZipHarborTests.build/Objects-normal/arm64/ZipHarborTests-dependency-scan.dia -validate-clang-modules-once -clang-build-session-file /tmp/ZipHarbor-Device-AppIcon-20261001/ModuleCache.noindex/Session.modulevalidation -Xcc -fmodules-prune-interval\=86400 -Xcc -fmodules-prune-after\=345600 -emit-const-values -const-gather-protocols-list /tmp/ZipHarbor-Device-AppIcon-20261001/Build/Intermediates.noindex/ZipHarbor.build/Debug-iphoneos/ZipHarborTests.build/Objects-normal/arm64/ZipHarborTests_const_extract_protocols.json -Xcc -iquote -Xcc /tmp/ZipHarbor-Device-AppIcon-20261001/Build/Intermediates.noindex/ZipHarbor.build/Debug-iphoneos/ZipHarborTests.build/ZipHarborTests-generated-files.hmap -Xcc -I/tmp/ZipHarbor-Device-AppIcon-20261001/Build/Intermediates.noindex/ZipHarbor.build/Debug-iphoneos/ZipHarborTests.build/ZipHarborTests-own-target-headers.hmap -Xcc -I/tmp/ZipHarbor-Device-AppIcon-20261001/Build/Intermediates.noindex/ZipHarbor.build/Debug-iphoneos/ZipHarborTests.build/ZipHarborTests-all-non-framework-target-headers.hmap -Xcc -ivfsoverlay -Xcc /tmp/ZipHarbor-Device-AppIcon-20261001/Build/Intermediates.noindex/ZipHarbor.build/Debug-iphoneos/ZipHarbor-576ff8f1de8c1a2cbc0351e2756fa15b-VFS-iphoneos/all-product-headers.yaml -Xcc -iquote -Xcc /tmp/ZipHarbor-Device-AppIcon-20261001/Build/Intermediates.noindex/ZipHarbor.build/Debug-iphoneos/ZipHarborTests.build/ZipHarborTests-project-headers.hmap -Xcc -I/tmp/ZipHarbor-Device-AppIcon-20261001/Build/Products/Debug-iphoneos/include -Xcc -I/tmp/ZipHarbor-Device-AppIcon-20261001/Build/Intermediates.noindex/ZipHarbor.build/Debug-iphoneos/ZipHarborTests.build/DerivedSources-normal/arm64 -Xcc -I/tmp/ZipHarbor-Device-AppIcon-20261001/Build/Intermediates.noindex/ZipHarbor.build/Debug-iphoneos/ZipHarborTests.build/DerivedSources/arm64 -Xcc -I/tmp/ZipHarbor-Device-AppIcon-20261001/Build/Intermediates.noindex/ZipHarbor.build/Debug-iphoneos/ZipHarborTests.build/DerivedSources -Xcc -DDEBUG\=1 -emit-objc-header -emit-objc-header-path /tmp/ZipHarbor-Device-AppIcon-20261001/Build/Intermediates.noindex/ZipHarbor.build/Debug-iphoneos/ZipHarborTests.build/Objects-normal/arm64/ZipHarborTests-Swift.h -working-directory /Users/USER/github_space/zip-app/ZipHarbor -experimental-emit-module-separately -disable-cmo

SwiftDriver ZipHarborUITests normal arm64 com.apple.xcode.tools.swift.compiler (in target 'ZipHarborUITests' from project 'ZipHarbor')
    cd /Users/USER/github_space/zip-app/ZipHarbor
    builtin-SwiftDriver -- /Applications/Xcode.app/Contents/Developer/Toolchains/XcodeDefault.xctoolchain/usr/bin/swiftc -module-name ZipHarborUITests -Onone @/tmp/ZipHarbor-Device-AppIcon-20261001/Build/Intermediates.noindex/ZipHarbor.build/Debug-iphoneos/ZipHarborUITests.build/Objects-normal/arm64/ZipHarborUITests.SwiftFileList -DDEBUG -module-alias Testing\=_Testing_Unavailable -plugin-path /Applications/Xcode.app/Contents/Developer/Toolchains/XcodeDefault.xctoolchain/usr/lib/swift/host/plugins/testing -enable-experimental-feature DebugDescriptionMacro -sdk /Applications/Xcode.app/Contents/Developer/Platforms/iPhoneOS.platform/Developer/SDKs/iPhoneOS27.0.sdk -target arm64-apple-ios17.0 -g -module-cache-path /tmp/ZipHarbor-Device-AppIcon-20261001/ModuleCache.noindex -Xfrontend -serialize-debugging-options -enable-testing -index-store-path /tmp/ZipHarbor-Device-AppIcon-20261001/Index.noindex/DataStore -Xcc -D_LIBCPP_HARDENING_MODE\=_LIBCPP_HARDENING_MODE_DEBUG -swift-version 6 -I /tmp/ZipHarbor-Device-AppIcon-20261001/Build/Products/Debug-iphoneos -Isystem /Applications/Xcode.app/Contents/Developer/Platforms/iPhoneOS.platform/Developer/usr/lib -F /tmp/ZipHarbor-Device-AppIcon-20261001/Build/Products/Debug-iphoneos -F /Applications/Xcode.app/Contents/Developer/Platforms/iPhoneOS.platform/Developer/Library/Frameworks -F /Applications/Xcode.app/Contents/Developer/Platforms/iPhoneOS.platform/Developer/SDKs/iPhoneOS27.0.sdk/Developer/Library/Frameworks -parse-as-library -c -j15 -enable-batch-mode -incremental -Xcc -ivfsstatcache -Xcc /tmp/ZipHarbor-Device-AppIcon-20261001/SDKStatCaches.noindex/iphoneos27.0-24A430-6c78b3cbc238196c85e1bf6c792c5915.sdkstatcache -output-file-map /tmp/ZipHarbor-Device-AppIcon-20261001/Build/Intermediates.noindex/ZipHarbor.build/Debug-iphoneos/ZipHarborUITests.build/Objects-normal/arm64/ZipHarborUITests-OutputFileMap.json -save-temps -no-color-diagnostics -explicit-module-build -module-cache-path /tmp/ZipHarbor-Device-AppIcon-20261001/Build/Intermediates.noindex/SwiftExplicitPrecompiledModules -clang-scanner-module-cache-path /tmp/ZipHarbor-Device-AppIcon-20261001/ModuleCache.noindex -sdk-module-cache-path /tmp/ZipHarbor-Device-AppIcon-20261001/SDKExplicitPrecompiledModules -emit-dependencies -emit-module -emit-module-path /tmp/ZipHarbor-Device-AppIcon-20261001/Build/Intermediates.noindex/ZipHarbor.build/Debug-iphoneos/ZipHarborUITests.build/Objects-normal/arm64/ZipHarborUITests.swiftmodule -serialize-diagnostics -dependency-scan-serialize-diagnostics-path /tmp/ZipHarbor-Device-AppIcon-20261001/Build/Intermediates.noindex/ZipHarbor.build/Debug-iphoneos/ZipHarborUITests.build/Objects-normal/arm64/ZipHarborUITests-dependency-scan.dia -validate-clang-modules-once -clang-build-session-file /tmp/ZipHarbor-Device-AppIcon-20261001/ModuleCache.noindex/Session.modulevalidation -Xcc -fmodules-prune-interval\=86400 -Xcc -fmodules-prune-after\=345600 -emit-const-values -const-gather-protocols-list /tmp/ZipHarbor-Device-AppIcon-20261001/Build/Intermediates.noindex/ZipHarbor.build/Debug-iphoneos/ZipHarborUITests.build/Objects-normal/arm64/ZipHarborUITests_const_extract_protocols.json -Xcc -iquote -Xcc /tmp/ZipHarbor-Device-AppIcon-20261001/Build/Intermediates.noindex/ZipHarbor.build/Debug-iphoneos/ZipHarborUITests.build/ZipHarborUITests-generated-files.hmap -Xcc -I/tmp/ZipHarbor-Device-AppIcon-20261001/Build/Intermediates.noindex/ZipHarbor.build/Debug-iphoneos/ZipHarborUITests.build/ZipHarborUITests-own-target-headers.hmap -Xcc -I/tmp/ZipHarbor-Device-AppIcon-20261001/Build/Intermediates.noindex/ZipHarbor.build/Debug-iphoneos/ZipHarborUITests.build/ZipHarborUITests-all-non-framework-target-headers.hmap -Xcc -ivfsoverlay -Xcc /tmp/ZipHarbor-Device-AppIcon-20261001/Build/Intermediates.noindex/ZipHarbor.build/Debug-iphoneos/ZipHarbor-576ff8f1de8c1a2cbc0351e2756fa15b-VFS-iphoneos/all-product-headers.yaml -Xcc -iquote -Xcc /tmp/ZipHarbor-Device-AppIcon-20261001/Build/Intermediates.noindex/ZipHarbor.build/Debug-iphoneos/ZipHarborUITests.build/ZipHarborUITests-project-headers.hmap -Xcc -I/tmp/ZipHarbor-Device-AppIcon-20261001/Build/Products/Debug-iphoneos/include -Xcc -I/tmp/ZipHarbor-Device-AppIcon-20261001/Build/Intermediates.noindex/ZipHarbor.build/Debug-iphoneos/ZipHarborUITests.build/DerivedSources-normal/arm64 -Xcc -I/tmp/ZipHarbor-Device-AppIcon-20261001/Build/Intermediates.noindex/ZipHarbor.build/Debug-iphoneos/ZipHarborUITests.build/DerivedSources/arm64 -Xcc -I/tmp/ZipHarbor-Device-AppIcon-20261001/Build/Intermediates.noindex/ZipHarbor.build/Debug-iphoneos/ZipHarborUITests.build/DerivedSources -Xcc -DDEBUG\=1 -emit-objc-header -emit-objc-header-path /tmp/ZipHarbor-Device-AppIcon-20261001/Build/Intermediates.noindex/ZipHarbor.build/Debug-iphoneos/ZipHarborUITests.build/Objects-normal/arm64/ZipHarborUITests-Swift.h -working-directory /Users/USER/github_space/zip-app/ZipHarbor -experimental-emit-module-separately -disable-cmo

SwiftExplicitDependencyGeneratePcm arm64 /tmp/ZipHarbor-Device-AppIcon-20261001/Build/Intermediates.noindex/SwiftExplicitPrecompiledModules/XCUIAutomation-HI7PFRIWQFR8R4Y8WIWLNO29.pcm

SwiftExplicitDependencyCompileModuleFromInterface arm64 /tmp/ZipHarbor-Device-AppIcon-20261001/Build/Intermediates.noindex/SwiftExplicitPrecompiledModules/XCUIAutomation-8E6FIZUSWF5B.swiftmodule

SwiftExplicitDependencyGeneratePcm arm64 /tmp/ZipHarbor-Device-AppIcon-20261001/Build/Intermediates.noindex/SwiftExplicitPrecompiledModules/XCTest-731Q0ZWKZD3GJU59RXQQAN5DO.pcm

SwiftExplicitDependencyCompileModuleFromInterface arm64 /tmp/ZipHarbor-Device-AppIcon-20261001/Build/Intermediates.noindex/SwiftExplicitPrecompiledModules/XCTest-2WMJIBXO9FBKJ.swiftmodule

SwiftDriverJobDiscovery normal arm64 Compiling TaskCoordinator.swift, Components.swift (in target 'ZipHarbor' from project 'ZipHarbor')

SwiftDriverJobDiscovery normal arm64 Compiling QASeed.swift, ZipHarborApp.swift (in target 'ZipHarbor' from project 'ZipHarbor')

SwiftDriverJobDiscovery normal arm64 Compiling SystemBridges.swift (in target 'ZipHarbor' from project 'ZipHarbor')

SwiftDriverJobDiscovery normal arm64 Compiling SettingsView.swift (in target 'ZipHarbor' from project 'ZipHarbor')

SwiftDriverJobDiscovery normal arm64 Compiling TasksView.swift (in target 'ZipHarbor' from project 'ZipHarbor')

SwiftEmitModule normal arm64 Emitting\ module\ for\ ZipHarborTests (in target 'ZipHarborTests' from project 'ZipHarbor')

SwiftCompile normal arm64 (in target 'ZipHarborTests' from project 'ZipHarbor')
    cd /Users/USER/github_space/zip-app/ZipHarbor
    

SwiftCompile normal arm64 Compiling\ PerformanceAcceptanceTests.swift /Users/USER/github_space/zip-app/ZipHarbor/ZipHarborTests/PerformanceAcceptanceTests.swift (in target 'ZipHarborTests' from project 'ZipHarbor')

SwiftCompile normal arm64 /Users/USER/github_space/zip-app/ZipHarbor/ZipHarborTests/PerformanceAcceptanceTests.swift (in target 'ZipHarborTests' from project 'ZipHarbor')
    cd /Users/USER/github_space/zip-app/ZipHarbor
    builtin-SwiftPerFileCompile PerformanceAcceptanceTests.swift

SwiftCompile normal arm64 Compiling\ ZipHarborUITests.swift /Users/USER/github_space/zip-app/ZipHarbor/ZipHarborUITests/ZipHarborUITests.swift (in target 'ZipHarborUITests' from project 'ZipHarbor')

SwiftCompile normal arm64 /Users/USER/github_space/zip-app/ZipHarbor/ZipHarborUITests/ZipHarborUITests.swift (in target 'ZipHarborUITests' from project 'ZipHarbor')
    cd /Users/USER/github_space/zip-app/ZipHarbor
    builtin-SwiftPerFileCompile ZipHarborUITests.swift

SwiftCompile normal arm64 Compiling\ ArchiveModelTests.swift /Users/USER/github_space/zip-app/ZipHarbor/ZipHarborTests/ArchiveModelTests.swift (in target 'ZipHarborTests' from project 'ZipHarbor')

SwiftCompile normal arm64 /Users/USER/github_space/zip-app/ZipHarbor/ZipHarborTests/ArchiveModelTests.swift (in target 'ZipHarborTests' from project 'ZipHarbor')
    cd /Users/USER/github_space/zip-app/ZipHarbor
    builtin-SwiftPerFileCompile ArchiveModelTests.swift

SwiftEmitModule normal arm64 Emitting\ module\ for\ ZipHarborUITests (in target 'ZipHarborUITests' from project 'ZipHarbor')

SwiftCompile normal arm64 (in target 'ZipHarborUITests' from project 'ZipHarbor')
    cd /Users/USER/github_space/zip-app/ZipHarbor
    

SwiftCompile normal arm64 Compiling\ CoordinatorTests.swift /Users/USER/github_space/zip-app/ZipHarbor/ZipHarborTests/CoordinatorTests.swift (in target 'ZipHarborTests' from project 'ZipHarbor')

SwiftCompile normal arm64 /Users/USER/github_space/zip-app/ZipHarbor/ZipHarborTests/CoordinatorTests.swift (in target 'ZipHarborTests' from project 'ZipHarbor')
    cd /Users/USER/github_space/zip-app/ZipHarbor
    builtin-SwiftPerFileCompile CoordinatorTests.swift

SwiftCompile normal arm64 Compiling\ MigrationEngineTests.swift /Users/USER/github_space/zip-app/ZipHarbor/ZipHarborTests/MigrationEngineTests.swift (in target 'ZipHarborTests' from project 'ZipHarbor')

SwiftCompile normal arm64 /Users/USER/github_space/zip-app/ZipHarbor/ZipHarborTests/MigrationEngineTests.swift (in target 'ZipHarborTests' from project 'ZipHarbor')
    cd /Users/USER/github_space/zip-app/ZipHarbor
    builtin-SwiftPerFileCompile MigrationEngineTests.swift

SwiftDriverJobDiscovery normal arm64 Emitting module for ZipHarborUITests (in target 'ZipHarborUITests' from project 'ZipHarbor')

SwiftDriver\ Compilation\ Requirements ZipHarborUITests normal arm64 com.apple.xcode.tools.swift.compiler (in target 'ZipHarborUITests' from project 'ZipHarbor')
    cd /Users/USER/github_space/zip-app/ZipHarbor
    builtin-Swift-Compilation-Requirements -- /Applications/Xcode.app/Contents/Developer/Toolchains/XcodeDefault.xctoolchain/usr/bin/swiftc -module-name ZipHarborUITests -Onone @/tmp/ZipHarbor-Device-AppIcon-20261001/Build/Intermediates.noindex/ZipHarbor.build/Debug-iphoneos/ZipHarborUITests.build/Objects-normal/arm64/ZipHarborUITests.SwiftFileList -DDEBUG -module-alias Testing\=_Testing_Unavailable -plugin-path /Applications/Xcode.app/Contents/Developer/Toolchains/XcodeDefault.xctoolchain/usr/lib/swift/host/plugins/testing -enable-experimental-feature DebugDescriptionMacro -sdk /Applications/Xcode.app/Contents/Developer/Platforms/iPhoneOS.platform/Developer/SDKs/iPhoneOS27.0.sdk -target arm64-apple-ios17.0 -g -module-cache-path /tmp/ZipHarbor-Device-AppIcon-20261001/ModuleCache.noindex -Xfrontend -serialize-debugging-options -enable-testing -index-store-path /tmp/ZipHarbor-Device-AppIcon-20261001/Index.noindex/DataStore -Xcc -D_LIBCPP_HARDENING_MODE\=_LIBCPP_HARDENING_MODE_DEBUG -swift-version 6 -I /tmp/ZipHarbor-Device-AppIcon-20261001/Build/Products/Debug-iphoneos -Isystem /Applications/Xcode.app/Contents/Developer/Platforms/iPhoneOS.platform/Developer/usr/lib -F /tmp/ZipHarbor-Device-AppIcon-20261001/Build/Products/Debug-iphoneos -F /Applications/Xcode.app/Contents/Developer/Platforms/iPhoneOS.platform/Developer/Library/Frameworks -F /Applications/Xcode.app/Contents/Developer/Platforms/iPhoneOS.platform/Developer/SDKs/iPhoneOS27.0.sdk/Developer/Library/Frameworks -parse-as-library -c -j15 -enable-batch-mode -incremental -Xcc -ivfsstatcache -Xcc /tmp/ZipHarbor-Device-AppIcon-20261001/SDKStatCaches.noindex/iphoneos27.0-24A430-6c78b3cbc238196c85e1bf6c792c5915.sdkstatcache -output-file-map /tmp/ZipHarbor-Device-AppIcon-20261001/Build/Intermediates.noindex/ZipHarbor.build/Debug-iphoneos/ZipHarborUITests.build/Objects-normal/arm64/ZipHarborUITests-OutputFileMap.json -save-temps -no-color-diagnostics -explicit-module-build -module-cache-path /tmp/ZipHarbor-Device-AppIcon-20261001/Build/Intermediates.noindex/SwiftExplicitPrecompiledModules -clang-scanner-module-cache-path /tmp/ZipHarbor-Device-AppIcon-20261001/ModuleCache.noindex -sdk-module-cache-path /tmp/ZipHarbor-Device-AppIcon-20261001/SDKExplicitPrecompiledModules -emit-dependencies -emit-module -emit-module-path /tmp/ZipHarbor-Device-AppIcon-20261001/Build/Intermediates.noindex/ZipHarbor.build/Debug-iphoneos/ZipHarborUITests.build/Objects-normal/arm64/ZipHarborUITests.swiftmodule -serialize-diagnostics -dependency-scan-serialize-diagnostics-path /tmp/ZipHarbor-Device-AppIcon-20261001/Build/Intermediates.noindex/ZipHarbor.build/Debug-iphoneos/ZipHarborUITests.build/Objects-normal/arm64/ZipHarborUITests-dependency-scan.dia -validate-clang-modules-once -clang-build-session-file /tmp/ZipHarbor-Device-AppIcon-20261001/ModuleCache.noindex/Session.modulevalidation -Xcc -fmodules-prune-interval\=86400 -Xcc -fmodules-prune-after\=345600 -emit-const-values -const-gather-protocols-list /tmp/ZipHarbor-Device-AppIcon-20261001/Build/Intermediates.noindex/ZipHarbor.build/Debug-iphoneos/ZipHarborUITests.build/Objects-normal/arm64/ZipHarborUITests_const_extract_protocols.json -Xcc -iquote -Xcc /tmp/ZipHarbor-Device-AppIcon-20261001/Build/Intermediates.noindex/ZipHarbor.build/Debug-iphoneos/ZipHarborUITests.build/ZipHarborUITests-generated-files.hmap -Xcc -I/tmp/ZipHarbor-Device-AppIcon-20261001/Build/Intermediates.noindex/ZipHarbor.build/Debug-iphoneos/ZipHarborUITests.build/ZipHarborUITests-own-target-headers.hmap -Xcc -I/tmp/ZipHarbor-Device-AppIcon-20261001/Build/Intermediates.noindex/ZipHarbor.build/Debug-iphoneos/ZipHarborUITests.build/ZipHarborUITests-all-non-framework-target-headers.hmap -Xcc -ivfsoverlay -Xcc /tmp/ZipHarbor-Device-AppIcon-20261001/Build/Intermediates.noindex/ZipHarbor.build/Debug-iphoneos/ZipHarbor-576ff8f1de8c1a2cbc0351e2756fa15b-VFS-iphoneos/all-product-headers.yaml -Xcc -iquote -Xcc /tmp/ZipHarbor-Device-AppIcon-20261001/Build/Intermediates.noindex/ZipHarbor.build/Debug-iphoneos/ZipHarborUITests.build/ZipHarborUITests-project-headers.hmap -Xcc -I/tmp/ZipHarbor-Device-AppIcon-20261001/Build/Products/Debug-iphoneos/include -Xcc -I/tmp/ZipHarbor-Device-AppIcon-20261001/Build/Intermediates.noindex/ZipHarbor.build/Debug-iphoneos/ZipHarborUITests.build/DerivedSources-normal/arm64 -Xcc -I/tmp/ZipHarbor-Device-AppIcon-20261001/Build/Intermediates.noindex/ZipHarbor.build/Debug-iphoneos/ZipHarborUITests.build/DerivedSources/arm64 -Xcc -I/tmp/ZipHarbor-Device-AppIcon-20261001/Build/Intermediates.noindex/ZipHarbor.build/Debug-iphoneos/ZipHarborUITests.build/DerivedSources -Xcc -DDEBUG\=1 -emit-objc-header -emit-objc-header-path /tmp/ZipHarbor-Device-AppIcon-20261001/Build/Intermediates.noindex/ZipHarbor.build/Debug-iphoneos/ZipHarborUITests.build/Objects-normal/arm64/ZipHarborUITests-Swift.h -working-directory /Users/USER/github_space/zip-app/ZipHarbor -experimental-emit-module-separately -disable-cmo

SwiftMergeGeneratedHeaders /tmp/ZipHarbor-Device-AppIcon-20261001/Build/Intermediates.noindex/ZipHarbor.build/Debug-iphoneos/ZipHarborUITests.build/DerivedSources/ZipHarborUITests-Swift.h /tmp/ZipHarbor-Device-AppIcon-20261001/Build/Intermediates.noindex/ZipHarbor.build/Debug-iphoneos/ZipHarborUITests.build/Objects-normal/arm64/ZipHarborUITests-Swift.h (in target 'ZipHarborUITests' from project 'ZipHarbor')
    cd /Users/USER/github_space/zip-app/ZipHarbor
    builtin-swiftHeaderTool -arch arm64 /tmp/ZipHarbor-Device-AppIcon-20261001/Build/Intermediates.noindex/ZipHarbor.build/Debug-iphoneos/ZipHarborUITests.build/Objects-normal/arm64/ZipHarborUITests-Swift.h -o /tmp/ZipHarbor-Device-AppIcon-20261001/Build/Intermediates.noindex/ZipHarbor.build/Debug-iphoneos/ZipHarborUITests.build/DerivedSources/ZipHarborUITests-Swift.h

Copy /tmp/ZipHarbor-Device-AppIcon-20261001/Build/Products/Debug-iphoneos/ZipHarborUITests.swiftmodule/arm64-apple-ios.swiftmodule /tmp/ZipHarbor-Device-AppIcon-20261001/Build/Intermediates.noindex/ZipHarbor.build/Debug-iphoneos/ZipHarborUITests.build/Objects-normal/arm64/ZipHarborUITests.swiftmodule (in target 'ZipHarborUITests' from project 'ZipHarbor')
    cd /Users/USER/github_space/zip-app/ZipHarbor
    builtin-copy -exclude .DS_Store -exclude CVS -exclude .svn -exclude .git -exclude .hg -resolve-src-symlinks -rename /tmp/ZipHarbor-Device-AppIcon-20261001/Build/Intermediates.noindex/ZipHarbor.build/Debug-iphoneos/ZipHarborUITests.build/Objects-normal/arm64/ZipHarborUITests.swiftmodule /tmp/ZipHarbor-Device-AppIcon-20261001/Build/Products/Debug-iphoneos/ZipHarborUITests.swiftmodule/arm64-apple-ios.swiftmodule

Copy /tmp/ZipHarbor-Device-AppIcon-20261001/Build/Products/Debug-iphoneos/ZipHarborUITests.swiftmodule/arm64-apple-ios.swiftdoc /tmp/ZipHarbor-Device-AppIcon-20261001/Build/Intermediates.noindex/ZipHarbor.build/Debug-iphoneos/ZipHarborUITests.build/Objects-normal/arm64/ZipHarborUITests.swiftdoc (in target 'ZipHarborUITests' from project 'ZipHarbor')
    cd /Users/USER/github_space/zip-app/ZipHarbor
    builtin-copy -exclude .DS_Store -exclude CVS -exclude .svn -exclude .git -exclude .hg -resolve-src-symlinks -rename /tmp/ZipHarbor-Device-AppIcon-20261001/Build/Intermediates.noindex/ZipHarbor.build/Debug-iphoneos/ZipHarborUITests.build/Objects-normal/arm64/ZipHarborUITests.swiftdoc /tmp/ZipHarbor-Device-AppIcon-20261001/Build/Products/Debug-iphoneos/ZipHarborUITests.swiftmodule/arm64-apple-ios.swiftdoc

Copy /tmp/ZipHarbor-Device-AppIcon-20261001/Build/Products/Debug-iphoneos/ZipHarborUITests.swiftmodule/arm64-apple-ios.abi.json /tmp/ZipHarbor-Device-AppIcon-20261001/Build/Intermediates.noindex/ZipHarbor.build/Debug-iphoneos/ZipHarborUITests.build/Objects-normal/arm64/ZipHarborUITests.abi.json (in target 'ZipHarborUITests' from project 'ZipHarbor')
    cd /Users/USER/github_space/zip-app/ZipHarbor
    builtin-copy -exclude .DS_Store -exclude CVS -exclude .svn -exclude .git -exclude .hg -resolve-src-symlinks -rename /tmp/ZipHarbor-Device-AppIcon-20261001/Build/Intermediates.noindex/ZipHarbor.build/Debug-iphoneos/ZipHarborUITests.build/Objects-normal/arm64/ZipHarborUITests.abi.json /tmp/ZipHarbor-Device-AppIcon-20261001/Build/Products/Debug-iphoneos/ZipHarborUITests.swiftmodule/arm64-apple-ios.abi.json

Copy /tmp/ZipHarbor-Device-AppIcon-20261001/Build/Products/Debug-iphoneos/ZipHarborUITests.swiftmodule/Project/arm64-apple-ios.swiftsourceinfo /tmp/ZipHarbor-Device-AppIcon-20261001/Build/Intermediates.noindex/ZipHarbor.build/Debug-iphoneos/ZipHarborUITests.build/Objects-normal/arm64/ZipHarborUITests.swiftsourceinfo (in target 'ZipHarborUITests' from project 'ZipHarbor')
    cd /Users/USER/github_space/zip-app/ZipHarbor
    builtin-copy -exclude .DS_Store -exclude CVS -exclude .svn -exclude .git -exclude .hg -resolve-src-symlinks -rename /tmp/ZipHarbor-Device-AppIcon-20261001/Build/Intermediates.noindex/ZipHarbor.build/Debug-iphoneos/ZipHarborUITests.build/Objects-normal/arm64/ZipHarborUITests.swiftsourceinfo /tmp/ZipHarbor-Device-AppIcon-20261001/Build/Products/Debug-iphoneos/ZipHarborUITests.swiftmodule/Project/arm64-apple-ios.swiftsourceinfo

SwiftDriverJobDiscovery normal arm64 Compiling GeneratedAssetSymbols.swift (in target 'ZipHarbor' from project 'ZipHarbor')

SwiftDriverJobDiscovery normal arm64 Emitting module for ZipHarborTests (in target 'ZipHarborTests' from project 'ZipHarbor')

SwiftDriver\ Compilation\ Requirements ZipHarborTests normal arm64 com.apple.xcode.tools.swift.compiler (in target 'ZipHarborTests' from project 'ZipHarbor')
    cd /Users/USER/github_space/zip-app/ZipHarbor
    builtin-Swift-Compilation-Requirements -- /Applications/Xcode.app/Contents/Developer/Toolchains/XcodeDefault.xctoolchain/usr/bin/swiftc -module-name ZipHarborTests -Onone @/tmp/ZipHarbor-Device-AppIcon-20261001/Build/Intermediates.noindex/ZipHarbor.build/Debug-iphoneos/ZipHarborTests.build/Objects-normal/arm64/ZipHarborTests.SwiftFileList -DDEBUG -plugin-path /Applications/Xcode.app/Contents/Developer/Toolchains/XcodeDefault.xctoolchain/usr/lib/swift/host/plugins/testing -enable-experimental-feature DebugDescriptionMacro -sdk /Applications/Xcode.app/Contents/Developer/Platforms/iPhoneOS.platform/Developer/SDKs/iPhoneOS27.0.sdk -target arm64-apple-ios17.0 -g -module-cache-path /tmp/ZipHarbor-Device-AppIcon-20261001/ModuleCache.noindex -Xfrontend -serialize-debugging-options -enable-testing -index-store-path /tmp/ZipHarbor-Device-AppIcon-20261001/Index.noindex/DataStore -Xcc -D_LIBCPP_HARDENING_MODE\=_LIBCPP_HARDENING_MODE_DEBUG -swift-version 6 -I /tmp/ZipHarbor-Device-AppIcon-20261001/Build/Products/Debug-iphoneos -Isystem /Applications/Xcode.app/Contents/Developer/Platforms/iPhoneOS.platform/Developer/usr/lib -F /tmp/ZipHarbor-Device-AppIcon-20261001/Build/Products/Debug-iphoneos/PackageFrameworks -F /tmp/ZipHarbor-Device-AppIcon-20261001/Build/Products/Debug-iphoneos -F /Applications/Xcode.app/Contents/Developer/Platforms/iPhoneOS.platform/Developer/Library/Frameworks -F /Applications/Xcode.app/Contents/Developer/Platforms/iPhoneOS.platform/Developer/SDKs/iPhoneOS27.0.sdk/Developer/Library/Frameworks -c -j15 -enable-batch-mode -incremental -Xcc -ivfsstatcache -Xcc /tmp/ZipHarbor-Device-AppIcon-20261001/SDKStatCaches.noindex/iphoneos27.0-24A430-6c78b3cbc238196c85e1bf6c792c5915.sdkstatcache -output-file-map /tmp/ZipHarbor-Device-AppIcon-20261001/Build/Intermediates.noindex/ZipHarbor.build/Debug-iphoneos/ZipHarborTests.build/Objects-normal/arm64/ZipHarborTests-OutputFileMap.json -save-temps -no-color-diagnostics -explicit-module-build -module-cache-path /tmp/ZipHarbor-Device-AppIcon-20261001/Build/Intermediates.noindex/SwiftExplicitPrecompiledModules -clang-scanner-module-cache-path /tmp/ZipHarbor-Device-AppIcon-20261001/ModuleCache.noindex -sdk-module-cache-path /tmp/ZipHarbor-Device-AppIcon-20261001/SDKExplicitPrecompiledModules -emit-dependencies -emit-module -emit-module-path /tmp/ZipHarbor-Device-AppIcon-20261001/Build/Intermediates.noindex/ZipHarbor.build/Debug-iphoneos/ZipHarborTests.build/Objects-normal/arm64/ZipHarborTests.swiftmodule -serialize-diagnostics -dependency-scan-serialize-diagnostics-path /tmp/ZipHarbor-Device-AppIcon-20261001/Build/Intermediates.noindex/ZipHarbor.build/Debug-iphoneos/ZipHarborTests.build/Objects-normal/arm64/ZipHarborTests-dependency-scan.dia -validate-clang-modules-once -clang-build-session-file /tmp/ZipHarbor-Device-AppIcon-20261001/ModuleCache.noindex/Session.modulevalidation -Xcc -fmodules-prune-interval\=86400 -Xcc -fmodules-prune-after\=345600 -emit-const-values -const-gather-protocols-list /tmp/ZipHarbor-Device-AppIcon-20261001/Build/Intermediates.noindex/ZipHarbor.build/Debug-iphoneos/ZipHarborTests.build/Objects-normal/arm64/ZipHarborTests_const_extract_protocols.json -Xcc -iquote -Xcc /tmp/ZipHarbor-Device-AppIcon-20261001/Build/Intermediates.noindex/ZipHarbor.build/Debug-iphoneos/ZipHarborTests.build/ZipHarborTests-generated-files.hmap -Xcc -I/tmp/ZipHarbor-Device-AppIcon-20261001/Build/Intermediates.noindex/ZipHarbor.build/Debug-iphoneos/ZipHarborTests.build/ZipHarborTests-own-target-headers.hmap -Xcc -I/tmp/ZipHarbor-Device-AppIcon-20261001/Build/Intermediates.noindex/ZipHarbor.build/Debug-iphoneos/ZipHarborTests.build/ZipHarborTests-all-non-framework-target-headers.hmap -Xcc -ivfsoverlay -Xcc /tmp/ZipHarbor-Device-AppIcon-20261001/Build/Intermediates.noindex/ZipHarbor.build/Debug-iphoneos/ZipHarbor-576ff8f1de8c1a2cbc0351e2756fa15b-VFS-iphoneos/all-product-headers.yaml -Xcc -iquote -Xcc /tmp/ZipHarbor-Device-AppIcon-20261001/Build/Intermediates.noindex/ZipHarbor.build/Debug-iphoneos/ZipHarborTests.build/ZipHarborTests-project-headers.hmap -Xcc -I/tmp/ZipHarbor-Device-AppIcon-20261001/Build/Products/Debug-iphoneos/include -Xcc -I/tmp/ZipHarbor-Device-AppIcon-20261001/Build/Intermediates.noindex/ZipHarbor.build/Debug-iphoneos/ZipHarborTests.build/DerivedSources-normal/arm64 -Xcc -I/tmp/ZipHarbor-Device-AppIcon-20261001/Build/Intermediates.noindex/ZipHarbor.build/Debug-iphoneos/ZipHarborTests.build/DerivedSources/arm64 -Xcc -I/tmp/ZipHarbor-Device-AppIcon-20261001/Build/Intermediates.noindex/ZipHarbor.build/Debug-iphoneos/ZipHarborTests.build/DerivedSources -Xcc -DDEBUG\=1 -emit-objc-header -emit-objc-header-path /tmp/ZipHarbor-Device-AppIcon-20261001/Build/Intermediates.noindex/ZipHarbor.build/Debug-iphoneos/ZipHarborTests.build/Objects-normal/arm64/ZipHarborTests-Swift.h -working-directory /Users/USER/github_space/zip-app/ZipHarbor -experimental-emit-module-separately -disable-cmo

SwiftMergeGeneratedHeaders /tmp/ZipHarbor-Device-AppIcon-20261001/Build/Intermediates.noindex/ZipHarbor.build/Debug-iphoneos/ZipHarborTests.build/DerivedSources/ZipHarborTests-Swift.h /tmp/ZipHarbor-Device-AppIcon-20261001/Build/Intermediates.noindex/ZipHarbor.build/Debug-iphoneos/ZipHarborTests.build/Objects-normal/arm64/ZipHarborTests-Swift.h (in target 'ZipHarborTests' from project 'ZipHarbor')
    cd /Users/USER/github_space/zip-app/ZipHarbor
    builtin-swiftHeaderTool -arch arm64 /tmp/ZipHarbor-Device-AppIcon-20261001/Build/Intermediates.noindex/ZipHarbor.build/Debug-iphoneos/ZipHarborTests.build/Objects-normal/arm64/ZipHarborTests-Swift.h -o /tmp/ZipHarbor-Device-AppIcon-20261001/Build/Intermediates.noindex/ZipHarbor.build/Debug-iphoneos/ZipHarborTests.build/DerivedSources/ZipHarborTests-Swift.h

Copy /tmp/ZipHarbor-Device-AppIcon-20261001/Build/Products/Debug-iphoneos/ZipHarborTests.swiftmodule/arm64-apple-ios.swiftmodule /tmp/ZipHarbor-Device-AppIcon-20261001/Build/Intermediates.noindex/ZipHarbor.build/Debug-iphoneos/ZipHarborTests.build/Objects-normal/arm64/ZipHarborTests.swiftmodule (in target 'ZipHarborTests' from project 'ZipHarbor')
    cd /Users/USER/github_space/zip-app/ZipHarbor
    builtin-copy -exclude .DS_Store -exclude CVS -exclude .svn -exclude .git -exclude .hg -resolve-src-symlinks -rename /tmp/ZipHarbor-Device-AppIcon-20261001/Build/Intermediates.noindex/ZipHarbor.build/Debug-iphoneos/ZipHarborTests.build/Objects-normal/arm64/ZipHarborTests.swiftmodule /tmp/ZipHarbor-Device-AppIcon-20261001/Build/Products/Debug-iphoneos/ZipHarborTests.swiftmodule/arm64-apple-ios.swiftmodule

Copy /tmp/ZipHarbor-Device-AppIcon-20261001/Build/Products/Debug-iphoneos/ZipHarborTests.swiftmodule/arm64-apple-ios.swiftdoc /tmp/ZipHarbor-Device-AppIcon-20261001/Build/Intermediates.noindex/ZipHarbor.build/Debug-iphoneos/ZipHarborTests.build/Objects-normal/arm64/ZipHarborTests.swiftdoc (in target 'ZipHarborTests' from project 'ZipHarbor')
    cd /Users/USER/github_space/zip-app/ZipHarbor
    builtin-copy -exclude .DS_Store -exclude CVS -exclude .svn -exclude .git -exclude .hg -resolve-src-symlinks -rename /tmp/ZipHarbor-Device-AppIcon-20261001/Build/Intermediates.noindex/ZipHarbor.build/Debug-iphoneos/ZipHarborTests.build/Objects-normal/arm64/ZipHarborTests.swiftdoc /tmp/ZipHarbor-Device-AppIcon-20261001/Build/Products/Debug-iphoneos/ZipHarborTests.swiftmodule/arm64-apple-ios.swiftdoc

Copy /tmp/ZipHarbor-Device-AppIcon-20261001/Build/Products/Debug-iphoneos/ZipHarborTests.swiftmodule/arm64-apple-ios.abi.json /tmp/ZipHarbor-Device-AppIcon-20261001/Build/Intermediates.noindex/ZipHarbor.build/Debug-iphoneos/ZipHarborTests.build/Objects-normal/arm64/ZipHarborTests.abi.json (in target 'ZipHarborTests' from project 'ZipHarbor')
    cd /Users/USER/github_space/zip-app/ZipHarbor
    builtin-copy -exclude .DS_Store -exclude CVS -exclude .svn -exclude .git -exclude .hg -resolve-src-symlinks -rename /tmp/ZipHarbor-Device-AppIcon-20261001/Build/Intermediates.noindex/ZipHarbor.build/Debug-iphoneos/ZipHarborTests.build/Objects-normal/arm64/ZipHarborTests.abi.json /tmp/ZipHarbor-Device-AppIcon-20261001/Build/Products/Debug-iphoneos/ZipHarborTests.swiftmodule/arm64-apple-ios.abi.json

Copy /tmp/ZipHarbor-Device-AppIcon-20261001/Build/Products/Debug-iphoneos/ZipHarborTests.swiftmodule/Project/arm64-apple-ios.swiftsourceinfo /tmp/ZipHarbor-Device-AppIcon-20261001/Build/Intermediates.noindex/ZipHarbor.build/Debug-iphoneos/ZipHarborTests.build/Objects-normal/arm64/ZipHarborTests.swiftsourceinfo (in target 'ZipHarborTests' from project 'ZipHarbor')
    cd /Users/USER/github_space/zip-app/ZipHarbor
    builtin-copy -exclude .DS_Store -exclude CVS -exclude .svn -exclude .git -exclude .hg -resolve-src-symlinks -rename /tmp/ZipHarbor-Device-AppIcon-20261001/Build/Intermediates.noindex/ZipHarbor.build/Debug-iphoneos/ZipHarborTests.build/Objects-normal/arm64/ZipHarborTests.swiftsourceinfo /tmp/ZipHarbor-Device-AppIcon-20261001/Build/Products/Debug-iphoneos/ZipHarborTests.swiftmodule/Project/arm64-apple-ios.swiftsourceinfo

SwiftDriverJobDiscovery normal arm64 Compiling DestinationViews.swift, FolderBrowser.swift (in target 'ZipHarbor' from project 'ZipHarbor')

SwiftDriverJobDiscovery normal arm64 Compiling ZipHarborUITests.swift (in target 'ZipHarborUITests' from project 'ZipHarbor')

SwiftDriver\ Compilation ZipHarborUITests normal arm64 com.apple.xcode.tools.swift.compiler (in target 'ZipHarborUITests' from project 'ZipHarbor')
    cd /Users/USER/github_space/zip-app/ZipHarbor
    builtin-Swift-Compilation -- /Applications/Xcode.app/Contents/Developer/Toolchains/XcodeDefault.xctoolchain/usr/bin/swiftc -module-name ZipHarborUITests -Onone @/tmp/ZipHarbor-Device-AppIcon-20261001/Build/Intermediates.noindex/ZipHarbor.build/Debug-iphoneos/ZipHarborUITests.build/Objects-normal/arm64/ZipHarborUITests.SwiftFileList -DDEBUG -module-alias Testing\=_Testing_Unavailable -plugin-path /Applications/Xcode.app/Contents/Developer/Toolchains/XcodeDefault.xctoolchain/usr/lib/swift/host/plugins/testing -enable-experimental-feature DebugDescriptionMacro -sdk /Applications/Xcode.app/Contents/Developer/Platforms/iPhoneOS.platform/Developer/SDKs/iPhoneOS27.0.sdk -target arm64-apple-ios17.0 -g -module-cache-path /tmp/ZipHarbor-Device-AppIcon-20261001/ModuleCache.noindex -Xfrontend -serialize-debugging-options -enable-testing -index-store-path /tmp/ZipHarbor-Device-AppIcon-20261001/Index.noindex/DataStore -Xcc -D_LIBCPP_HARDENING_MODE\=_LIBCPP_HARDENING_MODE_DEBUG -swift-version 6 -I /tmp/ZipHarbor-Device-AppIcon-20261001/Build/Products/Debug-iphoneos -Isystem /Applications/Xcode.app/Contents/Developer/Platforms/iPhoneOS.platform/Developer/usr/lib -F /tmp/ZipHarbor-Device-AppIcon-20261001/Build/Products/Debug-iphoneos -F /Applications/Xcode.app/Contents/Developer/Platforms/iPhoneOS.platform/Developer/Library/Frameworks -F /Applications/Xcode.app/Contents/Developer/Platforms/iPhoneOS.platform/Developer/SDKs/iPhoneOS27.0.sdk/Developer/Library/Frameworks -parse-as-library -c -j15 -enable-batch-mode -incremental -Xcc -ivfsstatcache -Xcc /tmp/ZipHarbor-Device-AppIcon-20261001/SDKStatCaches.noindex/iphoneos27.0-24A430-6c78b3cbc238196c85e1bf6c792c5915.sdkstatcache -output-file-map /tmp/ZipHarbor-Device-AppIcon-20261001/Build/Intermediates.noindex/ZipHarbor.build/Debug-iphoneos/ZipHarborUITests.build/Objects-normal/arm64/ZipHarborUITests-OutputFileMap.json -save-temps -no-color-diagnostics -explicit-module-build -module-cache-path /tmp/ZipHarbor-Device-AppIcon-20261001/Build/Intermediates.noindex/SwiftExplicitPrecompiledModules -clang-scanner-module-cache-path /tmp/ZipHarbor-Device-AppIcon-20261001/ModuleCache.noindex -sdk-module-cache-path /tmp/ZipHarbor-Device-AppIcon-20261001/SDKExplicitPrecompiledModules -emit-dependencies -emit-module -emit-module-path /tmp/ZipHarbor-Device-AppIcon-20261001/Build/Intermediates.noindex/ZipHarbor.build/Debug-iphoneos/ZipHarborUITests.build/Objects-normal/arm64/ZipHarborUITests.swiftmodule -serialize-diagnostics -dependency-scan-serialize-diagnostics-path /tmp/ZipHarbor-Device-AppIcon-20261001/Build/Intermediates.noindex/ZipHarbor.build/Debug-iphoneos/ZipHarborUITests.build/Objects-normal/arm64/ZipHarborUITests-dependency-scan.dia -validate-clang-modules-once -clang-build-session-file /tmp/ZipHarbor-Device-AppIcon-20261001/ModuleCache.noindex/Session.modulevalidation -Xcc -fmodules-prune-interval\=86400 -Xcc -fmodules-prune-after\=345600 -emit-const-values -const-gather-protocols-list /tmp/ZipHarbor-Device-AppIcon-20261001/Build/Intermediates.noindex/ZipHarbor.build/Debug-iphoneos/ZipHarborUITests.build/Objects-normal/arm64/ZipHarborUITests_const_extract_protocols.json -Xcc -iquote -Xcc /tmp/ZipHarbor-Device-AppIcon-20261001/Build/Intermediates.noindex/ZipHarbor.build/Debug-iphoneos/ZipHarborUITests.build/ZipHarborUITests-generated-files.hmap -Xcc -I/tmp/ZipHarbor-Device-AppIcon-20261001/Build/Intermediates.noindex/ZipHarbor.build/Debug-iphoneos/ZipHarborUITests.build/ZipHarborUITests-own-target-headers.hmap -Xcc -I/tmp/ZipHarbor-Device-AppIcon-20261001/Build/Intermediates.noindex/ZipHarbor.build/Debug-iphoneos/ZipHarborUITests.build/ZipHarborUITests-all-non-framework-target-headers.hmap -Xcc -ivfsoverlay -Xcc /tmp/ZipHarbor-Device-AppIcon-20261001/Build/Intermediates.noindex/ZipHarbor.build/Debug-iphoneos/ZipHarbor-576ff8f1de8c1a2cbc0351e2756fa15b-VFS-iphoneos/all-product-headers.yaml -Xcc -iquote -Xcc /tmp/ZipHarbor-Device-AppIcon-20261001/Build/Intermediates.noindex/ZipHarbor.build/Debug-iphoneos/ZipHarborUITests.build/ZipHarborUITests-project-headers.hmap -Xcc -I/tmp/ZipHarbor-Device-AppIcon-20261001/Build/Products/Debug-iphoneos/include -Xcc -I/tmp/ZipHarbor-Device-AppIcon-20261001/Build/Intermediates.noindex/ZipHarbor.build/Debug-iphoneos/ZipHarborUITests.build/DerivedSources-normal/arm64 -Xcc -I/tmp/ZipHarbor-Device-AppIcon-20261001/Build/Intermediates.noindex/ZipHarbor.build/Debug-iphoneos/ZipHarborUITests.build/DerivedSources/arm64 -Xcc -I/tmp/ZipHarbor-Device-AppIcon-20261001/Build/Intermediates.noindex/ZipHarbor.build/Debug-iphoneos/ZipHarborUITests.build/DerivedSources -Xcc -DDEBUG\=1 -emit-objc-header -emit-objc-header-path /tmp/ZipHarbor-Device-AppIcon-20261001/Build/Intermediates.noindex/ZipHarbor.build/Debug-iphoneos/ZipHarborUITests.build/Objects-normal/arm64/ZipHarborUITests-Swift.h -working-directory /Users/USER/github_space/zip-app/ZipHarbor -experimental-emit-module-separately -disable-cmo

SwiftDriverJobDiscovery normal arm64 Compiling ArchiveModelTests.swift (in target 'ZipHarborTests' from project 'ZipHarbor')

SwiftDriverJobDiscovery normal arm64 Compiling CoordinatorTests.swift (in target 'ZipHarborTests' from project 'ZipHarbor')

SwiftDriverJobDiscovery normal arm64 Compiling PerformanceAcceptanceTests.swift (in target 'ZipHarborTests' from project 'ZipHarbor')

SwiftDriverJobDiscovery normal arm64 Compiling RootView.swift (in target 'ZipHarbor' from project 'ZipHarbor')

SwiftDriverJobDiscovery normal arm64 Compiling MigrationEngineTests.swift (in target 'ZipHarborTests' from project 'ZipHarbor')

SwiftDriver\ Compilation ZipHarborTests normal arm64 com.apple.xcode.tools.swift.compiler (in target 'ZipHarborTests' from project 'ZipHarbor')
    cd /Users/USER/github_space/zip-app/ZipHarbor
    builtin-Swift-Compilation -- /Applications/Xcode.app/Contents/Developer/Toolchains/XcodeDefault.xctoolchain/usr/bin/swiftc -module-name ZipHarborTests -Onone @/tmp/ZipHarbor-Device-AppIcon-20261001/Build/Intermediates.noindex/ZipHarbor.build/Debug-iphoneos/ZipHarborTests.build/Objects-normal/arm64/ZipHarborTests.SwiftFileList -DDEBUG -plugin-path /Applications/Xcode.app/Contents/Developer/Toolchains/XcodeDefault.xctoolchain/usr/lib/swift/host/plugins/testing -enable-experimental-feature DebugDescriptionMacro -sdk /Applications/Xcode.app/Contents/Developer/Platforms/iPhoneOS.platform/Developer/SDKs/iPhoneOS27.0.sdk -target arm64-apple-ios17.0 -g -module-cache-path /tmp/ZipHarbor-Device-AppIcon-20261001/ModuleCache.noindex -Xfrontend -serialize-debugging-options -enable-testing -index-store-path /tmp/ZipHarbor-Device-AppIcon-20261001/Index.noindex/DataStore -Xcc -D_LIBCPP_HARDENING_MODE\=_LIBCPP_HARDENING_MODE_DEBUG -swift-version 6 -I /tmp/ZipHarbor-Device-AppIcon-20261001/Build/Products/Debug-iphoneos -Isystem /Applications/Xcode.app/Contents/Developer/Platforms/iPhoneOS.platform/Developer/usr/lib -F /tmp/ZipHarbor-Device-AppIcon-20261001/Build/Products/Debug-iphoneos/PackageFrameworks -F /tmp/ZipHarbor-Device-AppIcon-20261001/Build/Products/Debug-iphoneos -F /Applications/Xcode.app/Contents/Developer/Platforms/iPhoneOS.platform/Developer/Library/Frameworks -F /Applications/Xcode.app/Contents/Developer/Platforms/iPhoneOS.platform/Developer/SDKs/iPhoneOS27.0.sdk/Developer/Library/Frameworks -c -j15 -enable-batch-mode -incremental -Xcc -ivfsstatcache -Xcc /tmp/ZipHarbor-Device-AppIcon-20261001/SDKStatCaches.noindex/iphoneos27.0-24A430-6c78b3cbc238196c85e1bf6c792c5915.sdkstatcache -output-file-map /tmp/ZipHarbor-Device-AppIcon-20261001/Build/Intermediates.noindex/ZipHarbor.build/Debug-iphoneos/ZipHarborTests.build/Objects-normal/arm64/ZipHarborTests-OutputFileMap.json -save-temps -no-color-diagnostics -explicit-module-build -module-cache-path /tmp/ZipHarbor-Device-AppIcon-20261001/Build/Intermediates.noindex/SwiftExplicitPrecompiledModules -clang-scanner-module-cache-path /tmp/ZipHarbor-Device-AppIcon-20261001/ModuleCache.noindex -sdk-module-cache-path /tmp/ZipHarbor-Device-AppIcon-20261001/SDKExplicitPrecompiledModules -emit-dependencies -emit-module -emit-module-path /tmp/ZipHarbor-Device-AppIcon-20261001/Build/Intermediates.noindex/ZipHarbor.build/Debug-iphoneos/ZipHarborTests.build/Objects-normal/arm64/ZipHarborTests.swiftmodule -serialize-diagnostics -dependency-scan-serialize-diagnostics-path /tmp/ZipHarbor-Device-AppIcon-20261001/Build/Intermediates.noindex/ZipHarbor.build/Debug-iphoneos/ZipHarborTests.build/Objects-normal/arm64/ZipHarborTests-dependency-scan.dia -validate-clang-modules-once -clang-build-session-file /tmp/ZipHarbor-Device-AppIcon-20261001/ModuleCache.noindex/Session.modulevalidation -Xcc -fmodules-prune-interval\=86400 -Xcc -fmodules-prune-after\=345600 -emit-const-values -const-gather-protocols-list /tmp/ZipHarbor-Device-AppIcon-20261001/Build/Intermediates.noindex/ZipHarbor.build/Debug-iphoneos/ZipHarborTests.build/Objects-normal/arm64/ZipHarborTests_const_extract_protocols.json -Xcc -iquote -Xcc /tmp/ZipHarbor-Device-AppIcon-20261001/Build/Intermediates.noindex/ZipHarbor.build/Debug-iphoneos/ZipHarborTests.build/ZipHarborTests-generated-files.hmap -Xcc -I/tmp/ZipHarbor-Device-AppIcon-20261001/Build/Intermediates.noindex/ZipHarbor.build/Debug-iphoneos/ZipHarborTests.build/ZipHarborTests-own-target-headers.hmap -Xcc -I/tmp/ZipHarbor-Device-AppIcon-20261001/Build/Intermediates.noindex/ZipHarbor.build/Debug-iphoneos/ZipHarborTests.build/ZipHarborTests-all-non-framework-target-headers.hmap -Xcc -ivfsoverlay -Xcc /tmp/ZipHarbor-Device-AppIcon-20261001/Build/Intermediates.noindex/ZipHarbor.build/Debug-iphoneos/ZipHarbor-576ff8f1de8c1a2cbc0351e2756fa15b-VFS-iphoneos/all-product-headers.yaml -Xcc -iquote -Xcc /tmp/ZipHarbor-Device-AppIcon-20261001/Build/Intermediates.noindex/ZipHarbor.build/Debug-iphoneos/ZipHarborTests.build/ZipHarborTests-project-headers.hmap -Xcc -I/tmp/ZipHarbor-Device-AppIcon-20261001/Build/Products/Debug-iphoneos/include -Xcc -I/tmp/ZipHarbor-Device-AppIcon-20261001/Build/Intermediates.noindex/ZipHarbor.build/Debug-iphoneos/ZipHarborTests.build/DerivedSources-normal/arm64 -Xcc -I/tmp/ZipHarbor-Device-AppIcon-20261001/Build/Intermediates.noindex/ZipHarbor.build/Debug-iphoneos/ZipHarborTests.build/DerivedSources/arm64 -Xcc -I/tmp/ZipHarbor-Device-AppIcon-20261001/Build/Intermediates.noindex/ZipHarbor.build/Debug-iphoneos/ZipHarborTests.build/DerivedSources -Xcc -DDEBUG\=1 -emit-objc-header -emit-objc-header-path /tmp/ZipHarbor-Device-AppIcon-20261001/Build/Intermediates.noindex/ZipHarbor.build/Debug-iphoneos/ZipHarborTests.build/Objects-normal/arm64/ZipHarborTests-Swift.h -working-directory /Users/USER/github_space/zip-app/ZipHarbor -experimental-emit-module-separately -disable-cmo

SwiftDriverJobDiscovery normal arm64 Compiling ArchiveView.swift, CreateView.swift (in target 'ZipHarbor' from project 'ZipHarbor')

SwiftDriver\ Compilation ZipHarbor normal arm64 com.apple.xcode.tools.swift.compiler (in target 'ZipHarbor' from project 'ZipHarbor')
    cd /Users/USER/github_space/zip-app/ZipHarbor
    builtin-Swift-Compilation -- /Applications/Xcode.app/Contents/Developer/Toolchains/XcodeDefault.xctoolchain/usr/bin/swiftc -module-name ZipHarbor -Onone @/tmp/ZipHarbor-Device-AppIcon-20261001/Build/Intermediates.noindex/ZipHarbor.build/Debug-iphoneos/ZipHarbor.build/Objects-normal/arm64/ZipHarbor.SwiftFileList -DDEBUG -enable-experimental-feature DebugDescriptionMacro -sdk /Applications/Xcode.app/Contents/Developer/Platforms/iPhoneOS.platform/Developer/SDKs/iPhoneOS27.0.sdk -target arm64-apple-ios17.0 -g -module-cache-path /tmp/ZipHarbor-Device-AppIcon-20261001/ModuleCache.noindex -Xfrontend -serialize-debugging-options -enable-testing -index-store-path /tmp/ZipHarbor-Device-AppIcon-20261001/Index.noindex/DataStore -Xcc -D_LIBCPP_HARDENING_MODE\=_LIBCPP_HARDENING_MODE_DEBUG -swift-version 6 -I /tmp/ZipHarbor-Device-AppIcon-20261001/Build/Products/Debug-iphoneos -F /tmp/ZipHarbor-Device-AppIcon-20261001/Build/Products/Debug-iphoneos/PackageFrameworks -F /tmp/ZipHarbor-Device-AppIcon-20261001/Build/Products/Debug-iphoneos -emit-localized-strings -emit-localized-strings-path /tmp/ZipHarbor-Device-AppIcon-20261001/Build/Intermediates.noindex/ZipHarbor.build/Debug-iphoneos/ZipHarbor.build/Objects-normal/arm64 -c -j15 -enable-batch-mode -incremental -Xcc -ivfsstatcache -Xcc /tmp/ZipHarbor-Device-AppIcon-20261001/SDKStatCaches.noindex/iphoneos27.0-24A430-6c78b3cbc238196c85e1bf6c792c5915.sdkstatcache -output-file-map /tmp/ZipHarbor-Device-AppIcon-20261001/Build/Intermediates.noindex/ZipHarbor.build/Debug-iphoneos/ZipHarbor.build/Objects-normal/arm64/ZipHarbor-OutputFileMap.json -save-temps -no-color-diagnostics -explicit-module-build -module-cache-path /tmp/ZipHarbor-Device-AppIcon-20261001/Build/Intermediates.noindex/SwiftExplicitPrecompiledModules -clang-scanner-module-cache-path /tmp/ZipHarbor-Device-AppIcon-20261001/ModuleCache.noindex -sdk-module-cache-path /tmp/ZipHarbor-Device-AppIcon-20261001/SDKExplicitPrecompiledModules -emit-dependencies -emit-module -emit-module-path /tmp/ZipHarbor-Device-AppIcon-20261001/Build/Intermediates.noindex/ZipHarbor.build/Debug-iphoneos/ZipHarbor.build/Objects-normal/arm64/ZipHarbor.swiftmodule -serialize-diagnostics -dependency-scan-serialize-diagnostics-path /tmp/ZipHarbor-Device-AppIcon-20261001/Build/Intermediates.noindex/ZipHarbor.build/Debug-iphoneos/ZipHarbor.build/Objects-normal/arm64/ZipHarbor-dependency-scan.dia -validate-clang-modules-once -clang-build-session-file /tmp/ZipHarbor-Device-AppIcon-20261001/ModuleCache.noindex/Session.modulevalidation -Xcc -fmodules-prune-interval\=86400 -Xcc -fmodules-prune-after\=345600 -emit-const-values -const-gather-protocols-list /tmp/ZipHarbor-Device-AppIcon-20261001/Build/Intermediates.noindex/ZipHarbor.build/Debug-iphoneos/ZipHarbor.build/Objects-normal/arm64/ZipHarbor_const_extract_protocols.json -Xcc -iquote -Xcc /tmp/ZipHarbor-Device-AppIcon-20261001/Build/Intermediates.noindex/ZipHarbor.build/Debug-iphoneos/ZipHarbor.build/ZipHarbor-generated-files.hmap -Xcc -I/tmp/ZipHarbor-Device-AppIcon-20261001/Build/Intermediates.noindex/ZipHarbor.build/Debug-iphoneos/ZipHarbor.build/ZipHarbor-own-target-headers.hmap -Xcc -I/tmp/ZipHarbor-Device-AppIcon-20261001/Build/Intermediates.noindex/ZipHarbor.build/Debug-iphoneos/ZipHarbor.build/ZipHarbor-all-non-framework-target-headers.hmap -Xcc -ivfsoverlay -Xcc /tmp/ZipHarbor-Device-AppIcon-20261001/Build/Intermediates.noindex/ZipHarbor.build/Debug-iphoneos/ZipHarbor-576ff8f1de8c1a2cbc0351e2756fa15b-VFS-iphoneos/all-product-headers.yaml -Xcc -iquote -Xcc /tmp/ZipHarbor-Device-AppIcon-20261001/Build/Intermediates.noindex/ZipHarbor.build/Debug-iphoneos/ZipHarbor.build/ZipHarbor-project-headers.hmap -Xcc -I/tmp/ZipHarbor-Device-AppIcon-20261001/Build/Products/Debug-iphoneos/include -Xcc -I/tmp/ZipHarbor-Device-AppIcon-20261001/Build/Intermediates.noindex/ZipHarbor.build/Debug-iphoneos/ZipHarbor.build/DerivedSources-normal/arm64 -Xcc -I/tmp/ZipHarbor-Device-AppIcon-20261001/Build/Intermediates.noindex/ZipHarbor.build/Debug-iphoneos/ZipHarbor.build/DerivedSources/arm64 -Xcc -I/tmp/ZipHarbor-Device-AppIcon-20261001/Build/Intermediates.noindex/ZipHarbor.build/Debug-iphoneos/ZipHarbor.build/DerivedSources -Xcc -DDEBUG\=1 -emit-objc-header -emit-objc-header-path /tmp/ZipHarbor-Device-AppIcon-20261001/Build/Intermediates.noindex/ZipHarbor.build/Debug-iphoneos/ZipHarbor.build/Objects-normal/arm64/ZipHarbor-Swift.h -working-directory /Users/USER/github_space/zip-app/ZipHarbor -experimental-emit-module-separately -disable-cmo

Ld /tmp/ZipHarbor-Device-AppIcon-20261001/Build/Products/Debug-iphoneos/ZipHarbor.app/ZipHarbor.debug.dylib normal (in target 'ZipHarbor' from project 'ZipHarbor')
    cd /Users/USER/github_space/zip-app/ZipHarbor
    /Applications/Xcode.app/Contents/Developer/Toolchains/XcodeDefault.xctoolchain/usr/bin/clang -Xlinker -reproducible -target arm64-apple-ios17.0 -dynamiclib -isysroot /Applications/Xcode.app/Contents/Developer/Platforms/iPhoneOS.platform/Developer/SDKs/iPhoneOS27.0.sdk -O0 -Xlinker -no_warn_duplicate_libraries -L/tmp/ZipHarbor-Device-AppIcon-20261001/Build/Intermediates.noindex/EagerLinkingTBDs/Debug-iphoneos -L/tmp/ZipHarbor-Device-AppIcon-20261001/Build/Products/Debug-iphoneos -F/tmp/ZipHarbor-Device-AppIcon-20261001/Build/Intermediates.noindex/EagerLinkingTBDs/Debug-iphoneos -F/tmp/ZipHarbor-Device-AppIcon-20261001/Build/Products/Debug-iphoneos/PackageFrameworks -F/tmp/ZipHarbor-Device-AppIcon-20261001/Build/Products/Debug-iphoneos -filelist /tmp/ZipHarbor-Device-AppIcon-20261001/Build/Intermediates.noindex/ZipHarbor.build/Debug-iphoneos/ZipHarbor.build/Objects-normal/arm64/ZipHarbor.LinkFileList -install_name @rpath/ZipHarbor.debug.dylib -Xlinker -rpath -Xlinker /usr/lib/swift -Xlinker -rpath -Xlinker @loader_path -Xlinker -rpath -Xlinker /tmp/ZipHarbor-Device-AppIcon-20261001/Build/Products/Debug-iphoneos/PackageFrameworks -Xlinker -rpath -Xlinker @executable_path/Frameworks -Xlinker -dead_strip -Xlinker -object_path_lto -Xlinker /tmp/ZipHarbor-Device-AppIcon-20261001/Build/Intermediates.noindex/ZipHarbor.build/Debug-iphoneos/ZipHarbor.build/Objects-normal/arm64/ZipHarbor_lto.o -rdynamic -Xlinker -no_deduplicate -Xlinker -dependency_info -Xlinker /tmp/ZipHarbor-Device-AppIcon-20261001/Build/Intermediates.noindex/ZipHarbor.build/Debug-iphoneos/ZipHarbor.build/Objects-normal/arm64/ZipHarbor_dependency_info.dat -fobjc-link-runtime -L/Applications/Xcode.app/Contents/Developer/Toolchains/XcodeDefault.xctoolchain/usr/lib/swift/iphoneos -L/usr/lib/swift -Xlinker -add_ast_path -Xlinker /tmp/ZipHarbor-Device-AppIcon-20261001/Build/Intermediates.noindex/ZipHarbor.build/Debug-iphoneos/ZipHarbor.build/Objects-normal/arm64/ZipHarbor.swiftmodule -lz -lbz2 -liconv -lxml2 -Xlinker -alias -Xlinker _main -Xlinker ___debug_main_executable_dylib_entry_point -framework libarchive -Xlinker -no_adhoc_codesign -o /tmp/ZipHarbor-Device-AppIcon-20261001/Build/Products/Debug-iphoneos/ZipHarbor.app/ZipHarbor.debug.dylib

ConstructStubExecutorLinkFileList /tmp/ZipHarbor-Device-AppIcon-20261001/Build/Intermediates.noindex/ZipHarbor.build/Debug-iphoneos/ZipHarbor.build/ZipHarbor-ExecutorLinkFileList-normal-arm64.txt (in target 'ZipHarbor' from project 'ZipHarbor')
    cd /Users/USER/github_space/zip-app/ZipHarbor
    construct-stub-executor-link-file-list /tmp/ZipHarbor-Device-AppIcon-20261001/Build/Products/Debug-iphoneos/ZipHarbor.app/ZipHarbor.debug.dylib /Applications/Xcode.app/Contents/Developer/Platforms/iPhoneOS.platform/Developer/usr/lib/libPreviewsJITStubExecutor_no_swift_entry_point.a /Applications/Xcode.app/Contents/Developer/Platforms/iPhoneOS.platform/Developer/usr/lib/libPreviewsJITStubExecutor.a --output /tmp/ZipHarbor-Device-AppIcon-20261001/Build/Intermediates.noindex/ZipHarbor.build/Debug-iphoneos/ZipHarbor.build/ZipHarbor-ExecutorLinkFileList-normal-arm64.txt
note: Using stub executor library with Swift entry point. (in target 'ZipHarbor' from project 'ZipHarbor')

Ld /tmp/ZipHarbor-Device-AppIcon-20261001/Build/Products/Debug-iphoneos/ZipHarbor.app/ZipHarbor normal (in target 'ZipHarbor' from project 'ZipHarbor')
    cd /Users/USER/github_space/zip-app/ZipHarbor
    /Applications/Xcode.app/Contents/Developer/Toolchains/XcodeDefault.xctoolchain/usr/bin/clang -Xlinker -reproducible -target arm64-apple-ios17.0 -isysroot /Applications/Xcode.app/Contents/Developer/Platforms/iPhoneOS.platform/Developer/SDKs/iPhoneOS27.0.sdk -O0 -Xlinker -no_warn_duplicate_libraries -L/tmp/ZipHarbor-Device-AppIcon-20261001/Build/Products/Debug-iphoneos -F/tmp/ZipHarbor-Device-AppIcon-20261001/Build/Products/Debug-iphoneos/PackageFrameworks -F/tmp/ZipHarbor-Device-AppIcon-20261001/Build/Products/Debug-iphoneos -Xlinker -rpath -Xlinker @executable_path -Xlinker -rpath -Xlinker @loader_path -Xlinker -rpath -Xlinker /tmp/ZipHarbor-Device-AppIcon-20261001/Build/Products/Debug-iphoneos/PackageFrameworks -Xlinker -rpath -Xlinker @executable_path/Frameworks -rdynamic -Xlinker -no_deduplicate -e ___debug_blank_executor_main -Xlinker -sectcreate -Xlinker __TEXT -Xlinker __debug_dylib -Xlinker /tmp/ZipHarbor-Device-AppIcon-20261001/Build/Intermediates.noindex/ZipHarbor.build/Debug-iphoneos/ZipHarbor.build/ZipHarbor-DebugDylibPath-normal-arm64.txt -Xlinker -sectcreate -Xlinker __TEXT -Xlinker __debug_instlnm -Xlinker /tmp/ZipHarbor-Device-AppIcon-20261001/Build/Intermediates.noindex/ZipHarbor.build/Debug-iphoneos/ZipHarbor.build/ZipHarbor-DebugDylibInstallName-normal-arm64.txt -Xlinker -filelist -Xlinker /tmp/ZipHarbor-Device-AppIcon-20261001/Build/Intermediates.noindex/ZipHarbor.build/Debug-iphoneos/ZipHarbor.build/ZipHarbor-ExecutorLinkFileList-normal-arm64.txt /tmp/ZipHarbor-Device-AppIcon-20261001/Build/Products/Debug-iphoneos/ZipHarbor.app/ZipHarbor.debug.dylib -Xlinker -no_adhoc_codesign -o /tmp/ZipHarbor-Device-AppIcon-20261001/Build/Products/Debug-iphoneos/ZipHarbor.app/ZipHarbor

CopySwiftLibs /tmp/ZipHarbor-Device-AppIcon-20261001/Build/Products/Debug-iphoneos/ZipHarbor.app (in target 'ZipHarbor' from project 'ZipHarbor')
    cd /Users/USER/github_space/zip-app/ZipHarbor
    builtin-swiftStdLibTool --copy --verbose --sign FFD2AF526670F8DE3BED6017FCAE181F2157970F --scan-executable /tmp/ZipHarbor-Device-AppIcon-20261001/Build/Products/Debug-iphoneos/ZipHarbor.app/ZipHarbor.debug.dylib --scan-folder /tmp/ZipHarbor-Device-AppIcon-20261001/Build/Products/Debug-iphoneos/ZipHarbor.app/Frameworks --scan-folder /tmp/ZipHarbor-Device-AppIcon-20261001/Build/Products/Debug-iphoneos/ZipHarbor.app/PlugIns --scan-folder /tmp/ZipHarbor-Device-AppIcon-20261001/Build/Products/Debug-iphoneos/ZipHarbor.app/SystemExtensions --scan-folder /tmp/ZipHarbor-Device-AppIcon-20261001/Build/Products/Debug-iphoneos/ZipHarbor.app/Extensions --platform iphoneos --toolchain /Applications/Xcode.app/Contents/Developer/Toolchains/XcodeDefault.xctoolchain --destination /tmp/ZipHarbor-Device-AppIcon-20261001/Build/Products/Debug-iphoneos/ZipHarbor.app/Frameworks --strip-bitcode --strip-bitcode-tool /Applications/Xcode.app/Contents/Developer/Toolchains/XcodeDefault.xctoolchain/usr/bin/bitcode_strip --emit-dependency-info /tmp/ZipHarbor-Device-AppIcon-20261001/Build/Intermediates.noindex/ZipHarbor.build/Debug-iphoneos/ZipHarbor.build/SwiftStdLibToolInputDependencies.dep --filter-for-swift-os

ExtractAppIntentsMetadata (in target 'ZipHarbor' from project 'ZipHarbor')
    cd /Users/USER/github_space/zip-app/ZipHarbor
    /Applications/Xcode.app/Contents/Developer/Toolchains/XcodeDefault.xctoolchain/usr/bin/appintentsmetadataprocessor --toolchain-dir /Applications/Xcode.app/Contents/Developer/Toolchains/XcodeDefault.xctoolchain --module-name ZipHarbor --sdk-root /Applications/Xcode.app/Contents/Developer/Platforms/iPhoneOS.platform/Developer/SDKs/iPhoneOS27.0.sdk --xcode-version 27A266a --platform-family iOS --deployment-target 17.0 --bundle-identifier com.xiaolongxu.zipharbor.app --output /tmp/ZipHarbor-Device-AppIcon-20261001/Build/Products/Debug-iphoneos/ZipHarbor.app --target-triple arm64-apple-ios17.0 --binary-file /tmp/ZipHarbor-Device-AppIcon-20261001/Build/Products/Debug-iphoneos/ZipHarbor.app/ZipHarbor --dependency-file /tmp/ZipHarbor-Device-AppIcon-20261001/Build/Intermediates.noindex/ZipHarbor.build/Debug-iphoneos/ZipHarbor.build/Objects-normal/arm64/ZipHarbor_dependency_info.dat --stringsdata-file /tmp/ZipHarbor-Device-AppIcon-20261001/Build/Intermediates.noindex/ZipHarbor.build/Debug-iphoneos/ZipHarbor.build/Objects-normal/arm64/ExtractedAppShortcutsMetadata.stringsdata --source-file-list /tmp/ZipHarbor-Device-AppIcon-20261001/Build/Intermediates.noindex/ZipHarbor.build/Debug-iphoneos/ZipHarbor.build/Objects-normal/arm64/ZipHarbor.SwiftFileList --metadata-file-list /tmp/ZipHarbor-Device-AppIcon-20261001/Build/Intermediates.noindex/ZipHarbor.build/Debug-iphoneos/ZipHarbor.build/ZipHarbor.DependencyMetadataFileList --static-metadata-file-list /tmp/ZipHarbor-Device-AppIcon-20261001/Build/Intermediates.noindex/ZipHarbor.build/Debug-iphoneos/ZipHarbor.build/ZipHarbor.DependencyStaticMetadataFileList --swift-const-vals-list /tmp/ZipHarbor-Device-AppIcon-20261001/Build/Intermediates.noindex/ZipHarbor.build/Debug-iphoneos/ZipHarbor.build/Objects-normal/arm64/ZipHarbor.SwiftConstValuesFileList --compile-time-extraction --deployment-aware-processing --no-app-shortcuts-localization
2026-10-01 22:44:19.795 appintentsmetadataprocessor[60437:4098093] Starting appintentsmetadataprocessor export
2026-10-01 22:44:19.829 appintentsmetadataprocessor[60437:4098093] Extracted no relevant App Intents symbols, skipping writing output

AppIntentsSSUTraining (in target 'ZipHarbor' from project 'ZipHarbor')
    cd /Users/USER/github_space/zip-app/ZipHarbor
    /Applications/Xcode.app/Contents/Developer/Toolchains/XcodeDefault.xctoolchain/usr/bin/appintentsnltrainingprocessor --infoplist-path /tmp/ZipHarbor-Device-AppIcon-20261001/Build/Products/Debug-iphoneos/ZipHarbor.app/Info.plist --temp-dir-path /tmp/ZipHarbor-Device-AppIcon-20261001/Build/Intermediates.noindex/ZipHarbor.build/Debug-iphoneos/ZipHarbor.build/ssu --bundle-id com.xiaolongxu.zipharbor.app --product-path /tmp/ZipHarbor-Device-AppIcon-20261001/Build/Products/Debug-iphoneos/ZipHarbor.app --extracted-metadata-path /tmp/ZipHarbor-Device-AppIcon-20261001/Build/Products/Debug-iphoneos/ZipHarbor.app/Metadata.appintents --metadata-file-list /tmp/ZipHarbor-Device-AppIcon-20261001/Build/Intermediates.noindex/ZipHarbor.build/Debug-iphoneos/ZipHarbor.build/ZipHarbor.DependencyMetadataFileList --source-file /tmp/ZipHarbor-Device-AppIcon-20261001/Build/Products/Debug-iphoneos/ZipHarbor.app/Info.plist --archive-ssu-assets
2026-10-01 22:44:19.846 appintentsnltrainingprocessor[60438:4098099] Parsing options for appintentsnltrainingprocessor
2026-10-01 22:44:19.846 appintentsnltrainingprocessor[60438:4098099] Starting AppIntents SSU YAML Generation
2026-10-01 22:44:19.848 appintentsnltrainingprocessor[60438:4098099] No AppShortcuts found - Skipping.

ProcessInfoPlistFile /tmp/ZipHarbor-Device-AppIcon-20261001/Build/Products/Debug-iphoneos/ZipHarbor.app/PlugIns/ZipHarborTests.xctest/Info.plist /tmp/ZipHarbor-Device-AppIcon-20261001/Build/Intermediates.noindex/ZipHarbor.build/Debug-iphoneos/ZipHarborTests.build/empty-ZipHarborTests.plist (in target 'ZipHarborTests' from project 'ZipHarbor')
    cd /Users/USER/github_space/zip-app/ZipHarbor
    builtin-infoPlistUtility /tmp/ZipHarbor-Device-AppIcon-20261001/Build/Intermediates.noindex/ZipHarbor.build/Debug-iphoneos/ZipHarborTests.build/empty-ZipHarborTests.plist -producttype com.apple.product-type.bundle.unit-test -expandbuildsettings -format binary -platform iphoneos -requiredArchitecture arm64 -o /tmp/ZipHarbor-Device-AppIcon-20261001/Build/Products/Debug-iphoneos/ZipHarbor.app/PlugIns/ZipHarborTests.xctest/Info.plist

CpResource /tmp/ZipHarbor-Device-AppIcon-20261001/Build/Products/Debug-iphoneos/ZipHarbor.app/PlugIns/ZipHarborTests.xctest/rar5.rar /Users/USER/github_space/zip-app/ZipHarbor/ZipHarborTests/Fixtures/rar5.rar (in target 'ZipHarborTests' from project 'ZipHarbor')
    cd /Users/USER/github_space/zip-app/ZipHarbor
    builtin-copy -exclude .DS_Store -exclude CVS -exclude .svn -exclude .git -exclude .hg -resolve-src-symlinks /Users/USER/github_space/zip-app/ZipHarbor/ZipHarborTests/Fixtures/rar5.rar /tmp/ZipHarbor-Device-AppIcon-20261001/Build/Products/Debug-iphoneos/ZipHarbor.app/PlugIns/ZipHarborTests.xctest

CpResource /tmp/ZipHarbor-Device-AppIcon-20261001/Build/Products/Debug-iphoneos/ZipHarbor.app/PlugIns/ZipHarborTests.xctest/lesson.txt.gz /Users/USER/github_space/zip-app/ZipHarbor/ZipHarborTests/Fixtures/lesson.txt.gz (in target 'ZipHarborTests' from project 'ZipHarbor')
    cd /Users/USER/github_space/zip-app/ZipHarbor
    builtin-copy -exclude .DS_Store -exclude CVS -exclude .svn -exclude .git -exclude .hg -resolve-src-symlinks /Users/USER/github_space/zip-app/ZipHarbor/ZipHarborTests/Fixtures/lesson.txt.gz /tmp/ZipHarbor-Device-AppIcon-20261001/Build/Products/Debug-iphoneos/ZipHarbor.app/PlugIns/ZipHarborTests.xctest

CpResource /tmp/ZipHarbor-Device-AppIcon-20261001/Build/Products/Debug-iphoneos/ZipHarbor.app/PlugIns/ZipHarborTests.xctest/lesson.tar.gz /Users/USER/github_space/zip-app/ZipHarbor/ZipHarborTests/Fixtures/lesson.tar.gz (in target 'ZipHarborTests' from project 'ZipHarbor')
    cd /Users/USER/github_space/zip-app/ZipHarbor
    builtin-copy -exclude .DS_Store -exclude CVS -exclude .svn -exclude .git -exclude .hg -resolve-src-symlinks /Users/USER/github_space/zip-app/ZipHarbor/ZipHarborTests/Fixtures/lesson.tar.gz /tmp/ZipHarbor-Device-AppIcon-20261001/Build/Products/Debug-iphoneos/ZipHarbor.app/PlugIns/ZipHarborTests.xctest

CpResource /tmp/ZipHarbor-Device-AppIcon-20261001/Build/Products/Debug-iphoneos/ZipHarbor.app/PlugIns/ZipHarborTests.xctest/lesson.tar.bz2 /Users/USER/github_space/zip-app/ZipHarbor/ZipHarborTests/Fixtures/lesson.tar.bz2 (in target 'ZipHarborTests' from project 'ZipHarbor')
    cd /Users/USER/github_space/zip-app/ZipHarbor
    builtin-copy -exclude .DS_Store -exclude CVS -exclude .svn -exclude .git -exclude .hg -resolve-src-symlinks /Users/USER/github_space/zip-app/ZipHarbor/ZipHarborTests/Fixtures/lesson.tar.bz2 /tmp/ZipHarbor-Device-AppIcon-20261001/Build/Products/Debug-iphoneos/ZipHarbor.app/PlugIns/ZipHarborTests.xctest

CpResource /tmp/ZipHarbor-Device-AppIcon-20261001/Build/Products/Debug-iphoneos/ZipHarbor.app/PlugIns/ZipHarborTests.xctest/unsafe.tar /Users/USER/github_space/zip-app/ZipHarbor/ZipHarborTests/Fixtures/unsafe.tar (in target 'ZipHarborTests' from project 'ZipHarbor')
    cd /Users/USER/github_space/zip-app/ZipHarbor
    builtin-copy -exclude .DS_Store -exclude CVS -exclude .svn -exclude .git -exclude .hg -resolve-src-symlinks /Users/USER/github_space/zip-app/ZipHarbor/ZipHarborTests/Fixtures/unsafe.tar /tmp/ZipHarbor-Device-AppIcon-20261001/Build/Products/Debug-iphoneos/ZipHarbor.app/PlugIns/ZipHarborTests.xctest

CpResource /tmp/ZipHarbor-Device-AppIcon-20261001/Build/Products/Debug-iphoneos/ZipHarbor.app/PlugIns/ZipHarborTests.xctest/mixed-password.zip /Users/USER/github_space/zip-app/ZipHarbor/ZipHarborTests/Fixtures/mixed-password.zip (in target 'ZipHarborTests' from project 'ZipHarbor')
    cd /Users/USER/github_space/zip-app/ZipHarbor
    builtin-copy -exclude .DS_Store -exclude CVS -exclude .svn -exclude .git -exclude .hg -resolve-src-symlinks /Users/USER/github_space/zip-app/ZipHarbor/ZipHarborTests/Fixtures/mixed-password.zip /tmp/ZipHarbor-Device-AppIcon-20261001/Build/Products/Debug-iphoneos/ZipHarbor.app/PlugIns/ZipHarborTests.xctest

CpResource /tmp/ZipHarbor-Device-AppIcon-20261001/Build/Products/Debug-iphoneos/ZipHarbor.app/PlugIns/ZipHarborTests.xctest/lesson.txt.bz2 /Users/USER/github_space/zip-app/ZipHarbor/ZipHarborTests/Fixtures/lesson.txt.bz2 (in target 'ZipHarborTests' from project 'ZipHarbor')
    cd /Users/USER/github_space/zip-app/ZipHarbor
    builtin-copy -exclude .DS_Store -exclude CVS -exclude .svn -exclude .git -exclude .hg -resolve-src-symlinks /Users/USER/github_space/zip-app/ZipHarbor/ZipHarborTests/Fixtures/lesson.txt.bz2 /tmp/ZipHarbor-Device-AppIcon-20261001/Build/Products/Debug-iphoneos/ZipHarbor.app/PlugIns/ZipHarborTests.xctest

CpResource /tmp/ZipHarbor-Device-AppIcon-20261001/Build/Products/Debug-iphoneos/ZipHarbor.app/PlugIns/ZipHarborTests.xctest/README.txt /Users/USER/github_space/zip-app/ZipHarbor/ZipHarborTests/Fixtures/README.txt (in target 'ZipHarborTests' from project 'ZipHarbor')
    cd /Users/USER/github_space/zip-app/ZipHarbor
    builtin-copy -exclude .DS_Store -exclude CVS -exclude .svn -exclude .git -exclude .hg -resolve-src-symlinks /Users/USER/github_space/zip-app/ZipHarbor/ZipHarborTests/Fixtures/README.txt /tmp/ZipHarbor-Device-AppIcon-20261001/Build/Products/Debug-iphoneos/ZipHarbor.app/PlugIns/ZipHarborTests.xctest

CpResource /tmp/ZipHarbor-Device-AppIcon-20261001/Build/Products/Debug-iphoneos/ZipHarbor.app/PlugIns/ZipHarborTests.xctest/lesson.tar /Users/USER/github_space/zip-app/ZipHarbor/ZipHarborTests/Fixtures/lesson.tar (in target 'ZipHarborTests' from project 'ZipHarbor')
    cd /Users/USER/github_space/zip-app/ZipHarbor
    builtin-copy -exclude .DS_Store -exclude CVS -exclude .svn -exclude .git -exclude .hg -resolve-src-symlinks /Users/USER/github_space/zip-app/ZipHarbor/ZipHarborTests/Fixtures/lesson.tar /tmp/ZipHarbor-Device-AppIcon-20261001/Build/Products/Debug-iphoneos/ZipHarbor.app/PlugIns/ZipHarborTests.xctest

Ld /tmp/ZipHarbor-Device-AppIcon-20261001/Build/Products/Debug-iphoneos/ZipHarbor.app/PlugIns/ZipHarborTests.xctest/ZipHarborTests normal (in target 'ZipHarborTests' from project 'ZipHarbor')
    cd /Users/USER/github_space/zip-app/ZipHarbor
    /Applications/Xcode.app/Contents/Developer/Toolchains/XcodeDefault.xctoolchain/usr/bin/clang -Xlinker -reproducible -target arm64-apple-ios17.0 -bundle -isysroot /Applications/Xcode.app/Contents/Developer/Platforms/iPhoneOS.platform/Developer/SDKs/iPhoneOS27.0.sdk -O0 -Xlinker -no_warn_duplicate_libraries -L/tmp/ZipHarbor-Device-AppIcon-20261001/Build/Intermediates.noindex/EagerLinkingTBDs/Debug-iphoneos -L/tmp/ZipHarbor-Device-AppIcon-20261001/Build/Products/Debug-iphoneos -L/Applications/Xcode.app/Contents/Developer/Platforms/iPhoneOS.platform/Developer/usr/lib -F/tmp/ZipHarbor-Device-AppIcon-20261001/Build/Intermediates.noindex/EagerLinkingTBDs/Debug-iphoneos -F/tmp/ZipHarbor-Device-AppIcon-20261001/Build/Products/Debug-iphoneos/PackageFrameworks -F/tmp/ZipHarbor-Device-AppIcon-20261001/Build/Products/Debug-iphoneos -iframework /Applications/Xcode.app/Contents/Developer/Platforms/iPhoneOS.platform/Developer/Library/Frameworks -iframework /Applications/Xcode.app/Contents/Developer/Platforms/iPhoneOS.platform/Developer/SDKs/iPhoneOS27.0.sdk/Developer/Library/Frameworks -filelist /tmp/ZipHarbor-Device-AppIcon-20261001/Build/Intermediates.noindex/ZipHarbor.build/Debug-iphoneos/ZipHarborTests.build/Objects-normal/arm64/ZipHarborTests.LinkFileList -Xlinker -rpath -Xlinker /usr/lib/swift -Xlinker -rpath -Xlinker @loader_path -Xlinker -rpath -Xlinker /tmp/ZipHarbor-Device-AppIcon-20261001/Build/Products/Debug-iphoneos/PackageFrameworks -Xlinker -rpath -Xlinker @loader_path/Frameworks -Xlinker -rpath -Xlinker @executable_path/Frameworks -Xlinker -dead_strip -bundle_loader /tmp/ZipHarbor-Device-AppIcon-20261001/Build/Products/Debug-iphoneos/ZipHarbor.app/ZipHarbor -Xlinker -object_path_lto -Xlinker /tmp/ZipHarbor-Device-AppIcon-20261001/Build/Intermediates.noindex/ZipHarbor.build/Debug-iphoneos/ZipHarborTests.build/Objects-normal/arm64/ZipHarborTests_lto.o -rdynamic -Xlinker -no_deduplicate -Xlinker -dependency_info -Xlinker /tmp/ZipHarbor-Device-AppIcon-20261001/Build/Intermediates.noindex/ZipHarbor.build/Debug-iphoneos/ZipHarborTests.build/Objects-normal/arm64/ZipHarborTests_dependency_info.dat -fobjc-link-runtime -L/Applications/Xcode.app/Contents/Developer/Toolchains/XcodeDefault.xctoolchain/usr/lib/swift/iphoneos -L/usr/lib/swift -Xlinker -add_ast_path -Xlinker /tmp/ZipHarbor-Device-AppIcon-20261001/Build/Intermediates.noindex/ZipHarbor.build/Debug-iphoneos/ZipHarborTests.build/Objects-normal/arm64/ZipHarborTests.swiftmodule -lz -lbz2 -liconv -lxml2 -Xlinker -needed_framework -Xlinker XCTest -framework XCTest -Xlinker -needed-lXCTestSwiftSupport -lXCTestSwiftSupport /tmp/ZipHarbor-Device-AppIcon-20261001/Build/Products/Debug-iphoneos/ZipHarbor.app/ZipHarbor.debug.dylib -Xlinker -no_adhoc_codesign -o /tmp/ZipHarbor-Device-AppIcon-20261001/Build/Products/Debug-iphoneos/ZipHarbor.app/PlugIns/ZipHarborTests.xctest/ZipHarborTests

CopySwiftLibs /tmp/ZipHarbor-Device-AppIcon-20261001/Build/Products/Debug-iphoneos/ZipHarbor.app/PlugIns/ZipHarborTests.xctest (in target 'ZipHarborTests' from project 'ZipHarbor')
    cd /Users/USER/github_space/zip-app/ZipHarbor
    builtin-swiftStdLibTool --copy --verbose --sign FFD2AF526670F8DE3BED6017FCAE181F2157970F --scan-executable /tmp/ZipHarbor-Device-AppIcon-20261001/Build/Products/Debug-iphoneos/ZipHarbor.app/PlugIns/ZipHarborTests.xctest/ZipHarborTests --scan-folder /tmp/ZipHarbor-Device-AppIcon-20261001/Build/Products/Debug-iphoneos/ZipHarbor.app/PlugIns/ZipHarborTests.xctest/Frameworks --scan-folder /tmp/ZipHarbor-Device-AppIcon-20261001/Build/Products/Debug-iphoneos/ZipHarbor.app/PlugIns/ZipHarborTests.xctest/PlugIns --scan-folder /tmp/ZipHarbor-Device-AppIcon-20261001/Build/Products/Debug-iphoneos/ZipHarbor.app/PlugIns/ZipHarborTests.xctest/SystemExtensions --scan-folder /tmp/ZipHarbor-Device-AppIcon-20261001/Build/Products/Debug-iphoneos/ZipHarbor.app/PlugIns/ZipHarborTests.xctest/Extensions --platform iphoneos --toolchain /Applications/Xcode.app/Contents/Developer/Toolchains/XcodeDefault.xctoolchain --destination /tmp/ZipHarbor-Device-AppIcon-20261001/Build/Products/Debug-iphoneos/ZipHarbor.app/PlugIns/ZipHarborTests.xctest/Frameworks --strip-bitcode --scan-executable /Applications/Xcode.app/Contents/Developer/Platforms/iPhoneOS.platform/Developer/usr/lib/libXCTestSwiftSupport.dylib --strip-bitcode-tool /Applications/Xcode.app/Contents/Developer/Toolchains/XcodeDefault.xctoolchain/usr/bin/bitcode_strip --emit-dependency-info /tmp/ZipHarbor-Device-AppIcon-20261001/Build/Intermediates.noindex/ZipHarbor.build/Debug-iphoneos/ZipHarborTests.build/SwiftStdLibToolInputDependencies.dep --filter-for-swift-os

GenerateDSYMFile /tmp/ZipHarbor-Device-AppIcon-20261001/Build/Products/Debug-iphoneos/ZipHarbor.app/PlugIns/ZipHarborTests.xctest.dSYM /tmp/ZipHarbor-Device-AppIcon-20261001/Build/Products/Debug-iphoneos/ZipHarbor.app/PlugIns/ZipHarborTests.xctest/ZipHarborTests (in target 'ZipHarborTests' from project 'ZipHarbor')
    cd /Users/USER/github_space/zip-app/ZipHarbor
    export PATH\=/Applications/Xcode.app/Contents/SharedFrameworks/SwiftBuild.framework/Versions/A/PlugIns/SWBBuildService.bundle/Contents/PlugIns/SWBUniversalPlatformPlugin.bundle/Contents/Frameworks/SWBUniversalPlatform.framework/Resources:/Applications/Xcode.app/Contents/Developer/Toolchains/XcodeDefault.xctoolchain/usr/bin:/Applications/Xcode.app/Contents/Developer/Toolchains/XcodeDefault.xctoolchain/usr/local/bin:/Applications/Xcode.app/Contents/Developer/Toolchains/XcodeDefault.xctoolchain/usr/libexec:/Applications/Xcode.app/Contents/Developer/Platforms/iPhoneOS.platform/usr/bin:/Applications/Xcode.app/Contents/Developer/Platforms/iPhoneOS.platform/usr/local/bin:/Applications/Xcode.app/Contents/Developer/Platforms/iPhoneOS.platform/Developer/usr/bin:/Applications/Xcode.app/Contents/Developer/Platforms/iPhoneOS.platform/Developer/usr/local/bin:/Applications/Xcode.app/Contents/Developer/usr/bin:/Applications/Xcode.app/Contents/Developer/usr/local/bin:/Users/USER/.codex/packages/app-server-daemon/releases/0.159.3-aarch64-apple-darwin/codex-path:/Users/USER/.antigravity-ide/antigravity-ide/bin:/opt/homebrew/opt/libpq/bin:/Users/USER/.cargo/bin:/Users/USER/bin:/Users/USER/.local/bin:/usr/local/bin:/opt/homebrew/bin:/opt/homebrew/sbin:/System/Cryptexes/App/usr/bin:/usr/bin:/bin:/usr/sbin:/sbin:/var/run/com.apple.security.cryptexd/codex.system/bootstrap/usr/local/bin:/var/run/com.apple.security.cryptexd/codex.system/bootstrap/usr/bin:/var/run/com.apple.security.cryptexd/codex.system/bootstrap/usr/appleinternal/bin:/pkg/env/global/bin:/Library/Apple/usr/bin:/Applications/VMware\ Fusion.app/Contents/Public:/Users/USER/.codex/tmp/arg0/codex-arg0jQmx0n:/Users/USER/.codex/tmp/arg0/codex-arg0fiC75j:/Users/USER/.codex/packages/app-server-daemon/releases/0.159.2-aarch64-apple-darwin/codex-path:/Users/USER/.codex/tmp/arg0/codex-arg0Pk2oVk:/Users/USER/.codex/packages/app-server-daemon/releases/0.159.0-aarch64-apple-darwin/codex-path:/Users/USER/.codex/tmp/arg0/codex-arg0P6dOMQ:/Users/USER/.codex/packages/app-server-daemon/releases/0.158.0-aarch64-apple-darwin/codex-path:/Users/USER/.codex/tmp/arg0/codex-arg0TwuA4p:/Users/USER/.codex/packages/app-server-daemon/releases/0.157.1-aarch64-apple-darwin/codex-path:/Users/USER/.codex/tmp/arg0/codex-arg0B5FiaY:/opt/homebrew/lib/node_modules/@openai/codex/node_modules/@openai/codex-darwin-arm64/vendor/aarch64-apple-darwin/codex-path:/Applications/iTerm.app/Contents/Resources/utilities
    /Applications/Xcode.app/Contents/Developer/Toolchains/XcodeDefault.xctoolchain/usr/bin/dsymutil /tmp/ZipHarbor-Device-AppIcon-20261001/Build/Products/Debug-iphoneos/ZipHarbor.app/PlugIns/ZipHarborTests.xctest/ZipHarborTests -o /tmp/ZipHarbor-Device-AppIcon-20261001/Build/Products/Debug-iphoneos/ZipHarbor.app/PlugIns/ZipHarborTests.xctest.dSYM

ExtractAppIntentsMetadata (in target 'ZipHarborTests' from project 'ZipHarbor')
    cd /Users/USER/github_space/zip-app/ZipHarbor
    /Applications/Xcode.app/Contents/Developer/Toolchains/XcodeDefault.xctoolchain/usr/bin/appintentsmetadataprocessor --toolchain-dir /Applications/Xcode.app/Contents/Developer/Toolchains/XcodeDefault.xctoolchain --module-name ZipHarborTests --sdk-root /Applications/Xcode.app/Contents/Developer/Platforms/iPhoneOS.platform/Developer/SDKs/iPhoneOS27.0.sdk --xcode-version 27A266a --platform-family iOS --deployment-target 17.0 --bundle-identifier com.xiaolongxu.zipharbor.app.tests --output /tmp/ZipHarbor-Device-AppIcon-20261001/Build/Products/Debug-iphoneos/ZipHarbor.app/PlugIns/ZipHarborTests.xctest --target-triple arm64-apple-ios17.0 --binary-file /tmp/ZipHarbor-Device-AppIcon-20261001/Build/Products/Debug-iphoneos/ZipHarbor.app/PlugIns/ZipHarborTests.xctest/ZipHarborTests --dependency-file /tmp/ZipHarbor-Device-AppIcon-20261001/Build/Intermediates.noindex/ZipHarbor.build/Debug-iphoneos/ZipHarborTests.build/Objects-normal/arm64/ZipHarborTests_dependency_info.dat --stringsdata-file /tmp/ZipHarbor-Device-AppIcon-20261001/Build/Intermediates.noindex/ZipHarbor.build/Debug-iphoneos/ZipHarborTests.build/Objects-normal/arm64/ExtractedAppShortcutsMetadata.stringsdata --source-file-list /tmp/ZipHarbor-Device-AppIcon-20261001/Build/Intermediates.noindex/ZipHarbor.build/Debug-iphoneos/ZipHarborTests.build/Objects-normal/arm64/ZipHarborTests.SwiftFileList --metadata-file-list /tmp/ZipHarbor-Device-AppIcon-20261001/Build/Intermediates.noindex/ZipHarbor.build/Debug-iphoneos/ZipHarborTests.build/ZipHarborTests.DependencyMetadataFileList --static-metadata-file-list /tmp/ZipHarbor-Device-AppIcon-20261001/Build/Intermediates.noindex/ZipHarbor.build/Debug-iphoneos/ZipHarborTests.build/ZipHarborTests.DependencyStaticMetadataFileList --swift-const-vals-list /tmp/ZipHarbor-Device-AppIcon-20261001/Build/Intermediates.noindex/ZipHarbor.build/Debug-iphoneos/ZipHarborTests.build/Objects-normal/arm64/ZipHarborTests.SwiftConstValuesFileList --compile-time-extraction --deployment-aware-processing --no-app-shortcuts-localization
2026-10-01 22:44:20.058 appintentsmetadataprocessor[60442:4098122] Starting appintentsmetadataprocessor export
2026-10-01 22:44:20.093 appintentsmetadataprocessor[60442:4098122] Extracted no relevant App Intents symbols, skipping writing output

AppIntentsSSUTraining (in target 'ZipHarborTests' from project 'ZipHarbor')
    cd /Users/USER/github_space/zip-app/ZipHarbor
    /Applications/Xcode.app/Contents/Developer/Toolchains/XcodeDefault.xctoolchain/usr/bin/appintentsnltrainingprocessor --infoplist-path /tmp/ZipHarbor-Device-AppIcon-20261001/Build/Products/Debug-iphoneos/ZipHarbor.app/PlugIns/ZipHarborTests.xctest/Info.plist --temp-dir-path /tmp/ZipHarbor-Device-AppIcon-20261001/Build/Intermediates.noindex/ZipHarbor.build/Debug-iphoneos/ZipHarborTests.build/ssu --bundle-id com.xiaolongxu.zipharbor.app.tests --product-path /tmp/ZipHarbor-Device-AppIcon-20261001/Build/Products/Debug-iphoneos/ZipHarbor.app/PlugIns/ZipHarborTests.xctest --extracted-metadata-path /tmp/ZipHarbor-Device-AppIcon-20261001/Build/Products/Debug-iphoneos/ZipHarbor.app/PlugIns/ZipHarborTests.xctest/Metadata.appintents --metadata-file-list /tmp/ZipHarbor-Device-AppIcon-20261001/Build/Intermediates.noindex/ZipHarbor.build/Debug-iphoneos/ZipHarborTests.build/ZipHarborTests.DependencyMetadataFileList --source-file /tmp/ZipHarbor-Device-AppIcon-20261001/Build/Products/Debug-iphoneos/ZipHarbor.app/PlugIns/ZipHarborTests.xctest/Info.plist --archive-ssu-assets
2026-10-01 22:44:20.106 appintentsnltrainingprocessor[60443:4098129] Parsing options for appintentsnltrainingprocessor
2026-10-01 22:44:20.106 appintentsnltrainingprocessor[60443:4098129] Starting AppIntents SSU YAML Generation
2026-10-01 22:44:20.106 appintentsnltrainingprocessor[60443:4098129] No AppShortcuts found - Skipping.

CodeSign /tmp/ZipHarbor-Device-AppIcon-20261001/Build/Products/Debug-iphoneos/ZipHarbor.app/PlugIns/ZipHarborTests.xctest (in target 'ZipHarborTests' from project 'ZipHarbor')
    cd /Users/USER/github_space/zip-app/ZipHarbor
    
    Signing Identity:     "Apple Development: xiaolong xu (HY7V43DS7R)"
    
    /usr/bin/codesign --force --sign FFD2AF526670F8DE3BED6017FCAE181F2157970F --timestamp\=none --generate-entitlement-der /tmp/ZipHarbor-Device-AppIcon-20261001/Build/Products/Debug-iphoneos/ZipHarbor.app/PlugIns/ZipHarborTests.xctest

RegisterExecutionPolicyException /tmp/ZipHarbor-Device-AppIcon-20261001/Build/Products/Debug-iphoneos/ZipHarbor.app/PlugIns/ZipHarborTests.xctest (in target 'ZipHarborTests' from project 'ZipHarbor')
    cd /Users/USER/github_space/zip-app/ZipHarbor
    builtin-RegisterExecutionPolicyException /tmp/ZipHarbor-Device-AppIcon-20261001/Build/Products/Debug-iphoneos/ZipHarbor.app/PlugIns/ZipHarborTests.xctest

Touch /tmp/ZipHarbor-Device-AppIcon-20261001/Build/Products/Debug-iphoneos/ZipHarbor.app/PlugIns/ZipHarborTests.xctest (in target 'ZipHarborTests' from project 'ZipHarbor')
    cd /Users/USER/github_space/zip-app/ZipHarbor
    /usr/bin/touch -c /tmp/ZipHarbor-Device-AppIcon-20261001/Build/Products/Debug-iphoneos/ZipHarbor.app/PlugIns/ZipHarborTests.xctest

CodeSign /tmp/ZipHarbor-Device-AppIcon-20261001/Build/Products/Debug-iphoneos/ZipHarbor.app/ZipHarbor.debug.dylib (in target 'ZipHarbor' from project 'ZipHarbor')
    cd /Users/USER/github_space/zip-app/ZipHarbor
    
    Signing Identity:     "Apple Development: xiaolong xu (HY7V43DS7R)"
    Provisioning Profile: "iOS Team Provisioning Profile: *"
                          (63dd1084-944d-4fc2-ba15-f1a3f72c90a3)
    
    /usr/bin/codesign --force --sign FFD2AF526670F8DE3BED6017FCAE181F2157970F --timestamp\=none --generate-entitlement-der /tmp/ZipHarbor-Device-AppIcon-20261001/Build/Products/Debug-iphoneos/ZipHarbor.app/ZipHarbor.debug.dylib

CodeSign /tmp/ZipHarbor-Device-AppIcon-20261001/Build/Products/Debug-iphoneos/ZipHarbor.app/__preview.dylib (in target 'ZipHarbor' from project 'ZipHarbor')
    cd /Users/USER/github_space/zip-app/ZipHarbor
    
    Signing Identity:     "Apple Development: xiaolong xu (HY7V43DS7R)"
    Provisioning Profile: "iOS Team Provisioning Profile: *"
                          (63dd1084-944d-4fc2-ba15-f1a3f72c90a3)
    
    /usr/bin/codesign --force --sign FFD2AF526670F8DE3BED6017FCAE181F2157970F --timestamp\=none --generate-entitlement-der /tmp/ZipHarbor-Device-AppIcon-20261001/Build/Products/Debug-iphoneos/ZipHarbor.app/__preview.dylib

CodeSign /tmp/ZipHarbor-Device-AppIcon-20261001/Build/Products/Debug-iphoneos/ZipHarbor.app (in target 'ZipHarbor' from project 'ZipHarbor')
    cd /Users/USER/github_space/zip-app/ZipHarbor
    
    Signing Identity:     "Apple Development: xiaolong xu (HY7V43DS7R)"
    Provisioning Profile: "iOS Team Provisioning Profile: *"
                          (63dd1084-944d-4fc2-ba15-f1a3f72c90a3)
    
    /usr/bin/codesign --force --sign FFD2AF526670F8DE3BED6017FCAE181F2157970F --entitlements /tmp/ZipHarbor-Device-AppIcon-20261001/Build/Intermediates.noindex/ZipHarbor.build/Debug-iphoneos/ZipHarbor.build/ZipHarbor.app.xcent --timestamp\=none --generate-entitlement-der /tmp/ZipHarbor-Device-AppIcon-20261001/Build/Products/Debug-iphoneos/ZipHarbor.app

RegisterExecutionPolicyException /tmp/ZipHarbor-Device-AppIcon-20261001/Build/Products/Debug-iphoneos/ZipHarbor.app (in target 'ZipHarbor' from project 'ZipHarbor')
    cd /Users/USER/github_space/zip-app/ZipHarbor
    builtin-RegisterExecutionPolicyException /tmp/ZipHarbor-Device-AppIcon-20261001/Build/Products/Debug-iphoneos/ZipHarbor.app

Validate /tmp/ZipHarbor-Device-AppIcon-20261001/Build/Products/Debug-iphoneos/ZipHarbor.app (in target 'ZipHarbor' from project 'ZipHarbor')
    cd /Users/USER/github_space/zip-app/ZipHarbor
    builtin-validationUtility /tmp/ZipHarbor-Device-AppIcon-20261001/Build/Products/Debug-iphoneos/ZipHarbor.app -shallow-bundle -infoplist-subpath Info.plist

Touch /tmp/ZipHarbor-Device-AppIcon-20261001/Build/Products/Debug-iphoneos/ZipHarbor.app (in target 'ZipHarbor' from project 'ZipHarbor')
    cd /Users/USER/github_space/zip-app/ZipHarbor
    /usr/bin/touch -c /tmp/ZipHarbor-Device-AppIcon-20261001/Build/Products/Debug-iphoneos/ZipHarbor.app

ProcessInfoPlistFile /tmp/ZipHarbor-Device-AppIcon-20261001/Build/Products/Debug-iphoneos/ZipHarborUITests-Runner.app/PlugIns/ZipHarborUITests.xctest/Info.plist /tmp/ZipHarbor-Device-AppIcon-20261001/Build/Intermediates.noindex/ZipHarbor.build/Debug-iphoneos/ZipHarborUITests.build/empty-ZipHarborUITests.plist (in target 'ZipHarborUITests' from project 'ZipHarbor')
    cd /Users/USER/github_space/zip-app/ZipHarbor
    builtin-infoPlistUtility /tmp/ZipHarbor-Device-AppIcon-20261001/Build/Intermediates.noindex/ZipHarbor.build/Debug-iphoneos/ZipHarborUITests.build/empty-ZipHarborUITests.plist -producttype com.apple.product-type.bundle.ui-testing -expandbuildsettings -format binary -platform iphoneos -additionalcontentfile /tmp/ZipHarbor-Device-AppIcon-20261001/Build/Intermediates.noindex/ZipHarbor.build/Debug-iphoneos/ZipHarborUITests.build/ProductTypeInfoPlistAdditions.plist -requiredArchitecture arm64 -o /tmp/ZipHarbor-Device-AppIcon-20261001/Build/Products/Debug-iphoneos/ZipHarborUITests-Runner.app/PlugIns/ZipHarborUITests.xctest/Info.plist

Ld /tmp/ZipHarbor-Device-AppIcon-20261001/Build/Products/Debug-iphoneos/ZipHarborUITests-Runner.app/PlugIns/ZipHarborUITests.xctest/ZipHarborUITests normal (in target 'ZipHarborUITests' from project 'ZipHarbor')
    cd /Users/USER/github_space/zip-app/ZipHarbor
    /Applications/Xcode.app/Contents/Developer/Toolchains/XcodeDefault.xctoolchain/usr/bin/clang -Xlinker -reproducible -target arm64-apple-ios17.0 -bundle -isysroot /Applications/Xcode.app/Contents/Developer/Platforms/iPhoneOS.platform/Developer/SDKs/iPhoneOS27.0.sdk -O0 -Xlinker -no_warn_duplicate_libraries -L/tmp/ZipHarbor-Device-AppIcon-20261001/Build/Intermediates.noindex/EagerLinkingTBDs/Debug-iphoneos -L/tmp/ZipHarbor-Device-AppIcon-20261001/Build/Products/Debug-iphoneos -L/Applications/Xcode.app/Contents/Developer/Platforms/iPhoneOS.platform/Developer/usr/lib -F/tmp/ZipHarbor-Device-AppIcon-20261001/Build/Intermediates.noindex/EagerLinkingTBDs/Debug-iphoneos -F/tmp/ZipHarbor-Device-AppIcon-20261001/Build/Products/Debug-iphoneos -iframework /Applications/Xcode.app/Contents/Developer/Platforms/iPhoneOS.platform/Developer/Library/Frameworks -iframework /Applications/Xcode.app/Contents/Developer/Platforms/iPhoneOS.platform/Developer/SDKs/iPhoneOS27.0.sdk/Developer/Library/Frameworks -filelist /tmp/ZipHarbor-Device-AppIcon-20261001/Build/Intermediates.noindex/ZipHarbor.build/Debug-iphoneos/ZipHarborUITests.build/Objects-normal/arm64/ZipHarborUITests.LinkFileList -Xlinker -rpath -Xlinker /usr/lib/swift -Xlinker -rpath -Xlinker @loader_path/Frameworks -Xlinker -dead_strip -Xlinker -object_path_lto -Xlinker /tmp/ZipHarbor-Device-AppIcon-20261001/Build/Intermediates.noindex/ZipHarbor.build/Debug-iphoneos/ZipHarborUITests.build/Objects-normal/arm64/ZipHarborUITests_lto.o -rdynamic -Xlinker -no_deduplicate -Xlinker -dependency_info -Xlinker /tmp/ZipHarbor-Device-AppIcon-20261001/Build/Intermediates.noindex/ZipHarbor.build/Debug-iphoneos/ZipHarborUITests.build/Objects-normal/arm64/ZipHarborUITests_dependency_info.dat -fobjc-link-runtime -L/Applications/Xcode.app/Contents/Developer/Toolchains/XcodeDefault.xctoolchain/usr/lib/swift/iphoneos -L/usr/lib/swift -Xlinker -add_ast_path -Xlinker /tmp/ZipHarbor-Device-AppIcon-20261001/Build/Intermediates.noindex/ZipHarbor.build/Debug-iphoneos/ZipHarborUITests.build/Objects-normal/arm64/ZipHarborUITests.swiftmodule -Xlinker -needed_framework -Xlinker XCTest -framework XCTest -Xlinker -needed-lXCTestSwiftSupport -lXCTestSwiftSupport -Xlinker -no_adhoc_codesign -o /tmp/ZipHarbor-Device-AppIcon-20261001/Build/Products/Debug-iphoneos/ZipHarborUITests-Runner.app/PlugIns/ZipHarborUITests.xctest/ZipHarborUITests

CopySwiftLibs /tmp/ZipHarbor-Device-AppIcon-20261001/Build/Products/Debug-iphoneos/ZipHarborUITests-Runner.app/PlugIns/ZipHarborUITests.xctest (in target 'ZipHarborUITests' from project 'ZipHarbor')
    cd /Users/USER/github_space/zip-app/ZipHarbor
    builtin-swiftStdLibTool --copy --verbose --sign FFD2AF526670F8DE3BED6017FCAE181F2157970F --scan-executable /tmp/ZipHarbor-Device-AppIcon-20261001/Build/Products/Debug-iphoneos/ZipHarborUITests-Runner.app/PlugIns/ZipHarborUITests.xctest/ZipHarborUITests --scan-folder /tmp/ZipHarbor-Device-AppIcon-20261001/Build/Products/Debug-iphoneos/ZipHarborUITests-Runner.app/PlugIns/ZipHarborUITests.xctest/Frameworks --scan-folder /tmp/ZipHarbor-Device-AppIcon-20261001/Build/Products/Debug-iphoneos/ZipHarborUITests-Runner.app/PlugIns/ZipHarborUITests.xctest/PlugIns --scan-folder /tmp/ZipHarbor-Device-AppIcon-20261001/Build/Products/Debug-iphoneos/ZipHarborUITests-Runner.app/PlugIns/ZipHarborUITests.xctest/SystemExtensions --scan-folder /tmp/ZipHarbor-Device-AppIcon-20261001/Build/Products/Debug-iphoneos/ZipHarborUITests-Runner.app/PlugIns/ZipHarborUITests.xctest/Extensions --platform iphoneos --toolchain /Applications/Xcode.app/Contents/Developer/Toolchains/XcodeDefault.xctoolchain --destination /tmp/ZipHarbor-Device-AppIcon-20261001/Build/Products/Debug-iphoneos/ZipHarborUITests-Runner.app/PlugIns/ZipHarborUITests.xctest/Frameworks --strip-bitcode --scan-executable /Applications/Xcode.app/Contents/Developer/Platforms/iPhoneOS.platform/Developer/usr/lib/libXCTestSwiftSupport.dylib --strip-bitcode-tool /Applications/Xcode.app/Contents/Developer/Toolchains/XcodeDefault.xctoolchain/usr/bin/bitcode_strip --emit-dependency-info /tmp/ZipHarbor-Device-AppIcon-20261001/Build/Intermediates.noindex/ZipHarbor.build/Debug-iphoneos/ZipHarborUITests.build/SwiftStdLibToolInputDependencies.dep --filter-for-swift-os

ExtractAppIntentsMetadata (in target 'ZipHarborUITests' from project 'ZipHarbor')
    cd /Users/USER/github_space/zip-app/ZipHarbor
    /Applications/Xcode.app/Contents/Developer/Toolchains/XcodeDefault.xctoolchain/usr/bin/appintentsmetadataprocessor --toolchain-dir /Applications/Xcode.app/Contents/Developer/Toolchains/XcodeDefault.xctoolchain --module-name ZipHarborUITests --sdk-root /Applications/Xcode.app/Contents/Developer/Platforms/iPhoneOS.platform/Developer/SDKs/iPhoneOS27.0.sdk --xcode-version 27A266a --platform-family iOS --deployment-target 17.0 --bundle-identifier com.xiaolongxu.zipharbor.app.uitests --output /tmp/ZipHarbor-Device-AppIcon-20261001/Build/Products/Debug-iphoneos/ZipHarborUITests-Runner.app/PlugIns/ZipHarborUITests.xctest --target-triple arm64-apple-ios17.0 --binary-file /tmp/ZipHarbor-Device-AppIcon-20261001/Build/Products/Debug-iphoneos/ZipHarborUITests-Runner.app/PlugIns/ZipHarborUITests.xctest/ZipHarborUITests --dependency-file /tmp/ZipHarbor-Device-AppIcon-20261001/Build/Intermediates.noindex/ZipHarbor.build/Debug-iphoneos/ZipHarborUITests.build/Objects-normal/arm64/ZipHarborUITests_dependency_info.dat --stringsdata-file /tmp/ZipHarbor-Device-AppIcon-20261001/Build/Intermediates.noindex/ZipHarbor.build/Debug-iphoneos/ZipHarborUITests.build/Objects-normal/arm64/ExtractedAppShortcutsMetadata.stringsdata --source-file-list /tmp/ZipHarbor-Device-AppIcon-20261001/Build/Intermediates.noindex/ZipHarbor.build/Debug-iphoneos/ZipHarborUITests.build/Objects-normal/arm64/ZipHarborUITests.SwiftFileList --metadata-file-list /tmp/ZipHarbor-Device-AppIcon-20261001/Build/Intermediates.noindex/ZipHarbor.build/Debug-iphoneos/ZipHarborUITests.build/ZipHarborUITests.DependencyMetadataFileList --static-metadata-file-list /tmp/ZipHarbor-Device-AppIcon-20261001/Build/Intermediates.noindex/ZipHarbor.build/Debug-iphoneos/ZipHarborUITests.build/ZipHarborUITests.DependencyStaticMetadataFileList --swift-const-vals-list /tmp/ZipHarbor-Device-AppIcon-20261001/Build/Intermediates.noindex/ZipHarbor.build/Debug-iphoneos/ZipHarborUITests.build/Objects-normal/arm64/ZipHarborUITests.SwiftConstValuesFileList --compile-time-extraction --deployment-aware-processing --no-app-shortcuts-localization
2026-10-01 22:44:20.479 appintentsmetadataprocessor[60453:4098190] Starting appintentsmetadataprocessor export
2026-10-01 22:44:20.480 appintentsmetadataprocessor[60453:4098190] warning: Metadata extraction skipped, no AppIntents.framework dependency found

GenerateDSYMFile /tmp/ZipHarbor-Device-AppIcon-20261001/Build/Products/Debug-iphoneos/ZipHarborUITests-Runner.app/PlugIns/ZipHarborUITests.xctest.dSYM /tmp/ZipHarbor-Device-AppIcon-20261001/Build/Products/Debug-iphoneos/ZipHarborUITests-Runner.app/PlugIns/ZipHarborUITests.xctest/ZipHarborUITests (in target 'ZipHarborUITests' from project 'ZipHarbor')
    cd /Users/USER/github_space/zip-app/ZipHarbor
    export PATH\=/Applications/Xcode.app/Contents/SharedFrameworks/SwiftBuild.framework/Versions/A/PlugIns/SWBBuildService.bundle/Contents/PlugIns/SWBUniversalPlatformPlugin.bundle/Contents/Frameworks/SWBUniversalPlatform.framework/Resources:/Applications/Xcode.app/Contents/Developer/Toolchains/XcodeDefault.xctoolchain/usr/bin:/Applications/Xcode.app/Contents/Developer/Toolchains/XcodeDefault.xctoolchain/usr/local/bin:/Applications/Xcode.app/Contents/Developer/Toolchains/XcodeDefault.xctoolchain/usr/libexec:/Applications/Xcode.app/Contents/Developer/Platforms/iPhoneOS.platform/usr/bin:/Applications/Xcode.app/Contents/Developer/Platforms/iPhoneOS.platform/usr/local/bin:/Applications/Xcode.app/Contents/Developer/Platforms/iPhoneOS.platform/Developer/usr/bin:/Applications/Xcode.app/Contents/Developer/Platforms/iPhoneOS.platform/Developer/usr/local/bin:/Applications/Xcode.app/Contents/Developer/usr/bin:/Applications/Xcode.app/Contents/Developer/usr/local/bin:/Users/USER/.codex/packages/app-server-daemon/releases/0.159.3-aarch64-apple-darwin/codex-path:/Users/USER/.antigravity-ide/antigravity-ide/bin:/opt/homebrew/opt/libpq/bin:/Users/USER/.cargo/bin:/Users/USER/bin:/Users/USER/.local/bin:/usr/local/bin:/opt/homebrew/bin:/opt/homebrew/sbin:/System/Cryptexes/App/usr/bin:/usr/bin:/bin:/usr/sbin:/sbin:/var/run/com.apple.security.cryptexd/codex.system/bootstrap/usr/local/bin:/var/run/com.apple.security.cryptexd/codex.system/bootstrap/usr/bin:/var/run/com.apple.security.cryptexd/codex.system/bootstrap/usr/appleinternal/bin:/pkg/env/global/bin:/Library/Apple/usr/bin:/Applications/VMware\ Fusion.app/Contents/Public:/Users/USER/.codex/tmp/arg0/codex-arg0jQmx0n:/Users/USER/.codex/tmp/arg0/codex-arg0fiC75j:/Users/USER/.codex/packages/app-server-daemon/releases/0.159.2-aarch64-apple-darwin/codex-path:/Users/USER/.codex/tmp/arg0/codex-arg0Pk2oVk:/Users/USER/.codex/packages/app-server-daemon/releases/0.159.0-aarch64-apple-darwin/codex-path:/Users/USER/.codex/tmp/arg0/codex-arg0P6dOMQ:/Users/USER/.codex/packages/app-server-daemon/releases/0.158.0-aarch64-apple-darwin/codex-path:/Users/USER/.codex/tmp/arg0/codex-arg0TwuA4p:/Users/USER/.codex/packages/app-server-daemon/releases/0.157.1-aarch64-apple-darwin/codex-path:/Users/USER/.codex/tmp/arg0/codex-arg0B5FiaY:/opt/homebrew/lib/node_modules/@openai/codex/node_modules/@openai/codex-darwin-arm64/vendor/aarch64-apple-darwin/codex-path:/Applications/iTerm.app/Contents/Resources/utilities
    /Applications/Xcode.app/Contents/Developer/Toolchains/XcodeDefault.xctoolchain/usr/bin/dsymutil /tmp/ZipHarbor-Device-AppIcon-20261001/Build/Products/Debug-iphoneos/ZipHarborUITests-Runner.app/PlugIns/ZipHarborUITests.xctest/ZipHarborUITests -o /tmp/ZipHarbor-Device-AppIcon-20261001/Build/Products/Debug-iphoneos/ZipHarborUITests-Runner.app/PlugIns/ZipHarborUITests.xctest.dSYM

AppIntentsSSUTraining (in target 'ZipHarborUITests' from project 'ZipHarbor')
    cd /Users/USER/github_space/zip-app/ZipHarbor
    /Applications/Xcode.app/Contents/Developer/Toolchains/XcodeDefault.xctoolchain/usr/bin/appintentsnltrainingprocessor --infoplist-path /tmp/ZipHarbor-Device-AppIcon-20261001/Build/Products/Debug-iphoneos/ZipHarborUITests-Runner.app/PlugIns/ZipHarborUITests.xctest/Info.plist --temp-dir-path /tmp/ZipHarbor-Device-AppIcon-20261001/Build/Intermediates.noindex/ZipHarbor.build/Debug-iphoneos/ZipHarborUITests.build/ssu --bundle-id com.xiaolongxu.zipharbor.app.uitests --product-path /tmp/ZipHarbor-Device-AppIcon-20261001/Build/Products/Debug-iphoneos/ZipHarborUITests-Runner.app/PlugIns/ZipHarborUITests.xctest --extracted-metadata-path /tmp/ZipHarbor-Device-AppIcon-20261001/Build/Products/Debug-iphoneos/ZipHarborUITests-Runner.app/PlugIns/ZipHarborUITests.xctest/Metadata.appintents --metadata-file-list /tmp/ZipHarbor-Device-AppIcon-20261001/Build/Intermediates.noindex/ZipHarbor.build/Debug-iphoneos/ZipHarborUITests.build/ZipHarborUITests.DependencyMetadataFileList --source-file /tmp/ZipHarbor-Device-AppIcon-20261001/Build/Products/Debug-iphoneos/ZipHarborUITests-Runner.app/PlugIns/ZipHarborUITests.xctest/Info.plist --archive-ssu-assets
2026-10-01 22:44:20.493 appintentsnltrainingprocessor[60455:4098195] Parsing options for appintentsnltrainingprocessor
2026-10-01 22:44:20.493 appintentsnltrainingprocessor[60455:4098195] Starting AppIntents SSU YAML Generation
2026-10-01 22:44:20.493 appintentsnltrainingprocessor[60455:4098195] No AppShortcuts found - Skipping.

CopyAndPreserveArchs /tmp/ZipHarbor-Device-AppIcon-20261001/Build/Products/Debug-iphoneos/ZipHarborUITests-Runner.app/ZipHarborUITests-Runner (in target 'ZipHarborUITests' from project 'ZipHarbor')
    cd /Users/USER/github_space/zip-app/ZipHarbor
    /Applications/Xcode.app/Contents/Developer/Toolchains/XcodeDefault.xctoolchain/usr/bin/lipo /Applications/Xcode.app/Contents/Developer/Platforms/iPhoneOS.platform/Developer/Library/Xcode/Agents/XCTRunner.app/XCTRunner -output /tmp/ZipHarbor-Device-AppIcon-20261001/Build/Products/Debug-iphoneos/ZipHarborUITests-Runner.app/ZipHarborUITests-Runner -extract arm64

Copy /tmp/ZipHarbor-Device-AppIcon-20261001/Build/Products/Debug-iphoneos/ZipHarborUITests-Runner.app/PkgInfo /Applications/Xcode.app/Contents/Developer/Platforms/iPhoneOS.platform/Developer/Library/Xcode/Agents/XCTRunner.app/PkgInfo (in target 'ZipHarborUITests' from project 'ZipHarbor')
    cd /Users/USER/github_space/zip-app/ZipHarbor
    builtin-copy -exclude .DS_Store -exclude CVS -exclude .svn -exclude .git -exclude .hg -resolve-src-symlinks /Applications/Xcode.app/Contents/Developer/Platforms/iPhoneOS.platform/Developer/Library/Xcode/Agents/XCTRunner.app/PkgInfo /tmp/ZipHarbor-Device-AppIcon-20261001/Build/Products/Debug-iphoneos/ZipHarborUITests-Runner.app

CopyPlistFile /tmp/ZipHarbor-Device-AppIcon-20261001/Build/Products/Debug-iphoneos/ZipHarborUITests-Runner.app/Info.plist /Applications/Xcode.app/Contents/Developer/Platforms/iPhoneOS.platform/Developer/Library/Xcode/Agents/XCTRunner.app/Info.plist (in target 'ZipHarborUITests' from project 'ZipHarbor')
    cd /Users/USER/github_space/zip-app/ZipHarbor
    builtin-copyPlist --validate --convert xml1 --macro-expansion WRAPPEDPRODUCTNAME ZipHarborUITests-Runner --macro-expansion WRAPPEDPRODUCTBUNDLEIDENTIFIER com.xiaolongxu.zipharbor.app.uitests.xctrunner --macro-expansion TESTPRODUCTNAME ZipHarborUITests --macro-expansion TESTPRODUCTBUNDLEIDENTIFIER com.xiaolongxu.zipharbor.app.uitests --copy-value UIDeviceFamily /tmp/ZipHarbor-Device-AppIcon-20261001/Build/Products/Debug-iphoneos/ZipHarborUITests-Runner.app/PlugIns/ZipHarborUITests.xctest/Info.plist --outdir /tmp/ZipHarbor-Device-AppIcon-20261001/Build/Products/Debug-iphoneos/ZipHarborUITests-Runner.app -- /Applications/Xcode.app/Contents/Developer/Platforms/iPhoneOS.platform/Developer/Library/Xcode/Agents/XCTRunner.app/Info.plist

MkDir /tmp/ZipHarbor-Device-AppIcon-20261001/Build/Products/Debug-iphoneos/ZipHarborUITests-Runner.app (in target 'ZipHarborUITests' from project 'ZipHarbor')
    cd /Users/USER/github_space/zip-app/ZipHarbor
    /bin/mkdir -p /tmp/ZipHarbor-Device-AppIcon-20261001/Build/Products/Debug-iphoneos/ZipHarborUITests-Runner.app

CodeSign /tmp/ZipHarbor-Device-AppIcon-20261001/Build/Products/Debug-iphoneos/ZipHarborUITests-Runner.app/PlugIns/ZipHarborUITests.xctest (in target 'ZipHarborUITests' from project 'ZipHarbor')
    cd /Users/USER/github_space/zip-app/ZipHarbor
    
    Signing Identity:     "Apple Development: xiaolong xu (HY7V43DS7R)"
    Provisioning Profile: "iOS Team Provisioning Profile: *"
                          (63dd1084-944d-4fc2-ba15-f1a3f72c90a3)
    
    /usr/bin/codesign --force --sign FFD2AF526670F8DE3BED6017FCAE181F2157970F --entitlements /tmp/ZipHarbor-Device-AppIcon-20261001/Build/Intermediates.noindex/ZipHarbor.build/Debug-iphoneos/ZipHarborUITests.build/ZipHarborUITests.xctest.xcent --timestamp\=none --generate-entitlement-der /tmp/ZipHarbor-Device-AppIcon-20261001/Build/Products/Debug-iphoneos/ZipHarborUITests-Runner.app/PlugIns/ZipHarborUITests.xctest

CodeSign /tmp/ZipHarbor-Device-AppIcon-20261001/Build/Products/Debug-iphoneos/ZipHarborUITests-Runner.app (in target 'ZipHarborUITests' from project 'ZipHarbor')
    cd /Users/USER/github_space/zip-app/ZipHarbor
    
    Signing Identity:     "Apple Development: xiaolong xu (HY7V43DS7R)"
    Provisioning Profile: "iOS Team Provisioning Profile: *"
                          (63dd1084-944d-4fc2-ba15-f1a3f72c90a3)
    
    /usr/bin/codesign --force --sign FFD2AF526670F8DE3BED6017FCAE181F2157970F --entitlements /tmp/ZipHarbor-Device-AppIcon-20261001/Build/Intermediates.noindex/ZipHarbor.build/Debug-iphoneos/ZipHarborUITests.build/ZipHarborUITests.xctest.xcent --timestamp\=none --generate-entitlement-der /tmp/ZipHarbor-Device-AppIcon-20261001/Build/Products/Debug-iphoneos/ZipHarborUITests-Runner.app
/tmp/ZipHarbor-Device-AppIcon-20261001/Build/Products/Debug-iphoneos/ZipHarborUITests-Runner.app: replacing existing signature

RegisterExecutionPolicyException /tmp/ZipHarbor-Device-AppIcon-20261001/Build/Products/Debug-iphoneos/ZipHarborUITests-Runner.app/PlugIns/ZipHarborUITests.xctest (in target 'ZipHarborUITests' from project 'ZipHarbor')
    cd /Users/USER/github_space/zip-app/ZipHarbor
    builtin-RegisterExecutionPolicyException /tmp/ZipHarbor-Device-AppIcon-20261001/Build/Products/Debug-iphoneos/ZipHarborUITests-Runner.app/PlugIns/ZipHarborUITests.xctest

Touch /tmp/ZipHarbor-Device-AppIcon-20261001/Build/Products/Debug-iphoneos/ZipHarborUITests-Runner.app/PlugIns/ZipHarborUITests.xctest (in target 'ZipHarborUITests' from project 'ZipHarbor')
    cd /Users/USER/github_space/zip-app/ZipHarbor
    /usr/bin/touch -c /tmp/ZipHarbor-Device-AppIcon-20261001/Build/Products/Debug-iphoneos/ZipHarborUITests-Runner.app/PlugIns/ZipHarborUITests.xctest

PruneExplicitPrecompiledModules /tmp/ZipHarbor-Device-AppIcon-20261001/Build/Intermediates.noindex/SwiftExplicitPrecompiledModules

PruneExplicitPrecompiledModules /tmp/ZipHarbor-Device-AppIcon-20261001/SDKExplicitPrecompiledModules

PruneExplicitPrecompiledModules /tmp/ZipHarbor-Device-AppIcon-20261001/Build/Intermediates.noindex/ExplicitPrecompiledModules

2026-10-01 22:44:26.048890+0800 ZipHarbor[15104:6247883] [MC] Reading from public effective user settings.
2026-10-01 22:44:26.262591+0800 ZipHarbor[15104:6247883] [API] cannot add handler to 0 from 0 - dropping
2026-10-01 22:44:26.265661+0800 ZipHarbor[15104:6247883] [XPCErrors] non-launching port is incompatible with service identifier "com.apple.PointerUI.pointeruid.default-service"
2026-10-01 22:44:26.265972+0800 ZipHarbor[15104:6247883] [API] cannot add handler to 0 from 0 - dropping
Test Suite 'All tests' started at 2026-10-01 22:44:26.529.
Test Suite 'ZipHarborTests.xctest' started at 2026-10-01 22:44:26.530.
Test Suite 'ArchiveModelTests' started at 2026-10-01 22:44:26.530.
Test Case '-[ZipHarborTests.ArchiveModelTests testArchivePathValidationBlocksTraversalAndAbsolutePaths]' started.
Test Case '-[ZipHarborTests.ArchiveModelTests testArchivePathValidationBlocksTraversalAndAbsolutePaths]' passed (0.001 seconds).
Test Case '-[ZipHarborTests.ArchiveModelTests testCreateInspectAndExtractZipRoundTrip]' started.
Test Case '-[ZipHarborTests.ArchiveModelTests testCreateInspectAndExtractZipRoundTrip]' passed (0.058 seconds).
Test Case '-[ZipHarborTests.ArchiveModelTests testFormatDetectionUsesCompoundExtensionsFirst]' started.
Test Case '-[ZipHarborTests.ArchiveModelTests testFormatDetectionUsesCompoundExtensionsFirst]' passed (0.001 seconds).
Test Case '-[ZipHarborTests.ArchiveModelTests testSevenZipPasswordCreationIsRejected]' started.
Test Case '-[ZipHarborTests.ArchiveModelTests testSevenZipPasswordCreationIsRejected]' passed (0.001 seconds).
Test Case '-[ZipHarborTests.ArchiveModelTests testSevenZipRoundTrip]' started.
Test Case '-[ZipHarborTests.ArchiveModelTests testSevenZipRoundTrip]' passed (0.051 seconds).
Test Case '-[ZipHarborTests.ArchiveModelTests testSplitZipIsReassembledForInspectAndExtract]' started.
Test Case '-[ZipHarborTests.ArchiveModelTests testSplitZipIsReassembledForInspectAndExtract]' passed (0.028 seconds).
Test Case '-[ZipHarborTests.ArchiveModelTests testZipAESRoundTrip]' started.
Test Case '-[ZipHarborTests.ArchiveModelTests testZipAESRoundTrip]' passed (0.030 seconds).
Test Case '-[ZipHarborTests.ArchiveModelTests testZipAESWithoutPasswordRequestsPassword]' started.
Test Case '-[ZipHarborTests.ArchiveModelTests testZipAESWithoutPasswordRequestsPassword]' passed (0.003 seconds).
Test Suite 'ArchiveModelTests' passed at 2026-10-01 22:44:26.706.
	 Executed 8 tests, with 0 failures (0 unexpected) in 0.174 (0.176) seconds
Test Suite 'CoordinatorTests' started at 2026-10-01 22:44:26.706.
Test Case '-[ZipHarborTests.CoordinatorTests testClearAndRetentionKeepActiveJobsFilesAndFavorites]' started.
Test Case '-[ZipHarborTests.CoordinatorTests testClearAndRetentionKeepActiveJobsFilesAndFavorites]' passed (0.007 seconds).
Test Case '-[ZipHarborTests.CoordinatorTests testPasswordContinuesOriginalJobWithoutDuplicateHistory]' started.
Test Case '-[ZipHarborTests.CoordinatorTests testPasswordContinuesOriginalJobWithoutDuplicateHistory]' passed (0.161 seconds).
Test Case '-[ZipHarborTests.CoordinatorTests testRelativeReferencesAndSettingsPersistWithoutPasswords]' started.
Test Case '-[ZipHarborTests.CoordinatorTests testRelativeReferencesAndSettingsPersistWithoutPasswords]' passed (0.003 seconds).
Test Suite 'CoordinatorTests' passed at 2026-10-01 22:44:26.878.
	 Executed 3 tests, with 0 failures (0 unexpected) in 0.171 (0.172) seconds
Test Suite 'MigrationEngineTests' started at 2026-10-01 22:44:26.878.
Test Case '-[ZipHarborTests.MigrationEngineTests testCancellationDuringWriteCleansTemporaryAndPreservesSource]' started.
Test Case '-[ZipHarborTests.MigrationEngineTests testCancellationDuringWriteCleansTemporaryAndPreservesSource]' passed (0.012 seconds).
Test Case '-[ZipHarborTests.MigrationEngineTests testEveryConflictPolicyAndAskDecision]' started.
Test Case '-[ZipHarborTests.MigrationEngineTests testEveryConflictPolicyAndAskDecision]' passed (0.092 seconds).
Test Case '-[ZipHarborTests.MigrationEngineTests testExistingSymlinkCannotEscapeDestination]' started.
Test Case '-[ZipHarborTests.MigrationEngineTests testExistingSymlinkCannotEscapeDestination]' passed (0.023 seconds).
Test Case '-[ZipHarborTests.MigrationEngineTests testFlattenedCreationDeduplicatesNamesAndSelectedFolderExtracts]' started.
Test Case '-[ZipHarborTests.MigrationEngineTests testFlattenedCreationDeduplicatesNamesAndSelectedFolderExtracts]' passed (0.029 seconds).
Test Case '-[ZipHarborTests.MigrationEngineTests testIndependentReadFormats]' started.
Test Case '-[ZipHarborTests.MigrationEngineTests testIndependentReadFormats]' passed (0.137 seconds).
Test Case '-[ZipHarborTests.MigrationEngineTests testMissingVolumeAndWrongPasswordAreTypedErrors]' started.
Test Case '-[ZipHarborTests.MigrationEngineTests testMissingVolumeAndWrongPasswordAreTypedErrors]' passed (0.007 seconds).
Test Case '-[ZipHarborTests.MigrationEngineTests testMixedEncryptedArchiveRejectsPasswordBeforePublishingAnyFile]' started.
Test Case '-[ZipHarborTests.MigrationEngineTests testMixedEncryptedArchiveRejectsPasswordBeforePublishingAnyFile]' passed (0.048 seconds).
Test Case '-[ZipHarborTests.MigrationEngineTests testPauseResumeAndCancellationCleanOutput]' started.
Test Case '-[ZipHarborTests.MigrationEngineTests testPauseResumeAndCancellationCleanOutput]' passed (0.207 seconds).
Test Case '-[ZipHarborTests.MigrationEngineTests testTraversalArchiveIsRejected]' started.
Test Case '-[ZipHarborTests.MigrationEngineTests testTraversalArchiveIsRejected]' passed (0.001 seconds).
Test Suite 'MigrationEngineTests' passed at 2026-10-01 22:44:27.435.
	 Executed 9 tests, with 0 failures (0 unexpected) in 0.555 (0.557) seconds
Test Suite 'PerformanceAcceptanceTests' started at 2026-10-01 22:44:27.436.
Test Case '-[ZipHarborTests.PerformanceAcceptanceTests testOneGiBStreamingRoundTripAndManySmallFiles]' started.
1 GiB SHA256 verified; duration=4.688096046447754s; 2000 files duration=3.221220016479492s; baseline=72 MiB; sampled peak physical footprint=90 MiB
Test Case '-[ZipHarborTests.PerformanceAcceptanceTests testOneGiBStreamingRoundTripAndManySmallFiles]' passed (9.858 seconds).
Test Suite 'PerformanceAcceptanceTests' passed at 2026-10-01 22:44:37.294.
	 Executed 1 test, with 0 failures (0 unexpected) in 9.858 (9.859) seconds
Test Suite 'ZipHarborTests.xctest' passed at 2026-10-01 22:44:37.295.
	 Executed 21 tests, with 0 failures (0 unexpected) in 10.758 (10.765) seconds
Test Suite 'All tests' passed at 2026-10-01 22:44:37.295.
	 Executed 21 tests, with 0 failures (0 unexpected) in 10.758 (10.766) seconds
2026-10-01 22:44:35.561 xcodebuild[60164:4096707] [MT] IDETestOperationsObserverDebug: 14.960 elapsed -- Testing started completed.
2026-10-01 22:44:35.561 xcodebuild[60164:4096707] [MT] IDETestOperationsObserverDebug: 0.000 sec, +0.000 sec -- start
2026-10-01 22:44:35.561 xcodebuild[60164:4096707] [MT] IDETestOperationsObserverDebug: 14.960 sec, +14.960 sec -- end

Test session results, code coverage, and logs:
	/Users/USER/github_space/zip-app/docs/iphone14-acceptance-20261001/results/engine.xcresult

** TEST SUCCEEDED **

Testing started
