Command line invocation:
    /Applications/Xcode.app/Contents/Developer/usr/bin/xcodebuild -project ZipHarbor/ZipHarbor.xcodeproj -scheme ZipHarbor -destination platform=iOS,id=IPHONE14_UDID -derivedDataPath /tmp/ZipHarbor-Device-AppIcon-20261001 -allowProvisioningUpdates -parallel-testing-enabled NO -resultBundlePath docs/iphone14-acceptance-20261001/results/ui-final.xcresult "-only-testing:ZipHarborUITests" test

Resolve Package Graph


Resolved source packages:
  ArchiveKit: https://github.com/Lakr233/libarchive.xcframework.git @ 1.0.0

Writing result bundle at path:
	/Users/USER/github_space/zip-app/docs/iphone14-acceptance-20261001/results/ui-final.xcresult

ComputePackagePrebuildTargetDependencyGraph

Prepare packages

CreateBuildRequest

SendProjectDescription

CreateBuildOperation

ComputeTargetDependencyGraph
note: Building targets in dependency order
note: Target dependency graph (5 targets)
    Target 'ZipHarborUITests' in project 'ZipHarbor'
        ➜ Explicit dependency on target 'ZipHarbor' in project 'ZipHarbor'
    Target 'ZipHarborTests' in project 'ZipHarbor'
        ➜ Explicit dependency on target 'ZipHarbor' in project 'ZipHarbor'
    Target 'ZipHarbor' in project 'ZipHarbor'
        ➜ Explicit dependency on target 'ArchiveKit-product' in project 'ArchiveKit'
    Target 'ArchiveKit-product' in project 'ArchiveKit'
        ➜ Explicit dependency on target 'ArchiveKit' in project 'ArchiveKit'
    Target 'ArchiveKit' in project 'ArchiveKit' (no dependencies)

GatherProvisioningInputs

CreateBuildDescription

ClangStatCache /Applications/Xcode.app/Contents/Developer/Toolchains/XcodeDefault.xctoolchain/usr/bin/clang-stat-cache /Applications/Xcode.app/Contents/Developer/Platforms/iPhoneOS.platform/Developer/SDKs/iPhoneOS27.0.sdk /tmp/ZipHarbor-Device-AppIcon-20261001/SDKStatCaches.noindex/iphoneos27.0-24A430-6c78b3cbc238196c85e1bf6c792c5915.sdkstatcache
    cd /Users/USER/github_space/zip-app/ZipHarbor/ZipHarbor.xcodeproj
    /Applications/Xcode.app/Contents/Developer/Toolchains/XcodeDefault.xctoolchain/usr/bin/clang-stat-cache /Applications/Xcode.app/Contents/Developer/Platforms/iPhoneOS.platform/Developer/SDKs/iPhoneOS27.0.sdk -o /tmp/ZipHarbor-Device-AppIcon-20261001/SDKStatCaches.noindex/iphoneos27.0-24A430-6c78b3cbc238196c85e1bf6c792c5915.sdkstatcache

PruneExplicitPrecompiledModules /tmp/ZipHarbor-Device-AppIcon-20261001/Build/Intermediates.noindex/SwiftExplicitPrecompiledModules

PruneExplicitPrecompiledModules /tmp/ZipHarbor-Device-AppIcon-20261001/SDKExplicitPrecompiledModules

PruneExplicitPrecompiledModules /tmp/ZipHarbor-Device-AppIcon-20261001/Build/Intermediates.noindex/ExplicitPrecompiledModules

2026-10-01 23:02:15.099210+0800 ZipHarborUITests-Runner[15161:6264245] [Default] Running tests...
2026-10-01 23:02:15.217383+0800 ZipHarborUITests-Runner[15161:6264245] [MC] Reading from public effective user settings.
    t =      nans Interface orientation changed to Portrait
Test Suite 'All tests' started at 2026-10-01 23:02:20.303.
Test Suite 'ZipHarborUITests.xctest' started at 2026-10-01 23:02:20.304.
Test Suite 'ZipHarborUITests' started at 2026-10-01 23:02:20.304.
Test Case '-[ZipHarborUITests.ZipHarborUITests testAccessibilityLargeTextLayout]' started.
    t =     0.00s Start Test at 2026-10-01 23:02:20.305
    t =     0.03s Set Up
    t =     0.04s Open com.xiaolongxu.zipharbor.app
    t =     0.04s     Launch com.xiaolongxu.zipharbor.app
    t =     0.04s         Terminate com.xiaolongxu.zipharbor.app:15118
2026-10-01 23:02:19.443 xcodebuild[65303:4140951] [MT] IDELaunchParametersSnapshot: debugger version lookup failed for path '<nil>': noURL
2026-10-01 23:02:19.443 xcodebuild[65303:4140951] [MT] IDELaunchParametersSnapshot: no debugger version
    t =     3.76s         Setting up automation session
    t =     4.12s         Wait for com.xiaolongxu.zipharbor.app to idle
    t =     5.36s Waiting 25.0s for "file-课程资料_2026.zip" Button to exist
    t =     6.38s     Checking `Expect predicate `existsNoRetry == 1` for object "file-课程资料_2026.zip" Button`
    t =     6.38s         Checking existence of `"file-课程资料_2026.zip" Button`
    t =     6.40s             Requesting snapshot of accessibility hierarchy for app with pid 15165
    t =     6.55s             Find: Descendants matching type Button
    t =     6.55s             Find: Elements matching predicate '"file-课程资料_2026.zip" IN identifiers'
    t =     6.56s Find the Target Application 'com.xiaolongxu.zipharbor.app'
    t =     6.56s     Requesting snapshot of accessibility hierarchy for app with pid 15165
    t =     6.76s Added attachment named 'home-large-text'
    t =     6.76s Tap "tab-Settings" Button
    t =     6.76s     Wait for com.xiaolongxu.zipharbor.app to idle
    t =     6.76s     Find the "tab-Settings" Button
    t =     6.76s         Requesting snapshot of accessibility hierarchy for app with pid 15165
    t =     6.82s         Find: Descendants matching type Button
    t =     6.82s         Find: Elements matching predicate '"tab-Settings" IN identifiers'
    t =     6.82s     Check for interrupting elements affecting "tab-Settings" Button
    t =     6.84s         Requesting snapshot of accessibility hierarchy for app with pid 15165
    t =     6.87s         Find: Descendants matching predicate identifier == "NotificationShortLookView" OR elementType == 7
    t =     6.88s     Synthesize event
    t =     7.18s     Wait for com.xiaolongxu.zipharbor.app to idle
    t =     7.19s Find the Target Application 'com.xiaolongxu.zipharbor.app'
    t =     7.19s     Requesting snapshot of accessibility hierarchy for app with pid 15165
    t =     7.38s Added attachment named 'settings-large-text'
    t =     7.38s Checking existence of `"defaultDestinationButton" Button`
    t =     7.38s     Requesting snapshot of accessibility hierarchy for app with pid 15165
    t =     7.43s     Find: Descendants matching type Button
    t =     7.43s     Find: Elements matching predicate '"defaultDestinationButton" IN identifiers'
    t =     7.43s Tear Down
Test Case '-[ZipHarborUITests.ZipHarborUITests testAccessibilityLargeTextLayout]' passed (7.468 seconds).
Test Case '-[ZipHarborUITests.ZipHarborUITests testCancellingExternalFolderChoiceKeepsPreviousDestination]' started.
    t =     0.00s Start Test at 2026-10-01 23:02:27.773
    t =     0.02s Set Up
    t =     0.02s Open com.xiaolongxu.zipharbor.app
    t =     0.02s     Launch com.xiaolongxu.zipharbor.app
    t =     0.02s         Terminate com.xiaolongxu.zipharbor.app:15165
2026-10-01 23:02:26.699 xcodebuild[65303:4140951] [MT] IDELaunchParametersSnapshot: debugger version lookup failed for path '<nil>': noURL
2026-10-01 23:02:26.699 xcodebuild[65303:4140951] [MT] IDELaunchParametersSnapshot: no debugger version
    t =     1.28s         Setting up automation session
    t =     1.59s         Wait for com.xiaolongxu.zipharbor.app to idle
    t =     2.80s Waiting 25.0s for "file-课程资料_2026.zip" Button to exist
    t =     3.83s     Checking `Expect predicate `existsNoRetry == 1` for object "file-课程资料_2026.zip" Button`
    t =     3.83s         Checking existence of `"file-课程资料_2026.zip" Button`
    t =     3.84s             Requesting snapshot of accessibility hierarchy for app with pid 15167
    t =     3.94s             Find: Descendants matching type Button
    t =     3.94s             Find: Elements matching predicate '"file-课程资料_2026.zip" IN identifiers'
    t =     3.95s Tap "tab-Settings" Button
    t =     3.95s     Wait for com.xiaolongxu.zipharbor.app to idle
    t =     3.96s     Find the "tab-Settings" Button
    t =     3.96s         Requesting snapshot of accessibility hierarchy for app with pid 15167
    t =     4.01s         Find: Descendants matching type Button
    t =     4.01s         Find: Elements matching predicate '"tab-Settings" IN identifiers'
    t =     4.01s     Check for interrupting elements affecting "tab-Settings" Button
    t =     4.03s         Requesting snapshot of accessibility hierarchy for app with pid 15167
    t =     4.07s         Find: Descendants matching predicate identifier == "NotificationShortLookView" OR elementType == 7
    t =     4.07s     Synthesize event
    t =     4.37s     Wait for com.xiaolongxu.zipharbor.app to idle
    t =     4.38s Tap "defaultDestinationButton" Button
    t =     4.38s     Wait for com.xiaolongxu.zipharbor.app to idle
    t =     4.39s     Find the "defaultDestinationButton" Button
    t =     4.40s         Requesting snapshot of accessibility hierarchy for app with pid 15167
    t =     4.47s         Find: Descendants matching type Button
    t =     4.47s         Find: Elements matching predicate '"defaultDestinationButton" IN identifiers'
    t =     4.48s     Check for interrupting elements affecting "defaultDestinationButton" Button
    t =     4.50s         Requesting snapshot of accessibility hierarchy for app with pid 15167
    t =     4.56s         Find: Descendants matching predicate identifier == "NotificationShortLookView" OR elementType == 7
    t =     4.57s     Synthesize event
    t =     4.88s     Wait for com.xiaolongxu.zipharbor.app to idle
    t =     5.31s Find the "destination-downloads" Button
    t =     5.32s     Requesting snapshot of accessibility hierarchy for app with pid 15167
    t =     5.41s     Find: Descendants matching type Button
    t =     5.41s     Find: Elements matching predicate '"destination-downloads" IN identifiers'
    t =     5.42s Tap "destination-other" Button
    t =     5.42s     Wait for com.xiaolongxu.zipharbor.app to idle
    t =     5.42s     Find the "destination-other" Button
    t =     5.43s         Requesting snapshot of accessibility hierarchy for app with pid 15167
    t =     5.49s         Find: Descendants matching type Button
    t =     5.49s         Find: Elements matching predicate '"destination-other" IN identifiers'
    t =     5.49s     Check for interrupting elements affecting "destination-other" Button
    t =     5.51s         Requesting snapshot of accessibility hierarchy for app with pid 15167
    t =     5.55s         Find: Descendants matching predicate identifier == "NotificationShortLookView" OR elementType == 7
    t =     5.55s     Synthesize event
    t =     5.85s     Wait for com.xiaolongxu.zipharbor.app to idle
    t =     6.26s Waiting 30.0s for "Browse" Button to exist
    t =     7.29s     Checking `Expect predicate `existsNoRetry == 1` for object "Browse" Button`
    t =     7.30s         Checking existence of `"Browse" Button`
    t =     7.31s             Requesting snapshot of accessibility hierarchy for app with pid 15167
    t =     7.46s             Find: Descendants matching type Button
    t =     7.46s             Find: Elements matching predicate '"Browse" IN identifiers'
    t =     7.47s Checking existence of `Button (First Match)`
    t =     7.47s     Requesting snapshot of accessibility hierarchy for app with pid 15167
    t =     7.57s Press Target Application 'com.xiaolongxu.zipharbor.app'[0.50, 0.08] for 0.1 seconds, then drag to Target Application 'com.xiaolongxu.zipharbor.app'[0.50, 0.85] with velocity of 500.00 pixels per second, and then hold for 0.0 seconds 
    t =     7.57s     Wait for com.xiaolongxu.zipharbor.app to idle
    t =     7.57s     Find the Target Application 'com.xiaolongxu.zipharbor.app'
    t =     7.58s         Requesting snapshot of accessibility hierarchy for app with pid 15167
    t =     7.67s     Check for interrupting elements affecting "ZipHarbor" Application
    t =     7.68s         Requesting snapshot of accessibility hierarchy for app with pid 15167
    t =     7.75s         Find: Descendants matching predicate identifier == "NotificationShortLookView" OR elementType == 7
    t =     7.76s     Synthesize event
    t =     7.77s         Find the Target Application 'com.xiaolongxu.zipharbor.app'
    t =     7.77s             Requesting snapshot of accessibility hierarchy for app with pid 15167
    t =     7.85s         Find the Target Application 'com.xiaolongxu.zipharbor.app'
    t =     7.85s             Requesting snapshot of accessibility hierarchy for app with pid 15167
    t =     7.93s         Find the Target Application 'com.xiaolongxu.zipharbor.app'
    t =     7.94s             Requesting snapshot of accessibility hierarchy for app with pid 15167
    t =     8.02s         Find the Target Application 'com.xiaolongxu.zipharbor.app'
    t =     8.02s             Requesting snapshot of accessibility hierarchy for app with pid 15167
    t =     8.10s         Find the Target Application 'com.xiaolongxu.zipharbor.app'
    t =     8.10s             Requesting snapshot of accessibility hierarchy for app with pid 15167
    t =     9.82s     Wait for com.xiaolongxu.zipharbor.app to idle
    t =    10.17s Waiting 5.0s for "saveDefaultDestinationButton" Button to exist
    t =    11.21s     Checking `Expect predicate `existsNoRetry == 1` for object "saveDefaultDestinationButton" Button`
    t =    11.22s         Checking existence of `"saveDefaultDestinationButton" Button`
    t =    11.23s             Requesting snapshot of accessibility hierarchy for app with pid 15167
    t =    11.33s             Find: Descendants matching type Button
    t =    11.34s             Find: Elements matching predicate '"saveDefaultDestinationButton" IN identifiers'
    t =    11.34s Find the "destination-downloads" Button
    t =    11.34s     Requesting snapshot of accessibility hierarchy for app with pid 15167
    t =    11.41s     Find: Descendants matching type Button
    t =    11.41s     Find: Elements matching predicate '"destination-downloads" IN identifiers'
    t =    11.42s Find the "destination-other" Button
    t =    11.42s     Requesting snapshot of accessibility hierarchy for app with pid 15167
    t =    11.48s     Find: Descendants matching type Button
    t =    11.48s     Find: Elements matching predicate '"destination-other" IN identifiers'
    t =    11.49s Find the Target Application 'com.xiaolongxu.zipharbor.app'
    t =    11.49s     Requesting snapshot of accessibility hierarchy for app with pid 15167
    t =    11.65s Added attachment named 'destination-cancel-keeps-selection'
    t =    11.65s Tear Down
Test Case '-[ZipHarborUITests.ZipHarborUITests testCancellingExternalFolderChoiceKeepsPreviousDestination]' passed (11.671 seconds).
Test Case '-[ZipHarborUITests.ZipHarborUITests testCreateTwoStepsAESRoundTripAndBackPreservesSelection]' started.
    t =     0.00s Start Test at 2026-10-01 23:02:39.445
    t =     0.01s Set Up
    t =     0.01s Open com.xiaolongxu.zipharbor.app
    t =     0.01s     Launch com.xiaolongxu.zipharbor.app
    t =     0.01s         Terminate com.xiaolongxu.zipharbor.app:15167
2026-10-01 23:02:38.444 xcodebuild[65303:4140951] [MT] IDELaunchParametersSnapshot: debugger version lookup failed for path '<nil>': noURL
2026-10-01 23:02:38.444 xcodebuild[65303:4140951] [MT] IDELaunchParametersSnapshot: no debugger version
    t =     1.34s         Setting up automation session
    t =     1.68s         Wait for com.xiaolongxu.zipharbor.app to idle
    t =     2.96s Waiting 25.0s for "file-课程资料_2026.zip" Button to exist
    t =     3.97s     Checking `Expect predicate `existsNoRetry == 1` for object "file-课程资料_2026.zip" Button`
    t =     3.98s         Checking existence of `"file-课程资料_2026.zip" Button`
    t =     3.98s             Requesting snapshot of accessibility hierarchy for app with pid 15169
    t =     4.09s             Find: Descendants matching type Button
    t =     4.09s             Find: Elements matching predicate '"file-课程资料_2026.zip" IN identifiers'
    t =     4.10s Tap "createArchiveButton" Button
    t =     4.10s     Wait for com.xiaolongxu.zipharbor.app to idle
    t =     4.11s     Find the "createArchiveButton" Button
    t =     4.11s         Requesting snapshot of accessibility hierarchy for app with pid 15169
    t =     4.16s         Find: Descendants matching type Button
    t =     4.16s         Find: Elements matching predicate '"createArchiveButton" IN identifiers'
    t =     4.16s     Check for interrupting elements affecting "createArchiveButton" Button
    t =     4.18s         Requesting snapshot of accessibility hierarchy for app with pid 15169
    t =     4.22s         Find: Descendants matching predicate identifier == "NotificationShortLookView" OR elementType == 7
    t =     4.23s     Synthesize event
    t =     4.54s     Wait for com.xiaolongxu.zipharbor.app to idle
    t =     4.92s Tap "source-课堂笔记.txt" Button
    t =     4.92s     Wait for com.xiaolongxu.zipharbor.app to idle
    t =     4.94s     Find the "source-课堂笔记.txt" Button
    t =     4.94s         Requesting snapshot of accessibility hierarchy for app with pid 15169
    t =     5.01s         Find: Descendants matching type Button
    t =     5.01s         Find: Elements matching predicate '"source-课堂笔记.txt" IN identifiers'
    t =     5.02s     Check for interrupting elements affecting "source-课堂笔记.txt" Button
    t =     5.04s         Requesting snapshot of accessibility hierarchy for app with pid 15169
    t =     5.08s         Find: Descendants matching predicate identifier == "NotificationShortLookView" OR elementType == 7
    t =     5.09s     Synthesize event
    t =     5.40s     Wait for com.xiaolongxu.zipharbor.app to idle
    t =     5.41s Find the Target Application 'com.xiaolongxu.zipharbor.app'
    t =     5.42s     Requesting snapshot of accessibility hierarchy for app with pid 15169
    t =     5.60s Added attachment named 'create-select'
    t =     5.60s Tap "createNextButton" Button
    t =     5.60s     Wait for com.xiaolongxu.zipharbor.app to idle
    t =     5.61s     Find the "createNextButton" Button
    t =     5.61s         Requesting snapshot of accessibility hierarchy for app with pid 15169
    t =     5.66s         Find: Descendants matching type Button
    t =     5.66s         Find: Elements matching predicate '"createNextButton" IN identifiers'
    t =     5.67s     Check for interrupting elements affecting "createNextButton" Button
    t =     5.68s         Requesting snapshot of accessibility hierarchy for app with pid 15169
    t =     5.70s         Find: Descendants matching predicate identifier == "NotificationShortLookView" OR elementType == 7
    t =     5.71s     Synthesize event
    t =     6.00s     Wait for com.xiaolongxu.zipharbor.app to idle
    t =     6.01s Find the Target Application 'com.xiaolongxu.zipharbor.app'
    t =     6.02s     Requesting snapshot of accessibility hierarchy for app with pid 15169
    t =     6.19s Added attachment named 'create-settings'
    t =     6.19s Tap "backButton" Button
    t =     6.19s     Wait for com.xiaolongxu.zipharbor.app to idle
    t =     6.19s     Find the "backButton" Button
    t =     6.19s         Requesting snapshot of accessibility hierarchy for app with pid 15169
    t =     6.24s         Find: Descendants matching type Button
    t =     6.24s         Find: Elements matching predicate '"backButton" IN identifiers'
    t =     6.24s     Check for interrupting elements affecting "backButton" Button
    t =     6.26s         Requesting snapshot of accessibility hierarchy for app with pid 15169
    t =     6.29s         Find: Descendants matching predicate identifier == "NotificationShortLookView" OR elementType == 7
    t =     6.29s     Synthesize event
    t =     6.59s     Wait for com.xiaolongxu.zipharbor.app to idle
    t =     6.61s Checking existence of `"已选择 1 项" StaticText`
    t =     6.62s     Requesting snapshot of accessibility hierarchy for app with pid 15169
    t =     6.69s     Find: Descendants matching type StaticText
    t =     6.69s     Find: Elements matching predicate '"已选择 1 项" IN identifiers'
    t =     6.70s Tap "createNextButton" Button
    t =     6.70s     Wait for com.xiaolongxu.zipharbor.app to idle
    t =     6.71s     Find the "createNextButton" Button
    t =     6.71s         Requesting snapshot of accessibility hierarchy for app with pid 15169
    t =     6.75s         Find: Descendants matching type Button
    t =     6.76s         Find: Elements matching predicate '"createNextButton" IN identifiers'
    t =     6.76s     Check for interrupting elements affecting "createNextButton" Button
    t =     6.78s         Requesting snapshot of accessibility hierarchy for app with pid 15169
    t =     6.82s         Find: Descendants matching predicate identifier == "NotificationShortLookView" OR elementType == 7
    t =     6.82s     Synthesize event
    t =     7.13s     Wait for com.xiaolongxu.zipharbor.app to idle
    t =     7.15s Tap "archiveNameField" TextField
    t =     7.15s     Wait for com.xiaolongxu.zipharbor.app to idle
    t =     7.16s     Find the "archiveNameField" TextField
    t =     7.17s         Requesting snapshot of accessibility hierarchy for app with pid 15169
    t =     7.24s         Find: Descendants matching type TextField
    t =     7.24s         Find: Elements matching predicate '"archiveNameField" IN identifiers'
    t =     7.24s     Check for interrupting elements affecting "archiveNameField" TextField
    t =     7.27s         Requesting snapshot of accessibility hierarchy for app with pid 15169
    t =     7.33s         Find: Descendants matching predicate identifier == "NotificationShortLookView" OR elementType == 7
    t =     7.33s     Synthesize event
    t =     7.65s     Wait for com.xiaolongxu.zipharbor.app to idle
    t =     7.82s Type '...' into "archiveNameField" TextField
    t =     7.82s     Wait for com.xiaolongxu.zipharbor.app to idle
    t =     7.83s     Find the "archiveNameField" TextField
    t =     7.83s         Requesting snapshot of accessibility hierarchy for app with pid 15169
    t =     7.88s         Find: Descendants matching type TextField
    t =     7.89s         Find: Elements matching predicate '"archiveNameField" IN identifiers'
    t =     7.89s     Check for interrupting elements affecting "archiveNameField" TextField
    t =     7.91s         Requesting snapshot of accessibility hierarchy for app with pid 15169
    t =     7.95s         Find: Descendants matching predicate identifier == "NotificationShortLookView" OR elementType == 7
    t =     7.95s     Synthesize event
    t =     8.84s     Wait for com.xiaolongxu.zipharbor.app to idle
    t =     8.85s Type 'UI Roundtrip' into "archiveNameField" TextField
    t =     8.86s     Wait for com.xiaolongxu.zipharbor.app to idle
    t =     8.87s     Find the "archiveNameField" TextField
    t =     8.87s         Requesting snapshot of accessibility hierarchy for app with pid 15169
    t =     8.96s         Find: Descendants matching type TextField
    t =     8.96s         Find: Elements matching predicate '"archiveNameField" IN identifiers'
    t =     8.96s     Check for interrupting elements affecting "archiveNameField" TextField
    t =     8.99s         Requesting snapshot of accessibility hierarchy for app with pid 15169
    t =     9.05s         Find: Descendants matching predicate identifier == "NotificationShortLookView" OR elementType == 7
    t =     9.06s     Synthesize event
    t =     9.48s     Wait for com.xiaolongxu.zipharbor.app to idle
    t =     9.50s Tap "passwordToggle" Button
    t =     9.50s     Wait for com.xiaolongxu.zipharbor.app to idle
    t =     9.51s     Find the "passwordToggle" Button
    t =     9.51s         Requesting snapshot of accessibility hierarchy for app with pid 15169
    t =     9.60s         Find: Descendants matching type Button
    t =     9.61s         Find: Elements matching predicate '"passwordToggle" IN identifiers'
    t =     9.61s     Check for interrupting elements affecting "passwordToggle" Button
    t =     9.64s         Requesting snapshot of accessibility hierarchy for app with pid 15169
    t =     9.71s         Find: Descendants matching predicate identifier == "NotificationShortLookView" OR elementType == 7
    t =     9.72s     Synthesize event
    t =    10.03s     Wait for com.xiaolongxu.zipharbor.app to idle
    t =    10.05s Waiting 3.0s for "archivePasswordField" SecureTextField to exist
    t =    11.07s     Checking `Expect predicate `existsNoRetry == 1` for object "archivePasswordField" SecureTextField`
    t =    11.07s         Checking existence of `"archivePasswordField" SecureTextField`
    t =    11.09s             Requesting snapshot of accessibility hierarchy for app with pid 15169
    t =    11.18s             Find: Descendants matching type SecureTextField
    t =    11.18s             Find: Elements matching predicate '"archivePasswordField" IN identifiers'
    t =    11.19s Tap "archivePasswordField" SecureTextField
    t =    11.19s     Wait for com.xiaolongxu.zipharbor.app to idle
    t =    11.19s     Find the "archivePasswordField" SecureTextField
    t =    11.20s         Requesting snapshot of accessibility hierarchy for app with pid 15169
    t =    11.26s         Find: Descendants matching type SecureTextField
    t =    11.26s         Find: Elements matching predicate '"archivePasswordField" IN identifiers'
    t =    11.27s     Check for interrupting elements affecting "archivePasswordField" SecureTextField
    t =    11.29s         Requesting snapshot of accessibility hierarchy for app with pid 15169
    t =    11.35s         Find: Descendants matching predicate identifier == "NotificationShortLookView" OR elementType == 7
    t =    11.35s     Synthesize event
    t =    11.66s     Wait for com.xiaolongxu.zipharbor.app to idle
    t =    11.76s Type '<redacted>' into "archivePasswordField" SecureTextField
    t =    11.76s     Wait for com.xiaolongxu.zipharbor.app to idle
    t =    12.18s     Find the "archivePasswordField" SecureTextField
    t =    12.19s         Requesting snapshot of accessibility hierarchy for app with pid 15169
    t =    12.29s         Find: Descendants matching type SecureTextField
    t =    12.29s         Find: Elements matching predicate '"archivePasswordField" IN identifiers'
    t =    12.29s     Check for interrupting elements affecting "archivePasswordField" SecureTextField
    t =    12.32s         Requesting snapshot of accessibility hierarchy for app with pid 15169
    t =    12.39s         Find: Descendants matching predicate identifier == "NotificationShortLookView" OR elementType == 7
    t =    12.40s     Synthesize event
    t =    12.69s     Wait for com.xiaolongxu.zipharbor.app to idle
    t =    12.71s Swipe up Target Application 'com.xiaolongxu.zipharbor.app'
    t =    12.71s     Wait for com.xiaolongxu.zipharbor.app to idle
    t =    12.72s     Find the Target Application 'com.xiaolongxu.zipharbor.app'
    t =    12.73s         Requesting snapshot of accessibility hierarchy for app with pid 15169
    t =    12.83s     Check for interrupting elements affecting "ZipHarbor 压缩工具" Application
    t =    12.85s         Requesting snapshot of accessibility hierarchy for app with pid 15169
    t =    12.92s         Find: Descendants matching predicate identifier == "NotificationShortLookView" OR elementType == 7
    t =    12.93s     Synthesize event
    t =    13.38s     Wait for com.xiaolongxu.zipharbor.app to idle
    t =    13.86s Tap "submitCreateArchiveButton" Button
    t =    13.86s     Wait for com.xiaolongxu.zipharbor.app to idle
    t =    13.88s     Find the "submitCreateArchiveButton" Button
    t =    13.88s         Requesting snapshot of accessibility hierarchy for app with pid 15169
    t =    13.97s         Find: Descendants matching type Button
    t =    13.97s         Find: Elements matching predicate '"submitCreateArchiveButton" IN identifiers'
    t =    13.98s     Check for interrupting elements affecting "submitCreateArchiveButton" Button
    t =    14.00s         Requesting snapshot of accessibility hierarchy for app with pid 15169
    t =    14.09s         Find: Descendants matching predicate identifier == "NotificationShortLookView" OR elementType == 7
    t =    14.09s     Synthesize event
    t =    14.41s     Wait for com.xiaolongxu.zipharbor.app to idle
    t =    14.94s Waiting 25.0s for "resultDoneButton" Button to exist
    t =    15.96s     Checking `Expect predicate `existsNoRetry == 1` for object "resultDoneButton" Button`
    t =    15.96s         Checking existence of `"resultDoneButton" Button`
    t =    15.97s             Requesting snapshot of accessibility hierarchy for app with pid 15169
    t =    16.07s             Find: Descendants matching type Button
    t =    16.07s             Find: Elements matching predicate '"resultDoneButton" IN identifiers'
    t =    16.08s Tap "resultDoneButton" Button
    t =    16.08s     Wait for com.xiaolongxu.zipharbor.app to idle
    t =    16.09s     Find the "resultDoneButton" Button
    t =    16.09s         Requesting snapshot of accessibility hierarchy for app with pid 15169
    t =    16.15s         Find: Descendants matching type Button
    t =    16.16s         Find: Elements matching predicate '"resultDoneButton" IN identifiers'
    t =    16.16s     Check for interrupting elements affecting "resultDoneButton" Button
    t =    16.18s         Requesting snapshot of accessibility hierarchy for app with pid 15169
    t =    16.24s         Find: Descendants matching predicate identifier == "NotificationShortLookView" OR elementType == 7
    t =    16.24s     Synthesize event
    t =    16.55s     Wait for com.xiaolongxu.zipharbor.app to idle
    t =    16.93s Tap "tab-Files" Button
    t =    16.93s     Wait for com.xiaolongxu.zipharbor.app to idle
    t =    16.95s     Find the "tab-Files" Button
    t =    16.95s         Requesting snapshot of accessibility hierarchy for app with pid 15169
    t =    17.01s         Find: Descendants matching type Button
    t =    17.01s         Find: Elements matching predicate '"tab-Files" IN identifiers'
    t =    17.02s     Check for interrupting elements affecting "tab-Files" Button
    t =    17.05s         Requesting snapshot of accessibility hierarchy for app with pid 15169
    t =    17.10s         Find: Descendants matching predicate identifier == "NotificationShortLookView" OR elementType == 7
    t =    17.11s     Synthesize event
    t =    17.43s     Wait for com.xiaolongxu.zipharbor.app to idle
    t =    17.45s Waiting 5.0s for "file-UI Roundtrip.zip" Button to exist
    t =    18.46s     Checking `Expect predicate `existsNoRetry == 1` for object "file-UI Roundtrip.zip" Button`
    t =    18.47s         Checking existence of `"file-UI Roundtrip.zip" Button`
    t =    18.48s             Requesting snapshot of accessibility hierarchy for app with pid 15169
    t =    18.58s             Find: Descendants matching type Button
    t =    18.58s             Find: Elements matching predicate '"file-UI Roundtrip.zip" IN identifiers'
    t =    18.59s Tap "file-UI Roundtrip.zip" Button
    t =    18.59s     Wait for com.xiaolongxu.zipharbor.app to idle
    t =    18.60s     Find the "file-UI Roundtrip.zip" Button
    t =    18.60s         Requesting snapshot of accessibility hierarchy for app with pid 15169
    t =    18.66s         Find: Descendants matching type Button
    t =    18.66s         Find: Elements matching predicate '"file-UI Roundtrip.zip" IN identifiers'
    t =    18.66s     Check for interrupting elements affecting "file-UI Roundtrip.zip" Button
    t =    18.69s         Requesting snapshot of accessibility hierarchy for app with pid 15169
    t =    18.74s         Find: Descendants matching predicate identifier == "NotificationShortLookView" OR elementType == 7
    t =    18.75s     Synthesize event
    t =    19.07s     Wait for com.xiaolongxu.zipharbor.app to idle
    t =    19.48s Waiting 10.0s for "extractToButton" Button to exist
    t =    20.51s     Checking `Expect predicate `existsNoRetry == 1` for object "extractToButton" Button`
    t =    20.51s         Checking existence of `"extractToButton" Button`
    t =    20.52s             Requesting snapshot of accessibility hierarchy for app with pid 15169
    t =    20.61s             Find: Descendants matching type Button
    t =    20.61s             Find: Elements matching predicate '"extractToButton" IN identifiers'
    t =    20.62s Tap "extractToButton" Button
    t =    20.62s     Wait for com.xiaolongxu.zipharbor.app to idle
    t =    20.63s     Find the "extractToButton" Button
    t =    20.63s         Requesting snapshot of accessibility hierarchy for app with pid 15169
    t =    20.69s         Find: Descendants matching type Button
    t =    20.69s         Find: Elements matching predicate '"extractToButton" IN identifiers'
    t =    20.69s     Check for interrupting elements affecting "extractToButton" Button
    t =    20.72s         Requesting snapshot of accessibility hierarchy for app with pid 15169
    t =    20.76s         Find: Descendants matching predicate identifier == "NotificationShortLookView" OR elementType == 7
    t =    20.77s     Synthesize event
    t =    21.09s     Wait for com.xiaolongxu.zipharbor.app to idle
    t =    21.50s Waiting 5.0s for "startExtractionButton" Button to exist
    t =    22.52s     Checking `Expect predicate `existsNoRetry == 1` for object "startExtractionButton" Button`
    t =    22.53s         Checking existence of `"startExtractionButton" Button`
    t =    22.54s             Requesting snapshot of accessibility hierarchy for app with pid 15169
    t =    22.66s             Find: Descendants matching type Button
    t =    22.66s             Find: Elements matching predicate '"startExtractionButton" IN identifiers'
    t =    22.66s Find the Target Application 'com.xiaolongxu.zipharbor.app'
    t =    22.67s     Requesting snapshot of accessibility hierarchy for app with pid 15169
    t =    22.86s Added attachment named 'extraction-destination'
    t =    22.86s Tap "startExtractionButton" Button
    t =    22.86s     Wait for com.xiaolongxu.zipharbor.app to idle
    t =    22.86s     Find the "startExtractionButton" Button
    t =    22.87s         Requesting snapshot of accessibility hierarchy for app with pid 15169
    t =    22.95s         Find: Descendants matching type Button
    t =    22.95s         Find: Elements matching predicate '"startExtractionButton" IN identifiers'
    t =    22.95s     Check for interrupting elements affecting "startExtractionButton" Button
    t =    22.97s         Requesting snapshot of accessibility hierarchy for app with pid 15169
    t =    23.03s         Find: Descendants matching predicate identifier == "NotificationShortLookView" OR elementType == 7
    t =    23.03s     Synthesize event
    t =    23.33s     Wait for com.xiaolongxu.zipharbor.app to idle
    t =    24.31s Waiting 15.0s for "taskPasswordField" SecureTextField to exist
    t =    25.34s     Checking `Expect predicate `existsNoRetry == 1` for object "taskPasswordField" SecureTextField`
    t =    25.34s         Checking existence of `"taskPasswordField" SecureTextField`
    t =    25.35s             Requesting snapshot of accessibility hierarchy for app with pid 15169
    t =    25.44s             Find: Descendants matching type SecureTextField
    t =    25.44s             Find: Elements matching predicate '"taskPasswordField" IN identifiers'
    t =    25.45s Tap "taskPasswordField" SecureTextField
    t =    25.45s     Wait for com.xiaolongxu.zipharbor.app to idle
    t =    25.45s     Find the "taskPasswordField" SecureTextField
    t =    25.46s         Requesting snapshot of accessibility hierarchy for app with pid 15169
    t =    25.51s         Find: Descendants matching type SecureTextField
    t =    25.51s         Find: Elements matching predicate '"taskPasswordField" IN identifiers'
    t =    25.52s     Check for interrupting elements affecting "taskPasswordField" SecureTextField
    t =    25.54s         Requesting snapshot of accessibility hierarchy for app with pid 15169
    t =    25.59s         Find: Descendants matching predicate identifier == "NotificationShortLookView" OR elementType == 7
    t =    25.59s     Synthesize event
    t =    25.90s     Wait for com.xiaolongxu.zipharbor.app to idle
    t =    26.74s Type '<redacted>' into "taskPasswordField" SecureTextField
    t =    26.74s     Wait for com.xiaolongxu.zipharbor.app to idle
    t =    26.75s     Find the "taskPasswordField" SecureTextField
    t =    26.76s         Requesting snapshot of accessibility hierarchy for app with pid 15169
    t =    26.87s         Find: Descendants matching type SecureTextField
    t =    26.87s         Find: Elements matching predicate '"taskPasswordField" IN identifiers'
    t =    26.88s     Check for interrupting elements affecting "taskPasswordField" SecureTextField
    t =    26.90s         Requesting snapshot of accessibility hierarchy for app with pid 15169
    t =    27.00s         Find: Descendants matching predicate identifier == "NotificationShortLookView" OR elementType == 7
    t =    27.01s     Synthesize event
    t =    27.30s     Wait for com.xiaolongxu.zipharbor.app to idle
    t =    27.31s Tap "unlockAndContinueButton" Button
    t =    27.31s     Wait for com.xiaolongxu.zipharbor.app to idle
    t =    27.32s     Find the "unlockAndContinueButton" Button
    t =    27.33s         Requesting snapshot of accessibility hierarchy for app with pid 15169
    t =    27.43s         Find: Descendants matching type Button
    t =    27.43s         Find: Elements matching predicate '"unlockAndContinueButton" IN identifiers'
    t =    27.44s     Check for interrupting elements affecting "unlockAndContinueButton" Button
    t =    27.46s         Requesting snapshot of accessibility hierarchy for app with pid 15169
    t =    27.55s         Find: Descendants matching predicate identifier == "NotificationShortLookView" OR elementType == 7
    t =    27.55s     Synthesize event
    t =    27.85s     Wait for com.xiaolongxu.zipharbor.app to idle
    t =    28.33s Waiting 20.0s for "resultDoneButton" Button to exist
    t =    29.35s     Checking `Expect predicate `existsNoRetry == 1` for object "resultDoneButton" Button`
    t =    29.35s         Checking existence of `"resultDoneButton" Button`
    t =    29.36s             Requesting snapshot of accessibility hierarchy for app with pid 15169
    t =    29.45s             Find: Descendants matching type Button
    t =    29.46s             Find: Elements matching predicate '"resultDoneButton" IN identifiers'
    t =    29.46s Tap "resultDoneButton" Button
    t =    29.46s     Wait for com.xiaolongxu.zipharbor.app to idle
    t =    29.47s     Find the "resultDoneButton" Button
    t =    29.47s         Requesting snapshot of accessibility hierarchy for app with pid 15169
    t =    29.54s         Find: Descendants matching type Button
    t =    29.55s         Find: Elements matching predicate '"resultDoneButton" IN identifiers'
    t =    29.55s     Check for interrupting elements affecting "resultDoneButton" Button
    t =    29.57s         Requesting snapshot of accessibility hierarchy for app with pid 15169
    t =    29.63s         Find: Descendants matching predicate identifier == "NotificationShortLookView" OR elementType == 7
    t =    29.64s     Synthesize event
    t =    29.95s     Wait for com.xiaolongxu.zipharbor.app to idle
    t =    30.35s Tear Down
Test Case '-[ZipHarborUITests.ZipHarborUITests testCreateTwoStepsAESRoundTripAndBackPreservesSelection]' passed (30.417 seconds).
Test Case '-[ZipHarborUITests.ZipHarborUITests testDefaultDestinationAndPreserveSettingsAffectExtraction]' started.
    t =     0.00s Start Test at 2026-10-01 23:03:09.864
    t =     0.03s Set Up
    t =     0.03s Open com.xiaolongxu.zipharbor.app
    t =     0.03s     Launch com.xiaolongxu.zipharbor.app
    t =     0.03s         Terminate com.xiaolongxu.zipharbor.app:15169
2026-10-01 23:03:08.887 xcodebuild[65303:4140951] [MT] IDELaunchParametersSnapshot: debugger version lookup failed for path '<nil>': noURL
2026-10-01 23:03:08.887 xcodebuild[65303:4140951] [MT] IDELaunchParametersSnapshot: no debugger version
    t =     1.39s         Setting up automation session
    t =     1.75s         Wait for com.xiaolongxu.zipharbor.app to idle
    t =     2.96s Waiting 25.0s for "file-课程资料_2026.zip" Button to exist
    t =     3.98s     Checking `Expect predicate `existsNoRetry == 1` for object "file-课程资料_2026.zip" Button`
    t =     3.99s         Checking existence of `"file-课程资料_2026.zip" Button`
    t =     4.00s             Requesting snapshot of accessibility hierarchy for app with pid 15170
    t =     4.11s             Find: Descendants matching type Button
    t =     4.11s             Find: Elements matching predicate '"file-课程资料_2026.zip" IN identifiers'
    t =     4.12s Tap "tab-Settings" Button
    t =     4.12s     Wait for com.xiaolongxu.zipharbor.app to idle
    t =     4.12s     Find the "tab-Settings" Button
    t =     4.13s         Requesting snapshot of accessibility hierarchy for app with pid 15170
    t =     4.18s         Find: Descendants matching type Button
    t =     4.19s         Find: Elements matching predicate '"tab-Settings" IN identifiers'
    t =     4.19s     Check for interrupting elements affecting "tab-Settings" Button
    t =     4.21s         Requesting snapshot of accessibility hierarchy for app with pid 15170
    t =     4.26s         Find: Descendants matching predicate identifier == "NotificationShortLookView" OR elementType == 7
    t =     4.27s     Synthesize event
    t =     4.57s     Wait for com.xiaolongxu.zipharbor.app to idle
    t =     4.59s Tap "defaultDestinationButton" Button
    t =     4.59s     Wait for com.xiaolongxu.zipharbor.app to idle
    t =     4.60s     Find the "defaultDestinationButton" Button
    t =     4.60s         Requesting snapshot of accessibility hierarchy for app with pid 15170
    t =     4.68s         Find: Descendants matching type Button
    t =     4.68s         Find: Elements matching predicate '"defaultDestinationButton" IN identifiers'
    t =     4.69s     Check for interrupting elements affecting "defaultDestinationButton" Button
    t =     4.71s         Requesting snapshot of accessibility hierarchy for app with pid 15170
    t =     4.76s         Find: Descendants matching predicate identifier == "NotificationShortLookView" OR elementType == 7
    t =     4.77s     Synthesize event
    t =     5.08s     Wait for com.xiaolongxu.zipharbor.app to idle
    t =     5.48s Tap "destination-same" Button
    t =     5.48s     Wait for com.xiaolongxu.zipharbor.app to idle
    t =     5.50s     Find the "destination-same" Button
    t =     5.50s         Requesting snapshot of accessibility hierarchy for app with pid 15170
    t =     5.60s         Find: Descendants matching type Button
    t =     5.60s         Find: Elements matching predicate '"destination-same" IN identifiers'
    t =     5.61s     Check for interrupting elements affecting "destination-same" Button
    t =     5.63s         Requesting snapshot of accessibility hierarchy for app with pid 15170
    t =     5.69s         Find: Descendants matching predicate identifier == "NotificationShortLookView" OR elementType == 7
    t =     5.70s     Synthesize event
    t =     6.00s     Wait for com.xiaolongxu.zipharbor.app to idle
    t =     6.71s Tap "saveDefaultDestinationButton" Button
    t =     6.71s     Wait for com.xiaolongxu.zipharbor.app to idle
    t =     6.72s     Find the "saveDefaultDestinationButton" Button
    t =     6.73s         Requesting snapshot of accessibility hierarchy for app with pid 15170
    t =     6.83s         Find: Descendants matching type Button
    t =     6.83s         Find: Elements matching predicate '"saveDefaultDestinationButton" IN identifiers'
    t =     6.84s     Check for interrupting elements affecting "saveDefaultDestinationButton" Button
    t =     6.86s         Requesting snapshot of accessibility hierarchy for app with pid 15170
    t =     6.93s         Find: Descendants matching predicate identifier == "NotificationShortLookView" OR elementType == 7
    t =     6.94s     Synthesize event
    t =     7.23s     Wait for com.xiaolongxu.zipharbor.app to idle
    t =     7.63s Tap "defaultPreserveToggle" Button
    t =     7.63s     Wait for com.xiaolongxu.zipharbor.app to idle
    t =     7.65s     Find the "defaultPreserveToggle" Button
    t =     7.65s         Requesting snapshot of accessibility hierarchy for app with pid 15170
    t =     7.73s         Find: Descendants matching type Button
    t =     7.73s         Find: Elements matching predicate '"defaultPreserveToggle" IN identifiers'
    t =     7.73s     Check for interrupting elements affecting "defaultPreserveToggle" Button
    t =     7.76s         Requesting snapshot of accessibility hierarchy for app with pid 15170
    t =     7.81s         Find: Descendants matching predicate identifier == "NotificationShortLookView" OR elementType == 7
    t =     7.82s     Synthesize event
    t =     8.13s     Wait for com.xiaolongxu.zipharbor.app to idle
    t =     8.14s Tap "tab-Files" Button
    t =     8.14s     Wait for com.xiaolongxu.zipharbor.app to idle
    t =     8.15s     Find the "tab-Files" Button
    t =     8.16s         Requesting snapshot of accessibility hierarchy for app with pid 15170
    t =     8.24s         Find: Descendants matching type Button
    t =     8.24s         Find: Elements matching predicate '"tab-Files" IN identifiers'
    t =     8.24s     Check for interrupting elements affecting "tab-Files" Button
    t =     8.26s         Requesting snapshot of accessibility hierarchy for app with pid 15170
    t =     8.31s         Find: Descendants matching predicate identifier == "NotificationShortLookView" OR elementType == 7
    t =     8.32s     Synthesize event
    t =     8.62s     Wait for com.xiaolongxu.zipharbor.app to idle
    t =     8.64s Tap "file-课程资料_2026.zip" Button
    t =     8.64s     Wait for com.xiaolongxu.zipharbor.app to idle
    t =     8.65s     Find the "file-课程资料_2026.zip" Button
    t =     8.65s         Requesting snapshot of accessibility hierarchy for app with pid 15170
    t =     8.74s         Find: Descendants matching type Button
    t =     8.75s         Find: Elements matching predicate '"file-课程资料_2026.zip" IN identifiers'
    t =     8.75s     Check for interrupting elements affecting "file-课程资料_2026.zip" Button
    t =     8.78s         Requesting snapshot of accessibility hierarchy for app with pid 15170
    t =     8.84s         Find: Descendants matching predicate identifier == "NotificationShortLookView" OR elementType == 7
    t =     8.85s     Synthesize event
    t =     9.16s     Wait for com.xiaolongxu.zipharbor.app to idle
    t =     9.56s Waiting 10.0s for "extractToButton" Button to exist
    t =    10.58s     Checking `Expect predicate `existsNoRetry == 1` for object "extractToButton" Button`
    t =    10.58s         Checking existence of `"extractToButton" Button`
    t =    10.59s             Requesting snapshot of accessibility hierarchy for app with pid 15170
    t =    10.68s             Find: Descendants matching type Button
    t =    10.68s             Find: Elements matching predicate '"extractToButton" IN identifiers'
    t =    10.69s Tap "extractToButton" Button
    t =    10.69s     Wait for com.xiaolongxu.zipharbor.app to idle
    t =    10.70s     Find the "extractToButton" Button
    t =    10.70s         Requesting snapshot of accessibility hierarchy for app with pid 15170
    t =    10.76s         Find: Descendants matching type Button
    t =    10.76s         Find: Elements matching predicate '"extractToButton" IN identifiers'
    t =    10.76s     Check for interrupting elements affecting "extractToButton" Button
    t =    10.79s         Requesting snapshot of accessibility hierarchy for app with pid 15170
    t =    10.84s         Find: Descendants matching predicate identifier == "NotificationShortLookView" OR elementType == 7
    t =    10.84s     Synthesize event
    t =    11.15s     Wait for com.xiaolongxu.zipharbor.app to idle
    t =    11.57s Find the "Keep folder structure" Button
    t =    11.58s     Requesting snapshot of accessibility hierarchy for app with pid 15170
    t =    11.68s     Find: Descendants matching type Button
    t =    11.68s     Find: Elements matching predicate '"Keep folder structure" IN identifiers'
    t =    11.69s Find the Target Application 'com.xiaolongxu.zipharbor.app'
    t =    11.69s     Requesting snapshot of accessibility hierarchy for app with pid 15170
    t =    11.88s Added attachment named 'extraction-default-settings'
    t =    11.88s Tap "startExtractionButton" Button
    t =    11.88s     Wait for com.xiaolongxu.zipharbor.app to idle
    t =    11.88s     Find the "startExtractionButton" Button
    t =    11.89s         Requesting snapshot of accessibility hierarchy for app with pid 15170
    t =    11.97s         Find: Descendants matching type Button
    t =    11.97s         Find: Elements matching predicate '"startExtractionButton" IN identifiers'
    t =    11.97s     Check for interrupting elements affecting "startExtractionButton" Button
    t =    11.99s         Requesting snapshot of accessibility hierarchy for app with pid 15170
    t =    12.04s         Find: Descendants matching predicate identifier == "NotificationShortLookView" OR elementType == 7
    t =    12.05s     Synthesize event
    t =    12.35s     Wait for com.xiaolongxu.zipharbor.app to idle
    t =    13.37s Waiting 15.0s for "resultDoneButton" Button to exist
    t =    14.38s     Checking `Expect predicate `existsNoRetry == 1` for object "resultDoneButton" Button`
    t =    14.38s         Checking existence of `"resultDoneButton" Button`
    t =    14.39s             Requesting snapshot of accessibility hierarchy for app with pid 15170
    t =    14.48s             Find: Descendants matching type Button
    t =    14.49s             Find: Elements matching predicate '"resultDoneButton" IN identifiers'
    t =    14.49s Tap "openOutputButton" Button
    t =    14.49s     Wait for com.xiaolongxu.zipharbor.app to idle
    t =    14.50s     Find the "openOutputButton" Button
    t =    14.51s         Requesting snapshot of accessibility hierarchy for app with pid 15170
    t =    14.57s         Find: Descendants matching type Button
    t =    14.57s         Find: Elements matching predicate '"openOutputButton" IN identifiers'
    t =    14.58s     Check for interrupting elements affecting "openOutputButton" Button
    t =    14.60s         Requesting snapshot of accessibility hierarchy for app with pid 15170
    t =    14.65s         Find: Descendants matching predicate identifier == "NotificationShortLookView" OR elementType == 7
    t =    14.66s     Synthesize event
    t =    14.97s     Wait for com.xiaolongxu.zipharbor.app to idle
    t =    15.39s Waiting 5.0s for "README.txt" StaticText to exist
    t =    16.41s     Checking `Expect predicate `existsNoRetry == 1` for object "README.txt" StaticText`
    t =    16.41s         Checking existence of `"README.txt" StaticText`
    t =    16.42s             Requesting snapshot of accessibility hierarchy for app with pid 15170
    t =    16.52s             Find: Descendants matching type StaticText
    t =    16.52s             Find: Elements matching predicate '"README.txt" IN identifiers'
    t =    16.53s Checking existence of `"课程资料" StaticText`
    t =    16.53s     Requesting snapshot of accessibility hierarchy for app with pid 15170
    t =    16.60s     Find: Descendants matching type StaticText
    t =    16.60s     Find: Elements matching predicate '"课程资料" IN identifiers'
    t =    16.60s Tear Down
Test Case '-[ZipHarborUITests.ZipHarborUITests testDefaultDestinationAndPreserveSettingsAffectExtraction]' passed (16.644 seconds).
Test Case '-[ZipHarborUITests.ZipHarborUITests testEnglishAndDarkAppearance]' started.
    t =     0.00s Start Test at 2026-10-01 23:03:26.510
    t =     0.02s Set Up
    t =     0.03s Open com.xiaolongxu.zipharbor.app
    t =     0.03s     Launch com.xiaolongxu.zipharbor.app
    t =     0.03s         Terminate com.xiaolongxu.zipharbor.app:15170
2026-10-01 23:03:25.529 xcodebuild[65303:4140951] [MT] IDELaunchParametersSnapshot: debugger version lookup failed for path '<nil>': noURL
2026-10-01 23:03:25.529 xcodebuild[65303:4140951] [MT] IDELaunchParametersSnapshot: no debugger version
    t =     1.40s         Setting up automation session
    t =     1.71s         Wait for com.xiaolongxu.zipharbor.app to idle
    t =     2.91s Waiting 25.0s for "file-课程资料_2026.zip" Button to exist
    t =     3.93s     Checking `Expect predicate `existsNoRetry == 1` for object "file-课程资料_2026.zip" Button`
    t =     3.93s         Checking existence of `"file-课程资料_2026.zip" Button`
    t =     3.94s             Requesting snapshot of accessibility hierarchy for app with pid 15171
    t =     4.06s             Find: Descendants matching type Button
    t =     4.06s             Find: Elements matching predicate '"file-课程资料_2026.zip" IN identifiers'
    t =     4.07s Checking existence of `"Quick actions" StaticText`
    t =     4.07s     Requesting snapshot of accessibility hierarchy for app with pid 15171
    t =     4.13s     Find: Descendants matching type StaticText
    t =     4.13s     Find: Elements matching predicate '"Quick actions" IN identifiers'
    t =     4.14s Find the Target Application 'com.xiaolongxu.zipharbor.app'
    t =     4.14s     Requesting snapshot of accessibility hierarchy for app with pid 15171
    t =     4.32s Added attachment named 'home-en'
    t =     4.32s Tap "tab-Settings" Button
    t =     4.32s     Wait for com.xiaolongxu.zipharbor.app to idle
    t =     4.32s     Find the "tab-Settings" Button
    t =     4.32s         Requesting snapshot of accessibility hierarchy for app with pid 15171
    t =     4.40s         Find: Descendants matching type Button
    t =     4.40s         Find: Elements matching predicate '"tab-Settings" IN identifiers'
    t =     4.40s     Check for interrupting elements affecting "tab-Settings" Button
    t =     4.42s         Requesting snapshot of accessibility hierarchy for app with pid 15171
    t =     4.46s         Find: Descendants matching predicate identifier == "NotificationShortLookView" OR elementType == 7
    t =     4.47s     Synthesize event
    t =     4.77s     Wait for com.xiaolongxu.zipharbor.app to idle
    t =     4.79s Tap "darkModeToggle" Button
    t =     4.79s     Wait for com.xiaolongxu.zipharbor.app to idle
    t =     4.80s     Find the "darkModeToggle" Button
    t =     4.80s         Requesting snapshot of accessibility hierarchy for app with pid 15171
    t =     4.88s         Find: Descendants matching type Button
    t =     4.88s         Find: Elements matching predicate '"darkModeToggle" IN identifiers'
    t =     4.89s     Check for interrupting elements affecting "darkModeToggle" Button
    t =     4.91s         Requesting snapshot of accessibility hierarchy for app with pid 15171
    t =     4.96s         Find: Descendants matching predicate identifier == "NotificationShortLookView" OR elementType == 7
    t =     4.97s     Synthesize event
    t =     5.28s     Wait for com.xiaolongxu.zipharbor.app to idle
    t =     5.30s Find the Target Application 'com.xiaolongxu.zipharbor.app'
    t =     5.30s     Requesting snapshot of accessibility hierarchy for app with pid 15171
    t =     5.51s Added attachment named 'settings-dark-en'
    t =     5.51s Tap "tab-Files" Button
    t =     5.51s     Wait for com.xiaolongxu.zipharbor.app to idle
    t =     5.51s     Find the "tab-Files" Button
    t =     5.51s         Requesting snapshot of accessibility hierarchy for app with pid 15171
    t =     5.57s         Find: Descendants matching type Button
    t =     5.57s         Find: Elements matching predicate '"tab-Files" IN identifiers'
    t =     5.57s     Check for interrupting elements affecting "tab-Files" Button
    t =     5.58s         Requesting snapshot of accessibility hierarchy for app with pid 15171
    t =     5.62s         Find: Descendants matching predicate identifier == "NotificationShortLookView" OR elementType == 7
    t =     5.62s     Synthesize event
    t =     5.92s     Wait for com.xiaolongxu.zipharbor.app to idle
    t =     5.94s Find the Target Application 'com.xiaolongxu.zipharbor.app'
    t =     5.94s     Requesting snapshot of accessibility hierarchy for app with pid 15171
    t =     6.17s Added attachment named 'home-dark-en'
    t =     6.17s Checking existence of `"openArchiveButton" Button`
    t =     6.17s     Requesting snapshot of accessibility hierarchy for app with pid 15171
    t =     6.24s     Find: Descendants matching type Button
    t =     6.24s     Find: Elements matching predicate '"openArchiveButton" IN identifiers'
    t =     6.25s Tear Down
Test Case '-[ZipHarborUITests.ZipHarborUITests testEnglishAndDarkAppearance]' passed (6.256 seconds).
Test Case '-[ZipHarborUITests.ZipHarborUITests testFavoritesAndSelectedDirectoryExtraction]' started.
    t =     0.00s Start Test at 2026-10-01 23:03:32.767
    t =     0.02s Set Up
    t =     0.02s Open com.xiaolongxu.zipharbor.app
    t =     0.02s     Launch com.xiaolongxu.zipharbor.app
    t =     0.02s         Terminate com.xiaolongxu.zipharbor.app:15171
2026-10-01 23:03:31.760 xcodebuild[65303:4140951] [MT] IDELaunchParametersSnapshot: debugger version lookup failed for path '<nil>': noURL
2026-10-01 23:03:31.760 xcodebuild[65303:4140951] [MT] IDELaunchParametersSnapshot: no debugger version
    t =     1.36s         Setting up automation session
    t =     1.69s         Wait for com.xiaolongxu.zipharbor.app to idle
    t =     2.88s Waiting 25.0s for "file-课程资料_2026.zip" Button to exist
    t =     3.90s     Checking `Expect predicate `existsNoRetry == 1` for object "file-课程资料_2026.zip" Button`
    t =     3.90s         Checking existence of `"file-课程资料_2026.zip" Button`
    t =     3.91s             Requesting snapshot of accessibility hierarchy for app with pid 15172
    t =     4.02s             Find: Descendants matching type Button
    t =     4.02s             Find: Elements matching predicate '"file-课程资料_2026.zip" IN identifiers'
    t =     4.03s Tap "file-课程资料_2026.zip" Button
    t =     4.03s     Wait for com.xiaolongxu.zipharbor.app to idle
    t =     4.04s     Find the "file-课程资料_2026.zip" Button
    t =     4.04s         Requesting snapshot of accessibility hierarchy for app with pid 15172
    t =     4.10s         Find: Descendants matching type Button
    t =     4.10s         Find: Elements matching predicate '"file-课程资料_2026.zip" IN identifiers'
    t =     4.10s     Check for interrupting elements affecting "file-课程资料_2026.zip" Button
    t =     4.13s         Requesting snapshot of accessibility hierarchy for app with pid 15172
    t =     4.18s         Find: Descendants matching predicate identifier == "NotificationShortLookView" OR elementType == 7
    t =     4.18s     Synthesize event
    t =     4.49s     Wait for com.xiaolongxu.zipharbor.app to idle
    t =     4.88s Waiting 10.0s for "entry-课程资料" Button to exist
    t =     5.89s     Checking `Expect predicate `existsNoRetry == 1` for object "entry-课程资料" Button`
    t =     5.89s         Checking existence of `"entry-课程资料" Button`
    t =     5.90s             Requesting snapshot of accessibility hierarchy for app with pid 15172
    t =     5.98s             Find: Descendants matching type Button
    t =     5.99s             Find: Elements matching predicate '"entry-课程资料" IN identifiers'
    t =     5.99s Tap "Add favorite" Button
    t =     5.99s     Wait for com.xiaolongxu.zipharbor.app to idle
    t =     6.00s     Find the "Add favorite" Button
    t =     6.00s         Requesting snapshot of accessibility hierarchy for app with pid 15172
    t =     6.06s         Find: Descendants matching type Button
    t =     6.06s         Find: Elements matching predicate '"Add favorite" IN identifiers'
    t =     6.06s     Check for interrupting elements affecting "Add favorite" Button
    t =     6.09s         Requesting snapshot of accessibility hierarchy for app with pid 15172
    t =     6.13s         Find: Descendants matching predicate identifier == "NotificationShortLookView" OR elementType == 7
    t =     6.14s     Synthesize event
    t =     6.45s     Wait for com.xiaolongxu.zipharbor.app to idle
    t =     6.46s Tap "select-课程资料" Button
    t =     6.47s     Wait for com.xiaolongxu.zipharbor.app to idle
    t =     6.48s     Find the "select-课程资料" Button
    t =     6.48s         Requesting snapshot of accessibility hierarchy for app with pid 15172
    t =     6.54s         Find: Descendants matching type Button
    t =     6.55s         Find: Elements matching predicate '"select-课程资料" IN identifiers'
    t =     6.55s     Check for interrupting elements affecting "select-课程资料" Button
    t =     6.57s         Requesting snapshot of accessibility hierarchy for app with pid 15172
    t =     6.62s         Find: Descendants matching predicate identifier == "NotificationShortLookView" OR elementType == 7
    t =     6.63s     Synthesize event
    t =     6.94s     Wait for com.xiaolongxu.zipharbor.app to idle
    t =     6.95s Tap "extractSelectedButton" Button
    t =     6.95s     Wait for com.xiaolongxu.zipharbor.app to idle
    t =     6.96s     Find the "extractSelectedButton" Button
    t =     6.96s         Requesting snapshot of accessibility hierarchy for app with pid 15172
    t =     7.03s         Find: Descendants matching type Button
    t =     7.03s         Find: Elements matching predicate '"extractSelectedButton" IN identifiers'
    t =     7.04s     Check for interrupting elements affecting "extractSelectedButton" Button
    t =     7.06s         Requesting snapshot of accessibility hierarchy for app with pid 15172
    t =     7.11s         Find: Descendants matching predicate identifier == "NotificationShortLookView" OR elementType == 7
    t =     7.12s     Synthesize event
    t =     7.43s     Wait for com.xiaolongxu.zipharbor.app to idle
    t =     7.83s Tap "startExtractionButton" Button
    t =     7.84s     Wait for com.xiaolongxu.zipharbor.app to idle
    t =     7.85s     Find the "startExtractionButton" Button
    t =     7.85s         Requesting snapshot of accessibility hierarchy for app with pid 15172
    t =     7.96s         Find: Descendants matching type Button
    t =     7.96s         Find: Elements matching predicate '"startExtractionButton" IN identifiers'
    t =     7.97s     Check for interrupting elements affecting "startExtractionButton" Button
    t =     7.99s         Requesting snapshot of accessibility hierarchy for app with pid 15172
    t =     8.07s         Find: Descendants matching predicate identifier == "NotificationShortLookView" OR elementType == 7
    t =     8.07s     Synthesize event
    t =     8.37s     Wait for com.xiaolongxu.zipharbor.app to idle
    t =     9.38s Waiting 20.0s for "resultDoneButton" Button to exist
    t =    10.41s     Checking `Expect predicate `existsNoRetry == 1` for object "resultDoneButton" Button`
    t =    10.41s         Checking existence of `"resultDoneButton" Button`
    t =    10.42s             Requesting snapshot of accessibility hierarchy for app with pid 15172
    t =    10.51s             Find: Descendants matching type Button
    t =    10.51s             Find: Elements matching predicate '"resultDoneButton" IN identifiers'
    t =    10.52s Tap "openOutputButton" Button
    t =    10.52s     Wait for com.xiaolongxu.zipharbor.app to idle
    t =    10.52s     Find the "openOutputButton" Button
    t =    10.53s         Requesting snapshot of accessibility hierarchy for app with pid 15172
    t =    10.59s         Find: Descendants matching type Button
    t =    10.60s         Find: Elements matching predicate '"openOutputButton" IN identifiers'
    t =    10.60s     Check for interrupting elements affecting "openOutputButton" Button
    t =    10.62s         Requesting snapshot of accessibility hierarchy for app with pid 15172
    t =    10.68s         Find: Descendants matching predicate identifier == "NotificationShortLookView" OR elementType == 7
    t =    10.69s     Synthesize event
    t =    10.99s     Wait for com.xiaolongxu.zipharbor.app to idle
    t =    11.40s Waiting 5.0s for "课程资料" StaticText to exist
    t =    12.41s     Checking `Expect predicate `existsNoRetry == 1` for object "课程资料" StaticText`
    t =    12.41s         Checking existence of `"课程资料" StaticText`
    t =    12.42s             Requesting snapshot of accessibility hierarchy for app with pid 15172
    t =    12.51s             Find: Descendants matching type StaticText
    t =    12.51s             Find: Elements matching predicate '"课程资料" IN identifiers'
    t =    12.52s Checking existence of `"课堂笔记.txt" StaticText`
    t =    12.53s     Requesting snapshot of accessibility hierarchy for app with pid 15172
    t =    12.59s     Find: Descendants matching type StaticText
    t =    12.60s     Find: Elements matching predicate '"课堂笔记.txt" IN identifiers'
    t =    12.60s Find the Target Application 'com.xiaolongxu.zipharbor.app'
    t =    12.60s     Requesting snapshot of accessibility hierarchy for app with pid 15172
    t =    12.77s Added attachment named 'selected-directory-output'
    t =    12.77s Tap "folderDoneButton" Button
    t =    12.77s     Wait for com.xiaolongxu.zipharbor.app to idle
    t =    12.78s     Find the "folderDoneButton" Button
    t =    12.78s         Requesting snapshot of accessibility hierarchy for app with pid 15172
    t =    12.85s         Find: Descendants matching type Button
    t =    12.85s         Find: Elements matching predicate '"folderDoneButton" IN identifiers'
    t =    12.85s     Check for interrupting elements affecting "folderDoneButton" Button
    t =    12.87s         Requesting snapshot of accessibility hierarchy for app with pid 15172
    t =    12.91s         Find: Descendants matching predicate identifier == "NotificationShortLookView" OR elementType == 7
    t =    12.92s     Synthesize event
    t =    13.22s     Wait for com.xiaolongxu.zipharbor.app to idle
    t =    13.61s Tap "resultDoneButton" Button
    t =    13.61s     Wait for com.xiaolongxu.zipharbor.app to idle
    t =    13.62s     Find the "resultDoneButton" Button
    t =    13.63s         Requesting snapshot of accessibility hierarchy for app with pid 15172
    t =    13.70s         Find: Descendants matching type Button
    t =    13.71s         Find: Elements matching predicate '"resultDoneButton" IN identifiers'
    t =    13.71s     Check for interrupting elements affecting "resultDoneButton" Button
    t =    13.74s         Requesting snapshot of accessibility hierarchy for app with pid 15172
    t =    13.80s         Find: Descendants matching predicate identifier == "NotificationShortLookView" OR elementType == 7
    t =    13.80s     Synthesize event
    t =    14.10s     Wait for com.xiaolongxu.zipharbor.app to idle
    t =    14.50s Tap "tab-Files" Button
    t =    14.50s     Wait for com.xiaolongxu.zipharbor.app to idle
    t =    14.51s     Find the "tab-Files" Button
    t =    14.52s         Requesting snapshot of accessibility hierarchy for app with pid 15172
    t =    14.57s         Find: Descendants matching type Button
    t =    14.58s         Find: Elements matching predicate '"tab-Files" IN identifiers'
    t =    14.58s     Check for interrupting elements affecting "tab-Files" Button
    t =    14.61s         Requesting snapshot of accessibility hierarchy for app with pid 15172
    t =    14.65s         Find: Descendants matching predicate identifier == "NotificationShortLookView" OR elementType == 7
    t =    14.66s     Synthesize event
    t =    14.98s     Wait for com.xiaolongxu.zipharbor.app to idle
    t =    15.00s Swipe up Target Application 'com.xiaolongxu.zipharbor.app'
    t =    15.00s     Wait for com.xiaolongxu.zipharbor.app to idle
    t =    15.01s     Find the Target Application 'com.xiaolongxu.zipharbor.app'
    t =    15.01s         Requesting snapshot of accessibility hierarchy for app with pid 15172
    t =    15.11s     Check for interrupting elements affecting "ZipHarbor" Application
    t =    15.13s         Requesting snapshot of accessibility hierarchy for app with pid 15172
    t =    15.20s         Find: Descendants matching predicate identifier == "NotificationShortLookView" OR elementType == 7
    t =    15.21s     Synthesize event
    t =    15.65s     Wait for com.xiaolongxu.zipharbor.app to idle
    t =    16.14s Tap "location-Favorites" Button
    t =    16.14s     Wait for com.xiaolongxu.zipharbor.app to idle
    t =    16.15s     Find the "location-Favorites" Button
    t =    16.16s         Requesting snapshot of accessibility hierarchy for app with pid 15172
    t =    16.26s         Find: Descendants matching type Button
    t =    16.27s         Find: Elements matching predicate '"location-Favorites" IN identifiers'
    t =    16.27s     Check for interrupting elements affecting "location-Favorites" Button
    t =    16.30s         Requesting snapshot of accessibility hierarchy for app with pid 15172
    t =    16.36s         Find: Descendants matching predicate identifier == "NotificationShortLookView" OR elementType == 7
    t =    16.37s     Synthesize event
    t =    16.69s     Wait for com.xiaolongxu.zipharbor.app to idle
    t =    17.09s Waiting 5.0s for "file-课程资料_2026.zip" Button to exist
    t =    18.11s     Checking `Expect predicate `existsNoRetry == 1` for object "file-课程资料_2026.zip" Button`
    t =    18.11s         Checking existence of `"file-课程资料_2026.zip" Button`
    t =    18.12s             Requesting snapshot of accessibility hierarchy for app with pid 15172
    t =    18.24s             Find: Descendants matching type Button
    t =    18.24s             Find: Elements matching predicate '"file-课程资料_2026.zip" IN identifiers'
    t =    18.25s Find the Target Application 'com.xiaolongxu.zipharbor.app'
    t =    18.25s     Requesting snapshot of accessibility hierarchy for app with pid 15172
    t =    18.45s Added attachment named 'favorites'
    t =    18.45s Tear Down
Test Case '-[ZipHarborUITests.ZipHarborUITests testFavoritesAndSelectedDirectoryExtraction]' passed (18.498 seconds).
Test Case '-[ZipHarborUITests.ZipHarborUITests testPasswordAutomaticallyContinuesAndDoneDismisses]' started.
    t =     0.00s Start Test at 2026-10-01 23:03:51.265
    t =     0.01s Set Up
    t =     0.01s Open com.xiaolongxu.zipharbor.app
    t =     0.02s     Launch com.xiaolongxu.zipharbor.app
    t =     0.02s         Terminate com.xiaolongxu.zipharbor.app:15172
2026-10-01 23:03:50.232 xcodebuild[65303:4140951] [MT] IDELaunchParametersSnapshot: debugger version lookup failed for path '<nil>': noURL
2026-10-01 23:03:50.232 xcodebuild[65303:4140951] [MT] IDELaunchParametersSnapshot: no debugger version
    t =     1.32s         Setting up automation session
    t =     1.64s         Wait for com.xiaolongxu.zipharbor.app to idle
    t =     2.93s Waiting 25.0s for "file-课程资料_2026.zip" Button to exist
    t =     3.95s     Checking `Expect predicate `existsNoRetry == 1` for object "file-课程资料_2026.zip" Button`
    t =     3.96s         Checking existence of `"file-课程资料_2026.zip" Button`
    t =     3.96s             Requesting snapshot of accessibility hierarchy for app with pid 15174
    t =     4.08s             Find: Descendants matching type Button
    t =     4.08s             Find: Elements matching predicate '"file-课程资料_2026.zip" IN identifiers'
    t =     4.09s Find the Target Application 'com.xiaolongxu.zipharbor.app'
    t =     4.09s     Requesting snapshot of accessibility hierarchy for app with pid 15174
    t =     4.28s Added attachment named 'home-zh'
    t =     4.29s Tap "file-0903.zip" Button
    t =     4.29s     Wait for com.xiaolongxu.zipharbor.app to idle
    t =     4.29s     Find the "file-0903.zip" Button
    t =     4.29s         Requesting snapshot of accessibility hierarchy for app with pid 15174
    t =     4.37s         Find: Descendants matching type Button
    t =     4.37s         Find: Elements matching predicate '"file-0903.zip" IN identifiers'
    t =     4.37s     Check for interrupting elements affecting "file-0903.zip" Button
    t =     4.39s         Requesting snapshot of accessibility hierarchy for app with pid 15174
    t =     4.43s         Find: Descendants matching predicate identifier == "NotificationShortLookView" OR elementType == 7
    t =     4.44s     Synthesize event
    t =     4.75s     Wait for com.xiaolongxu.zipharbor.app to idle
    t =     5.15s Waiting 10.0s for "extractToButton" Button to exist
    t =     6.16s     Checking `Expect predicate `existsNoRetry == 1` for object "extractToButton" Button`
    t =     6.16s         Checking existence of `"extractToButton" Button`
    t =     6.17s             Requesting snapshot of accessibility hierarchy for app with pid 15174
    t =     6.26s             Find: Descendants matching type Button
    t =     6.26s             Find: Elements matching predicate '"extractToButton" IN identifiers'
    t =     6.27s Tap "extractToButton" Button
    t =     6.27s     Wait for com.xiaolongxu.zipharbor.app to idle
    t =     6.28s     Find the "extractToButton" Button
    t =     6.28s         Requesting snapshot of accessibility hierarchy for app with pid 15174
    t =     6.33s         Find: Descendants matching type Button
    t =     6.33s         Find: Elements matching predicate '"extractToButton" IN identifiers'
    t =     6.34s     Check for interrupting elements affecting "extractToButton" Button
    t =     6.36s         Requesting snapshot of accessibility hierarchy for app with pid 15174
    t =     6.41s         Find: Descendants matching predicate identifier == "NotificationShortLookView" OR elementType == 7
    t =     6.42s     Synthesize event
    t =     6.73s     Wait for com.xiaolongxu.zipharbor.app to idle
    t =     7.16s Waiting 5.0s for "startExtractionButton" Button to exist
    t =     8.18s     Checking `Expect predicate `existsNoRetry == 1` for object "startExtractionButton" Button`
    t =     8.18s         Checking existence of `"startExtractionButton" Button`
    t =     8.19s             Requesting snapshot of accessibility hierarchy for app with pid 15174
    t =     8.31s             Find: Descendants matching type Button
    t =     8.31s             Find: Elements matching predicate '"startExtractionButton" IN identifiers'
    t =     8.32s Find the Target Application 'com.xiaolongxu.zipharbor.app'
    t =     8.32s     Requesting snapshot of accessibility hierarchy for app with pid 15174
    t =     8.51s Added attachment named 'extraction-destination'
    t =     8.51s Tap "startExtractionButton" Button
    t =     8.51s     Wait for com.xiaolongxu.zipharbor.app to idle
    t =     8.51s     Find the "startExtractionButton" Button
    t =     8.52s         Requesting snapshot of accessibility hierarchy for app with pid 15174
    t =     8.60s         Find: Descendants matching type Button
    t =     8.60s         Find: Elements matching predicate '"startExtractionButton" IN identifiers'
    t =     8.60s     Check for interrupting elements affecting "startExtractionButton" Button
    t =     8.62s         Requesting snapshot of accessibility hierarchy for app with pid 15174
    t =     8.67s         Find: Descendants matching predicate identifier == "NotificationShortLookView" OR elementType == 7
    t =     8.67s     Synthesize event
    t =     8.97s     Wait for com.xiaolongxu.zipharbor.app to idle
    t =     9.97s Waiting 15.0s for "taskPasswordField" SecureTextField to exist
    t =    10.98s     Checking `Expect predicate `existsNoRetry == 1` for object "taskPasswordField" SecureTextField`
    t =    10.98s         Checking existence of `"taskPasswordField" SecureTextField`
    t =    10.99s             Requesting snapshot of accessibility hierarchy for app with pid 15174
    t =    11.08s             Find: Descendants matching type SecureTextField
    t =    11.09s             Find: Elements matching predicate '"taskPasswordField" IN identifiers'
    t =    11.09s Tap "taskPasswordField" SecureTextField
    t =    11.09s     Wait for com.xiaolongxu.zipharbor.app to idle
    t =    11.10s     Find the "taskPasswordField" SecureTextField
    t =    11.10s         Requesting snapshot of accessibility hierarchy for app with pid 15174
    t =    11.17s         Find: Descendants matching type SecureTextField
    t =    11.17s         Find: Elements matching predicate '"taskPasswordField" IN identifiers'
    t =    11.17s     Check for interrupting elements affecting "taskPasswordField" SecureTextField
    t =    11.20s         Requesting snapshot of accessibility hierarchy for app with pid 15174
    t =    11.25s         Find: Descendants matching predicate identifier == "NotificationShortLookView" OR elementType == 7
    t =    11.26s     Synthesize event
    t =    11.56s     Wait for com.xiaolongxu.zipharbor.app to idle
    t =    12.51s Type '<redacted>' into "taskPasswordField" SecureTextField
    t =    12.52s     Wait for com.xiaolongxu.zipharbor.app to idle
    t =    12.53s     Find the "taskPasswordField" SecureTextField
    t =    12.53s         Requesting snapshot of accessibility hierarchy for app with pid 15174
    t =    12.65s         Find: Descendants matching type SecureTextField
    t =    12.65s         Find: Elements matching predicate '"taskPasswordField" IN identifiers'
    t =    12.65s     Check for interrupting elements affecting "taskPasswordField" SecureTextField
    t =    12.67s         Requesting snapshot of accessibility hierarchy for app with pid 15174
    t =    12.75s         Find: Descendants matching predicate identifier == "NotificationShortLookView" OR elementType == 7
    t =    12.75s     Synthesize event
    t =    13.05s     Wait for com.xiaolongxu.zipharbor.app to idle
    t =    13.06s Tap "unlockAndContinueButton" Button
    t =    13.06s     Wait for com.xiaolongxu.zipharbor.app to idle
    t =    13.07s     Find the "unlockAndContinueButton" Button
    t =    13.08s         Requesting snapshot of accessibility hierarchy for app with pid 15174
    t =    13.19s         Find: Descendants matching type Button
    t =    13.19s         Find: Elements matching predicate '"unlockAndContinueButton" IN identifiers'
    t =    13.20s     Check for interrupting elements affecting "unlockAndContinueButton" Button
    t =    13.22s         Requesting snapshot of accessibility hierarchy for app with pid 15174
    t =    13.31s         Find: Descendants matching predicate identifier == "NotificationShortLookView" OR elementType == 7
    t =    13.32s     Synthesize event
    t =    13.63s     Wait for com.xiaolongxu.zipharbor.app to idle
    t =    14.09s Waiting 20.0s for "resultDoneButton" Button to exist
    t =    15.12s     Checking `Expect predicate `existsNoRetry == 1` for object "resultDoneButton" Button`
    t =    15.12s         Checking existence of `"resultDoneButton" Button`
    t =    15.13s             Requesting snapshot of accessibility hierarchy for app with pid 15174
    t =    15.23s             Find: Descendants matching type Button
    t =    15.23s             Find: Elements matching predicate '"resultDoneButton" IN identifiers'
    t =    15.24s Find the Target Application 'com.xiaolongxu.zipharbor.app'
    t =    15.24s     Requesting snapshot of accessibility hierarchy for app with pid 15174
    t =    15.42s Added attachment named 'extraction-result'
    t =    15.42s Tap "openOutputButton" Button
    t =    15.42s     Wait for com.xiaolongxu.zipharbor.app to idle
    t =    15.43s     Find the "openOutputButton" Button
    t =    15.43s         Requesting snapshot of accessibility hierarchy for app with pid 15174
    t =    15.49s         Find: Descendants matching type Button
    t =    15.49s         Find: Elements matching predicate '"openOutputButton" IN identifiers'
    t =    15.49s     Check for interrupting elements affecting "openOutputButton" Button
    t =    15.51s         Requesting snapshot of accessibility hierarchy for app with pid 15174
    t =    15.55s         Find: Descendants matching predicate identifier == "NotificationShortLookView" OR elementType == 7
    t =    15.55s     Synthesize event
    t =    15.85s     Wait for com.xiaolongxu.zipharbor.app to idle
    t =    16.26s Waiting 5.0s for "课堂笔记.txt" StaticText to exist
    t =    17.29s     Checking `Expect predicate `existsNoRetry == 1` for object "课堂笔记.txt" StaticText`
    t =    17.29s         Checking existence of `"课堂笔记.txt" StaticText`
    t =    17.30s             Requesting snapshot of accessibility hierarchy for app with pid 15174
    t =    17.39s             Find: Descendants matching type StaticText
    t =    17.40s             Find: Elements matching predicate '"课堂笔记.txt" IN identifiers'
    t =    17.40s Find the Target Application 'com.xiaolongxu.zipharbor.app'
    t =    17.40s     Requesting snapshot of accessibility hierarchy for app with pid 15174
    t =    17.59s Added attachment named 'output-folder'
    t =    17.59s Tap "folderDoneButton" Button
    t =    17.59s     Wait for com.xiaolongxu.zipharbor.app to idle
    t =    17.59s     Find the "folderDoneButton" Button
    t =    17.59s         Requesting snapshot of accessibility hierarchy for app with pid 15174
    t =    17.66s         Find: Descendants matching type Button
    t =    17.66s         Find: Elements matching predicate '"folderDoneButton" IN identifiers'
    t =    17.67s     Check for interrupting elements affecting "folderDoneButton" Button
    t =    17.68s         Requesting snapshot of accessibility hierarchy for app with pid 15174
    t =    17.72s         Find: Descendants matching predicate identifier == "NotificationShortLookView" OR elementType == 7
    t =    17.73s     Synthesize event
    t =    18.03s     Wait for com.xiaolongxu.zipharbor.app to idle
    t =    18.41s Tap "resultDoneButton" Button
    t =    18.41s     Wait for com.xiaolongxu.zipharbor.app to idle
    t =    18.42s     Find the "resultDoneButton" Button
    t =    18.43s         Requesting snapshot of accessibility hierarchy for app with pid 15174
    t =    18.50s         Find: Descendants matching type Button
    t =    18.51s         Find: Elements matching predicate '"resultDoneButton" IN identifiers'
    t =    18.51s     Check for interrupting elements affecting "resultDoneButton" Button
    t =    18.53s         Requesting snapshot of accessibility hierarchy for app with pid 15174
    t =    18.59s         Find: Descendants matching predicate identifier == "NotificationShortLookView" OR elementType == 7
    t =    18.60s     Synthesize event
    t =    18.91s     Wait for com.xiaolongxu.zipharbor.app to idle
    t =    19.30s Waiting 5.0s for "tab-Tasks" Button to exist
    t =    20.31s     Checking `Expect predicate `existsNoRetry == 1` for object "tab-Tasks" Button`
    t =    20.32s         Checking existence of `"tab-Tasks" Button`
    t =    20.32s             Requesting snapshot of accessibility hierarchy for app with pid 15174
    t =    20.38s             Find: Descendants matching type Button
    t =    20.39s             Find: Elements matching predicate '"tab-Tasks" IN identifiers'
    t =    20.39s Checking existence of `"resultDoneButton" Button`
    t =    20.40s     Requesting snapshot of accessibility hierarchy for app with pid 15174
    t =    20.45s     Find: Descendants matching type Button
    t =    20.45s     Find: Elements matching predicate '"resultDoneButton" IN identifiers'
    t =    20.45s Tap "taskFilter-Completed" Button
    t =    20.45s     Wait for com.xiaolongxu.zipharbor.app to idle
    t =    20.46s     Find the "taskFilter-Completed" Button
    t =    20.47s         Requesting snapshot of accessibility hierarchy for app with pid 15174
    t =    20.51s         Find: Descendants matching type Button
    t =    20.51s         Find: Elements matching predicate '"taskFilter-Completed" IN identifiers'
    t =    20.52s     Check for interrupting elements affecting "taskFilter-Completed" Button
    t =    20.54s         Requesting snapshot of accessibility hierarchy for app with pid 15174
    t =    20.58s         Find: Descendants matching predicate identifier == "NotificationShortLookView" OR elementType == 7
    t =    20.59s     Synthesize event
    t =    20.89s     Wait for com.xiaolongxu.zipharbor.app to idle
    t =    20.91s Checking existence of `"result-0903" Button`
    t =    20.91s     Requesting snapshot of accessibility hierarchy for app with pid 15174
    t =    20.97s     Find: Descendants matching type Button
    t =    20.97s     Find: Elements matching predicate '"result-0903" IN identifiers'
    t =    20.97s Tear Down
Test Case '-[ZipHarborUITests.ZipHarborUITests testPasswordAutomaticallyContinuesAndDoneDismisses]' passed (21.046 seconds).
Test Case '-[ZipHarborUITests.ZipHarborUITests testPasswordCancelAndClearHistoryKeepFiles]' started.
    t =     0.00s Start Test at 2026-10-01 23:04:12.313
    t =     0.03s Set Up
    t =     0.03s Open com.xiaolongxu.zipharbor.app
    t =     0.03s     Launch com.xiaolongxu.zipharbor.app
    t =     0.03s         Terminate com.xiaolongxu.zipharbor.app:15174
2026-10-01 23:04:11.338 xcodebuild[65303:4140951] [MT] IDELaunchParametersSnapshot: debugger version lookup failed for path '<nil>': noURL
2026-10-01 23:04:11.338 xcodebuild[65303:4140951] [MT] IDELaunchParametersSnapshot: no debugger version
    t =     1.38s         Setting up automation session
    t =     1.70s         Wait for com.xiaolongxu.zipharbor.app to idle
    t =     2.96s Waiting 25.0s for "file-课程资料_2026.zip" Button to exist
    t =     3.96s     Checking `Expect predicate `existsNoRetry == 1` for object "file-课程资料_2026.zip" Button`
    t =     3.96s         Checking existence of `"file-课程资料_2026.zip" Button`
    t =     3.97s             Requesting snapshot of accessibility hierarchy for app with pid 15175
    t =     4.09s             Find: Descendants matching type Button
    t =     4.09s             Find: Elements matching predicate '"file-课程资料_2026.zip" IN identifiers'
    t =     4.10s Tap "file-0903.zip" Button
    t =     4.10s     Wait for com.xiaolongxu.zipharbor.app to idle
    t =     4.10s     Find the "file-0903.zip" Button
    t =     4.11s         Requesting snapshot of accessibility hierarchy for app with pid 15175
    t =     4.17s         Find: Descendants matching type Button
    t =     4.17s         Find: Elements matching predicate '"file-0903.zip" IN identifiers'
    t =     4.18s     Check for interrupting elements affecting "file-0903.zip" Button
    t =     4.20s         Requesting snapshot of accessibility hierarchy for app with pid 15175
    t =     4.25s         Find: Descendants matching predicate identifier == "NotificationShortLookView" OR elementType == 7
    t =     4.26s     Synthesize event
    t =     4.56s     Wait for com.xiaolongxu.zipharbor.app to idle
    t =     4.97s Waiting 10.0s for "extractToButton" Button to exist
    t =     5.98s     Checking `Expect predicate `existsNoRetry == 1` for object "extractToButton" Button`
    t =     5.98s         Checking existence of `"extractToButton" Button`
    t =     5.99s             Requesting snapshot of accessibility hierarchy for app with pid 15175
    t =     6.06s             Find: Descendants matching type Button
    t =     6.06s             Find: Elements matching predicate '"extractToButton" IN identifiers'
    t =     6.07s Tap "extractToButton" Button
    t =     6.07s     Wait for com.xiaolongxu.zipharbor.app to idle
    t =     6.08s     Find the "extractToButton" Button
    t =     6.09s         Requesting snapshot of accessibility hierarchy for app with pid 15175
    t =     6.13s         Find: Descendants matching type Button
    t =     6.14s         Find: Elements matching predicate '"extractToButton" IN identifiers'
    t =     6.14s     Check for interrupting elements affecting "extractToButton" Button
    t =     6.16s         Requesting snapshot of accessibility hierarchy for app with pid 15175
    t =     6.20s         Find: Descendants matching predicate identifier == "NotificationShortLookView" OR elementType == 7
    t =     6.20s     Synthesize event
    t =     6.52s     Wait for com.xiaolongxu.zipharbor.app to idle
    t =     6.95s Waiting 5.0s for "startExtractionButton" Button to exist
    t =     7.96s     Checking `Expect predicate `existsNoRetry == 1` for object "startExtractionButton" Button`
    t =     7.96s         Checking existence of `"startExtractionButton" Button`
    t =     7.97s             Requesting snapshot of accessibility hierarchy for app with pid 15175
    t =     8.08s             Find: Descendants matching type Button
    t =     8.08s             Find: Elements matching predicate '"startExtractionButton" IN identifiers'
    t =     8.09s Find the Target Application 'com.xiaolongxu.zipharbor.app'
    t =     8.09s     Requesting snapshot of accessibility hierarchy for app with pid 15175
    t =     8.26s Added attachment named 'extraction-destination'
    t =     8.26s Tap "startExtractionButton" Button
    t =     8.26s     Wait for com.xiaolongxu.zipharbor.app to idle
    t =     8.26s     Find the "startExtractionButton" Button
    t =     8.26s         Requesting snapshot of accessibility hierarchy for app with pid 15175
    t =     8.34s         Find: Descendants matching type Button
    t =     8.34s         Find: Elements matching predicate '"startExtractionButton" IN identifiers'
    t =     8.34s     Check for interrupting elements affecting "startExtractionButton" Button
    t =     8.36s         Requesting snapshot of accessibility hierarchy for app with pid 15175
    t =     8.42s         Find: Descendants matching predicate identifier == "NotificationShortLookView" OR elementType == 7
    t =     8.42s     Synthesize event
    t =     8.72s     Wait for com.xiaolongxu.zipharbor.app to idle
    t =     9.72s Waiting 15.0s for "taskPasswordField" SecureTextField to exist
    t =    10.74s     Checking `Expect predicate `existsNoRetry == 1` for object "taskPasswordField" SecureTextField`
    t =    10.74s         Checking existence of `"taskPasswordField" SecureTextField`
    t =    10.75s             Requesting snapshot of accessibility hierarchy for app with pid 15175
    t =    10.84s             Find: Descendants matching type SecureTextField
    t =    10.84s             Find: Elements matching predicate '"taskPasswordField" IN identifiers'
    t =    10.85s Tap "sheetDoneButton" Button
    t =    10.85s     Wait for com.xiaolongxu.zipharbor.app to idle
    t =    10.85s     Find the "sheetDoneButton" Button
    t =    10.86s         Requesting snapshot of accessibility hierarchy for app with pid 15175
    t =    10.92s         Find: Descendants matching type Button
    t =    10.92s         Find: Elements matching predicate '"sheetDoneButton" IN identifiers'
    t =    10.92s     Check for interrupting elements affecting "sheetDoneButton" Button
    t =    10.95s         Requesting snapshot of accessibility hierarchy for app with pid 15175
    t =    11.00s         Find: Descendants matching predicate identifier == "NotificationShortLookView" OR elementType == 7
    t =    11.00s     Synthesize event
    t =    11.31s     Wait for com.xiaolongxu.zipharbor.app to idle
    t =    11.73s Waiting 5.0s for "tab-Settings" Button to exist
    t =    12.75s     Checking `Expect predicate `existsNoRetry == 1` for object "tab-Settings" Button`
    t =    12.75s         Checking existence of `"tab-Settings" Button`
    t =    12.76s             Requesting snapshot of accessibility hierarchy for app with pid 15175
    t =    12.82s             Find: Descendants matching type Button
    t =    12.82s             Find: Elements matching predicate '"tab-Settings" IN identifiers'
    t =    12.83s Tap "tab-Settings" Button
    t =    12.83s     Wait for com.xiaolongxu.zipharbor.app to idle
    t =    12.84s     Find the "tab-Settings" Button
    t =    12.84s         Requesting snapshot of accessibility hierarchy for app with pid 15175
    t =    12.89s         Find: Descendants matching type Button
    t =    12.89s         Find: Elements matching predicate '"tab-Settings" IN identifiers'
    t =    12.89s     Check for interrupting elements affecting "tab-Settings" Button
    t =    12.91s         Requesting snapshot of accessibility hierarchy for app with pid 15175
    t =    12.95s         Find: Descendants matching predicate identifier == "NotificationShortLookView" OR elementType == 7
    t =    12.96s     Synthesize event
    t =    13.27s     Wait for com.xiaolongxu.zipharbor.app to idle
    t =    13.29s Find the Target Application 'com.xiaolongxu.zipharbor.app'
    t =    13.30s     Requesting snapshot of accessibility hierarchy for app with pid 15175
    t =    13.48s Added attachment named 'settings-zh'
    t =    13.48s Tap "clearHistoryButton" Button
    t =    13.48s     Wait for com.xiaolongxu.zipharbor.app to idle
    t =    13.49s     Find the "clearHistoryButton" Button
    t =    13.49s         Requesting snapshot of accessibility hierarchy for app with pid 15175
    t =    13.55s         Find: Descendants matching type Button
    t =    13.55s         Find: Elements matching predicate '"clearHistoryButton" IN identifiers'
    t =    13.55s     Check for interrupting elements affecting "clearHistoryButton" Button
    t =    13.56s         Requesting snapshot of accessibility hierarchy for app with pid 15175
    t =    13.59s         Find: Descendants matching predicate identifier == "NotificationShortLookView" OR elementType == 7
    t =    13.59s     Synthesize event
    t =    13.89s     Wait for com.xiaolongxu.zipharbor.app to idle
    t =    14.36s Get all elements bound by index for: Elements matching predicate '"清除最近记录" IN identifiers'
    t =    14.37s     Requesting snapshot of accessibility hierarchy for app with pid 15175
    t =    14.46s     Find: Descendants matching type Button
    t =    14.47s     Find: Elements matching predicate '"清除最近记录" IN identifiers'
    t =    14.47s Tap "清除最近记录" Button
    t =    14.47s     Wait for com.xiaolongxu.zipharbor.app to idle
    t =    14.47s     Find the "清除最近记录" Button
    t =    14.47s         Requesting snapshot of accessibility hierarchy for app with pid 15175
    t =    14.55s         Find: Descendants matching type Button
    t =    14.55s         Find: Elements matching predicate '"清除最近记录" IN identifiers'
    t =    14.55s         Find: Element at index 0
    t =    14.55s     Check for interrupting elements affecting "清除最近记录" Button
    t =    14.58s         Requesting snapshot of accessibility hierarchy for app with pid 15175
    t =    14.64s         Find: Descendants matching predicate identifier == "NotificationShortLookView" OR elementType == 7
    t =    14.65s     Synthesize event
    t =    14.96s     Wait for com.xiaolongxu.zipharbor.app to idle
    t =    15.30s Tap "tab-Files" Button
    t =    15.30s     Wait for com.xiaolongxu.zipharbor.app to idle
    t =    15.31s     Find the "tab-Files" Button
    t =    15.32s         Requesting snapshot of accessibility hierarchy for app with pid 15175
    t =    15.38s         Find: Descendants matching type Button
    t =    15.39s         Find: Elements matching predicate '"tab-Files" IN identifiers'
    t =    15.39s     Check for interrupting elements affecting "tab-Files" Button
    t =    15.42s         Requesting snapshot of accessibility hierarchy for app with pid 15175
    t =    15.48s         Find: Descendants matching predicate identifier == "NotificationShortLookView" OR elementType == 7
    t =    15.48s     Synthesize event
    t =    15.80s     Wait for com.xiaolongxu.zipharbor.app to idle
    t =    15.82s Checking existence of `"file-0903.zip" Button`
    t =    15.82s     Requesting snapshot of accessibility hierarchy for app with pid 15175
    t =    15.92s     Find: Descendants matching type Button
    t =    15.92s     Find: Elements matching predicate '"file-0903.zip" IN identifiers'
    t =    15.93s Tear Down
Test Case '-[ZipHarborUITests.ZipHarborUITests testPasswordCancelAndClearHistoryKeepFiles]' passed (15.968 seconds).
Test Case '-[ZipHarborUITests.ZipHarborUITests testPhotosAndVideoImportThenCreateArchive]' started.
    t =     0.00s Start Test at 2026-10-01 23:04:28.281
    t =     0.02s Set Up
/Users/USER/github_space/zip-app/ZipHarbor/ZipHarborUITests/ZipHarborUITests.swift:203: -[ZipHarborUITests.ZipHarborUITests testPhotosAndVideoImportThenCreateArchive] : Test skipped - This test uses only synthetic media seeded in the dedicated simulator.
    t =     0.04s Tear Down
Test Case '-[ZipHarborUITests.ZipHarborUITests testPhotosAndVideoImportThenCreateArchive]' skipped (0.043 seconds).
Test Case '-[ZipHarborUITests.ZipHarborUITests testRepeatedExtractionConflictCancelRetryAndKeepBoth]' started.
    t =     0.00s Start Test at 2026-10-01 23:04:28.324
    t =     0.01s Set Up
    t =     0.01s Open com.xiaolongxu.zipharbor.app
    t =     0.02s     Launch com.xiaolongxu.zipharbor.app
    t =     0.02s         Terminate com.xiaolongxu.zipharbor.app:15175
2026-10-01 23:04:27.246 xcodebuild[65303:4140951] [MT] IDELaunchParametersSnapshot: debugger version lookup failed for path '<nil>': noURL
2026-10-01 23:04:27.246 xcodebuild[65303:4140951] [MT] IDELaunchParametersSnapshot: no debugger version
    t =     1.28s         Setting up automation session
    t =     1.61s         Wait for com.xiaolongxu.zipharbor.app to idle
    t =     2.79s Waiting 25.0s for "file-课程资料_2026.zip" Button to exist
    t =     3.82s     Checking `Expect predicate `existsNoRetry == 1` for object "file-课程资料_2026.zip" Button`
    t =     3.82s         Checking existence of `"file-课程资料_2026.zip" Button`
    t =     3.83s             Requesting snapshot of accessibility hierarchy for app with pid 15177
    t =     3.94s             Find: Descendants matching type Button
    t =     3.94s             Find: Elements matching predicate '"file-课程资料_2026.zip" IN identifiers'
    t =     3.95s Tap "file-课程资料_2026.zip" Button
    t =     3.95s     Wait for com.xiaolongxu.zipharbor.app to idle
    t =     3.96s     Find the "file-课程资料_2026.zip" Button
    t =     3.96s         Requesting snapshot of accessibility hierarchy for app with pid 15177
    t =     4.03s         Find: Descendants matching type Button
    t =     4.03s         Find: Elements matching predicate '"file-课程资料_2026.zip" IN identifiers'
    t =     4.03s     Check for interrupting elements affecting "file-课程资料_2026.zip" Button
    t =     4.06s         Requesting snapshot of accessibility hierarchy for app with pid 15177
    t =     4.10s         Find: Descendants matching predicate identifier == "NotificationShortLookView" OR elementType == 7
    t =     4.11s     Synthesize event
    t =     4.42s     Wait for com.xiaolongxu.zipharbor.app to idle
    t =     4.83s Waiting 10.0s for "extractToButton" Button to exist
    t =     5.86s     Checking `Expect predicate `existsNoRetry == 1` for object "extractToButton" Button`
    t =     5.86s         Checking existence of `"extractToButton" Button`
    t =     5.87s             Requesting snapshot of accessibility hierarchy for app with pid 15177
    t =     5.96s             Find: Descendants matching type Button
    t =     5.96s             Find: Elements matching predicate '"extractToButton" IN identifiers'
    t =     5.96s Tap "extractToButton" Button
    t =     5.97s     Wait for com.xiaolongxu.zipharbor.app to idle
    t =     5.97s     Find the "extractToButton" Button
    t =     5.98s         Requesting snapshot of accessibility hierarchy for app with pid 15177
    t =     6.03s         Find: Descendants matching type Button
    t =     6.03s         Find: Elements matching predicate '"extractToButton" IN identifiers'
    t =     6.04s     Check for interrupting elements affecting "extractToButton" Button
    t =     6.06s         Requesting snapshot of accessibility hierarchy for app with pid 15177
    t =     6.11s         Find: Descendants matching predicate identifier == "NotificationShortLookView" OR elementType == 7
    t =     6.11s     Synthesize event
    t =     6.42s     Wait for com.xiaolongxu.zipharbor.app to idle
    t =     6.85s Waiting 5.0s for "startExtractionButton" Button to exist
    t =     7.87s     Checking `Expect predicate `existsNoRetry == 1` for object "startExtractionButton" Button`
    t =     7.88s         Checking existence of `"startExtractionButton" Button`
    t =     7.88s             Requesting snapshot of accessibility hierarchy for app with pid 15177
    t =     8.00s             Find: Descendants matching type Button
    t =     8.00s             Find: Elements matching predicate '"startExtractionButton" IN identifiers'
    t =     8.01s Find the Target Application 'com.xiaolongxu.zipharbor.app'
    t =     8.01s     Requesting snapshot of accessibility hierarchy for app with pid 15177
    t =     8.21s Added attachment named 'extraction-destination'
    t =     8.21s Tap "startExtractionButton" Button
    t =     8.21s     Wait for com.xiaolongxu.zipharbor.app to idle
    t =     8.21s     Find the "startExtractionButton" Button
    t =     8.21s         Requesting snapshot of accessibility hierarchy for app with pid 15177
    t =     8.29s         Find: Descendants matching type Button
    t =     8.29s         Find: Elements matching predicate '"startExtractionButton" IN identifiers'
    t =     8.29s     Check for interrupting elements affecting "startExtractionButton" Button
    t =     8.31s         Requesting snapshot of accessibility hierarchy for app with pid 15177
    t =     8.36s         Find: Descendants matching predicate identifier == "NotificationShortLookView" OR elementType == 7
    t =     8.37s     Synthesize event
    t =     8.67s     Wait for com.xiaolongxu.zipharbor.app to idle
    t =     9.68s Waiting 20.0s for "resultDoneButton" Button to exist
    t =    10.71s     Checking `Expect predicate `existsNoRetry == 1` for object "resultDoneButton" Button`
    t =    10.71s         Checking existence of `"resultDoneButton" Button`
    t =    10.72s             Requesting snapshot of accessibility hierarchy for app with pid 15177
    t =    10.81s             Find: Descendants matching type Button
    t =    10.81s             Find: Elements matching predicate '"resultDoneButton" IN identifiers'
    t =    10.82s Tap "resultDoneButton" Button
    t =    10.82s     Wait for com.xiaolongxu.zipharbor.app to idle
    t =    10.82s     Find the "resultDoneButton" Button
    t =    10.83s         Requesting snapshot of accessibility hierarchy for app with pid 15177
    t =    10.87s         Find: Descendants matching type Button
    t =    10.88s         Find: Elements matching predicate '"resultDoneButton" IN identifiers'
    t =    10.88s     Check for interrupting elements affecting "resultDoneButton" Button
    t =    10.90s         Requesting snapshot of accessibility hierarchy for app with pid 15177
    t =    10.94s         Find: Descendants matching predicate identifier == "NotificationShortLookView" OR elementType == 7
    t =    10.94s     Synthesize event
    t =    11.25s     Wait for com.xiaolongxu.zipharbor.app to idle
    t =    11.65s Tap "taskFilter-Completed" Button
    t =    11.65s     Wait for com.xiaolongxu.zipharbor.app to idle
    t =    11.66s     Find the "taskFilter-Completed" Button
    t =    11.67s         Requesting snapshot of accessibility hierarchy for app with pid 15177
    t =    11.72s         Find: Descendants matching type Button
    t =    11.73s         Find: Elements matching predicate '"taskFilter-Completed" IN identifiers'
    t =    11.73s     Check for interrupting elements affecting "taskFilter-Completed" Button
    t =    11.76s         Requesting snapshot of accessibility hierarchy for app with pid 15177
    t =    11.80s         Find: Descendants matching predicate identifier == "NotificationShortLookView" OR elementType == 7
    t =    11.81s     Synthesize event
    t =    12.13s     Wait for com.xiaolongxu.zipharbor.app to idle
    t =    12.16s Waiting 5.0s for "result-课程资料_2026" Button to exist
    t =    13.18s     Checking `Expect predicate `existsNoRetry == 1` for object "result-课程资料_2026" Button`
    t =    13.18s         Checking existence of `"result-课程资料_2026" Button`
    t =    13.19s             Requesting snapshot of accessibility hierarchy for app with pid 15177
    t =    13.26s             Find: Descendants matching type Button
    t =    13.27s             Find: Elements matching predicate '"result-课程资料_2026" IN identifiers'
    t =    13.27s Find the Target Application 'com.xiaolongxu.zipharbor.app'
    t =    13.28s     Requesting snapshot of accessibility hierarchy for app with pid 15177
    t =    13.44s Added attachment named 'tasks-completed'
    t =    13.44s Tap "tab-Files" Button
    t =    13.44s     Wait for com.xiaolongxu.zipharbor.app to idle
    t =    13.45s     Find the "tab-Files" Button
    t =    13.45s         Requesting snapshot of accessibility hierarchy for app with pid 15177
    t =    13.50s         Find: Descendants matching type Button
    t =    13.50s         Find: Elements matching predicate '"tab-Files" IN identifiers'
    t =    13.50s     Check for interrupting elements affecting "tab-Files" Button
    t =    13.51s         Requesting snapshot of accessibility hierarchy for app with pid 15177
    t =    13.55s         Find: Descendants matching predicate identifier == "NotificationShortLookView" OR elementType == 7
    t =    13.55s     Synthesize event
    t =    13.86s     Wait for com.xiaolongxu.zipharbor.app to idle
    t =    13.87s Tap "file-课程资料_2026.zip" Button
    t =    13.87s     Wait for com.xiaolongxu.zipharbor.app to idle
    t =    13.88s     Find the "file-课程资料_2026.zip" Button
    t =    13.88s         Requesting snapshot of accessibility hierarchy for app with pid 15177
    t =    13.97s         Find: Descendants matching type Button
    t =    13.97s         Find: Elements matching predicate '"file-课程资料_2026.zip" IN identifiers'
    t =    13.98s     Check for interrupting elements affecting "file-课程资料_2026.zip" Button
    t =    14.00s         Requesting snapshot of accessibility hierarchy for app with pid 15177
    t =    14.06s         Find: Descendants matching predicate identifier == "NotificationShortLookView" OR elementType == 7
    t =    14.07s     Synthesize event
    t =    14.38s     Wait for com.xiaolongxu.zipharbor.app to idle
    t =    14.78s Waiting 10.0s for "extractToButton" Button to exist
    t =    15.80s     Checking `Expect predicate `existsNoRetry == 1` for object "extractToButton" Button`
    t =    15.80s         Checking existence of `"extractToButton" Button`
    t =    15.81s             Requesting snapshot of accessibility hierarchy for app with pid 15177
    t =    15.88s             Find: Descendants matching type Button
    t =    15.89s             Find: Elements matching predicate '"extractToButton" IN identifiers'
    t =    15.89s Tap "extractToButton" Button
    t =    15.89s     Wait for com.xiaolongxu.zipharbor.app to idle
    t =    15.90s     Find the "extractToButton" Button
    t =    15.91s         Requesting snapshot of accessibility hierarchy for app with pid 15177
    t =    15.97s         Find: Descendants matching type Button
    t =    15.97s         Find: Elements matching predicate '"extractToButton" IN identifiers'
    t =    15.98s     Check for interrupting elements affecting "extractToButton" Button
    t =    16.00s         Requesting snapshot of accessibility hierarchy for app with pid 15177
    t =    16.05s         Find: Descendants matching predicate identifier == "NotificationShortLookView" OR elementType == 7
    t =    16.06s     Synthesize event
    t =    16.37s     Wait for com.xiaolongxu.zipharbor.app to idle
    t =    16.77s Waiting 5.0s for "startExtractionButton" Button to exist
    t =    17.79s     Checking `Expect predicate `existsNoRetry == 1` for object "startExtractionButton" Button`
    t =    17.79s         Checking existence of `"startExtractionButton" Button`
    t =    17.80s             Requesting snapshot of accessibility hierarchy for app with pid 15177
    t =    17.91s             Find: Descendants matching type Button
    t =    17.92s             Find: Elements matching predicate '"startExtractionButton" IN identifiers'
    t =    17.92s Find the Target Application 'com.xiaolongxu.zipharbor.app'
    t =    17.92s     Requesting snapshot of accessibility hierarchy for app with pid 15177
    t =    18.12s Added attachment named 'extraction-destination'
    t =    18.12s Tap "startExtractionButton" Button
    t =    18.12s     Wait for com.xiaolongxu.zipharbor.app to idle
    t =    18.12s     Find the "startExtractionButton" Button
    t =    18.12s         Requesting snapshot of accessibility hierarchy for app with pid 15177
    t =    18.20s         Find: Descendants matching type Button
    t =    18.20s         Find: Elements matching predicate '"startExtractionButton" IN identifiers'
    t =    18.20s     Check for interrupting elements affecting "startExtractionButton" Button
    t =    18.22s         Requesting snapshot of accessibility hierarchy for app with pid 15177
    t =    18.27s         Find: Descendants matching predicate identifier == "NotificationShortLookView" OR elementType == 7
    t =    18.28s     Synthesize event
    t =    18.57s     Wait for com.xiaolongxu.zipharbor.app to idle
    t =    19.58s Waiting 15.0s for "Keep both" Button to exist
    t =    20.59s     Checking `Expect predicate `existsNoRetry == 1` for object "Keep both" Button`
    t =    20.59s         Checking existence of `"Keep both" Button`
    t =    20.60s             Requesting snapshot of accessibility hierarchy for app with pid 15177
    t =    20.70s             Find: Descendants matching type Button
    t =    20.70s             Find: Elements matching predicate '"Keep both" IN identifiers'
    t =    20.71s Find the Target Application 'com.xiaolongxu.zipharbor.app'
    t =    20.71s     Requesting snapshot of accessibility hierarchy for app with pid 15177
    t =    20.91s Added attachment named 'conflict-choice'
    t =    20.91s Tap "sheetDoneButton" Button
    t =    20.91s     Wait for com.xiaolongxu.zipharbor.app to idle
    t =    20.91s     Find the "sheetDoneButton" Button
    t =    20.91s         Requesting snapshot of accessibility hierarchy for app with pid 15177
    t =    20.98s         Find: Descendants matching type Button
    t =    20.98s         Find: Elements matching predicate '"sheetDoneButton" IN identifiers'
    t =    20.98s     Check for interrupting elements affecting "sheetDoneButton" Button
    t =    21.00s         Requesting snapshot of accessibility hierarchy for app with pid 15177
    t =    21.04s         Find: Descendants matching predicate identifier == "NotificationShortLookView" OR elementType == 7
    t =    21.04s     Synthesize event
    t =    21.34s     Wait for com.xiaolongxu.zipharbor.app to idle
    t =    21.73s Tap "taskFilter-Failed" Button
    t =    21.73s     Wait for com.xiaolongxu.zipharbor.app to idle
    t =    21.75s     Find the "taskFilter-Failed" Button
    t =    21.75s         Requesting snapshot of accessibility hierarchy for app with pid 15177
    t =    21.80s         Find: Descendants matching type Button
    t =    21.80s         Find: Elements matching predicate '"taskFilter-Failed" IN identifiers'
    t =    21.81s     Check for interrupting elements affecting "taskFilter-Failed" Button
    t =    21.83s         Requesting snapshot of accessibility hierarchy for app with pid 15177
    t =    21.87s         Find: Descendants matching predicate identifier == "NotificationShortLookView" OR elementType == 7
    t =    21.88s     Synthesize event
    t =    22.20s     Wait for com.xiaolongxu.zipharbor.app to idle
    t =    22.21s Waiting 10.0s for "retry-课程资料_2026" Button to exist
    t =    23.23s     Checking `Expect predicate `existsNoRetry == 1` for object "retry-课程资料_2026" Button`
    t =    23.23s         Checking existence of `"retry-课程资料_2026" Button`
    t =    23.24s             Requesting snapshot of accessibility hierarchy for app with pid 15177
    t =    23.31s             Find: Descendants matching type Button
    t =    23.31s             Find: Elements matching predicate '"retry-课程资料_2026" IN identifiers'
    t =    23.32s Find the Target Application 'com.xiaolongxu.zipharbor.app'
    t =    23.32s     Requesting snapshot of accessibility hierarchy for app with pid 15177
    t =    23.49s Added attachment named 'tasks-cancelled'
    t =    23.49s Tap "retry-课程资料_2026" Button
    t =    23.49s     Wait for com.xiaolongxu.zipharbor.app to idle
    t =    23.49s     Find the "retry-课程资料_2026" Button
    t =    23.50s         Requesting snapshot of accessibility hierarchy for app with pid 15177
    t =    23.54s         Find: Descendants matching type Button
    t =    23.54s         Find: Elements matching predicate '"retry-课程资料_2026" IN identifiers'
    t =    23.54s     Check for interrupting elements affecting "retry-课程资料_2026" Button
    t =    23.56s         Requesting snapshot of accessibility hierarchy for app with pid 15177
    t =    23.59s         Find: Descendants matching predicate identifier == "NotificationShortLookView" OR elementType == 7
    t =    23.59s     Synthesize event
    t =    23.89s     Wait for com.xiaolongxu.zipharbor.app to idle
    t =    24.29s Waiting 15.0s for "Keep both" Button to exist
    t =    25.29s     Checking `Expect predicate `existsNoRetry == 1` for object "Keep both" Button`
    t =    25.30s         Checking existence of `"Keep both" Button`
    t =    25.31s             Requesting snapshot of accessibility hierarchy for app with pid 15177
    t =    25.39s             Find: Descendants matching type Button
    t =    25.40s             Find: Elements matching predicate '"Keep both" IN identifiers'
    t =    25.40s Tap "Apply to all conflicts in this task" Switch[0.93, 0.50]
    t =    25.40s     Wait for com.xiaolongxu.zipharbor.app to idle
    t =    25.41s     Find the "Apply to all conflicts in this task" Switch
    t =    25.41s         Requesting snapshot of accessibility hierarchy for app with pid 15177
    t =    25.47s         Find: Descendants matching type Switch
    t =    25.47s         Find: Elements matching predicate '"Apply to all conflicts in this task" IN identifiers'
    t =    25.47s     Check for interrupting elements affecting "Apply to all conflicts in this task" Switch
    t =    25.49s         Requesting snapshot of accessibility hierarchy for app with pid 15177
    t =    25.54s         Find: Descendants matching predicate identifier == "NotificationShortLookView" OR elementType == 7
    t =    25.55s     Synthesize event
    t =    25.56s         Find the "Apply to all conflicts in this task" Switch
    t =    25.56s             Requesting snapshot of accessibility hierarchy for app with pid 15177
    t =    25.61s             Find: Descendants matching type Switch
    t =    25.61s             Find: Elements matching predicate '"Apply to all conflicts in this task" IN identifiers'
    t =    25.62s         Find the "Apply to all conflicts in this task" Switch
    t =    25.62s             Requesting snapshot of accessibility hierarchy for app with pid 15177
    t =    25.67s             Find: Descendants matching type Switch
    t =    25.67s             Find: Elements matching predicate '"Apply to all conflicts in this task" IN identifiers'
    t =    25.68s         Find the "Apply to all conflicts in this task" Switch
    t =    25.68s             Requesting snapshot of accessibility hierarchy for app with pid 15177
    t =    25.73s             Find: Descendants matching type Switch
    t =    25.73s             Find: Elements matching predicate '"Apply to all conflicts in this task" IN identifiers'
    t =    26.02s     Wait for com.xiaolongxu.zipharbor.app to idle
    t =    27.09s Find the "Apply to all conflicts in this task" Switch
    t =    27.10s     Requesting snapshot of accessibility hierarchy for app with pid 15177
    t =    27.18s     Find: Descendants matching type Switch
    t =    27.19s     Find: Elements matching predicate '"Apply to all conflicts in this task" IN identifiers'
    t =    27.19s Find the Target Application 'com.xiaolongxu.zipharbor.app'
    t =    27.19s     Requesting snapshot of accessibility hierarchy for app with pid 15177
    t =    27.37s Added attachment named 'conflict-apply-to-all'
    t =    27.37s Tap "Keep both" Button
    t =    27.37s     Wait for com.xiaolongxu.zipharbor.app to idle
    t =    27.38s     Find the "Keep both" Button
    t =    27.38s         Requesting snapshot of accessibility hierarchy for app with pid 15177
    t =    27.44s         Find: Descendants matching type Button
    t =    27.44s         Find: Elements matching predicate '"Keep both" IN identifiers'
    t =    27.44s     Check for interrupting elements affecting "Keep both" Button
    t =    27.46s         Requesting snapshot of accessibility hierarchy for app with pid 15177
    t =    27.49s         Find: Descendants matching predicate identifier == "NotificationShortLookView" OR elementType == 7
    t =    27.50s     Synthesize event
    t =    27.80s     Wait for com.xiaolongxu.zipharbor.app to idle
    t =    28.21s Waiting 20.0s for "resultDoneButton" Button to exist
    t =    29.23s     Checking `Expect predicate `existsNoRetry == 1` for object "resultDoneButton" Button`
    t =    29.23s         Checking existence of `"resultDoneButton" Button`
    t =    29.24s             Requesting snapshot of accessibility hierarchy for app with pid 15177
    t =    29.33s             Find: Descendants matching type Button
    t =    29.33s             Find: Elements matching predicate '"resultDoneButton" IN identifiers'
    t =    29.34s Tap "openOutputButton" Button
    t =    29.34s     Wait for com.xiaolongxu.zipharbor.app to idle
    t =    29.34s     Find the "openOutputButton" Button
    t =    29.35s         Requesting snapshot of accessibility hierarchy for app with pid 15177
    t =    29.41s         Find: Descendants matching type Button
    t =    29.41s         Find: Elements matching predicate '"openOutputButton" IN identifiers'
    t =    29.41s     Check for interrupting elements affecting "openOutputButton" Button
    t =    29.43s         Requesting snapshot of accessibility hierarchy for app with pid 15177
    t =    29.49s         Find: Descendants matching predicate identifier == "NotificationShortLookView" OR elementType == 7
    t =    29.50s     Synthesize event
    t =    29.80s     Wait for com.xiaolongxu.zipharbor.app to idle
    t =    30.22s Waiting 5.0s for "课堂笔记.txt" StaticText to exist
    t =    31.25s     Checking `Expect predicate `existsNoRetry == 1` for object "课堂笔记.txt" StaticText`
    t =    31.25s         Checking existence of `"课堂笔记.txt" StaticText`
    t =    31.26s             Requesting snapshot of accessibility hierarchy for app with pid 15177
    t =    31.36s             Find: Descendants matching type StaticText
    t =    31.36s             Find: Elements matching predicate '"课堂笔记.txt" IN identifiers'
    t =    31.37s Checking existence of `"课堂笔记 (2).txt" StaticText`
    t =    31.37s     Requesting snapshot of accessibility hierarchy for app with pid 15177
    t =    31.44s     Find: Descendants matching type StaticText
    t =    31.44s     Find: Elements matching predicate '"课堂笔记 (2).txt" IN identifiers'
    t =    31.45s Find the Target Application 'com.xiaolongxu.zipharbor.app'
    t =    31.45s     Requesting snapshot of accessibility hierarchy for app with pid 15177
    t =    31.62s Added attachment named 'conflict-kept-both-output'
    t =    31.62s Tap "folderDoneButton" Button
    t =    31.62s     Wait for com.xiaolongxu.zipharbor.app to idle
    t =    31.62s     Find the "folderDoneButton" Button
    t =    31.62s         Requesting snapshot of accessibility hierarchy for app with pid 15177
    t =    31.69s         Find: Descendants matching type Button
    t =    31.69s         Find: Elements matching predicate '"folderDoneButton" IN identifiers'
    t =    31.69s     Check for interrupting elements affecting "folderDoneButton" Button
    t =    31.71s         Requesting snapshot of accessibility hierarchy for app with pid 15177
    t =    31.75s         Find: Descendants matching predicate identifier == "NotificationShortLookView" OR elementType == 7
    t =    31.76s     Synthesize event
    t =    32.05s     Wait for com.xiaolongxu.zipharbor.app to idle
    t =    32.43s Tap "resultDoneButton" Button
    t =    32.43s     Wait for com.xiaolongxu.zipharbor.app to idle
    t =    32.45s     Find the "resultDoneButton" Button
    t =    32.45s         Requesting snapshot of accessibility hierarchy for app with pid 15177
    t =    32.53s         Find: Descendants matching type Button
    t =    32.53s         Find: Elements matching predicate '"resultDoneButton" IN identifiers'
    t =    32.53s     Check for interrupting elements affecting "resultDoneButton" Button
    t =    32.56s         Requesting snapshot of accessibility hierarchy for app with pid 15177
    t =    32.62s         Find: Descendants matching predicate identifier == "NotificationShortLookView" OR elementType == 7
    t =    32.62s     Synthesize event
    t =    32.91s     Wait for com.xiaolongxu.zipharbor.app to idle
    t =    33.30s Tear Down
Test Case '-[ZipHarborUITests.ZipHarborUITests testRepeatedExtractionConflictCancelRetryAndKeepBoth]' passed (33.367 seconds).
Test Case '-[ZipHarborUITests.ZipHarborUITests testSelectedFolderExtractionAndPreview]' started.
    t =     0.01s Start Test at 2026-10-01 23:05:01.698
    t =     0.03s Set Up
    t =     0.03s Open com.xiaolongxu.zipharbor.app
    t =     0.04s     Launch com.xiaolongxu.zipharbor.app
    t =     0.04s         Terminate com.xiaolongxu.zipharbor.app:15177
2026-10-01 23:05:00.715 xcodebuild[65303:4140951] [MT] IDELaunchParametersSnapshot: debugger version lookup failed for path '<nil>': noURL
2026-10-01 23:05:00.715 xcodebuild[65303:4140951] [MT] IDELaunchParametersSnapshot: no debugger version
    t =     1.37s         Setting up automation session
    t =     1.74s         Wait for com.xiaolongxu.zipharbor.app to idle
    t =     2.96s Waiting 25.0s for "file-课程资料_2026.zip" Button to exist
    t =     3.97s     Checking `Expect predicate `existsNoRetry == 1` for object "file-课程资料_2026.zip" Button`
    t =     3.97s         Checking existence of `"file-课程资料_2026.zip" Button`
    t =     3.99s             Requesting snapshot of accessibility hierarchy for app with pid 15179
    t =     4.10s             Find: Descendants matching type Button
    t =     4.10s             Find: Elements matching predicate '"file-课程资料_2026.zip" IN identifiers'
    t =     4.11s Tap "file-课程资料_2026.zip" Button
    t =     4.11s     Wait for com.xiaolongxu.zipharbor.app to idle
    t =     4.12s     Find the "file-课程资料_2026.zip" Button
    t =     4.12s         Requesting snapshot of accessibility hierarchy for app with pid 15179
    t =     4.18s         Find: Descendants matching type Button
    t =     4.18s         Find: Elements matching predicate '"file-课程资料_2026.zip" IN identifiers'
    t =     4.18s     Check for interrupting elements affecting "file-课程资料_2026.zip" Button
    t =     4.21s         Requesting snapshot of accessibility hierarchy for app with pid 15179
    t =     4.26s         Find: Descendants matching predicate identifier == "NotificationShortLookView" OR elementType == 7
    t =     4.26s     Synthesize event
    t =     4.57s     Wait for com.xiaolongxu.zipharbor.app to idle
    t =     4.96s Waiting 10.0s for "entry-课程资料" Button to exist
    t =     5.97s     Checking `Expect predicate `existsNoRetry == 1` for object "entry-课程资料" Button`
    t =     5.97s         Checking existence of `"entry-课程资料" Button`
    t =     5.98s             Requesting snapshot of accessibility hierarchy for app with pid 15179
    t =     6.06s             Find: Descendants matching type Button
    t =     6.06s             Find: Elements matching predicate '"entry-课程资料" IN identifiers'
    t =     6.07s Find the Target Application 'com.xiaolongxu.zipharbor.app'
    t =     6.07s     Requesting snapshot of accessibility hierarchy for app with pid 15179
    t =     6.23s Added attachment named 'archive-detail'
    t =     6.23s Tap "entry-课程资料" Button
    t =     6.23s     Wait for com.xiaolongxu.zipharbor.app to idle
    t =     6.24s     Find the "entry-课程资料" Button
    t =     6.24s         Requesting snapshot of accessibility hierarchy for app with pid 15179
    t =     6.29s         Find: Descendants matching type Button
    t =     6.30s         Find: Elements matching predicate '"entry-课程资料" IN identifiers'
    t =     6.30s     Check for interrupting elements affecting "entry-课程资料" Button
    t =     6.31s         Requesting snapshot of accessibility hierarchy for app with pid 15179
    t =     6.35s         Find: Descendants matching predicate identifier == "NotificationShortLookView" OR elementType == 7
    t =     6.35s     Synthesize event
    t =     6.65s     Wait for com.xiaolongxu.zipharbor.app to idle
    t =     6.66s Checking existence of `"entry-README.txt" Button`
    t =     6.67s     Requesting snapshot of accessibility hierarchy for app with pid 15179
    t =     6.75s     Find: Descendants matching type Button
    t =     6.76s     Find: Elements matching predicate '"entry-README.txt" IN identifiers'
    t =     6.76s Tap "entry-README.txt" Button
    t =     6.76s     Wait for com.xiaolongxu.zipharbor.app to idle
    t =     6.77s     Find the "entry-README.txt" Button
    t =     6.78s         Requesting snapshot of accessibility hierarchy for app with pid 15179
    t =     6.84s         Find: Descendants matching type Button
    t =     6.84s         Find: Elements matching predicate '"entry-README.txt" IN identifiers'
    t =     6.85s     Check for interrupting elements affecting "entry-README.txt" Button
    t =     6.87s         Requesting snapshot of accessibility hierarchy for app with pid 15179
    t =     6.92s         Find: Descendants matching predicate identifier == "NotificationShortLookView" OR elementType == 7
    t =     6.93s     Synthesize event
    t =     7.25s     Wait for com.xiaolongxu.zipharbor.app to idle
    t =     7.30s Waiting 10.0s for "Read-only preview." StaticText to exist
    t =     8.30s     Checking `Expect predicate `existsNoRetry == 1` for object "Read-only preview." StaticText`
    t =     8.31s         Checking existence of `"Read-only preview." StaticText`
    t =     8.32s             Requesting snapshot of accessibility hierarchy for app with pid 15179
    t =     8.46s             Find: Descendants matching type StaticText
    t =     8.46s             Find: Elements matching predicate '"Read-only preview." IN identifiers'
    t =     8.47s         Capturing element debug description
    t =     9.39s     Checking `Expect predicate `existsNoRetry == 1` for object "Read-only preview." StaticText`
    t =     9.39s         Checking existence of `"Read-only preview." StaticText`
    t =     9.40s             Requesting snapshot of accessibility hierarchy for app with pid 15179
    t =     9.51s             Find: Descendants matching type StaticText
    t =     9.51s             Find: Elements matching predicate '"Read-only preview." IN identifiers'
    t =     9.52s         Capturing element debug description
    t =    10.32s     Checking `Expect predicate `existsNoRetry == 1` for object "Read-only preview." StaticText`
    t =    10.32s         Checking existence of `"Read-only preview." StaticText`
    t =    10.33s             Requesting snapshot of accessibility hierarchy for app with pid 15179
    t =    10.45s             Find: Descendants matching type StaticText
    t =    10.45s             Find: Elements matching predicate '"Read-only preview." IN identifiers'
    t =    10.45s         Capturing element debug description
    t =    11.37s     Checking `Expect predicate `existsNoRetry == 1` for object "Read-only preview." StaticText`
    t =    11.37s         Checking existence of `"Read-only preview." StaticText`
    t =    11.38s             Requesting snapshot of accessibility hierarchy for app with pid 15179
    t =    11.50s             Find: Descendants matching type StaticText
    t =    11.50s             Find: Elements matching predicate '"Read-only preview." IN identifiers'
    t =    11.51s         Capturing element debug description
    t =    12.33s     Checking `Expect predicate `existsNoRetry == 1` for object "Read-only preview." StaticText`
    t =    12.33s         Checking existence of `"Read-only preview." StaticText`
    t =    12.34s             Requesting snapshot of accessibility hierarchy for app with pid 15179
    t =    12.46s             Find: Descendants matching type StaticText
    t =    12.46s             Find: Elements matching predicate '"Read-only preview." IN identifiers'
    t =    12.47s         Capturing element debug description
    t =    13.37s     Checking `Expect predicate `existsNoRetry == 1` for object "Read-only preview." StaticText`
    t =    13.37s         Checking existence of `"Read-only preview." StaticText`
    t =    13.38s             Requesting snapshot of accessibility hierarchy for app with pid 15179
    t =    13.50s             Find: Descendants matching type StaticText
    t =    13.50s             Find: Elements matching predicate '"Read-only preview." IN identifiers'
    t =    13.51s         Capturing element debug description
    t =    14.32s     Checking `Expect predicate `existsNoRetry == 1` for object "Read-only preview." StaticText`
    t =    14.32s         Checking existence of `"Read-only preview." StaticText`
    t =    14.33s             Requesting snapshot of accessibility hierarchy for app with pid 15179
    t =    14.46s             Find: Descendants matching type StaticText
    t =    14.46s             Find: Elements matching predicate '"Read-only preview." IN identifiers'
    t =    14.47s         Capturing element debug description
    t =    15.37s     Checking `Expect predicate `existsNoRetry == 1` for object "Read-only preview." StaticText`
    t =    15.37s         Checking existence of `"Read-only preview." StaticText`
    t =    15.38s             Requesting snapshot of accessibility hierarchy for app with pid 15179
    t =    15.50s             Find: Descendants matching type StaticText
    t =    15.51s             Find: Elements matching predicate '"Read-only preview." IN identifiers'
    t =    15.51s         Capturing element debug description
    t =    16.33s     Checking `Expect predicate `existsNoRetry == 1` for object "Read-only preview." StaticText`
    t =    16.33s         Checking existence of `"Read-only preview." StaticText`
    t =    16.34s             Requesting snapshot of accessibility hierarchy for app with pid 15179
    t =    16.46s             Find: Descendants matching type StaticText
    t =    16.47s             Find: Elements matching predicate '"Read-only preview." IN identifiers'
    t =    16.47s         Capturing element debug description
    t =    17.31s     Checking `Expect predicate `existsNoRetry == 1` for object "Read-only preview." StaticText`
    t =    17.31s         Checking existence of `"Read-only preview." StaticText`
    t =    17.31s             Requesting snapshot of accessibility hierarchy for app with pid 15179
    t =    17.43s             Find: Descendants matching type StaticText
    t =    17.44s             Find: Elements matching predicate '"Read-only preview." IN identifiers'
    t =    17.44s         Capturing element debug description
    t =    17.44s     Checking existence of `"Read-only preview." StaticText`
    t =    17.45s         Requesting snapshot of accessibility hierarchy for app with pid 15179
    t =    17.53s         Find: Descendants matching type StaticText
    t =    17.54s         Find: Elements matching predicate '"Read-only preview." IN identifiers'
    t =    17.54s Collecting debug information to assist test failure triage
    t =    17.54s     Requesting snapshot of accessibility hierarchy for app with pid 15179
    t =    17.68s Waiting 5.0s for NavigationBar (First Match) to exist
    t =    18.70s     Checking `Expect predicate `existsNoRetry == 1` for object NavigationBar (First Match)`
    t =    18.70s         Checking existence of `NavigationBar (First Match)`
    t =    18.71s             Requesting snapshot of accessibility hierarchy for app with pid 15179
    t =    18.83s Find the Target Application 'com.xiaolongxu.zipharbor.app'
    t =    18.84s     Requesting snapshot of accessibility hierarchy for app with pid 15179
    t =    19.04s Added attachment named 'quick-look'
    t =    19.04s Tear Down
Test Case '-[ZipHarborUITests.ZipHarborUITests testSelectedFolderExtractionAndPreview]' passed (19.055 seconds).
Test Case '-[ZipHarborUITests.ZipHarborUITests testSystemFilesImportsRealArchive]' started.
    t =     0.00s Start Test at 2026-10-01 23:05:20.753
    t =     0.02s Set Up
    t =     0.02s Open com.xiaolongxu.zipharbor.app
    t =     0.02s     Launch com.xiaolongxu.zipharbor.app
    t =     0.02s         Terminate com.xiaolongxu.zipharbor.app:15179
2026-10-01 23:05:19.763 xcodebuild[65303:4140951] [MT] IDELaunchParametersSnapshot: debugger version lookup failed for path '<nil>': noURL
2026-10-01 23:05:19.763 xcodebuild[65303:4140951] [MT] IDELaunchParametersSnapshot: no debugger version
    t =     1.37s         Setting up automation session
    t =     1.68s         Wait for com.xiaolongxu.zipharbor.app to idle
    t =     2.87s Waiting 25.0s for "file-课程资料_2026.zip" Button to exist
    t =     3.88s     Checking `Expect predicate `existsNoRetry == 1` for object "file-课程资料_2026.zip" Button`
    t =     3.88s         Checking existence of `"file-课程资料_2026.zip" Button`
    t =     3.89s             Requesting snapshot of accessibility hierarchy for app with pid 15182
    t =     4.01s             Find: Descendants matching type Button
    t =     4.01s             Find: Elements matching predicate '"file-课程资料_2026.zip" IN identifiers'
    t =     4.02s Tap "openArchiveButton" Button
    t =     4.02s     Wait for com.xiaolongxu.zipharbor.app to idle
    t =     4.03s     Find the "openArchiveButton" Button
    t =     4.03s         Requesting snapshot of accessibility hierarchy for app with pid 15182
    t =     4.09s         Find: Descendants matching type Button
    t =     4.09s         Find: Elements matching predicate '"openArchiveButton" IN identifiers'
    t =     4.09s     Check for interrupting elements affecting "openArchiveButton" Button
    t =     4.12s         Requesting snapshot of accessibility hierarchy for app with pid 15182
    t =     4.16s         Find: Descendants matching predicate identifier == "NotificationShortLookView" OR elementType == 7
    t =     4.17s     Synthesize event
    t =     4.47s     Wait for com.xiaolongxu.zipharbor.app to idle
    t =     4.49s Waiting 30.0s for "Browse" Button to exist
    t =     5.50s     Checking `Expect predicate `existsNoRetry == 1` for object "Browse" Button`
    t =     5.50s         Checking existence of `"Browse" Button`
    t =     5.51s             Requesting snapshot of accessibility hierarchy for app with pid 15182
    t =     5.68s             Find: Descendants matching type Button
    t =     5.68s             Find: Elements matching predicate '"Browse" IN identifiers'
    t =     5.69s Tap "Browse" Button
    t =     5.69s     Wait for com.xiaolongxu.zipharbor.app to idle
    t =     5.69s     Find the "Browse" Button
    t =     5.69s         Requesting snapshot of accessibility hierarchy for app with pid 15182
    t =     5.79s         Find: Descendants matching type Button
    t =     5.80s         Find: Elements matching predicate '"Browse" IN identifiers'
    t =     5.80s     Check for interrupting elements affecting "Browse" Button
    t =     5.82s         Requesting snapshot of accessibility hierarchy for app with pid 15182
    t =     5.90s         Find: Descendants matching predicate identifier == "NotificationShortLookView" OR elementType == 7
    t =     5.90s     Synthesize event
    t =     6.19s     Wait for com.xiaolongxu.zipharbor.app to idle
    t =     6.20s Waiting 3.0s for "Provider QA.zip" StaticText to exist
    t =     7.23s     Checking `Expect predicate `existsNoRetry == 1` for object "Provider QA.zip" StaticText`
    t =     7.23s         Checking existence of `"Provider QA.zip" StaticText`
    t =     7.24s             Requesting snapshot of accessibility hierarchy for app with pid 15182
    t =     7.43s             Find: Descendants matching type StaticText
    t =     7.43s             Find: Elements matching predicate '"Provider QA.zip" IN identifiers'
    t =     7.44s         Capturing element debug description
    t =     8.25s     Checking `Expect predicate `existsNoRetry == 1` for object "Provider QA.zip" StaticText`
    t =     8.25s         Checking existence of `"Provider QA.zip" StaticText`
    t =     8.26s             Requesting snapshot of accessibility hierarchy for app with pid 15182
    t =     8.52s             Find: Descendants matching type StaticText
    t =     8.52s             Find: Elements matching predicate '"Provider QA.zip" IN identifiers'
    t =     8.53s         Capturing element debug description
    t =     9.20s     Checking `Expect predicate `existsNoRetry == 1` for object "Provider QA.zip" StaticText`
    t =     9.21s         Checking existence of `"Provider QA.zip" StaticText`
    t =     9.22s             Requesting snapshot of accessibility hierarchy for app with pid 15182
    t =     9.40s             Find: Descendants matching type StaticText
    t =     9.41s             Find: Elements matching predicate '"Provider QA.zip" IN identifiers'
    t =     9.41s         Capturing element debug description
    t =     9.41s     Checking existence of `"Provider QA.zip" StaticText`
    t =     9.41s         Requesting snapshot of accessibility hierarchy for app with pid 15182
    t =     9.52s         Find: Descendants matching type StaticText
    t =     9.52s         Find: Elements matching predicate '"Provider QA.zip" IN identifiers'
    t =     9.53s Collecting debug information to assist test failure triage
    t =     9.53s     Requesting snapshot of accessibility hierarchy for app with pid 15182
    t =     9.70s Checking existence of `"Downloads" StaticText`
    t =     9.70s     Requesting snapshot of accessibility hierarchy for app with pid 15182
    t =     9.80s     Find: Descendants matching type StaticText
    t =     9.80s     Find: Elements matching predicate '"Downloads" IN identifiers'
    t =     9.80s Waiting 10.0s for "Downloads" StaticText to exist
    t =    10.82s     Checking `Expect predicate `existsNoRetry == 1` for object "Downloads" StaticText`
    t =    10.82s         Checking existence of `"Downloads" StaticText`
    t =    10.83s             Requesting snapshot of accessibility hierarchy for app with pid 15182
    t =    11.00s             Find: Descendants matching type StaticText
    t =    11.01s             Find: Elements matching predicate '"Downloads" IN identifiers'
    t =    11.01s Tap "Downloads" StaticText
    t =    11.01s     Wait for com.xiaolongxu.zipharbor.app to idle
    t =    11.02s     Find the "Downloads" StaticText
    t =    11.02s         Requesting snapshot of accessibility hierarchy for app with pid 15182
    t =    11.12s         Find: Descendants matching type StaticText
    t =    11.12s         Find: Elements matching predicate '"Downloads" IN identifiers'
    t =    11.13s     Check for interrupting elements affecting "Downloads" StaticText
    t =    11.15s         Requesting snapshot of accessibility hierarchy for app with pid 15182
    t =    11.23s         Find: Descendants matching predicate identifier == "NotificationShortLookView" OR elementType == 7
    t =    11.24s     Synthesize event
    t =    11.56s     Wait for com.xiaolongxu.zipharbor.app to idle
    t =    11.57s Waiting 10.0s for "Provider QA.zip" StaticText to exist
    t =    12.58s     Checking `Expect predicate `existsNoRetry == 1` for object "Provider QA.zip" StaticText`
    t =    12.58s         Checking existence of `"Provider QA.zip" StaticText`
    t =    12.60s             Requesting snapshot of accessibility hierarchy for app with pid 15182
    t =    12.77s             Find: Descendants matching type StaticText
    t =    12.77s             Find: Elements matching predicate '"Provider QA.zip" IN identifiers'
    t =    12.78s         Capturing element debug description
    t =    13.60s     Checking `Expect predicate `existsNoRetry == 1` for object "Provider QA.zip" StaticText`
    t =    13.60s         Checking existence of `"Provider QA.zip" StaticText`
    t =    13.61s             Requesting snapshot of accessibility hierarchy for app with pid 15182
    t =    13.77s             Find: Descendants matching type StaticText
    t =    13.77s             Find: Elements matching predicate '"Provider QA.zip" IN identifiers'
    t =    13.77s         Capturing element debug description
    t =    14.60s     Checking `Expect predicate `existsNoRetry == 1` for object "Provider QA.zip" StaticText`
    t =    14.60s         Checking existence of `"Provider QA.zip" StaticText`
    t =    14.61s             Requesting snapshot of accessibility hierarchy for app with pid 15182
    t =    14.77s             Find: Descendants matching type StaticText
    t =    14.77s             Find: Elements matching predicate '"Provider QA.zip" IN identifiers'
    t =    14.78s         Capturing element debug description
    t =    15.60s     Checking `Expect predicate `existsNoRetry == 1` for object "Provider QA.zip" StaticText`
    t =    15.60s         Checking existence of `"Provider QA.zip" StaticText`
    t =    15.60s             Requesting snapshot of accessibility hierarchy for app with pid 15182
    t =    15.77s             Find: Descendants matching type StaticText
    t =    15.77s             Find: Elements matching predicate '"Provider QA.zip" IN identifiers'
    t =    15.78s         Capturing element debug description
    t =    16.58s     Checking `Expect predicate `existsNoRetry == 1` for object "Provider QA.zip" StaticText`
    t =    16.58s         Checking existence of `"Provider QA.zip" StaticText`
    t =    16.59s             Requesting snapshot of accessibility hierarchy for app with pid 15182
    t =    16.76s             Find: Descendants matching type StaticText
    t =    16.76s             Find: Elements matching predicate '"Provider QA.zip" IN identifiers'
    t =    16.76s         Capturing element debug description
    t =    17.58s     Checking `Expect predicate `existsNoRetry == 1` for object "Provider QA.zip" StaticText`
    t =    17.58s         Checking existence of `"Provider QA.zip" StaticText`
    t =    17.59s             Requesting snapshot of accessibility hierarchy for app with pid 15182
    t =    17.75s             Find: Descendants matching type StaticText
    t =    17.75s             Find: Elements matching predicate '"Provider QA.zip" IN identifiers'
    t =    17.76s         Capturing element debug description
    t =    18.66s     Checking `Expect predicate `existsNoRetry == 1` for object "Provider QA.zip" StaticText`
    t =    18.66s         Checking existence of `"Provider QA.zip" StaticText`
    t =    18.67s             Requesting snapshot of accessibility hierarchy for app with pid 15182
    t =    18.84s             Find: Descendants matching type StaticText
    t =    18.84s             Find: Elements matching predicate '"Provider QA.zip" IN identifiers'
    t =    18.85s         Capturing element debug description
    t =    19.63s     Checking `Expect predicate `existsNoRetry == 1` for object "Provider QA.zip" StaticText`
    t =    19.63s         Checking existence of `"Provider QA.zip" StaticText`
    t =    19.64s             Requesting snapshot of accessibility hierarchy for app with pid 15182
    t =    19.80s             Find: Descendants matching type StaticText
    t =    19.81s             Find: Elements matching predicate '"Provider QA.zip" IN identifiers'
    t =    19.81s         Capturing element debug description
    t =    20.63s     Checking `Expect predicate `existsNoRetry == 1` for object "Provider QA.zip" StaticText`
    t =    20.63s         Checking existence of `"Provider QA.zip" StaticText`
    t =    20.64s             Requesting snapshot of accessibility hierarchy for app with pid 15182
    t =    20.80s             Find: Descendants matching type StaticText
    t =    20.80s             Find: Elements matching predicate '"Provider QA.zip" IN identifiers'
    t =    20.81s         Capturing element debug description
    t =    21.58s     Checking `Expect predicate `existsNoRetry == 1` for object "Provider QA.zip" StaticText`
    t =    21.58s         Checking existence of `"Provider QA.zip" StaticText`
    t =    21.59s             Requesting snapshot of accessibility hierarchy for app with pid 15182
    t =    21.75s             Find: Descendants matching type StaticText
    t =    21.75s             Find: Elements matching predicate '"Provider QA.zip" IN identifiers'
    t =    21.76s         Capturing element debug description
    t =    21.76s     Checking existence of `"Provider QA.zip" StaticText`
    t =    21.76s         Requesting snapshot of accessibility hierarchy for app with pid 15182
    t =    21.87s         Find: Descendants matching type StaticText
    t =    21.87s         Find: Elements matching predicate '"Provider QA.zip" IN identifiers'
    t =    21.88s Collecting debug information to assist test failure triage
    t =    21.88s     Requesting snapshot of accessibility hierarchy for app with pid 15182
    t =    22.07s Requesting snapshot of accessibility hierarchy for app with pid 15182
    t =    22.43s Requesting snapshot of accessibility hierarchy for app with pid 15182
/Users/USER/github_space/zip-app/ZipHarbor/ZipHarborUITests/ZipHarborUITests.swift:196: error: -[ZipHarborUITests.ZipHarborUITests testSystemFilesImportsRealArchive] : XCTAssertTrue failed - Attributes: Application, 0x10e9f4b40, pid: 15182, label: 'ZipHarbor'
Element subtree:
 →Application, 0x10e9f4b40, pid: 15182, label: 'ZipHarbor'
    Window (Main), 0x10e9f4140, {{0.0, 0.0}, {390.0, 844.0}}
      Other, 0x10e9f4280, {{0.0, 0.0}, {390.0, 844.0}}
        Other, 0x10e9f43c0, {{0.0, 0.0}, {390.0, 844.0}}
          Other, 0x10e9f48c0, {{-390.0, -844.0}, {1170.0, 2532.0}}
          Other, 0x10e9f4a00, {{0.0, 0.0}, {390.0, 844.0}}
            Other, 0x10e9f4500, {{0.0, 0.0}, {390.0, 844.0}}
              Other, 0x10e9f4640, {{0.0, 0.0}, {390.0, 844.0}}
                Other, 0x10e9f4780, {{0.0, 0.0}, {390.0, 844.0}}
                  Other, 0x10e9f4000, {{0.0, 0.0}, {390.0, 844.0}}
                    Other, 0x10eae8c80, {{0.0, 0.0}, {390.0, 844.0}}
                      Other, 0x10eae8dc0, {{0.0, 0.0}, {390.0, 844.0}}
                        ScrollView, 0x10eae8f00, {{0.0, 0.0}, {390.0, 751.0}}
                          Other, 0x10eae9040, {{0.0, 0.0}, {390.0, 751.0}}
                            Other, 0x10eae9400, {{0.0, 0.0}, {390.0, 87.0}}
                          Other, 0x10eae9540, {{0.0, 0.0}, {390.0, 751.0}}
                          Other, 0x10eae9680, {{0.0, 47.0}, {390.0, 879.3}}
                            StaticText, 0x10eae97c0, {{20.0, 56.0}, {54.3, 30.0}}, label: 'Files'
                            StaticText, 0x10eae9a40, {{20.0, 89.0}, {74.3, 14.3}}, label: '4 recent files'
                            Button, 0x10eae9b80, {{280.2, 59.5}, {40.0, 40.3}}, identifier: 'homeSearch', label: 'Search'
                            Button, 0x10eaea080, {{328.2, 59.5}, {40.0, 40.3}}, label: 'More actions'
                            StaticText, 0x10eaebc00, {{50.0, 136.3}, {152.0, 13.3}}, label: 'Local processing · No upload'
                            StaticText, 0x10eaebe80, {{37.0, 160.7}, {270.3, 24.0}}, label: 'File handling feels effortless.'
                            StaticText, 0x10eaebd40, {{37.0, 188.7}, {235.7, 31.7}}, label: 'Open archives, extract what you need, or pack files to share.'
                            StaticText, 0x10eaebac0, {{38.3, 246.7}, {101.0, 12.0}}, label: 'Private by design'
                            Button, 0x10eaeb980, {{255.3, 235.3}, {97.7, 35.0}}, identifier: 'openArchiveButton', label: 'Open archive'
                            StaticText, 0x10eaeb480, {{20.0, 304.8}, {94.0, 17.0}}, label: 'Quick actions'
                            Button, 0x10eaeb700, {{277.7, 306.3}, {92.3, 14.0}}, label: 'Recent settings'
                            Button, 0x10eaeb0c0, {{19.5, 334.8}, {171.0, 73.0}}, identifier: 'extractFilesButton', label: 'Extract files, ZIP · RAR · 7z and more'
                              Image, 0x10eaeae40, {{40.3, 360.0}, {23.3, 22.7}}, identifier: 'tray.and.arrow.down', label: 'Inbox'
                              StaticText, 0x10eaead00, {{82.0, 356.7}, {77.7, 15.7}}, label: 'Extract files'
                              StaticText, 0x10eaeabc0, {{82.0, 376.3}, {77.7, 9.7}}, label: 'ZIP · RAR · 7z and more'
                            Button, 0x10eaea1c0, {{199.5, 334.8}, {171.0, 73.0}}, identifier: 'createArchiveButton', label: 'Create archive, Select files to pack'
                              StaticText, 0x10eae9180, {{262.0, 348.3}, {47.3, 31.3}}, label: 'Create archive'
                              Image, 0x10eae9cc0, {{222.3, 362.3}, {19.7, 18.0}}, identifier: 'archivebox', label: 'Archive'
                              StaticText, 0x10eae9e00, {{262.0, 383.7}, {82.3, 10.7}}, label: 'Select files to pack'
                            StaticText, 0x10eae9f40, {{20.0, 424.8}, {81.3, 17.0}}, label: 'Recent files'
                            Button, 0x10eaea300, {{324.3, 426.3}, {45.7, 14.3}}, label: 'View all'
                            Button, 0x10eaea580, {{20.0, 455.3}, {350.0, 67.0}}, identifier: 'file-课程资料_2026.zip', label: '课程资料_2026.zip, ZIP · Today 11:05 PM, On device'
                              Image, 0x10eaea440, {{44.3, 478.3}, {15.7, 21.3}}, identifier: 'doc.zipper', label: 'Zipped Document Archive'
                              StaticText, 0x10eaea940, {{83.0, 473.2}, {107.3, 14.3}}, label: '课程资料_2026.zip'
                              StaticText, 0x10eaea6c0, {{293.7, 483.3}, {44.3, 11.0}}, label: 'On device'
                              Image, 0x10eaea800, {{351.3, 483.7}, {6.0, 10.3}}, identifier: 'chevron.right', label: 'Forward'
                              StaticText, 0x10eaeaa80, {{83.0, 492.5}, {99.0, 12.0}}, label: 'ZIP · Today 11:05 PM'
                            Button, 0x10eaeb5c0, {{20.0, 522.7}, {350.0, 67.0}}, identifier: 'file-0903.zip', label: '0903.zip, ZIP · Today 11:05 PM, On device'
                              Image, 0x10eaeb200, {{44.3, 545.7}, {15.7, 21.3}}, identifier: 'doc.zipper', label: 'Zipped Document Archive'
                              StaticText, 0x10eaeb340, {{83.0, 540.5}, {53.0, 14.3}}, label: '0903.zip'
                              StaticText, 0x10eaeaf80, {{293.7, 550.7}, {44.3, 11.0}}, label: 'On device'
                              Image, 0x10eaeb840, {{351.3, 551.0}, {6.0, 10.3}}, identifier: 'chevron.right', label: 'Forward'
                              StaticText, 0x10eae9900, {{83.0, 559.8}, {99.0, 12.0}}, label: 'ZIP · Today 11:05 PM'
                            Button, 0x10eae92c0, {{20.0, 590.0}, {350.0, 67.0}}, identifier: 'file-课程资料', label: '课程资料, Folder · Today 11:05 PM, On device'
                              Image, 0x10eab0780, {{41.7, 615.0}, {21.0, 17.0}}, identifier: 'folder', label: 'Move'
                              StaticText, 0x10eab1180, {{83.0, 607.8}, {48.0, 14.3}}, label: '课程资料'
                              StaticText, 0x10eab1540, {{293.7, 618.0}, {44.3, 11.0}}, label: 'On device'
                              Image, 0x10eab1400, {{351.3, 618.3}, {6.0, 10.3}}, identifier: 'chevron.right', label: 'Forward'
                              StaticText, 0x10eab12c0, {{83.0, 627.2}, {113.3, 12.0}}, label: 'Folder · Today 11:05 PM'
                            Button, 0x10eab1040, {{20.0, 657.3}, {350.0, 67.0}}, identifier: 'file-课堂笔记.txt', label: '课堂笔记.txt, TXT · Today 11:05 PM, On device'
                              Image, 0x10eab0f00, {{44.3, 681.0}, {15.7, 20.0}}, identifier: 'doc.text', label: 'Plain Text Document'
                              StaticText, 0x10eab1900, {{83.0, 675.2}, {67.7, 14.3}}, label: '课堂笔记.txt'
                              StaticText, 0x10eab17c0, {{293.7, 685.3}, {44.3, 11.0}}, label: 'On device'
                              Image, 0x10eab1680, {{351.3, 685.7}, {6.0, 10.3}}, identifier: 'chevron.right', label: 'Forward'
                              StaticText, 0x10eab0500, {{83.0, 694.5}, {102.7, 12.0}}, label: 'TXT · Today 11:05 PM'
                            StaticText, 0x10eab08c0, {{20.0, 741.8}, {117.7, 17.0}}, label: 'Browse locations'
                            Button, 0x10eab0dc0, {{297.7, 743.3}, {72.3, 14.3}}, label: 'All locations'
                            Other, 0x10eab0b40, {{0.0, 0.0}, {0.0, 0.0}}
                          Other, 0x10eab0c80, {{357.0, 47.3}, {30.0, 703.7}}, label: 'Vertical scroll bar, 2 pages', value: 0%
                            Other, 0x10eab03c0, {{384.0, 50.3}, {3.0, 637.7}}
                          Other, 0x10eab0000, {{357.0, 47.3}, {30.0, 703.7}}, label: 'Vertical scroll bar, 2 pages', value: 0%
                            Other, 0x10eab0640, {{384.0, 50.3}, {3.0, 637.7}}
                        Button, 0x10eab0280, {{63.0, 760.0}, {39.0, 41.0}}, identifier: 'tab-Files', label: 'Files'
                          Image, 0x10eab0140, {{72.3, 765.3}, {20.0, 16.3}}, identifier: 'folder', label: 'Move'
                          StaticText, 0x10eab0a00, {{71.5, 790.0}, {21.7, 11.0}}, label: 'Files'
                        Button, 0x10b3ba440, {{182.0, 764.7}, {26.0, 36.3}}, identifier: 'tab-Tasks', label: 'Tasks'
                          Image, 0x10b3bb200, {{185.0, 764.7}, {20.0, 18.0}}, identifier: 'checklist', label: 'Checklist With Checkmarks'
                          StaticText, 0x10b3bb700, {{182.0, 790.0}, {26.0, 11.0}}, label: 'Tasks'
                        Button, 0x10b3babc0, {{288.5, 764.0}, {38.3, 37.0}}, identifier: 'tab-Settings', label: 'Settings'
                          Image, 0x10b3b9cc0, {{298.3, 764.0}, {19.0, 19.0}}, identifier: 'gearshape', label: 'Gear Shape'
                          StaticText, 0x10b3baf80, {{288.5, 790.0}, {38.3, 11.0}}, label: 'Settings'
                Toolbar, 0x10b3bb340, {{0.0, 0.0}, {390.0, 844.0}}, identifier: 'Toolbar', label: 'Toolbar'
                  Other, 0x10b3bad00, {{0.0, 0.0}, {390.0, 844.0}}
      Other, 0x10b3ba800, {{0.0, 0.0}, {390.0, 844.0}}
        Other, 0x10b3baa80, {{-390.0, -844.0}, {1170.0, 2532.0}}
        Other, 0x10b3b8000, {{0.0, 0.0}, {390.0, 844.0}}
          Other, 0x10b3bb480, {{0.0, 0.0}, {390.0, 844.0}}
            Other, 0x10b3ba940, {{0.0, 0.0}, {390.0, 844.0}}
              Other, 0x10b3bb840, {{0.0, 0.0}, {390.0, 844.0}}
                Other, 0x10b3bb5c0, {{0.0, 0.0}, {390.0, 844.0}}
                  Other, 0x10b3b97c0, {{21.8, 69.7}, {30.6, 30.6}}, label: 'Cancel'
                Other, 0x10b3b9b80, {{0.0, 0.0}, {390.0, 844.0}}
                  Other, 0x10b3bb980, {{0.0, 0.0}, {390.0, 844.0}}
                    Other, 0x10b3ba580, {{0.0, 0.0}, {390.0, 844.0}}
                      Other, 0x10eaac000, {{0.0, 0.0}, {780.0, 1688.0}}
                        Other, 0x10eaac3c0, {{0.0, 0.0}, {390.0, 844.0}}
                          Other, 0x10eaac780, {{0.0, 0.0}, {390.0, 844.0}}
                            Other, 0x10eaac640, {{0.0, 47.0}, {390.0, 797.0}}
                              Image, 0x10eaac500, {{-150.0, -103.0}, {690.0, 1097.0}}
                              Other, 0x10eaaca00, {{0.0, 47.0}, {390.0, 797.0}}
                                Other, 0x10eaac8c0, {{0.0, 47.0}, {390.0, 797.0}}
                                  Other, 0x10eaac280, {{0.0, 47.0}, {390.0, 797.0}}
                                    Other, 0x10eaac140, {{0.0, 47.0}, {390.0, 797.0}}
                                      Other, 0x10eaacb40, {{0.0, 47.0}, {390.0, 797.0}}
                                      Other, 0x10e9e4c80, {{0.0, 47.0}, {390.0, 797.0}}
                                        Other, 0x10e9e4dc0, {{0.0, 47.0}, {390.0, 797.0}}
                                          Other, 0x10e9e4f00, {{0.0, 47.0}, {390.0, 797.0}}
                                            Other, 0x10e9e5040, {{0.0, 47.0}, {390.0, 797.0}}
                                              Other, 0x10e9e52c0, {{0.0, 47.0}, {390.0, 797.0}}, identifier: 'Browse View (Picker)'
                                                Other, 0x10e9e5400, {{0.0, 47.0}, {390.0, 797.0}}
                                                  Other, 0x10e9e5540, {{0.0, 47.0}, {390.0, 797.0}}
                                                    Other, 0x10e9e5680, {{0.0, 47.0}, {390.0, 797.0}}
                                                      Other, 0x10e9e57c0, {{0.0, 47.0}, {390.0, 797.0}}
                                                        Other, 0x10e9e5900, {{0.0, 47.0}, {390.0, 797.0}}
                                                        Other, 0x10e9e5a40, {{0.0, 47.0}, {390.0, 797.0}}, identifier: 'DOC.browsingRoot Source: com.apple.CloudDocs.iCloudDriveFileProvider/11957428-1A60-46AF-8524-B680B7BEAB63, Title: iCloud云盘'
                                                          NavigationBar, 0x10e9e5b80, {{0.0, 63.0}, {390.0, 108.0}}, identifier: 'FullDocumentManagerViewControllerNavigationBar'
                                                            Button, 0x10e9e6080, {{20.0, 67.0}, {36.0, 36.0}}, identifier: 'DOC.navBarButton.backInHistory', label: 'Back'
                                                            Button, 0x10e9e7c00, {{72.0, 67.0}, {36.0, 36.0}}, identifier: 'DOC.navBarButton.forwardInHistory', label: 'Forward', Disabled
                                                            Button, 0x10e9e7e80, {{124.0, 74.7}, {79.0, 20.7}}, label: 'Downloads, Actions Menu'
                                                            Button, 0x10e9e7d40, {{245.0, 67.0}, {38.0, 36.0}}, identifier: 'OverflowBarButtonItem', label: 'More'
                                                            Button, 0x10e9e7ac0, {{303.0, 67.0}, {67.0, 36.0}}, label: 'Open'
                                                            SearchField, 0x10e9e7980, {{16.0, 117.0}, {358.0, 44.0}}, label: 'Search', placeholderValue: 'Search'
                                                              Button, 0x10e9e7480, {{340.7, 128.0}, {17.3, 22.0}}, identifier: 'Dictate', label: 'Dictate'
                                                              Image, 0x10e9e7840, {{28.0, 129.0}, {20.7, 19.3}}, identifier: 'magnifyingglass', label: 'Search'
                                                              Button, 0x10e9e7700, {{340.7, 128.0}, {17.3, 22.0}}, identifier: 'Dictate', label: 'Dictate'
                                                          Other, 0x10e9e75c0, {{0.0, 47.0}, {390.0, 797.0}}
                                                            Other, 0x10e9e6f80, {{0.0, 47.0}, {390.0, 797.0}}
                                                              Other, 0x10e9e7340, {{0.0, 47.0}, {390.0, 797.0}}
                                                                Other, 0x10e9e7200, {{0.0, 47.0}, {390.0, 797.0}}
                                                                  ScrollView, 0x10e9e70c0, {{0.0, 47.0}, {390.0, 797.0}}
                                                                    Other, 0x10e9e6e40, {{0.0, 47.0}, {390.0, 797.0}}
                                                                      Other, 0x10e9e6d00, {{0.0, 47.0}, {390.0, 110.0}}
                                                                      Other, 0x10e9e6bc0, {{0.0, 711.0}, {390.0, 133.0}}
                                                                    Other, 0x10e9e6a80, {{0.0, 47.0}, {390.0, 797.0}}
                                                                      Other, 0x10e9e6940, {{0.0, 711.0}, {390.0, 133.0}}
                                                                    CollectionView, 0x10e9e6800, {{0.0, 47.0}, {390.0, 797.0}}, identifier: 'File View', value: Icon Mode
                                                                      Other, 0x10e9e66c0, {{0.0, 47.0}, {390.0, 797.0}}
                                                                        Other, 0x10e9e6580, {{0.0, 47.0}, {390.0, 110.0}}
                                                                        Other, 0x10e9e6440, {{0.0, 711.0}, {390.0, 133.0}}
                                                                      Other, 0x10e9e6300, {{0.0, 47.0}, {390.0, 797.0}}
                                                                      Cell, 0x10e9e61c0, {{10.0, 181.0}, {118.0, 189.7}}, identifier: '0930.zip, zip', label: '0930.zip, zip, 昨天, 59 KB'
                                                                        Other, 0x10e9e5f40, {{10.0, 181.0}, {118.0, 189.7}}
                                                                        Other, 0x10e9e5cc0, {{10.0, 181.0}, {118.0, 189.7}}
                                                                          Other, 0x10e9e5e00, {{27.0, 185.0}, {84.0, 84.0}}
                                                                            Image, 0x10e9e5180, {{27.0, 185.0}, {84.0, 84.0}}
                                                                          Image, 0x1168aed00, {{54.0, 229.2}, {30.0, 30.0}}
                                                                          Image, 0x1168aee40, {{55.0, 230.7}, {28.0, 28.0}}, identifier: 'circle', label: 'Circle'
                                                                          Other, 0x1168aef80, {{13.0, 274.0}, {112.0, 55.7}}
                                                                            StaticText, 0x1168af0c0, {{13.0, 274.0}, {112.0, 20.0}}, label: '0930.zip'
                                                                            StaticText, 0x1168af340, {{13.0, 297.0}, {112.0, 14.3}}, label: '昨天'
                                                                            StaticText, 0x1168af480, {{13.0, 315.3}, {112.0, 14.3}}, label: '59 KB'
                                                                      Cell, 0x1168af5c0, {{136.0, 181.0}, {118.0, 189.7}}, identifier: 'ternal020929, md', label: 'ternal020929, md, 前天, 18 bytes'
                                                                        Other, 0x1168af700, {{136.0, 181.0}, {118.0, 189.7}}
                                                                        Other, 0x1168af840, {{136.0, 181.0}, {118.0, 189.7}}
                                                                          Other, 0x1168af980, {{153.0, 185.0}, {84.0, 84.0}}
                                                                            Image, 0x1168afac0, {{163.7, 185.0}, {63.0, 84.0}}
                                                                            Other, 0x1168afc00, {{163.7, 185.0}, {63.0, 84.0}}
                                                                          Image, 0x1168afd40, {{180.0, 229.2}, {30.0, 30.0}}
                                                                          Image, 0x1168afe80, {{181.0, 230.7}, {28.0, 28.0}}, identifier: 'circle', label: 'Circle'
                                                                          Other, 0x1168af200, {{139.0, 274.0}, {112.0, 55.7}}
                                                                            StaticText, 0x10e9e8000, {{139.0, 274.0}, {112.0, 20.0}}, label: 'ternal020929'
                                                                            StaticText, 0x10e9e8140, {{139.0, 297.0}, {112.0, 14.3}}, label: '前天'
                                                                            StaticText, 0x10e9e8280, {{139.0, 315.3}, {112.0, 14.3}}, label: '18 bytes'
                                                                      Other, 0x10e9e83c0, {{0.0, 700.3}, {390.0, 60.7}}
                                                                        Other, 0x10e9e8500, {{0.0, 700.3}, {390.0, 60.7}}, identifier: 'DOCItemCollectionViewFooterViewIdentifier'
                                                                          StaticText, 0x10e9e8640, {{168.0, 700.3}, {54.0, 18.0}}, label: '2 items'
                                                                          Other, 0x10e9e8780, {{137.0, 725.3}, {116.3, 15.7}}
                                                                            Other, 0x10e9e88c0, {{137.0, 725.3}, {116.3, 15.7}}
                                                                              Other, 0x10e9e8a00, {{137.0, 725.3}, {116.3, 15.7}}
                                                                                StaticText, 0x10e9e8b40, {{137.0, 725.3}, {116.3, 15.7}}, label: 'Synced with iCloud'
                                                                      Other, 0x10e9e8c80, {{357.0, 117.0}, {30.0, 644.0}}, label: 'Vertical scroll bar, 1 pages', value: 0%
                                                                        Other, 0x10e9e8dc0, {{384.0, 500.3}, {3.0, 257.7}}
                                                                      Other, 0x10e9e8f00, {{357.0, 117.0}, {30.0, 644.0}}, label: 'Vertical scroll bar, 1 pages', value: 0%
                                                                        Other, 0x10e9e9040, {{384.0, 500.3}, {3.0, 257.7}}
                                                                    Other, 0x10e9e9180, {{357.0, 171.0}, {30.0, 590.0}}, label: 'Vertical scroll bar, 1 pages', value: 0%
                                                                      Other, 0x10e9e92c0, {{384.0, 751.0}, {3.0, 7.0}}
                                                                    Other, 0x10e9e9400, {{47.3, 728.0}, {295.3, 30.0}}, label: 'Horizontal scroll bar, 1 pages', value: 0%
                                                                      Other, 0x10e9e9540, {{337.3, 755.0}, {7.0, 3.0}}
                                                                    Other, 0x10e9e9680, {{357.0, 171.0}, {30.0, 590.0}}, label: 'Vertical scroll bar, 1 pages', value: 0%
                                                                      Other, 0x10e9e97c0, {{384.0, 751.0}, {3.0, 7.0}}
                                                                    Other, 0x10e9e9900, {{47.3, 728.0}, {295.3, 30.0}}, label: 'Horizontal scroll bar, 1 pages', value: 0%
                                                                      Other, 0x10e9e9a40, {{337.3, 755.0}, {7.0, 3.0}}
                                                          Toolbar, 0x10e9e9b80, {{0.0, 47.0}, {390.0, 797.0}}, identifier: 'Toolbar', label: 'Toolbar'
                                                            Other, 0x10e9e9cc0, {{0.0, 47.0}, {390.0, 797.0}}
                                                    Toolbar, 0x10e9e9e00, {{0.0, 47.0}, {390.0, 797.0}}, identifier: 'Toolbar', label: 'Toolbar'
                                                      Other, 0x10e9e9f40, {{0.0, 47.0}, {390.0, 797.0}}
                                                Other, 0x10e9ea080, {{0.0, 47.0}, {390.0, 797.0}}
                                                  Other, 0x10e9ea1c0, {{0.0, 47.0}, {390.0, 797.0}}
                                        Other, 0x10e9ea300, {{0.0, 47.0}, {390.0, 797.0}}
                                          Other, 0x10e9ea440, {{0.0, 761.0}, {390.0, 83.0}}
                                            Other, 0x10e9ea580, {{0.0, 47.0}, {390.0, 797.0}}
                                              TabBar, 0x10e9ea6c0, {{0.0, 761.0}, {390.0, 83.0}}, identifier: 'DOC.browsingModeTabBar', label: 'Tab Bar'
                                                Other, 0x10e9ea800, {{58.0, 761.0}, {274.0, 62.0}}
                                                  Other, 0x10e9ea940, {{58.0, 761.0}, {94.0, 54.0}}
                                                  Other, 0x10e9eaa80, {{58.0, 761.0}, {274.0, 62.0}}
                                                    Button, 0x10e9eabc0, {{62.0, 765.0}, {94.0, 54.0}}, label: 'Recents'
                                                      Image, 0x10e9ead00, {{95.3, 771.3}, {27.3, 27.3}}, identifier: 'clock.fill', label: 'clock'
                                                    Button, 0x10e9eae40, {{148.0, 765.0}, {94.0, 54.0}}, label: 'Shared'
                                                      Image, 0x10e9eaf80, {{176.7, 772.7}, {37.0, 26.0}}, identifier: 'person.2.fill', label: 'Two people, filled'
                                                    Button, 0x10e9eb0c0, {{234.0, 765.0}, {94.0, 54.0}}, label: 'Browse', Selected
                                                      Image, 0x10e9eb200, {{265.0, 772.3}, {32.0, 25.0}}, identifier: 'folder.fill', label: 'move'
                                                  Other, 0x10e9eb340, {{58.0, 761.0}, {274.0, 62.0}}
                                                  Other, 0x10e9eb480, {{234.0, 765.0}, {94.0, 54.0}}
                                                    Other, 0x10e9eb5c0, {{234.0, 765.0}, {94.0, 54.0}}
                                                      Other, 0x10e9eb700, {{234.0, 765.0}, {94.0, 54.0}}
                                                      Other, 0x10e9eb840, {{234.0, 765.0}, {94.0, 54.0}}
                                                        Other, 0x10e9eb980, {{234.0, 765.0}, {94.0, 54.0}}
                                                          Other, 0x10e9ebac0, {{234.0, 765.0}, {94.0, 54.0}}
                                                            Other, 0x10e9ebc00, {{234.0, 765.0}, {94.0, 54.0}}
                                                          Other, 0x10e9ebd40, {{234.0, 765.0}, {94.0, 54.0}}
                                                        Other, 0x10e9ebe80, {{234.0, 765.0}, {94.0, 54.0}}
                                            Other, 0x10eaf8000, {{0.0, 761.0}, {390.0, 83.0}}
                                              Other, 0x10eaf8140, {{0.0, 761.0}, {390.0, 83.0}}
                                                Other, 0x10eaf8280, {{0.0, 761.0}, {390.0, 83.0}}
                                                  Other, 0x10eaf83c0, {{0.0, 761.0}, {390.0, 83.0}}
                                                    Other, 0x10eaf8500, {{0.0, 761.0}, {390.0, 83.0}}
                                                      Other, 0x10eaf8640, {{0.0, 761.0}, {390.0, 83.0}}
                                                  Other, 0x10eaf8780, {{0.0, 761.0}, {390.0, 83.0}}
                                                    Other, 0x10eaf88c0, {{0.0, 761.0}, {390.0, 83.0}}
                          Other, 0x10eaf8a00, {{0.0, 0.0}, {390.0, 844.0}}
Path to element:
 →Application, 0x10e9f4b40, pid: 15182, label: 'ZipHarbor'
Query chain:
 →Find: Target Application 'com.xiaolongxu.zipharbor.app'
  Output: {
    Application, 0x10eaf8b40, pid: 15182, label: 'ZipHarbor'
  }

    t =    22.70s Tear Down
Test Case '-[ZipHarborUITests.ZipHarborUITests testSystemFilesImportsRealArchive]' failed (22.737 seconds).
Test Case '-[ZipHarborUITests.ZipHarborUITests testSystemPickerAndSharePresentation]' started.
    t =     0.00s Start Test at 2026-10-01 23:05:43.490
    t =     0.01s Set Up
    t =     0.01s Open com.xiaolongxu.zipharbor.app
    t =     0.01s     Launch com.xiaolongxu.zipharbor.app
    t =     0.02s         Terminate com.xiaolongxu.zipharbor.app:15182
2026-10-01 23:05:42.457 xcodebuild[65303:4140951] [MT] IDELaunchParametersSnapshot: debugger version lookup failed for path '<nil>': noURL
2026-10-01 23:05:42.457 xcodebuild[65303:4140951] [MT] IDELaunchParametersSnapshot: no debugger version
    t =     1.31s         Setting up automation session
    t =     1.64s         Wait for com.xiaolongxu.zipharbor.app to idle
    t =     2.83s Waiting 25.0s for "file-课程资料_2026.zip" Button to exist
    t =     3.84s     Checking `Expect predicate `existsNoRetry == 1` for object "file-课程资料_2026.zip" Button`
    t =     3.85s         Checking existence of `"file-课程资料_2026.zip" Button`
    t =     3.86s             Requesting snapshot of accessibility hierarchy for app with pid 15184
    t =     3.97s             Find: Descendants matching type Button
    t =     3.97s             Find: Elements matching predicate '"file-课程资料_2026.zip" IN identifiers'
    t =     3.98s Tap "openArchiveButton" Button
    t =     3.98s     Wait for com.xiaolongxu.zipharbor.app to idle
    t =     3.99s     Find the "openArchiveButton" Button
    t =     3.99s         Requesting snapshot of accessibility hierarchy for app with pid 15184
    t =     4.06s         Find: Descendants matching type Button
    t =     4.06s         Find: Elements matching predicate '"openArchiveButton" IN identifiers'
    t =     4.06s     Check for interrupting elements affecting "openArchiveButton" Button
    t =     4.09s         Requesting snapshot of accessibility hierarchy for app with pid 15184
    t =     4.14s         Find: Descendants matching predicate identifier == "NotificationShortLookView" OR elementType == 7
    t =     4.14s     Synthesize event
    t =     4.45s     Wait for com.xiaolongxu.zipharbor.app to idle
    t =     4.47s Waiting 30.0s for "Browse" Button to exist
    t =     5.49s     Checking `Expect predicate `existsNoRetry == 1` for object "Browse" Button`
    t =     5.49s         Checking existence of `"Browse" Button`
    t =     5.50s             Requesting snapshot of accessibility hierarchy for app with pid 15184
    t =     5.65s             Find: Descendants matching type Button
    t =     5.65s             Find: Elements matching predicate '"Browse" IN identifiers'
    t =     5.66s Find the Target Application 'com.xiaolongxu.zipharbor.app'
    t =     5.66s     Requesting snapshot of accessibility hierarchy for app with pid 15184
    t =     5.86s Added attachment named 'system-files-picker'
    t =     5.86s Checking existence of `Button (First Match)`
    t =     5.87s     Requesting snapshot of accessibility hierarchy for app with pid 15184
    t =     5.97s Press Target Application 'com.xiaolongxu.zipharbor.app'[0.50, 0.08] for 0.1 seconds, then drag to Target Application 'com.xiaolongxu.zipharbor.app'[0.50, 0.85] with velocity of 500.00 pixels per second, and then hold for 0.0 seconds 
    t =     5.97s     Wait for com.xiaolongxu.zipharbor.app to idle
    t =     5.98s     Find the Target Application 'com.xiaolongxu.zipharbor.app'
    t =     5.98s         Requesting snapshot of accessibility hierarchy for app with pid 15184
    t =     6.06s     Check for interrupting elements affecting "ZipHarbor" Application
    t =     6.07s         Requesting snapshot of accessibility hierarchy for app with pid 15184
    t =     6.13s         Find: Descendants matching predicate identifier == "NotificationShortLookView" OR elementType == 7
    t =     6.14s     Synthesize event
    t =     6.15s         Find the Target Application 'com.xiaolongxu.zipharbor.app'
    t =     6.15s             Requesting snapshot of accessibility hierarchy for app with pid 15184
    t =     6.22s         Find the Target Application 'com.xiaolongxu.zipharbor.app'
    t =     6.22s             Requesting snapshot of accessibility hierarchy for app with pid 15184
    t =     6.30s         Find the Target Application 'com.xiaolongxu.zipharbor.app'
    t =     6.30s             Requesting snapshot of accessibility hierarchy for app with pid 15184
    t =     6.37s         Find the Target Application 'com.xiaolongxu.zipharbor.app'
    t =     6.37s             Requesting snapshot of accessibility hierarchy for app with pid 15184
    t =     6.45s         Find the Target Application 'com.xiaolongxu.zipharbor.app'
    t =     6.45s             Requesting snapshot of accessibility hierarchy for app with pid 15184
    t =     8.15s     Wait for com.xiaolongxu.zipharbor.app to idle
    t =     8.53s Waiting 5.0s for "file-课程资料_2026.zip" Button to exist
    t =     9.55s     Checking `Expect predicate `existsNoRetry == 1` for object "file-课程资料_2026.zip" Button`
    t =     9.55s         Checking existence of `"file-课程资料_2026.zip" Button`
    t =     9.56s             Requesting snapshot of accessibility hierarchy for app with pid 15184
    t =     9.65s             Find: Descendants matching type Button
    t =     9.66s             Find: Elements matching predicate '"file-课程资料_2026.zip" IN identifiers'
    t =     9.66s Tap "file-课程资料_2026.zip" Button
    t =     9.66s     Wait for com.xiaolongxu.zipharbor.app to idle
    t =     9.67s     Find the "file-课程资料_2026.zip" Button
    t =     9.68s         Requesting snapshot of accessibility hierarchy for app with pid 15184
    t =     9.75s         Find: Descendants matching type Button
    t =     9.75s         Find: Elements matching predicate '"file-课程资料_2026.zip" IN identifiers'
    t =     9.75s     Check for interrupting elements affecting "file-课程资料_2026.zip" Button
    t =     9.77s         Requesting snapshot of accessibility hierarchy for app with pid 15184
    t =     9.83s         Find: Descendants matching predicate identifier == "NotificationShortLookView" OR elementType == 7
    t =     9.83s     Synthesize event
    t =    10.15s     Wait for com.xiaolongxu.zipharbor.app to idle
    t =    10.56s Waiting 10.0s for "extractToButton" Button to exist
    t =    11.57s     Checking `Expect predicate `existsNoRetry == 1` for object "extractToButton" Button`
    t =    11.58s         Checking existence of `"extractToButton" Button`
    t =    11.59s             Requesting snapshot of accessibility hierarchy for app with pid 15184
    t =    11.67s             Find: Descendants matching type Button
    t =    11.67s             Find: Elements matching predicate '"extractToButton" IN identifiers'
    t =    11.68s Tap "Share archive" Button
    t =    11.68s     Wait for com.xiaolongxu.zipharbor.app to idle
    t =    11.69s     Find the "Share archive" Button
    t =    11.69s         Requesting snapshot of accessibility hierarchy for app with pid 15184
    t =    11.75s         Find: Descendants matching type Button
    t =    11.75s         Find: Elements matching predicate '"Share archive" IN identifiers'
    t =    11.75s     Check for interrupting elements affecting "Share archive" Button
    t =    11.78s         Requesting snapshot of accessibility hierarchy for app with pid 15184
    t =    11.83s         Find: Descendants matching predicate identifier == "NotificationShortLookView" OR elementType == 7
    t =    11.83s     Synthesize event
    t =    12.15s     Wait for com.xiaolongxu.zipharbor.app to idle
    t =    12.31s Waiting 15.0s for Button (First Match) to exist
    t =    13.33s     Checking `Expect predicate `existsNoRetry == 1` for object Button (First Match)`
    t =    13.33s         Checking existence of `Button (First Match)`
    t =    13.34s             Requesting snapshot of accessibility hierarchy for app with pid 15184
    t =    13.53s Find the Target Application 'com.xiaolongxu.zipharbor.app'
    t =    13.53s     Requesting snapshot of accessibility hierarchy for app with pid 15184
    t =    13.80s Added attachment named 'system-share'
    t =    13.80s Tear Down
Test Case '-[ZipHarborUITests.ZipHarborUITests testSystemPickerAndSharePresentation]' passed (13.851 seconds).
Test Case '-[ZipHarborUITests.ZipHarborUITests testWrongPasswordCanRetryWithoutRestartingExtraction]' started.
    t =     0.00s Start Test at 2026-10-01 23:05:57.341
    t =     0.02s Set Up
    t =     0.02s Open com.xiaolongxu.zipharbor.app
    t =     0.02s     Launch com.xiaolongxu.zipharbor.app
    t =     0.02s         Terminate com.xiaolongxu.zipharbor.app:15184
2026-10-01 23:05:56.268 xcodebuild[65303:4140951] [MT] IDELaunchParametersSnapshot: debugger version lookup failed for path '<nil>': noURL
2026-10-01 23:05:56.268 xcodebuild[65303:4140951] [MT] IDELaunchParametersSnapshot: no debugger version
    t =     1.28s         Setting up automation session
    t =     1.62s         Wait for com.xiaolongxu.zipharbor.app to idle
    t =     2.88s Waiting 25.0s for "file-课程资料_2026.zip" Button to exist
    t =     3.90s     Checking `Expect predicate `existsNoRetry == 1` for object "file-课程资料_2026.zip" Button`
    t =     3.90s         Checking existence of `"file-课程资料_2026.zip" Button`
    t =     3.91s             Requesting snapshot of accessibility hierarchy for app with pid 15187
    t =     4.02s             Find: Descendants matching type Button
    t =     4.02s             Find: Elements matching predicate '"file-课程资料_2026.zip" IN identifiers'
    t =     4.03s Tap "file-0903.zip" Button
    t =     4.03s     Wait for com.xiaolongxu.zipharbor.app to idle
    t =     4.04s     Find the "file-0903.zip" Button
    t =     4.04s         Requesting snapshot of accessibility hierarchy for app with pid 15187
    t =     4.09s         Find: Descendants matching type Button
    t =     4.09s         Find: Elements matching predicate '"file-0903.zip" IN identifiers'
    t =     4.10s     Check for interrupting elements affecting "file-0903.zip" Button
    t =     4.12s         Requesting snapshot of accessibility hierarchy for app with pid 15187
    t =     4.17s         Find: Descendants matching predicate identifier == "NotificationShortLookView" OR elementType == 7
    t =     4.17s     Synthesize event
    t =     4.49s     Wait for com.xiaolongxu.zipharbor.app to idle
    t =     4.89s Waiting 10.0s for "extractToButton" Button to exist
    t =     5.91s     Checking `Expect predicate `existsNoRetry == 1` for object "extractToButton" Button`
    t =     5.91s         Checking existence of `"extractToButton" Button`
    t =     5.91s             Requesting snapshot of accessibility hierarchy for app with pid 15187
    t =     5.99s             Find: Descendants matching type Button
    t =     6.00s             Find: Elements matching predicate '"extractToButton" IN identifiers'
    t =     6.00s Tap "extractToButton" Button
    t =     6.00s     Wait for com.xiaolongxu.zipharbor.app to idle
    t =     6.01s     Find the "extractToButton" Button
    t =     6.01s         Requesting snapshot of accessibility hierarchy for app with pid 15187
    t =     6.07s         Find: Descendants matching type Button
    t =     6.07s         Find: Elements matching predicate '"extractToButton" IN identifiers'
    t =     6.07s     Check for interrupting elements affecting "extractToButton" Button
    t =     6.10s         Requesting snapshot of accessibility hierarchy for app with pid 15187
    t =     6.14s         Find: Descendants matching predicate identifier == "NotificationShortLookView" OR elementType == 7
    t =     6.14s     Synthesize event
    t =     6.45s     Wait for com.xiaolongxu.zipharbor.app to idle
    t =     6.88s Waiting 5.0s for "startExtractionButton" Button to exist
    t =     7.89s     Checking `Expect predicate `existsNoRetry == 1` for object "startExtractionButton" Button`
    t =     7.90s         Checking existence of `"startExtractionButton" Button`
    t =     7.91s             Requesting snapshot of accessibility hierarchy for app with pid 15187
    t =     8.03s             Find: Descendants matching type Button
    t =     8.03s             Find: Elements matching predicate '"startExtractionButton" IN identifiers'
    t =     8.04s Find the Target Application 'com.xiaolongxu.zipharbor.app'
    t =     8.04s     Requesting snapshot of accessibility hierarchy for app with pid 15187
    t =     8.22s Added attachment named 'extraction-destination'
    t =     8.22s Tap "startExtractionButton" Button
    t =     8.22s     Wait for com.xiaolongxu.zipharbor.app to idle
    t =     8.22s     Find the "startExtractionButton" Button
    t =     8.22s         Requesting snapshot of accessibility hierarchy for app with pid 15187
    t =     8.31s         Find: Descendants matching type Button
    t =     8.31s         Find: Elements matching predicate '"startExtractionButton" IN identifiers'
    t =     8.31s     Check for interrupting elements affecting "startExtractionButton" Button
    t =     8.33s         Requesting snapshot of accessibility hierarchy for app with pid 15187
    t =     8.38s         Find: Descendants matching predicate identifier == "NotificationShortLookView" OR elementType == 7
    t =     8.39s     Synthesize event
    t =     8.69s     Wait for com.xiaolongxu.zipharbor.app to idle
    t =     9.69s Waiting 15.0s for "taskPasswordField" SecureTextField to exist
    t =    10.71s     Checking `Expect predicate `existsNoRetry == 1` for object "taskPasswordField" SecureTextField`
    t =    10.71s         Checking existence of `"taskPasswordField" SecureTextField`
    t =    10.72s             Requesting snapshot of accessibility hierarchy for app with pid 15187
    t =    10.82s             Find: Descendants matching type SecureTextField
    t =    10.82s             Find: Elements matching predicate '"taskPasswordField" IN identifiers'
    t =    10.83s Tap "taskPasswordField" SecureTextField
    t =    10.83s     Wait for com.xiaolongxu.zipharbor.app to idle
    t =    10.84s     Find the "taskPasswordField" SecureTextField
    t =    10.84s         Requesting snapshot of accessibility hierarchy for app with pid 15187
    t =    10.89s         Find: Descendants matching type SecureTextField
    t =    10.89s         Find: Elements matching predicate '"taskPasswordField" IN identifiers'
    t =    10.90s     Check for interrupting elements affecting "taskPasswordField" SecureTextField
    t =    10.92s         Requesting snapshot of accessibility hierarchy for app with pid 15187
    t =    10.96s         Find: Descendants matching predicate identifier == "NotificationShortLookView" OR elementType == 7
    t =    10.97s     Synthesize event
    t =    11.28s     Wait for com.xiaolongxu.zipharbor.app to idle
    t =    12.22s Type '<redacted>' into "taskPasswordField" SecureTextField
    t =    12.22s     Wait for com.xiaolongxu.zipharbor.app to idle
    t =    12.24s     Find the "taskPasswordField" SecureTextField
    t =    12.24s         Requesting snapshot of accessibility hierarchy for app with pid 15187
    t =    12.37s         Find: Descendants matching type SecureTextField
    t =    12.37s         Find: Elements matching predicate '"taskPasswordField" IN identifiers'
    t =    12.38s     Check for interrupting elements affecting "taskPasswordField" SecureTextField
    t =    12.40s         Requesting snapshot of accessibility hierarchy for app with pid 15187
    t =    12.47s         Find: Descendants matching predicate identifier == "NotificationShortLookView" OR elementType == 7
    t =    12.48s     Synthesize event
    t =    12.80s     Wait for com.xiaolongxu.zipharbor.app to idle
    t =    12.81s Tap "unlockAndContinueButton" Button
    t =    12.81s     Wait for com.xiaolongxu.zipharbor.app to idle
    t =    12.82s     Find the "unlockAndContinueButton" Button
    t =    12.82s         Requesting snapshot of accessibility hierarchy for app with pid 15187
    t =    12.93s         Find: Descendants matching type Button
    t =    12.94s         Find: Elements matching predicate '"unlockAndContinueButton" IN identifiers'
    t =    12.94s     Check for interrupting elements affecting "unlockAndContinueButton" Button
    t =    12.96s         Requesting snapshot of accessibility hierarchy for app with pid 15187
    t =    13.05s         Find: Descendants matching predicate identifier == "NotificationShortLookView" OR elementType == 7
    t =    13.06s     Synthesize event
    t =    13.37s     Wait for com.xiaolongxu.zipharbor.app to idle
    t =    13.82s Waiting 10.0s for "密码不正确，请重试。" StaticText to exist
    t =    14.84s     Checking `Expect predicate `existsNoRetry == 1` for object "密码不正确，请重试。" StaticText`
    t =    14.85s         Checking existence of `"密码不正确，请重试。" StaticText`
    t =    14.86s             Requesting snapshot of accessibility hierarchy for app with pid 15187
    t =    14.94s             Find: Descendants matching type StaticText
    t =    14.95s             Find: Elements matching predicate '"密码不正确，请重试。" IN identifiers'
    t =    14.95s Find the Target Application 'com.xiaolongxu.zipharbor.app'
    t =    14.96s     Requesting snapshot of accessibility hierarchy for app with pid 15187
    t =    15.16s Added attachment named 'wrong-password'
    t =    15.16s Tap "taskPasswordField" SecureTextField
    t =    15.16s     Wait for com.xiaolongxu.zipharbor.app to idle
    t =    15.16s     Find the "taskPasswordField" SecureTextField
    t =    15.16s         Requesting snapshot of accessibility hierarchy for app with pid 15187
    t =    15.23s         Find: Descendants matching type SecureTextField
    t =    15.23s         Find: Elements matching predicate '"taskPasswordField" IN identifiers'
    t =    15.23s     Check for interrupting elements affecting "taskPasswordField" SecureTextField
    t =    15.25s         Requesting snapshot of accessibility hierarchy for app with pid 15187
    t =    15.29s         Find: Descendants matching predicate identifier == "NotificationShortLookView" OR elementType == 7
    t =    15.30s     Synthesize event
    t =    15.60s     Wait for com.xiaolongxu.zipharbor.app to idle
    t =    16.44s Type '...' into "taskPasswordField" SecureTextField
    t =    16.44s     Wait for com.xiaolongxu.zipharbor.app to idle
    t =    16.46s     Find the "taskPasswordField" SecureTextField
    t =    16.46s         Requesting snapshot of accessibility hierarchy for app with pid 15187
    t =    16.57s         Find: Descendants matching type SecureTextField
    t =    16.57s         Find: Elements matching predicate '"taskPasswordField" IN identifiers'
    t =    16.58s     Check for interrupting elements affecting "taskPasswordField" SecureTextField
    t =    16.60s         Requesting snapshot of accessibility hierarchy for app with pid 15187
    t =    16.70s         Find: Descendants matching predicate identifier == "NotificationShortLookView" OR elementType == 7
    t =    16.71s     Synthesize event
    t =    17.27s     Wait for com.xiaolongxu.zipharbor.app to idle
    t =    17.28s Type '<redacted>' into "taskPasswordField" SecureTextField
    t =    17.28s     Wait for com.xiaolongxu.zipharbor.app to idle
    t =    17.29s     Find the "taskPasswordField" SecureTextField
    t =    17.29s         Requesting snapshot of accessibility hierarchy for app with pid 15187
    t =    17.41s         Find: Descendants matching type SecureTextField
    t =    17.41s         Find: Elements matching predicate '"taskPasswordField" IN identifiers'
    t =    17.41s     Check for interrupting elements affecting "taskPasswordField" SecureTextField
    t =    17.43s         Requesting snapshot of accessibility hierarchy for app with pid 15187
    t =    17.52s         Find: Descendants matching predicate identifier == "NotificationShortLookView" OR elementType == 7
    t =    17.52s     Synthesize event
    t =    17.82s     Wait for com.xiaolongxu.zipharbor.app to idle
    t =    17.83s Tap "unlockAndContinueButton" Button
    t =    17.83s     Wait for com.xiaolongxu.zipharbor.app to idle
    t =    17.84s     Find the "unlockAndContinueButton" Button
    t =    17.84s         Requesting snapshot of accessibility hierarchy for app with pid 15187
    t =    17.96s         Find: Descendants matching type Button
    t =    17.96s         Find: Elements matching predicate '"unlockAndContinueButton" IN identifiers'
    t =    17.97s     Check for interrupting elements affecting "unlockAndContinueButton" Button
    t =    17.99s         Requesting snapshot of accessibility hierarchy for app with pid 15187
    t =    18.08s         Find: Descendants matching predicate identifier == "NotificationShortLookView" OR elementType == 7
    t =    18.09s     Synthesize event
    t =    18.38s     Wait for com.xiaolongxu.zipharbor.app to idle
    t =    18.83s Waiting 20.0s for "resultDoneButton" Button to exist
    t =    19.85s     Checking `Expect predicate `existsNoRetry == 1` for object "resultDoneButton" Button`
    t =    19.85s         Checking existence of `"resultDoneButton" Button`
    t =    19.87s             Requesting snapshot of accessibility hierarchy for app with pid 15187
    t =    19.95s             Find: Descendants matching type Button
    t =    19.96s             Find: Elements matching predicate '"resultDoneButton" IN identifiers'
    t =    19.96s Tap "resultDoneButton" Button
    t =    19.96s     Wait for com.xiaolongxu.zipharbor.app to idle
    t =    19.97s     Find the "resultDoneButton" Button
    t =    19.97s         Requesting snapshot of accessibility hierarchy for app with pid 15187
    t =    20.03s         Find: Descendants matching type Button
    t =    20.04s         Find: Elements matching predicate '"resultDoneButton" IN identifiers'
    t =    20.04s     Check for interrupting elements affecting "resultDoneButton" Button
    t =    20.06s         Requesting snapshot of accessibility hierarchy for app with pid 15187
    t =    20.11s         Find: Descendants matching predicate identifier == "NotificationShortLookView" OR elementType == 7
    t =    20.12s     Synthesize event
    t =    20.43s     Wait for com.xiaolongxu.zipharbor.app to idle
    t =    20.81s Tear Down
Test Case '-[ZipHarborUITests.ZipHarborUITests testWrongPasswordCanRetryWithoutRestartingExtraction]' passed (20.859 seconds).
Test Suite 'ZipHarborUITests' failed at 2026-10-01 23:06:18.201.
	 Executed 14 tests, with 1 test skipped and 1 failure (0 unexpected) in 237.880 (237.897) seconds
Test Suite 'ZipHarborUITests.xctest' failed at 2026-10-01 23:06:18.208.
	 Executed 14 tests, with 1 test skipped and 1 failure (0 unexpected) in 237.880 (237.904) seconds
Test Suite 'All tests' failed at 2026-10-01 23:06:18.209.
	 Executed 14 tests, with 1 test skipped and 1 failure (0 unexpected) in 237.880 (237.906) seconds
2026-10-01 23:06:16.619 xcodebuild[65303:4141071]  IDETestOperationsObserverDebug: Failure collecting diagnostics from devices: Process exited with error 1:
 ERROR: The operation couldn?t be completed. (CoreDeviceCLISupport.DiagnoseError error 0.)
This tool generates files that allow Apple to investigate issues with your
computer and help improve Apple products. The files might contain personal
information found on your device or associated with your Apple Account(s),
including but not limited to your name, serial numbers of your device,
your device name, your device's location over the last one to two days,
your attached peripheral devices, your user name, your email address and
email settings, file paths, file names, Siri suggestions, your computer's
IP addresses, and network connection information.

This information is used by Apple in accordance with its privacy policy
(www.apple.com/privacy) and is not shared with any other company. By using
this tool and sending the results to Apple, you consent to Apple using the
contents of these files to improve Apple products.

An error occurred while running devicectl diagnose. Will archive the diagnostics collected thus far.
Wrote file to /Users/USER/github_space/zip-app/docs/iphone14-acceptance-20261001/results/ui-final.xcresult/Staging/1_Test/Diagnostics/devicectl_diagnostics.zip
Partial devicectl diagnose bundle located here: /Users/USER/github_space/zip-app/docs/iphone14-acceptance-20261001/results/ui-final.xcresult/Staging/1_Test/Diagnostics/devicectl_diagnostics.zip

2026-10-01 23:06:16.661 xcodebuild[65303:4140951] [MT] IDETestOperationsObserverDebug: 246.309 elapsed -- Testing started completed.
2026-10-01 23:06:16.661 xcodebuild[65303:4140951] [MT] IDETestOperationsObserverDebug: 0.000 sec, +0.000 sec -- start
2026-10-01 23:06:16.661 xcodebuild[65303:4140951] [MT] IDETestOperationsObserverDebug: 246.309 sec, +246.309 sec -- end

Test session results, code coverage, and logs:
	/Users/USER/github_space/zip-app/docs/iphone14-acceptance-20261001/results/ui-final.xcresult

Failing tests:
	ZipHarborUITests.testSystemFilesImportsRealArchive()

** TEST FAILED **

Testing started
