Command line invocation:
    /Applications/Xcode.app/Contents/Developer/usr/bin/xcodebuild -project ZipHarbor/ZipHarbor.xcodeproj -scheme ZipHarbor -destination platform=iOS,id=IPHONE14_UDID -derivedDataPath /tmp/ZipHarbor-Device-AppIcon-20261001 -allowProvisioningUpdates -parallel-testing-enabled NO -resultBundlePath docs/iphone14-acceptance-20261001/results/ui-final2.xcresult "-only-testing:ZipHarborUITests" test

Resolve Package Graph


Resolved source packages:
  ArchiveKit: https://github.com/Lakr233/libarchive.xcframework.git @ 1.0.0

Writing result bundle at path:
	/Users/USER/github_space/zip-app/docs/iphone14-acceptance-20261001/results/ui-final2.xcresult

ComputePackagePrebuildTargetDependencyGraph

Prepare packages

CreateBuildRequest

SendProjectDescription

CreateBuildOperation

ComputeTargetDependencyGraph
note: Building targets in dependency order
note: Target dependency graph (5 targets)
    Target 'ZipHarborUITests' in project 'ZipHarbor'
        ➜ Explicit dependency on target 'ZipHarbor' in project 'ZipHarbor'
    Target 'ZipHarborTests' in project 'ZipHarbor'
        ➜ Explicit dependency on target 'ZipHarbor' in project 'ZipHarbor'
    Target 'ZipHarbor' in project 'ZipHarbor'
        ➜ Explicit dependency on target 'ArchiveKit-product' in project 'ArchiveKit'
    Target 'ArchiveKit-product' in project 'ArchiveKit'
        ➜ Explicit dependency on target 'ArchiveKit' in project 'ArchiveKit'
    Target 'ArchiveKit' in project 'ArchiveKit' (no dependencies)

GatherProvisioningInputs

CreateBuildDescription

ClangStatCache /Applications/Xcode.app/Contents/Developer/Toolchains/XcodeDefault.xctoolchain/usr/bin/clang-stat-cache /Applications/Xcode.app/Contents/Developer/Platforms/iPhoneOS.platform/Developer/SDKs/iPhoneOS27.0.sdk /tmp/ZipHarbor-Device-AppIcon-20261001/SDKStatCaches.noindex/iphoneos27.0-24A430-6c78b3cbc238196c85e1bf6c792c5915.sdkstatcache
    cd /Users/USER/github_space/zip-app/ZipHarbor/ZipHarbor.xcodeproj
    /Applications/Xcode.app/Contents/Developer/Toolchains/XcodeDefault.xctoolchain/usr/bin/clang-stat-cache /Applications/Xcode.app/Contents/Developer/Platforms/iPhoneOS.platform/Developer/SDKs/iPhoneOS27.0.sdk -o /tmp/ZipHarbor-Device-AppIcon-20261001/SDKStatCaches.noindex/iphoneos27.0-24A430-6c78b3cbc238196c85e1bf6c792c5915.sdkstatcache

PruneExplicitPrecompiledModules /tmp/ZipHarbor-Device-AppIcon-20261001/SDKExplicitPrecompiledModules

PruneExplicitPrecompiledModules /tmp/ZipHarbor-Device-AppIcon-20261001/Build/Intermediates.noindex/ExplicitPrecompiledModules

PruneExplicitPrecompiledModules /tmp/ZipHarbor-Device-AppIcon-20261001/Build/Intermediates.noindex/SwiftExplicitPrecompiledModules

2026-10-01 23:23:00.920667+0800 ZipHarborUITests-Runner[15216:6283219] [Default] Running tests...
2026-10-01 23:23:01.015515+0800 ZipHarborUITests-Runner[15216:6283219] [MC] Reading from public effective user settings.
    t =      nans Interface orientation changed to Portrait
Test Suite 'All tests' started at 2026-10-01 23:23:01.807.
Test Suite 'ZipHarborUITests.xctest' started at 2026-10-01 23:23:01.808.
Test Suite 'ZipHarborUITests' started at 2026-10-01 23:23:01.808.
Test Case '-[ZipHarborUITests.ZipHarborUITests testAccessibilityLargeTextLayout]' started.
    t =     0.00s Start Test at 2026-10-01 23:23:01.809
    t =     0.01s Set Up
    t =     0.01s Open com.xiaolongxu.zipharbor.app
    t =     0.01s     Launch com.xiaolongxu.zipharbor.app
2026-10-01 23:22:59.793 xcodebuild[70867:4191621] [MT] IDELaunchParametersSnapshot: debugger version lookup failed for path '<nil>': noURL
2026-10-01 23:22:59.793 xcodebuild[70867:4191621] [MT] IDELaunchParametersSnapshot: no debugger version
    t =     2.88s         Setting up automation session
    t =     3.09s         Wait for com.xiaolongxu.zipharbor.app to idle
    t =     4.30s Waiting 25.0s for "file-课程资料_2026.zip" Button to exist
    t =     5.33s     Checking `Expect predicate `existsNoRetry == 1` for object "file-课程资料_2026.zip" Button`
    t =     5.33s         Checking existence of `"file-课程资料_2026.zip" Button`
    t =     5.33s             Requesting snapshot of accessibility hierarchy for app with pid 15218
    t =     5.43s             Find: Descendants matching type Button
    t =     5.44s             Find: Elements matching predicate '"file-课程资料_2026.zip" IN identifiers'
    t =     5.44s Find the Target Application 'com.xiaolongxu.zipharbor.app'
    t =     5.45s     Requesting snapshot of accessibility hierarchy for app with pid 15218
    t =     5.66s Added attachment named 'home-large-text'
    t =     5.66s Tap "tab-Settings" Button
    t =     5.66s     Wait for com.xiaolongxu.zipharbor.app to idle
    t =     5.66s     Find the "tab-Settings" Button
    t =     5.66s         Requesting snapshot of accessibility hierarchy for app with pid 15218
    t =     5.72s         Find: Descendants matching type Button
    t =     5.72s         Find: Elements matching predicate '"tab-Settings" IN identifiers'
    t =     5.72s     Check for interrupting elements affecting "tab-Settings" Button
    t =     5.73s         Requesting snapshot of accessibility hierarchy for app with pid 15218
    t =     5.77s         Find: Descendants matching predicate identifier == "NotificationShortLookView" OR elementType == 7
    t =     5.77s     Synthesize event
    t =     6.07s     Wait for com.xiaolongxu.zipharbor.app to idle
    t =     6.08s Find the Target Application 'com.xiaolongxu.zipharbor.app'
    t =     6.08s     Requesting snapshot of accessibility hierarchy for app with pid 15218
    t =     6.27s Added attachment named 'settings-large-text'
    t =     6.27s Checking existence of `"defaultDestinationButton" Button`
    t =     6.27s     Requesting snapshot of accessibility hierarchy for app with pid 15218
    t =     6.32s     Find: Descendants matching type Button
    t =     6.32s     Find: Elements matching predicate '"defaultDestinationButton" IN identifiers'
    t =     6.33s Tear Down
Test Case '-[ZipHarborUITests.ZipHarborUITests testAccessibilityLargeTextLayout]' passed (6.348 seconds).
Test Case '-[ZipHarborUITests.ZipHarborUITests testCancellingExternalFolderChoiceKeepsPreviousDestination]' started.
    t =     0.00s Start Test at 2026-10-01 23:23:08.158
    t =     0.02s Set Up
    t =     0.02s Open com.xiaolongxu.zipharbor.app
    t =     0.02s     Launch com.xiaolongxu.zipharbor.app
    t =     0.02s         Terminate com.xiaolongxu.zipharbor.app:15218
2026-10-01 23:23:07.189 xcodebuild[70867:4191621] [MT] IDELaunchParametersSnapshot: debugger version lookup failed for path '<nil>': noURL
2026-10-01 23:23:07.189 xcodebuild[70867:4191621] [MT] IDELaunchParametersSnapshot: no debugger version
    t =     1.33s         Setting up automation session
    t =     1.56s         Wait for com.xiaolongxu.zipharbor.app to idle
    t =     2.74s Waiting 25.0s for "file-课程资料_2026.zip" Button to exist
    t =     3.77s     Checking `Expect predicate `existsNoRetry == 1` for object "file-课程资料_2026.zip" Button`
    t =     3.77s         Checking existence of `"file-课程资料_2026.zip" Button`
    t =     3.78s             Requesting snapshot of accessibility hierarchy for app with pid 15220
    t =     3.87s             Find: Descendants matching type Button
    t =     3.88s             Find: Elements matching predicate '"file-课程资料_2026.zip" IN identifiers'
    t =     3.88s Tap "tab-Settings" Button
    t =     3.88s     Wait for com.xiaolongxu.zipharbor.app to idle
    t =     3.89s     Find the "tab-Settings" Button
    t =     3.90s         Requesting snapshot of accessibility hierarchy for app with pid 15220
    t =     3.95s         Find: Descendants matching type Button
    t =     3.96s         Find: Elements matching predicate '"tab-Settings" IN identifiers'
    t =     3.96s     Check for interrupting elements affecting "tab-Settings" Button
    t =     3.98s         Requesting snapshot of accessibility hierarchy for app with pid 15220
    t =     4.02s         Find: Descendants matching predicate identifier == "NotificationShortLookView" OR elementType == 7
    t =     4.03s     Synthesize event
    t =     4.34s     Wait for com.xiaolongxu.zipharbor.app to idle
    t =     4.35s Tap "defaultDestinationButton" Button
    t =     4.35s     Wait for com.xiaolongxu.zipharbor.app to idle
    t =     4.36s     Find the "defaultDestinationButton" Button
    t =     4.37s         Requesting snapshot of accessibility hierarchy for app with pid 15220
    t =     4.43s         Find: Descendants matching type Button
    t =     4.44s         Find: Elements matching predicate '"defaultDestinationButton" IN identifiers'
    t =     4.44s     Check for interrupting elements affecting "defaultDestinationButton" Button
    t =     4.46s         Requesting snapshot of accessibility hierarchy for app with pid 15220
    t =     4.51s         Find: Descendants matching predicate identifier == "NotificationShortLookView" OR elementType == 7
    t =     4.52s     Synthesize event
    t =     4.82s     Wait for com.xiaolongxu.zipharbor.app to idle
    t =     5.24s Find the "destination-downloads" Button
    t =     5.25s     Requesting snapshot of accessibility hierarchy for app with pid 15220
    t =     5.35s     Find: Descendants matching type Button
    t =     5.36s     Find: Elements matching predicate '"destination-downloads" IN identifiers'
    t =     5.36s Tap "destination-other" Button
    t =     5.36s     Wait for com.xiaolongxu.zipharbor.app to idle
    t =     5.37s     Find the "destination-other" Button
    t =     5.37s         Requesting snapshot of accessibility hierarchy for app with pid 15220
    t =     5.43s         Find: Descendants matching type Button
    t =     5.43s         Find: Elements matching predicate '"destination-other" IN identifiers'
    t =     5.44s     Check for interrupting elements affecting "destination-other" Button
    t =     5.45s         Requesting snapshot of accessibility hierarchy for app with pid 15220
    t =     5.51s         Find: Descendants matching predicate identifier == "NotificationShortLookView" OR elementType == 7
    t =     5.51s     Synthesize event
    t =     5.82s     Wait for com.xiaolongxu.zipharbor.app to idle
    t =     6.22s Waiting 30.0s for "Browse" Button to exist
    t =     7.24s     Checking `Expect predicate `existsNoRetry == 1` for object "Browse" Button`
    t =     7.24s         Checking existence of `"Browse" Button`
    t =     7.25s             Requesting snapshot of accessibility hierarchy for app with pid 15220
    t =     7.42s             Find: Descendants matching type Button
    t =     7.42s             Find: Elements matching predicate '"Browse" IN identifiers'
    t =     7.43s Checking existence of `Button (First Match)`
    t =     7.43s     Requesting snapshot of accessibility hierarchy for app with pid 15220
    t =     7.52s Press Target Application 'com.xiaolongxu.zipharbor.app'[0.50, 0.08] for 0.1 seconds, then drag to Target Application 'com.xiaolongxu.zipharbor.app'[0.50, 0.85] with velocity of 500.00 pixels per second, and then hold for 0.0 seconds 
    t =     7.52s     Wait for com.xiaolongxu.zipharbor.app to idle
    t =     7.53s     Find the Target Application 'com.xiaolongxu.zipharbor.app'
    t =     7.53s         Requesting snapshot of accessibility hierarchy for app with pid 15220
    t =     7.61s     Check for interrupting elements affecting "ZipHarbor" Application
    t =     7.62s         Requesting snapshot of accessibility hierarchy for app with pid 15220
    t =     7.70s         Find: Descendants matching predicate identifier == "NotificationShortLookView" OR elementType == 7
    t =     7.70s     Synthesize event
    t =     7.72s         Find the Target Application 'com.xiaolongxu.zipharbor.app'
    t =     7.72s             Requesting snapshot of accessibility hierarchy for app with pid 15220
    t =     7.80s         Find the Target Application 'com.xiaolongxu.zipharbor.app'
    t =     7.80s             Requesting snapshot of accessibility hierarchy for app with pid 15220
    t =     7.87s         Find the Target Application 'com.xiaolongxu.zipharbor.app'
    t =     7.88s             Requesting snapshot of accessibility hierarchy for app with pid 15220
    t =     7.94s         Find the Target Application 'com.xiaolongxu.zipharbor.app'
    t =     7.94s             Requesting snapshot of accessibility hierarchy for app with pid 15220
    t =     8.02s         Find the Target Application 'com.xiaolongxu.zipharbor.app'
    t =     8.02s             Requesting snapshot of accessibility hierarchy for app with pid 15220
    t =     9.72s     Wait for com.xiaolongxu.zipharbor.app to idle
    t =    10.08s Waiting 5.0s for "saveDefaultDestinationButton" Button to exist
    t =    11.12s     Checking `Expect predicate `existsNoRetry == 1` for object "saveDefaultDestinationButton" Button`
    t =    11.12s         Checking existence of `"saveDefaultDestinationButton" Button`
    t =    11.13s             Requesting snapshot of accessibility hierarchy for app with pid 15220
    t =    11.21s             Find: Descendants matching type Button
    t =    11.22s             Find: Elements matching predicate '"saveDefaultDestinationButton" IN identifiers'
    t =    11.23s Find the "destination-downloads" Button
    t =    11.23s     Requesting snapshot of accessibility hierarchy for app with pid 15220
    t =    11.29s     Find: Descendants matching type Button
    t =    11.29s     Find: Elements matching predicate '"destination-downloads" IN identifiers'
    t =    11.30s Find the "destination-other" Button
    t =    11.30s     Requesting snapshot of accessibility hierarchy for app with pid 15220
    t =    11.35s     Find: Descendants matching type Button
    t =    11.36s     Find: Elements matching predicate '"destination-other" IN identifiers'
    t =    11.36s Find the Target Application 'com.xiaolongxu.zipharbor.app'
    t =    11.36s     Requesting snapshot of accessibility hierarchy for app with pid 15220
    t =    11.55s Added attachment named 'destination-cancel-keeps-selection'
    t =    11.55s Tear Down
Test Case '-[ZipHarborUITests.ZipHarborUITests testCancellingExternalFolderChoiceKeepsPreviousDestination]' passed (11.565 seconds).
Test Case '-[ZipHarborUITests.ZipHarborUITests testCreateTwoStepsAESRoundTripAndBackPreservesSelection]' started.
    t =     0.00s Start Test at 2026-10-01 23:23:19.723
    t =     0.01s Set Up
    t =     0.01s Open com.xiaolongxu.zipharbor.app
    t =     0.02s     Launch com.xiaolongxu.zipharbor.app
    t =     0.02s         Terminate com.xiaolongxu.zipharbor.app:15220
2026-10-01 23:23:18.757 xcodebuild[70867:4191621] [MT] IDELaunchParametersSnapshot: debugger version lookup failed for path '<nil>': noURL
2026-10-01 23:23:18.757 xcodebuild[70867:4191621] [MT] IDELaunchParametersSnapshot: no debugger version
    t =     1.33s         Setting up automation session
    t =     1.56s         Wait for com.xiaolongxu.zipharbor.app to idle
    t =     2.82s Waiting 25.0s for "file-课程资料_2026.zip" Button to exist
    t =     3.82s     Checking `Expect predicate `existsNoRetry == 1` for object "file-课程资料_2026.zip" Button`
    t =     3.83s         Checking existence of `"file-课程资料_2026.zip" Button`
    t =     3.84s             Requesting snapshot of accessibility hierarchy for app with pid 15222
    t =     3.94s             Find: Descendants matching type Button
    t =     3.95s             Find: Elements matching predicate '"file-课程资料_2026.zip" IN identifiers'
    t =     3.96s Tap "createArchiveButton" Button
    t =     3.96s     Wait for com.xiaolongxu.zipharbor.app to idle
    t =     3.96s     Find the "createArchiveButton" Button
    t =     3.97s         Requesting snapshot of accessibility hierarchy for app with pid 15222
    t =     4.02s         Find: Descendants matching type Button
    t =     4.02s         Find: Elements matching predicate '"createArchiveButton" IN identifiers'
    t =     4.02s     Check for interrupting elements affecting "createArchiveButton" Button
    t =     4.04s         Requesting snapshot of accessibility hierarchy for app with pid 15222
    t =     4.08s         Find: Descendants matching predicate identifier == "NotificationShortLookView" OR elementType == 7
    t =     4.08s     Synthesize event
    t =     4.39s     Wait for com.xiaolongxu.zipharbor.app to idle
    t =     4.76s Tap "source-课堂笔记.txt" Button
    t =     4.77s     Wait for com.xiaolongxu.zipharbor.app to idle
    t =     4.78s     Find the "source-课堂笔记.txt" Button
    t =     4.79s         Requesting snapshot of accessibility hierarchy for app with pid 15222
    t =     4.85s         Find: Descendants matching type Button
    t =     4.85s         Find: Elements matching predicate '"source-课堂笔记.txt" IN identifiers'
    t =     4.85s     Check for interrupting elements affecting "source-课堂笔记.txt" Button
    t =     4.88s         Requesting snapshot of accessibility hierarchy for app with pid 15222
    t =     4.91s         Find: Descendants matching predicate identifier == "NotificationShortLookView" OR elementType == 7
    t =     4.92s     Synthesize event
    t =     5.24s     Wait for com.xiaolongxu.zipharbor.app to idle
    t =     5.26s Find the Target Application 'com.xiaolongxu.zipharbor.app'
    t =     5.26s     Requesting snapshot of accessibility hierarchy for app with pid 15222
    t =     5.44s Added attachment named 'create-select'
    t =     5.44s Tap "createNextButton" Button
    t =     5.44s     Wait for com.xiaolongxu.zipharbor.app to idle
    t =     5.44s     Find the "createNextButton" Button
    t =     5.44s         Requesting snapshot of accessibility hierarchy for app with pid 15222
    t =     5.49s         Find: Descendants matching type Button
    t =     5.49s         Find: Elements matching predicate '"createNextButton" IN identifiers'
    t =     5.49s     Check for interrupting elements affecting "createNextButton" Button
    t =     5.50s         Requesting snapshot of accessibility hierarchy for app with pid 15222
    t =     5.53s         Find: Descendants matching predicate identifier == "NotificationShortLookView" OR elementType == 7
    t =     5.53s     Synthesize event
    t =     5.83s     Wait for com.xiaolongxu.zipharbor.app to idle
    t =     5.84s Find the Target Application 'com.xiaolongxu.zipharbor.app'
    t =     5.85s     Requesting snapshot of accessibility hierarchy for app with pid 15222
    t =     6.04s Added attachment named 'create-settings'
    t =     6.04s Tap "backButton" Button
    t =     6.04s     Wait for com.xiaolongxu.zipharbor.app to idle
    t =     6.04s     Find the "backButton" Button
    t =     6.04s         Requesting snapshot of accessibility hierarchy for app with pid 15222
    t =     6.09s         Find: Descendants matching type Button
    t =     6.09s         Find: Elements matching predicate '"backButton" IN identifiers'
    t =     6.09s     Check for interrupting elements affecting "backButton" Button
    t =     6.11s         Requesting snapshot of accessibility hierarchy for app with pid 15222
    t =     6.14s         Find: Descendants matching predicate identifier == "NotificationShortLookView" OR elementType == 7
    t =     6.14s     Synthesize event
    t =     6.43s     Wait for com.xiaolongxu.zipharbor.app to idle
    t =     6.46s Checking existence of `"已选择 1 项" StaticText`
    t =     6.46s     Requesting snapshot of accessibility hierarchy for app with pid 15222
    t =     6.52s     Find: Descendants matching type StaticText
    t =     6.53s     Find: Elements matching predicate '"已选择 1 项" IN identifiers'
    t =     6.53s Tap "createNextButton" Button
    t =     6.53s     Wait for com.xiaolongxu.zipharbor.app to idle
    t =     6.54s     Find the "createNextButton" Button
    t =     6.55s         Requesting snapshot of accessibility hierarchy for app with pid 15222
    t =     6.59s         Find: Descendants matching type Button
    t =     6.59s         Find: Elements matching predicate '"createNextButton" IN identifiers'
    t =     6.60s     Check for interrupting elements affecting "createNextButton" Button
    t =     6.62s         Requesting snapshot of accessibility hierarchy for app with pid 15222
    t =     6.65s         Find: Descendants matching predicate identifier == "NotificationShortLookView" OR elementType == 7
    t =     6.66s     Synthesize event
    t =     6.97s     Wait for com.xiaolongxu.zipharbor.app to idle
    t =     6.98s Tap "archiveNameField" TextField
    t =     6.98s     Wait for com.xiaolongxu.zipharbor.app to idle
    t =     7.00s     Find the "archiveNameField" TextField
    t =     7.00s         Requesting snapshot of accessibility hierarchy for app with pid 15222
    t =     7.06s         Find: Descendants matching type TextField
    t =     7.06s         Find: Elements matching predicate '"archiveNameField" IN identifiers'
    t =     7.07s     Check for interrupting elements affecting "archiveNameField" TextField
    t =     7.09s         Requesting snapshot of accessibility hierarchy for app with pid 15222
    t =     7.13s         Find: Descendants matching predicate identifier == "NotificationShortLookView" OR elementType == 7
    t =     7.13s     Synthesize event
    t =     7.44s     Wait for com.xiaolongxu.zipharbor.app to idle
    t =     7.52s Type '...' into "archiveNameField" TextField
    t =     7.52s     Wait for com.xiaolongxu.zipharbor.app to idle
    t =     7.53s     Find the "archiveNameField" TextField
    t =     7.54s         Requesting snapshot of accessibility hierarchy for app with pid 15222
    t =     7.58s         Find: Descendants matching type TextField
    t =     7.59s         Find: Elements matching predicate '"archiveNameField" IN identifiers'
    t =     7.59s     Check for interrupting elements affecting "archiveNameField" TextField
    t =     7.60s         Requesting snapshot of accessibility hierarchy for app with pid 15222
    t =     7.64s         Find: Descendants matching predicate identifier == "NotificationShortLookView" OR elementType == 7
    t =     7.65s     Synthesize event
    t =     8.54s     Wait for com.xiaolongxu.zipharbor.app to idle
    t =     8.56s Type 'UI Roundtrip' into "archiveNameField" TextField
    t =     8.56s     Wait for com.xiaolongxu.zipharbor.app to idle
    t =     8.57s     Find the "archiveNameField" TextField
    t =     8.57s         Requesting snapshot of accessibility hierarchy for app with pid 15222
    t =     8.64s         Find: Descendants matching type TextField
    t =     8.65s         Find: Elements matching predicate '"archiveNameField" IN identifiers'
    t =     8.65s     Check for interrupting elements affecting "archiveNameField" TextField
    t =     8.67s         Requesting snapshot of accessibility hierarchy for app with pid 15222
    t =     8.72s         Find: Descendants matching predicate identifier == "NotificationShortLookView" OR elementType == 7
    t =     8.72s     Synthesize event
    t =     9.15s     Wait for com.xiaolongxu.zipharbor.app to idle
    t =     9.16s Tap "passwordToggle" Button
    t =     9.16s     Wait for com.xiaolongxu.zipharbor.app to idle
    t =     9.17s     Find the "passwordToggle" Button
    t =     9.18s         Requesting snapshot of accessibility hierarchy for app with pid 15222
    t =     9.25s         Find: Descendants matching type Button
    t =     9.25s         Find: Elements matching predicate '"passwordToggle" IN identifiers'
    t =     9.26s     Check for interrupting elements affecting "passwordToggle" Button
    t =     9.28s         Requesting snapshot of accessibility hierarchy for app with pid 15222
    t =     9.33s         Find: Descendants matching predicate identifier == "NotificationShortLookView" OR elementType == 7
    t =     9.34s     Synthesize event
    t =     9.66s     Wait for com.xiaolongxu.zipharbor.app to idle
    t =     9.67s Waiting 3.0s for "archivePasswordField" SecureTextField to exist
    t =    10.71s     Checking `Expect predicate `existsNoRetry == 1` for object "archivePasswordField" SecureTextField`
    t =    10.71s         Checking existence of `"archivePasswordField" SecureTextField`
    t =    10.72s             Requesting snapshot of accessibility hierarchy for app with pid 15222
    t =    10.80s             Find: Descendants matching type SecureTextField
    t =    10.80s             Find: Elements matching predicate '"archivePasswordField" IN identifiers'
    t =    10.81s Tap "archivePasswordField" SecureTextField
    t =    10.81s     Wait for com.xiaolongxu.zipharbor.app to idle
    t =    10.82s     Find the "archivePasswordField" SecureTextField
    t =    10.83s         Requesting snapshot of accessibility hierarchy for app with pid 15222
    t =    10.89s         Find: Descendants matching type SecureTextField
    t =    10.89s         Find: Elements matching predicate '"archivePasswordField" IN identifiers'
    t =    10.89s     Check for interrupting elements affecting "archivePasswordField" SecureTextField
    t =    10.91s         Requesting snapshot of accessibility hierarchy for app with pid 15222
    t =    10.97s         Find: Descendants matching predicate identifier == "NotificationShortLookView" OR elementType == 7
    t =    10.97s     Synthesize event
    t =    11.29s     Wait for com.xiaolongxu.zipharbor.app to idle
    t =    11.34s Type '<redacted>' into "archivePasswordField" SecureTextField
    t =    11.34s     Wait for com.xiaolongxu.zipharbor.app to idle
    t =    11.77s     Find the "archivePasswordField" SecureTextField
    t =    11.78s         Requesting snapshot of accessibility hierarchy for app with pid 15222
    t =    11.88s         Find: Descendants matching type SecureTextField
    t =    11.88s         Find: Elements matching predicate '"archivePasswordField" IN identifiers'
    t =    11.89s     Check for interrupting elements affecting "archivePasswordField" SecureTextField
    t =    11.91s         Requesting snapshot of accessibility hierarchy for app with pid 15222
    t =    11.97s         Find: Descendants matching predicate identifier == "NotificationShortLookView" OR elementType == 7
    t =    11.98s     Synthesize event
    t =    12.26s     Wait for com.xiaolongxu.zipharbor.app to idle
    t =    12.28s Swipe up Target Application 'com.xiaolongxu.zipharbor.app'
    t =    12.28s     Wait for com.xiaolongxu.zipharbor.app to idle
    t =    12.29s     Find the Target Application 'com.xiaolongxu.zipharbor.app'
    t =    12.29s         Requesting snapshot of accessibility hierarchy for app with pid 15222
    t =    12.39s     Check for interrupting elements affecting "ZipHarbor 压缩工具" Application
    t =    12.41s         Requesting snapshot of accessibility hierarchy for app with pid 15222
    t =    12.48s         Find: Descendants matching predicate identifier == "NotificationShortLookView" OR elementType == 7
    t =    12.49s     Synthesize event
    t =    12.94s     Wait for com.xiaolongxu.zipharbor.app to idle
    t =    13.43s Tap "submitCreateArchiveButton" Button
    t =    13.43s     Wait for com.xiaolongxu.zipharbor.app to idle
    t =    13.45s     Find the "submitCreateArchiveButton" Button
    t =    13.46s         Requesting snapshot of accessibility hierarchy for app with pid 15222
    t =    13.54s         Find: Descendants matching type Button
    t =    13.55s         Find: Elements matching predicate '"submitCreateArchiveButton" IN identifiers'
    t =    13.55s     Check for interrupting elements affecting "submitCreateArchiveButton" Button
    t =    13.58s         Requesting snapshot of accessibility hierarchy for app with pid 15222
    t =    13.65s         Find: Descendants matching predicate identifier == "NotificationShortLookView" OR elementType == 7
    t =    13.66s     Synthesize event
    t =    13.97s     Wait for com.xiaolongxu.zipharbor.app to idle
    t =    14.49s Waiting 25.0s for "resultDoneButton" Button to exist
    t =    15.51s     Checking `Expect predicate `existsNoRetry == 1` for object "resultDoneButton" Button`
    t =    15.52s         Checking existence of `"resultDoneButton" Button`
    t =    15.53s             Requesting snapshot of accessibility hierarchy for app with pid 15222
    t =    15.63s             Find: Descendants matching type Button
    t =    15.63s             Find: Elements matching predicate '"resultDoneButton" IN identifiers'
    t =    15.64s Tap "resultDoneButton" Button
    t =    15.64s     Wait for com.xiaolongxu.zipharbor.app to idle
    t =    15.65s     Find the "resultDoneButton" Button
    t =    15.65s         Requesting snapshot of accessibility hierarchy for app with pid 15222
    t =    15.71s         Find: Descendants matching type Button
    t =    15.71s         Find: Elements matching predicate '"resultDoneButton" IN identifiers'
    t =    15.72s     Check for interrupting elements affecting "resultDoneButton" Button
    t =    15.73s         Requesting snapshot of accessibility hierarchy for app with pid 15222
    t =    15.78s         Find: Descendants matching predicate identifier == "NotificationShortLookView" OR elementType == 7
    t =    15.79s     Synthesize event
    t =    16.10s     Wait for com.xiaolongxu.zipharbor.app to idle
    t =    16.47s Tap "tab-Files" Button
    t =    16.47s     Wait for com.xiaolongxu.zipharbor.app to idle
    t =    16.48s     Find the "tab-Files" Button
    t =    16.49s         Requesting snapshot of accessibility hierarchy for app with pid 15222
    t =    16.54s         Find: Descendants matching type Button
    t =    16.55s         Find: Elements matching predicate '"tab-Files" IN identifiers'
    t =    16.55s     Check for interrupting elements affecting "tab-Files" Button
    t =    16.57s         Requesting snapshot of accessibility hierarchy for app with pid 15222
    t =    16.62s         Find: Descendants matching predicate identifier == "NotificationShortLookView" OR elementType == 7
    t =    16.63s     Synthesize event
    t =    16.95s     Wait for com.xiaolongxu.zipharbor.app to idle
    t =    16.97s Waiting 5.0s for "file-UI Roundtrip.zip" Button to exist
    t =    17.99s     Checking `Expect predicate `existsNoRetry == 1` for object "file-UI Roundtrip.zip" Button`
    t =    18.00s         Checking existence of `"file-UI Roundtrip.zip" Button`
    t =    18.01s             Requesting snapshot of accessibility hierarchy for app with pid 15222
    t =    18.11s             Find: Descendants matching type Button
    t =    18.12s             Find: Elements matching predicate '"file-UI Roundtrip.zip" IN identifiers'
    t =    18.13s Tap "file-UI Roundtrip.zip" Button
    t =    18.13s     Wait for com.xiaolongxu.zipharbor.app to idle
    t =    18.13s     Find the "file-UI Roundtrip.zip" Button
    t =    18.14s         Requesting snapshot of accessibility hierarchy for app with pid 15222
    t =    18.21s         Find: Descendants matching type Button
    t =    18.21s         Find: Elements matching predicate '"file-UI Roundtrip.zip" IN identifiers'
    t =    18.21s     Check for interrupting elements affecting "file-UI Roundtrip.zip" Button
    t =    18.23s         Requesting snapshot of accessibility hierarchy for app with pid 15222
    t =    18.28s         Find: Descendants matching predicate identifier == "NotificationShortLookView" OR elementType == 7
    t =    18.29s     Synthesize event
    t =    18.60s     Wait for com.xiaolongxu.zipharbor.app to idle
    t =    18.98s Waiting 10.0s for "extractToButton" Button to exist
    t =    20.01s     Checking `Expect predicate `existsNoRetry == 1` for object "extractToButton" Button`
    t =    20.02s         Checking existence of `"extractToButton" Button`
    t =    20.02s             Requesting snapshot of accessibility hierarchy for app with pid 15222
    t =    20.12s             Find: Descendants matching type Button
    t =    20.12s             Find: Elements matching predicate '"extractToButton" IN identifiers'
    t =    20.13s Tap "extractToButton" Button
    t =    20.13s     Wait for com.xiaolongxu.zipharbor.app to idle
    t =    20.14s     Find the "extractToButton" Button
    t =    20.14s         Requesting snapshot of accessibility hierarchy for app with pid 15222
    t =    20.20s         Find: Descendants matching type Button
    t =    20.20s         Find: Elements matching predicate '"extractToButton" IN identifiers'
    t =    20.20s     Check for interrupting elements affecting "extractToButton" Button
    t =    20.22s         Requesting snapshot of accessibility hierarchy for app with pid 15222
    t =    20.27s         Find: Descendants matching predicate identifier == "NotificationShortLookView" OR elementType == 7
    t =    20.27s     Synthesize event
    t =    20.59s     Wait for com.xiaolongxu.zipharbor.app to idle
    t =    21.01s Waiting 5.0s for "startExtractionButton" Button to exist
    t =    22.01s     Checking `Expect predicate `existsNoRetry == 1` for object "startExtractionButton" Button`
    t =    22.02s         Checking existence of `"startExtractionButton" Button`
    t =    22.03s             Requesting snapshot of accessibility hierarchy for app with pid 15222
    t =    22.14s             Find: Descendants matching type Button
    t =    22.14s             Find: Elements matching predicate '"startExtractionButton" IN identifiers'
    t =    22.15s Find the Target Application 'com.xiaolongxu.zipharbor.app'
    t =    22.15s     Requesting snapshot of accessibility hierarchy for app with pid 15222
    t =    22.35s Added attachment named 'extraction-destination'
    t =    22.35s Tap "startExtractionButton" Button
    t =    22.35s     Wait for com.xiaolongxu.zipharbor.app to idle
    t =    22.35s     Find the "startExtractionButton" Button
    t =    22.35s         Requesting snapshot of accessibility hierarchy for app with pid 15222
    t =    22.44s         Find: Descendants matching type Button
    t =    22.44s         Find: Elements matching predicate '"startExtractionButton" IN identifiers'
    t =    22.44s     Check for interrupting elements affecting "startExtractionButton" Button
    t =    22.46s         Requesting snapshot of accessibility hierarchy for app with pid 15222
    t =    22.51s         Find: Descendants matching predicate identifier == "NotificationShortLookView" OR elementType == 7
    t =    22.52s     Synthesize event
    t =    22.82s     Wait for com.xiaolongxu.zipharbor.app to idle
    t =    23.81s Waiting 15.0s for "taskPasswordField" SecureTextField to exist
    t =    24.83s     Checking `Expect predicate `existsNoRetry == 1` for object "taskPasswordField" SecureTextField`
    t =    24.83s         Checking existence of `"taskPasswordField" SecureTextField`
    t =    24.85s             Requesting snapshot of accessibility hierarchy for app with pid 15222
    t =    24.94s             Find: Descendants matching type SecureTextField
    t =    24.94s             Find: Elements matching predicate '"taskPasswordField" IN identifiers'
    t =    24.95s Tap "taskPasswordField" SecureTextField
    t =    24.95s     Wait for com.xiaolongxu.zipharbor.app to idle
    t =    24.95s     Find the "taskPasswordField" SecureTextField
    t =    24.96s         Requesting snapshot of accessibility hierarchy for app with pid 15222
    t =    25.02s         Find: Descendants matching type SecureTextField
    t =    25.02s         Find: Elements matching predicate '"taskPasswordField" IN identifiers'
    t =    25.02s     Check for interrupting elements affecting "taskPasswordField" SecureTextField
    t =    25.04s         Requesting snapshot of accessibility hierarchy for app with pid 15222
    t =    25.10s         Find: Descendants matching predicate identifier == "NotificationShortLookView" OR elementType == 7
    t =    25.10s     Synthesize event
    t =    25.41s     Wait for com.xiaolongxu.zipharbor.app to idle
    t =    26.27s Type '<redacted>' into "taskPasswordField" SecureTextField
    t =    26.27s     Wait for com.xiaolongxu.zipharbor.app to idle
    t =    26.29s     Find the "taskPasswordField" SecureTextField
    t =    26.30s         Requesting snapshot of accessibility hierarchy for app with pid 15222
    t =    26.40s         Find: Descendants matching type SecureTextField
    t =    26.41s         Find: Elements matching predicate '"taskPasswordField" IN identifiers'
    t =    26.41s     Check for interrupting elements affecting "taskPasswordField" SecureTextField
    t =    26.43s         Requesting snapshot of accessibility hierarchy for app with pid 15222
    t =    26.51s         Find: Descendants matching predicate identifier == "NotificationShortLookView" OR elementType == 7
    t =    26.52s     Synthesize event
    t =    26.82s     Wait for com.xiaolongxu.zipharbor.app to idle
    t =    26.83s Tap "unlockAndContinueButton" Button
    t =    26.83s     Wait for com.xiaolongxu.zipharbor.app to idle
    t =    26.84s     Find the "unlockAndContinueButton" Button
    t =    26.85s         Requesting snapshot of accessibility hierarchy for app with pid 15222
    t =    26.95s         Find: Descendants matching type Button
    t =    26.95s         Find: Elements matching predicate '"unlockAndContinueButton" IN identifiers'
    t =    26.95s     Check for interrupting elements affecting "unlockAndContinueButton" Button
    t =    26.97s         Requesting snapshot of accessibility hierarchy for app with pid 15222
    t =    27.06s         Find: Descendants matching predicate identifier == "NotificationShortLookView" OR elementType == 7
    t =    27.07s     Synthesize event
    t =    27.38s     Wait for com.xiaolongxu.zipharbor.app to idle
    t =    27.83s Waiting 20.0s for "resultDoneButton" Button to exist
    t =    28.86s     Checking `Expect predicate `existsNoRetry == 1` for object "resultDoneButton" Button`
    t =    28.86s         Checking existence of `"resultDoneButton" Button`
    t =    28.87s             Requesting snapshot of accessibility hierarchy for app with pid 15222
    t =    28.96s             Find: Descendants matching type Button
    t =    28.97s             Find: Elements matching predicate '"resultDoneButton" IN identifiers'
    t =    28.98s Tap "resultDoneButton" Button
    t =    28.98s     Wait for com.xiaolongxu.zipharbor.app to idle
    t =    28.98s     Find the "resultDoneButton" Button
    t =    28.99s         Requesting snapshot of accessibility hierarchy for app with pid 15222
    t =    29.05s         Find: Descendants matching type Button
    t =    29.06s         Find: Elements matching predicate '"resultDoneButton" IN identifiers'
    t =    29.06s     Check for interrupting elements affecting "resultDoneButton" Button
    t =    29.08s         Requesting snapshot of accessibility hierarchy for app with pid 15222
    t =    29.14s         Find: Descendants matching predicate identifier == "NotificationShortLookView" OR elementType == 7
    t =    29.14s     Synthesize event
    t =    29.45s     Wait for com.xiaolongxu.zipharbor.app to idle
    t =    29.83s Tear Down
Test Case '-[ZipHarborUITests.ZipHarborUITests testCreateTwoStepsAESRoundTripAndBackPreservesSelection]' passed (29.905 seconds).
Test Case '-[ZipHarborUITests.ZipHarborUITests testDefaultDestinationAndPreserveSettingsAffectExtraction]' started.
    t =     0.00s Start Test at 2026-10-01 23:23:49.630
    t =     0.02s Set Up
    t =     0.03s Open com.xiaolongxu.zipharbor.app
    t =     0.03s     Launch com.xiaolongxu.zipharbor.app
    t =     0.03s         Terminate com.xiaolongxu.zipharbor.app:15222
2026-10-01 23:23:48.670 xcodebuild[70867:4191621] [MT] IDELaunchParametersSnapshot: debugger version lookup failed for path '<nil>': noURL
2026-10-01 23:23:48.670 xcodebuild[70867:4191621] [MT] IDELaunchParametersSnapshot: no debugger version
    t =     1.33s         Setting up automation session
    t =     1.57s         Wait for com.xiaolongxu.zipharbor.app to idle
    t =     2.78s Waiting 25.0s for "file-课程资料_2026.zip" Button to exist
    t =     3.80s     Checking `Expect predicate `existsNoRetry == 1` for object "file-课程资料_2026.zip" Button`
    t =     3.80s         Checking existence of `"file-课程资料_2026.zip" Button`
    t =     3.82s             Requesting snapshot of accessibility hierarchy for app with pid 15223
    t =     3.94s             Find: Descendants matching type Button
    t =     3.94s             Find: Elements matching predicate '"file-课程资料_2026.zip" IN identifiers'
    t =     3.95s Tap "tab-Settings" Button
    t =     3.95s     Wait for com.xiaolongxu.zipharbor.app to idle
    t =     3.96s     Find the "tab-Settings" Button
    t =     3.96s         Requesting snapshot of accessibility hierarchy for app with pid 15223
    t =     4.02s         Find: Descendants matching type Button
    t =     4.02s         Find: Elements matching predicate '"tab-Settings" IN identifiers'
    t =     4.02s     Check for interrupting elements affecting "tab-Settings" Button
    t =     4.04s         Requesting snapshot of accessibility hierarchy for app with pid 15223
    t =     4.09s         Find: Descendants matching predicate identifier == "NotificationShortLookView" OR elementType == 7
    t =     4.10s     Synthesize event
    t =     4.39s     Wait for com.xiaolongxu.zipharbor.app to idle
    t =     4.41s Tap "defaultDestinationButton" Button
    t =     4.41s     Wait for com.xiaolongxu.zipharbor.app to idle
    t =     4.42s     Find the "defaultDestinationButton" Button
    t =     4.43s         Requesting snapshot of accessibility hierarchy for app with pid 15223
    t =     4.50s         Find: Descendants matching type Button
    t =     4.50s         Find: Elements matching predicate '"defaultDestinationButton" IN identifiers'
    t =     4.51s     Check for interrupting elements affecting "defaultDestinationButton" Button
    t =     4.53s         Requesting snapshot of accessibility hierarchy for app with pid 15223
    t =     4.58s         Find: Descendants matching predicate identifier == "NotificationShortLookView" OR elementType == 7
    t =     4.59s     Synthesize event
    t =     4.90s     Wait for com.xiaolongxu.zipharbor.app to idle
    t =     5.31s Tap "destination-same" Button
    t =     5.32s     Wait for com.xiaolongxu.zipharbor.app to idle
    t =     5.33s     Find the "destination-same" Button
    t =     5.33s         Requesting snapshot of accessibility hierarchy for app with pid 15223
    t =     5.45s         Find: Descendants matching type Button
    t =     5.45s         Find: Elements matching predicate '"destination-same" IN identifiers'
    t =     5.46s     Check for interrupting elements affecting "destination-same" Button
    t =     5.48s         Requesting snapshot of accessibility hierarchy for app with pid 15223
    t =     5.54s         Find: Descendants matching predicate identifier == "NotificationShortLookView" OR elementType == 7
    t =     5.55s     Synthesize event
    t =     5.86s     Wait for com.xiaolongxu.zipharbor.app to idle
    t =     6.57s Tap "saveDefaultDestinationButton" Button
    t =     6.57s     Wait for com.xiaolongxu.zipharbor.app to idle
    t =     6.59s     Find the "saveDefaultDestinationButton" Button
    t =     6.59s         Requesting snapshot of accessibility hierarchy for app with pid 15223
    t =     6.69s         Find: Descendants matching type Button
    t =     6.69s         Find: Elements matching predicate '"saveDefaultDestinationButton" IN identifiers'
    t =     6.70s     Check for interrupting elements affecting "saveDefaultDestinationButton" Button
    t =     6.71s         Requesting snapshot of accessibility hierarchy for app with pid 15223
    t =     6.79s         Find: Descendants matching predicate identifier == "NotificationShortLookView" OR elementType == 7
    t =     6.80s     Synthesize event
    t =     7.09s     Wait for com.xiaolongxu.zipharbor.app to idle
    t =     7.48s Tap "defaultPreserveToggle" Button
    t =     7.48s     Wait for com.xiaolongxu.zipharbor.app to idle
    t =     7.50s     Find the "defaultPreserveToggle" Button
    t =     7.50s         Requesting snapshot of accessibility hierarchy for app with pid 15223
    t =     7.57s         Find: Descendants matching type Button
    t =     7.58s         Find: Elements matching predicate '"defaultPreserveToggle" IN identifiers'
    t =     7.58s     Check for interrupting elements affecting "defaultPreserveToggle" Button
    t =     7.60s         Requesting snapshot of accessibility hierarchy for app with pid 15223
    t =     7.65s         Find: Descendants matching predicate identifier == "NotificationShortLookView" OR elementType == 7
    t =     7.66s     Synthesize event
    t =     7.98s     Wait for com.xiaolongxu.zipharbor.app to idle
    t =     8.00s Tap "tab-Files" Button
    t =     8.00s     Wait for com.xiaolongxu.zipharbor.app to idle
    t =     8.01s     Find the "tab-Files" Button
    t =     8.01s         Requesting snapshot of accessibility hierarchy for app with pid 15223
    t =     8.08s         Find: Descendants matching type Button
    t =     8.08s         Find: Elements matching predicate '"tab-Files" IN identifiers'
    t =     8.08s     Check for interrupting elements affecting "tab-Files" Button
    t =     8.11s         Requesting snapshot of accessibility hierarchy for app with pid 15223
    t =     8.16s         Find: Descendants matching predicate identifier == "NotificationShortLookView" OR elementType == 7
    t =     8.16s     Synthesize event
    t =     8.48s     Wait for com.xiaolongxu.zipharbor.app to idle
    t =     8.50s Tap "file-课程资料_2026.zip" Button
    t =     8.50s     Wait for com.xiaolongxu.zipharbor.app to idle
    t =     8.51s     Find the "file-课程资料_2026.zip" Button
    t =     8.51s         Requesting snapshot of accessibility hierarchy for app with pid 15223
    t =     8.59s         Find: Descendants matching type Button
    t =     8.59s         Find: Elements matching predicate '"file-课程资料_2026.zip" IN identifiers'
    t =     8.60s     Check for interrupting elements affecting "file-课程资料_2026.zip" Button
    t =     8.62s         Requesting snapshot of accessibility hierarchy for app with pid 15223
    t =     8.68s         Find: Descendants matching predicate identifier == "NotificationShortLookView" OR elementType == 7
    t =     8.68s     Synthesize event
    t =     9.00s     Wait for com.xiaolongxu.zipharbor.app to idle
    t =     9.41s Waiting 10.0s for "extractToButton" Button to exist
    t =    10.43s     Checking `Expect predicate `existsNoRetry == 1` for object "extractToButton" Button`
    t =    10.43s         Checking existence of `"extractToButton" Button`
    t =    10.44s             Requesting snapshot of accessibility hierarchy for app with pid 15223
    t =    10.53s             Find: Descendants matching type Button
    t =    10.54s             Find: Elements matching predicate '"extractToButton" IN identifiers'
    t =    10.54s Tap "extractToButton" Button
    t =    10.55s     Wait for com.xiaolongxu.zipharbor.app to idle
    t =    10.55s     Find the "extractToButton" Button
    t =    10.56s         Requesting snapshot of accessibility hierarchy for app with pid 15223
    t =    10.61s         Find: Descendants matching type Button
    t =    10.61s         Find: Elements matching predicate '"extractToButton" IN identifiers'
    t =    10.61s     Check for interrupting elements affecting "extractToButton" Button
    t =    10.63s         Requesting snapshot of accessibility hierarchy for app with pid 15223
    t =    10.67s         Find: Descendants matching predicate identifier == "NotificationShortLookView" OR elementType == 7
    t =    10.68s     Synthesize event
    t =    10.98s     Wait for com.xiaolongxu.zipharbor.app to idle
    t =    11.38s Find the "Keep folder structure" Button
    t =    11.39s     Requesting snapshot of accessibility hierarchy for app with pid 15223
    t =    11.49s     Find: Descendants matching type Button
    t =    11.50s     Find: Elements matching predicate '"Keep folder structure" IN identifiers'
    t =    11.50s Find the Target Application 'com.xiaolongxu.zipharbor.app'
    t =    11.51s     Requesting snapshot of accessibility hierarchy for app with pid 15223
    t =    11.70s Added attachment named 'extraction-default-settings'
    t =    11.70s Tap "startExtractionButton" Button
    t =    11.70s     Wait for com.xiaolongxu.zipharbor.app to idle
    t =    11.70s     Find the "startExtractionButton" Button
    t =    11.71s         Requesting snapshot of accessibility hierarchy for app with pid 15223
    t =    11.78s         Find: Descendants matching type Button
    t =    11.79s         Find: Elements matching predicate '"startExtractionButton" IN identifiers'
    t =    11.79s     Check for interrupting elements affecting "startExtractionButton" Button
    t =    11.80s         Requesting snapshot of accessibility hierarchy for app with pid 15223
    t =    11.86s         Find: Descendants matching predicate identifier == "NotificationShortLookView" OR elementType == 7
    t =    11.86s     Synthesize event
    t =    12.16s     Wait for com.xiaolongxu.zipharbor.app to idle
    t =    13.18s Waiting 15.0s for "resultDoneButton" Button to exist
    t =    14.19s     Checking `Expect predicate `existsNoRetry == 1` for object "resultDoneButton" Button`
    t =    14.20s         Checking existence of `"resultDoneButton" Button`
    t =    14.21s             Requesting snapshot of accessibility hierarchy for app with pid 15223
    t =    14.30s             Find: Descendants matching type Button
    t =    14.30s             Find: Elements matching predicate '"resultDoneButton" IN identifiers'
    t =    14.31s Tap "openOutputButton" Button
    t =    14.31s     Wait for com.xiaolongxu.zipharbor.app to idle
    t =    14.32s     Find the "openOutputButton" Button
    t =    14.32s         Requesting snapshot of accessibility hierarchy for app with pid 15223
    t =    14.37s         Find: Descendants matching type Button
    t =    14.37s         Find: Elements matching predicate '"openOutputButton" IN identifiers'
    t =    14.38s     Check for interrupting elements affecting "openOutputButton" Button
    t =    14.39s         Requesting snapshot of accessibility hierarchy for app with pid 15223
    t =    14.43s         Find: Descendants matching predicate identifier == "NotificationShortLookView" OR elementType == 7
    t =    14.44s     Synthesize event
    t =    14.75s     Wait for com.xiaolongxu.zipharbor.app to idle
    t =    15.16s Waiting 5.0s for "README.txt" StaticText to exist
    t =    16.18s     Checking `Expect predicate `existsNoRetry == 1` for object "README.txt" StaticText`
    t =    16.18s         Checking existence of `"README.txt" StaticText`
    t =    16.19s             Requesting snapshot of accessibility hierarchy for app with pid 15223
    t =    16.29s             Find: Descendants matching type StaticText
    t =    16.29s             Find: Elements matching predicate '"README.txt" IN identifiers'
    t =    16.30s Checking existence of `"课程资料" StaticText`
    t =    16.30s     Requesting snapshot of accessibility hierarchy for app with pid 15223
    t =    16.37s     Find: Descendants matching type StaticText
    t =    16.38s     Find: Elements matching predicate '"课程资料" IN identifiers'
    t =    16.38s Tear Down
Test Case '-[ZipHarborUITests.ZipHarborUITests testDefaultDestinationAndPreserveSettingsAffectExtraction]' passed (16.438 seconds).
Test Case '-[ZipHarborUITests.ZipHarborUITests testEnglishAndDarkAppearance]' started.
    t =     0.00s Start Test at 2026-10-01 23:24:06.069
    t =     0.02s Set Up
    t =     0.02s Open com.xiaolongxu.zipharbor.app
    t =     0.03s     Launch com.xiaolongxu.zipharbor.app
    t =     0.03s         Terminate com.xiaolongxu.zipharbor.app:15223
2026-10-01 23:24:05.040 xcodebuild[70867:4191621] [MT] IDELaunchParametersSnapshot: debugger version lookup failed for path '<nil>': noURL
2026-10-01 23:24:05.040 xcodebuild[70867:4191621] [MT] IDELaunchParametersSnapshot: no debugger version
    t =     1.27s         Setting up automation session
    t =     1.51s         Wait for com.xiaolongxu.zipharbor.app to idle
    t =     2.76s Waiting 25.0s for "file-课程资料_2026.zip" Button to exist
    t =     3.77s     Checking `Expect predicate `existsNoRetry == 1` for object "file-课程资料_2026.zip" Button`
    t =     3.77s         Checking existence of `"file-课程资料_2026.zip" Button`
    t =     3.79s             Requesting snapshot of accessibility hierarchy for app with pid 15224
    t =     3.91s             Find: Descendants matching type Button
    t =     3.91s             Find: Elements matching predicate '"file-课程资料_2026.zip" IN identifiers'
    t =     3.92s Checking existence of `"Quick actions" StaticText`
    t =     3.92s     Requesting snapshot of accessibility hierarchy for app with pid 15224
    t =     3.98s     Find: Descendants matching type StaticText
    t =     3.98s     Find: Elements matching predicate '"Quick actions" IN identifiers'
    t =     3.98s Find the Target Application 'com.xiaolongxu.zipharbor.app'
    t =     3.98s     Requesting snapshot of accessibility hierarchy for app with pid 15224
    t =     4.15s Added attachment named 'home-en'
    t =     4.15s Tap "tab-Settings" Button
    t =     4.15s     Wait for com.xiaolongxu.zipharbor.app to idle
    t =     4.16s     Find the "tab-Settings" Button
    t =     4.16s         Requesting snapshot of accessibility hierarchy for app with pid 15224
    t =     4.24s         Find: Descendants matching type Button
    t =     4.24s         Find: Elements matching predicate '"tab-Settings" IN identifiers'
    t =     4.24s     Check for interrupting elements affecting "tab-Settings" Button
    t =     4.26s         Requesting snapshot of accessibility hierarchy for app with pid 15224
    t =     4.30s         Find: Descendants matching predicate identifier == "NotificationShortLookView" OR elementType == 7
    t =     4.31s     Synthesize event
    t =     4.61s     Wait for com.xiaolongxu.zipharbor.app to idle
    t =     4.64s Tap "darkModeToggle" Button
    t =     4.64s     Wait for com.xiaolongxu.zipharbor.app to idle
    t =     4.65s     Find the "darkModeToggle" Button
    t =     4.65s         Requesting snapshot of accessibility hierarchy for app with pid 15224
    t =     4.72s         Find: Descendants matching type Button
    t =     4.72s         Find: Elements matching predicate '"darkModeToggle" IN identifiers'
    t =     4.73s     Check for interrupting elements affecting "darkModeToggle" Button
    t =     4.75s         Requesting snapshot of accessibility hierarchy for app with pid 15224
    t =     4.80s         Find: Descendants matching predicate identifier == "NotificationShortLookView" OR elementType == 7
    t =     4.80s     Synthesize event
    t =     5.12s     Wait for com.xiaolongxu.zipharbor.app to idle
    t =     5.14s Find the Target Application 'com.xiaolongxu.zipharbor.app'
    t =     5.14s     Requesting snapshot of accessibility hierarchy for app with pid 15224
    t =     5.34s Added attachment named 'settings-dark-en'
    t =     5.34s Tap "tab-Files" Button
    t =     5.34s     Wait for com.xiaolongxu.zipharbor.app to idle
    t =     5.34s     Find the "tab-Files" Button
    t =     5.34s         Requesting snapshot of accessibility hierarchy for app with pid 15224
    t =     5.40s         Find: Descendants matching type Button
    t =     5.40s         Find: Elements matching predicate '"tab-Files" IN identifiers'
    t =     5.40s     Check for interrupting elements affecting "tab-Files" Button
    t =     5.41s         Requesting snapshot of accessibility hierarchy for app with pid 15224
    t =     5.45s         Find: Descendants matching predicate identifier == "NotificationShortLookView" OR elementType == 7
    t =     5.45s     Synthesize event
    t =     5.75s     Wait for com.xiaolongxu.zipharbor.app to idle
    t =     5.77s Find the Target Application 'com.xiaolongxu.zipharbor.app'
    t =     5.77s     Requesting snapshot of accessibility hierarchy for app with pid 15224
    t =     6.00s Added attachment named 'home-dark-en'
    t =     6.00s Checking existence of `"openArchiveButton" Button`
    t =     6.00s     Requesting snapshot of accessibility hierarchy for app with pid 15224
    t =     6.07s     Find: Descendants matching type Button
    t =     6.07s     Find: Elements matching predicate '"openArchiveButton" IN identifiers'
    t =     6.07s Tear Down
Test Case '-[ZipHarborUITests.ZipHarborUITests testEnglishAndDarkAppearance]' passed (6.082 seconds).
Test Case '-[ZipHarborUITests.ZipHarborUITests testFavoritesAndSelectedDirectoryExtraction]' started.
    t =     0.00s Start Test at 2026-10-01 23:24:12.152
    t =     0.02s Set Up
    t =     0.02s Open com.xiaolongxu.zipharbor.app
    t =     0.02s     Launch com.xiaolongxu.zipharbor.app
    t =     0.02s         Terminate com.xiaolongxu.zipharbor.app:15224
2026-10-01 23:24:11.159 xcodebuild[70867:4191621] [MT] IDELaunchParametersSnapshot: debugger version lookup failed for path '<nil>': noURL
2026-10-01 23:24:11.159 xcodebuild[70867:4191621] [MT] IDELaunchParametersSnapshot: no debugger version
    t =     1.30s         Setting up automation session
    t =     1.55s         Wait for com.xiaolongxu.zipharbor.app to idle
    t =     2.80s Waiting 25.0s for "file-课程资料_2026.zip" Button to exist
    t =     3.81s     Checking `Expect predicate `existsNoRetry == 1` for object "file-课程资料_2026.zip" Button`
    t =     3.82s         Checking existence of `"file-课程资料_2026.zip" Button`
    t =     3.83s             Requesting snapshot of accessibility hierarchy for app with pid 15225
    t =     3.95s             Find: Descendants matching type Button
    t =     3.95s             Find: Elements matching predicate '"file-课程资料_2026.zip" IN identifiers'
    t =     3.96s Tap "file-课程资料_2026.zip" Button
    t =     3.96s     Wait for com.xiaolongxu.zipharbor.app to idle
    t =     3.96s     Find the "file-课程资料_2026.zip" Button
    t =     3.97s         Requesting snapshot of accessibility hierarchy for app with pid 15225
    t =     4.02s         Find: Descendants matching type Button
    t =     4.02s         Find: Elements matching predicate '"file-课程资料_2026.zip" IN identifiers'
    t =     4.03s     Check for interrupting elements affecting "file-课程资料_2026.zip" Button
    t =     4.05s         Requesting snapshot of accessibility hierarchy for app with pid 15225
    t =     4.10s         Find: Descendants matching predicate identifier == "NotificationShortLookView" OR elementType == 7
    t =     4.11s     Synthesize event
    t =     4.42s     Wait for com.xiaolongxu.zipharbor.app to idle
    t =     4.80s Waiting 10.0s for "entry-课程资料" Button to exist
    t =     5.80s     Checking `Expect predicate `existsNoRetry == 1` for object "entry-课程资料" Button`
    t =     5.80s         Checking existence of `"entry-课程资料" Button`
    t =     5.81s             Requesting snapshot of accessibility hierarchy for app with pid 15225
    t =     5.90s             Find: Descendants matching type Button
    t =     5.91s             Find: Elements matching predicate '"entry-课程资料" IN identifiers'
    t =     5.92s Tap "Add favorite" Button
    t =     5.92s     Wait for com.xiaolongxu.zipharbor.app to idle
    t =     5.93s     Find the "Add favorite" Button
    t =     5.93s         Requesting snapshot of accessibility hierarchy for app with pid 15225
    t =     5.99s         Find: Descendants matching type Button
    t =     5.99s         Find: Elements matching predicate '"Add favorite" IN identifiers'
    t =     5.99s     Check for interrupting elements affecting "Add favorite" Button
    t =     6.01s         Requesting snapshot of accessibility hierarchy for app with pid 15225
    t =     6.06s         Find: Descendants matching predicate identifier == "NotificationShortLookView" OR elementType == 7
    t =     6.07s     Synthesize event
    t =     6.38s     Wait for com.xiaolongxu.zipharbor.app to idle
    t =     6.40s Tap "select-课程资料" Button
    t =     6.40s     Wait for com.xiaolongxu.zipharbor.app to idle
    t =     6.41s     Find the "select-课程资料" Button
    t =     6.41s         Requesting snapshot of accessibility hierarchy for app with pid 15225
    t =     6.48s         Find: Descendants matching type Button
    t =     6.48s         Find: Elements matching predicate '"select-课程资料" IN identifiers'
    t =     6.48s     Check for interrupting elements affecting "select-课程资料" Button
    t =     6.50s         Requesting snapshot of accessibility hierarchy for app with pid 15225
    t =     6.55s         Find: Descendants matching predicate identifier == "NotificationShortLookView" OR elementType == 7
    t =     6.56s     Synthesize event
    t =     6.88s     Wait for com.xiaolongxu.zipharbor.app to idle
    t =     6.90s Tap "extractSelectedButton" Button
    t =     6.90s     Wait for com.xiaolongxu.zipharbor.app to idle
    t =     6.91s     Find the "extractSelectedButton" Button
    t =     6.91s         Requesting snapshot of accessibility hierarchy for app with pid 15225
    t =     6.97s         Find: Descendants matching type Button
    t =     6.97s         Find: Elements matching predicate '"extractSelectedButton" IN identifiers'
    t =     6.98s     Check for interrupting elements affecting "extractSelectedButton" Button
    t =     6.99s         Requesting snapshot of accessibility hierarchy for app with pid 15225
    t =     7.04s         Find: Descendants matching predicate identifier == "NotificationShortLookView" OR elementType == 7
    t =     7.04s     Synthesize event
    t =     7.35s     Wait for com.xiaolongxu.zipharbor.app to idle
    t =     7.76s Tap "startExtractionButton" Button
    t =     7.76s     Wait for com.xiaolongxu.zipharbor.app to idle
    t =     7.77s     Find the "startExtractionButton" Button
    t =     7.78s         Requesting snapshot of accessibility hierarchy for app with pid 15225
    t =     7.88s         Find: Descendants matching type Button
    t =     7.88s         Find: Elements matching predicate '"startExtractionButton" IN identifiers'
    t =     7.89s     Check for interrupting elements affecting "startExtractionButton" Button
    t =     7.91s         Requesting snapshot of accessibility hierarchy for app with pid 15225
    t =     7.98s         Find: Descendants matching predicate identifier == "NotificationShortLookView" OR elementType == 7
    t =     7.99s     Synthesize event
    t =     8.29s     Wait for com.xiaolongxu.zipharbor.app to idle
    t =     9.32s Waiting 20.0s for "resultDoneButton" Button to exist
    t =    10.35s     Checking `Expect predicate `existsNoRetry == 1` for object "resultDoneButton" Button`
    t =    10.36s         Checking existence of `"resultDoneButton" Button`
    t =    10.37s             Requesting snapshot of accessibility hierarchy for app with pid 15225
    t =    10.46s             Find: Descendants matching type Button
    t =    10.46s             Find: Elements matching predicate '"resultDoneButton" IN identifiers'
    t =    10.47s Tap "openOutputButton" Button
    t =    10.47s     Wait for com.xiaolongxu.zipharbor.app to idle
    t =    10.47s     Find the "openOutputButton" Button
    t =    10.48s         Requesting snapshot of accessibility hierarchy for app with pid 15225
    t =    10.54s         Find: Descendants matching type Button
    t =    10.54s         Find: Elements matching predicate '"openOutputButton" IN identifiers'
    t =    10.55s     Check for interrupting elements affecting "openOutputButton" Button
    t =    10.57s         Requesting snapshot of accessibility hierarchy for app with pid 15225
    t =    10.62s         Find: Descendants matching predicate identifier == "NotificationShortLookView" OR elementType == 7
    t =    10.62s     Synthesize event
    t =    10.91s     Wait for com.xiaolongxu.zipharbor.app to idle
    t =    11.31s Waiting 5.0s for "课程资料" StaticText to exist
    t =    12.33s     Checking `Expect predicate `existsNoRetry == 1` for object "课程资料" StaticText`
    t =    12.33s         Checking existence of `"课程资料" StaticText`
    t =    12.34s             Requesting snapshot of accessibility hierarchy for app with pid 15225
    t =    12.42s             Find: Descendants matching type StaticText
    t =    12.42s             Find: Elements matching predicate '"课程资料" IN identifiers'
    t =    12.43s Checking existence of `"课堂笔记.txt" StaticText`
    t =    12.44s     Requesting snapshot of accessibility hierarchy for app with pid 15225
    t =    12.50s     Find: Descendants matching type StaticText
    t =    12.50s     Find: Elements matching predicate '"课堂笔记.txt" IN identifiers'
    t =    12.51s Find the Target Application 'com.xiaolongxu.zipharbor.app'
    t =    12.51s     Requesting snapshot of accessibility hierarchy for app with pid 15225
    t =    12.68s Added attachment named 'selected-directory-output'
    t =    12.68s Tap "folderDoneButton" Button
    t =    12.68s     Wait for com.xiaolongxu.zipharbor.app to idle
    t =    12.68s     Find the "folderDoneButton" Button
    t =    12.68s         Requesting snapshot of accessibility hierarchy for app with pid 15225
    t =    12.75s         Find: Descendants matching type Button
    t =    12.76s         Find: Elements matching predicate '"folderDoneButton" IN identifiers'
    t =    12.76s     Check for interrupting elements affecting "folderDoneButton" Button
    t =    12.77s         Requesting snapshot of accessibility hierarchy for app with pid 15225
    t =    12.82s         Find: Descendants matching predicate identifier == "NotificationShortLookView" OR elementType == 7
    t =    12.82s     Synthesize event
    t =    13.12s     Wait for com.xiaolongxu.zipharbor.app to idle
    t =    13.50s Tap "resultDoneButton" Button
    t =    13.50s     Wait for com.xiaolongxu.zipharbor.app to idle
    t =    13.52s     Find the "resultDoneButton" Button
    t =    13.52s         Requesting snapshot of accessibility hierarchy for app with pid 15225
    t =    13.59s         Find: Descendants matching type Button
    t =    13.60s         Find: Elements matching predicate '"resultDoneButton" IN identifiers'
    t =    13.60s     Check for interrupting elements affecting "resultDoneButton" Button
    t =    13.62s         Requesting snapshot of accessibility hierarchy for app with pid 15225
    t =    13.68s         Find: Descendants matching predicate identifier == "NotificationShortLookView" OR elementType == 7
    t =    13.68s     Synthesize event
    t =    13.99s     Wait for com.xiaolongxu.zipharbor.app to idle
    t =    14.38s Tap "tab-Files" Button
    t =    14.38s     Wait for com.xiaolongxu.zipharbor.app to idle
    t =    14.39s     Find the "tab-Files" Button
    t =    14.40s         Requesting snapshot of accessibility hierarchy for app with pid 15225
    t =    14.44s         Find: Descendants matching type Button
    t =    14.45s         Find: Elements matching predicate '"tab-Files" IN identifiers'
    t =    14.45s     Check for interrupting elements affecting "tab-Files" Button
    t =    14.47s         Requesting snapshot of accessibility hierarchy for app with pid 15225
    t =    14.51s         Find: Descendants matching predicate identifier == "NotificationShortLookView" OR elementType == 7
    t =    14.52s     Synthesize event
    t =    14.84s     Wait for com.xiaolongxu.zipharbor.app to idle
    t =    14.86s Swipe up Target Application 'com.xiaolongxu.zipharbor.app'
    t =    14.86s     Wait for com.xiaolongxu.zipharbor.app to idle
    t =    14.87s     Find the Target Application 'com.xiaolongxu.zipharbor.app'
    t =    14.87s         Requesting snapshot of accessibility hierarchy for app with pid 15225
    t =    14.95s     Check for interrupting elements affecting "ZipHarbor" Application
    t =    14.97s         Requesting snapshot of accessibility hierarchy for app with pid 15225
    t =    15.02s         Find: Descendants matching predicate identifier == "NotificationShortLookView" OR elementType == 7
    t =    15.03s     Synthesize event
    t =    15.48s     Wait for com.xiaolongxu.zipharbor.app to idle
    t =    15.97s Tap "location-Favorites" Button
    t =    15.97s     Wait for com.xiaolongxu.zipharbor.app to idle
    t =    15.98s     Find the "location-Favorites" Button
    t =    15.98s         Requesting snapshot of accessibility hierarchy for app with pid 15225
    t =    16.07s         Find: Descendants matching type Button
    t =    16.08s         Find: Elements matching predicate '"location-Favorites" IN identifiers'
    t =    16.09s     Check for interrupting elements affecting "location-Favorites" Button
    t =    16.11s         Requesting snapshot of accessibility hierarchy for app with pid 15225
    t =    16.17s         Find: Descendants matching predicate identifier == "NotificationShortLookView" OR elementType == 7
    t =    16.18s     Synthesize event
    t =    16.50s     Wait for com.xiaolongxu.zipharbor.app to idle
    t =    16.90s Waiting 5.0s for "file-课程资料_2026.zip" Button to exist
    t =    17.92s     Checking `Expect predicate `existsNoRetry == 1` for object "file-课程资料_2026.zip" Button`
    t =    17.92s         Checking existence of `"file-课程资料_2026.zip" Button`
    t =    17.93s             Requesting snapshot of accessibility hierarchy for app with pid 15225
    t =    18.05s             Find: Descendants matching type Button
    t =    18.06s             Find: Elements matching predicate '"file-课程资料_2026.zip" IN identifiers'
    t =    18.06s Find the Target Application 'com.xiaolongxu.zipharbor.app'
    t =    18.07s     Requesting snapshot of accessibility hierarchy for app with pid 15225
    t =    18.27s Added attachment named 'favorites'
    t =    18.27s Tear Down
Test Case '-[ZipHarborUITests.ZipHarborUITests testFavoritesAndSelectedDirectoryExtraction]' passed (18.301 seconds).
Test Case '-[ZipHarborUITests.ZipHarborUITests testPasswordAutomaticallyContinuesAndDoneDismisses]' started.
    t =     0.00s Start Test at 2026-10-01 23:24:30.453
    t =     0.01s Set Up
    t =     0.02s Open com.xiaolongxu.zipharbor.app
    t =     0.02s     Launch com.xiaolongxu.zipharbor.app
    t =     0.02s         Terminate com.xiaolongxu.zipharbor.app:15225
2026-10-01 23:24:29.464 xcodebuild[70867:4191621] [MT] IDELaunchParametersSnapshot: debugger version lookup failed for path '<nil>': noURL
2026-10-01 23:24:29.464 xcodebuild[70867:4191621] [MT] IDELaunchParametersSnapshot: no debugger version
    t =     1.30s         Setting up automation session
    t =     1.55s         Wait for com.xiaolongxu.zipharbor.app to idle
    t =     2.80s Waiting 25.0s for "file-课程资料_2026.zip" Button to exist
    t =     3.82s     Checking `Expect predicate `existsNoRetry == 1` for object "file-课程资料_2026.zip" Button`
    t =     3.82s         Checking existence of `"file-课程资料_2026.zip" Button`
    t =     3.83s             Requesting snapshot of accessibility hierarchy for app with pid 15226
    t =     3.94s             Find: Descendants matching type Button
    t =     3.95s             Find: Elements matching predicate '"file-课程资料_2026.zip" IN identifiers'
    t =     3.96s Find the Target Application 'com.xiaolongxu.zipharbor.app'
    t =     3.96s     Requesting snapshot of accessibility hierarchy for app with pid 15226
    t =     4.14s Added attachment named 'home-zh'
    t =     4.14s Tap "file-0903.zip" Button
    t =     4.14s     Wait for com.xiaolongxu.zipharbor.app to idle
    t =     4.14s     Find the "file-0903.zip" Button
    t =     4.15s         Requesting snapshot of accessibility hierarchy for app with pid 15226
    t =     4.22s         Find: Descendants matching type Button
    t =     4.23s         Find: Elements matching predicate '"file-0903.zip" IN identifiers'
    t =     4.23s     Check for interrupting elements affecting "file-0903.zip" Button
    t =     4.24s         Requesting snapshot of accessibility hierarchy for app with pid 15226
    t =     4.29s         Find: Descendants matching predicate identifier == "NotificationShortLookView" OR elementType == 7
    t =     4.29s     Synthesize event
    t =     4.60s     Wait for com.xiaolongxu.zipharbor.app to idle
    t =     5.00s Waiting 10.0s for "extractToButton" Button to exist
    t =     6.02s     Checking `Expect predicate `existsNoRetry == 1` for object "extractToButton" Button`
    t =     6.02s         Checking existence of `"extractToButton" Button`
    t =     6.03s             Requesting snapshot of accessibility hierarchy for app with pid 15226
    t =     6.12s             Find: Descendants matching type Button
    t =     6.12s             Find: Elements matching predicate '"extractToButton" IN identifiers'
    t =     6.13s Tap "extractToButton" Button
    t =     6.13s     Wait for com.xiaolongxu.zipharbor.app to idle
    t =     6.13s     Find the "extractToButton" Button
    t =     6.14s         Requesting snapshot of accessibility hierarchy for app with pid 15226
    t =     6.19s         Find: Descendants matching type Button
    t =     6.19s         Find: Elements matching predicate '"extractToButton" IN identifiers'
    t =     6.20s     Check for interrupting elements affecting "extractToButton" Button
    t =     6.22s         Requesting snapshot of accessibility hierarchy for app with pid 15226
    t =     6.27s         Find: Descendants matching predicate identifier == "NotificationShortLookView" OR elementType == 7
    t =     6.28s     Synthesize event
    t =     6.59s     Wait for com.xiaolongxu.zipharbor.app to idle
    t =     7.03s Waiting 5.0s for "startExtractionButton" Button to exist
    t =     8.05s     Checking `Expect predicate `existsNoRetry == 1` for object "startExtractionButton" Button`
    t =     8.06s         Checking existence of `"startExtractionButton" Button`
    t =     8.07s             Requesting snapshot of accessibility hierarchy for app with pid 15226
    t =     8.19s             Find: Descendants matching type Button
    t =     8.20s             Find: Elements matching predicate '"startExtractionButton" IN identifiers'
    t =     8.20s Find the Target Application 'com.xiaolongxu.zipharbor.app'
    t =     8.21s     Requesting snapshot of accessibility hierarchy for app with pid 15226
    t =     8.40s Added attachment named 'extraction-destination'
    t =     8.40s Tap "startExtractionButton" Button
    t =     8.40s     Wait for com.xiaolongxu.zipharbor.app to idle
    t =     8.41s     Find the "startExtractionButton" Button
    t =     8.41s         Requesting snapshot of accessibility hierarchy for app with pid 15226
    t =     8.49s         Find: Descendants matching type Button
    t =     8.49s         Find: Elements matching predicate '"startExtractionButton" IN identifiers'
    t =     8.49s     Check for interrupting elements affecting "startExtractionButton" Button
    t =     8.51s         Requesting snapshot of accessibility hierarchy for app with pid 15226
    t =     8.57s         Find: Descendants matching predicate identifier == "NotificationShortLookView" OR elementType == 7
    t =     8.57s     Synthesize event
    t =     8.88s     Wait for com.xiaolongxu.zipharbor.app to idle
    t =     9.89s Waiting 15.0s for "taskPasswordField" SecureTextField to exist
    t =    10.89s     Checking `Expect predicate `existsNoRetry == 1` for object "taskPasswordField" SecureTextField`
    t =    10.89s         Checking existence of `"taskPasswordField" SecureTextField`
    t =    10.91s             Requesting snapshot of accessibility hierarchy for app with pid 15226
    t =    11.00s             Find: Descendants matching type SecureTextField
    t =    11.00s             Find: Elements matching predicate '"taskPasswordField" IN identifiers'
    t =    11.01s Tap "taskPasswordField" SecureTextField
    t =    11.01s     Wait for com.xiaolongxu.zipharbor.app to idle
    t =    11.02s     Find the "taskPasswordField" SecureTextField
    t =    11.02s         Requesting snapshot of accessibility hierarchy for app with pid 15226
    t =    11.09s         Find: Descendants matching type SecureTextField
    t =    11.09s         Find: Elements matching predicate '"taskPasswordField" IN identifiers'
    t =    11.09s     Check for interrupting elements affecting "taskPasswordField" SecureTextField
    t =    11.11s         Requesting snapshot of accessibility hierarchy for app with pid 15226
    t =    11.15s         Find: Descendants matching predicate identifier == "NotificationShortLookView" OR elementType == 7
    t =    11.16s     Synthesize event
    t =    11.47s     Wait for com.xiaolongxu.zipharbor.app to idle
    t =    12.41s Type '<redacted>' into "taskPasswordField" SecureTextField
    t =    12.41s     Wait for com.xiaolongxu.zipharbor.app to idle
    t =    12.42s     Find the "taskPasswordField" SecureTextField
    t =    12.43s         Requesting snapshot of accessibility hierarchy for app with pid 15226
    t =    12.55s         Find: Descendants matching type SecureTextField
    t =    12.55s         Find: Elements matching predicate '"taskPasswordField" IN identifiers'
    t =    12.56s     Check for interrupting elements affecting "taskPasswordField" SecureTextField
    t =    12.58s         Requesting snapshot of accessibility hierarchy for app with pid 15226
    t =    12.65s         Find: Descendants matching predicate identifier == "NotificationShortLookView" OR elementType == 7
    t =    12.66s     Synthesize event
    t =    12.95s     Wait for com.xiaolongxu.zipharbor.app to idle
    t =    12.97s Tap "unlockAndContinueButton" Button
    t =    12.97s     Wait for com.xiaolongxu.zipharbor.app to idle
    t =    12.98s     Find the "unlockAndContinueButton" Button
    t =    12.99s         Requesting snapshot of accessibility hierarchy for app with pid 15226
    t =    13.09s         Find: Descendants matching type Button
    t =    13.09s         Find: Elements matching predicate '"unlockAndContinueButton" IN identifiers'
    t =    13.09s     Check for interrupting elements affecting "unlockAndContinueButton" Button
    t =    13.11s         Requesting snapshot of accessibility hierarchy for app with pid 15226
    t =    13.20s         Find: Descendants matching predicate identifier == "NotificationShortLookView" OR elementType == 7
    t =    13.20s     Synthesize event
    t =    13.52s     Wait for com.xiaolongxu.zipharbor.app to idle
    t =    13.98s Waiting 20.0s for "resultDoneButton" Button to exist
    t =    15.00s     Checking `Expect predicate `existsNoRetry == 1` for object "resultDoneButton" Button`
    t =    15.00s         Checking existence of `"resultDoneButton" Button`
    t =    15.02s             Requesting snapshot of accessibility hierarchy for app with pid 15226
    t =    15.11s             Find: Descendants matching type Button
    t =    15.11s             Find: Elements matching predicate '"resultDoneButton" IN identifiers'
    t =    15.12s Find the Target Application 'com.xiaolongxu.zipharbor.app'
    t =    15.12s     Requesting snapshot of accessibility hierarchy for app with pid 15226
    t =    15.32s Added attachment named 'extraction-result'
    t =    15.32s Tap "openOutputButton" Button
    t =    15.32s     Wait for com.xiaolongxu.zipharbor.app to idle
    t =    15.33s     Find the "openOutputButton" Button
    t =    15.33s         Requesting snapshot of accessibility hierarchy for app with pid 15226
    t =    15.40s         Find: Descendants matching type Button
    t =    15.40s         Find: Elements matching predicate '"openOutputButton" IN identifiers'
    t =    15.40s     Check for interrupting elements affecting "openOutputButton" Button
    t =    15.42s         Requesting snapshot of accessibility hierarchy for app with pid 15226
    t =    15.46s         Find: Descendants matching predicate identifier == "NotificationShortLookView" OR elementType == 7
    t =    15.47s     Synthesize event
    t =    15.77s     Wait for com.xiaolongxu.zipharbor.app to idle
    t =    16.19s Waiting 5.0s for "课堂笔记.txt" StaticText to exist
    t =    17.19s     Checking `Expect predicate `existsNoRetry == 1` for object "课堂笔记.txt" StaticText`
    t =    17.20s         Checking existence of `"课堂笔记.txt" StaticText`
    t =    17.21s             Requesting snapshot of accessibility hierarchy for app with pid 15226
    t =    17.30s             Find: Descendants matching type StaticText
    t =    17.30s             Find: Elements matching predicate '"课堂笔记.txt" IN identifiers'
    t =    17.31s Find the Target Application 'com.xiaolongxu.zipharbor.app'
    t =    17.32s     Requesting snapshot of accessibility hierarchy for app with pid 15226
    t =    17.48s Added attachment named 'output-folder'
    t =    17.48s Tap "folderDoneButton" Button
    t =    17.48s     Wait for com.xiaolongxu.zipharbor.app to idle
    t =    17.48s     Find the "folderDoneButton" Button
    t =    17.49s         Requesting snapshot of accessibility hierarchy for app with pid 15226
    t =    17.55s         Find: Descendants matching type Button
    t =    17.55s         Find: Elements matching predicate '"folderDoneButton" IN identifiers'
    t =    17.56s     Check for interrupting elements affecting "folderDoneButton" Button
    t =    17.57s         Requesting snapshot of accessibility hierarchy for app with pid 15226
    t =    17.62s         Find: Descendants matching predicate identifier == "NotificationShortLookView" OR elementType == 7
    t =    17.62s     Synthesize event
    t =    17.92s     Wait for com.xiaolongxu.zipharbor.app to idle
    t =    18.31s Tap "resultDoneButton" Button
    t =    18.31s     Wait for com.xiaolongxu.zipharbor.app to idle
    t =    18.32s     Find the "resultDoneButton" Button
    t =    18.33s         Requesting snapshot of accessibility hierarchy for app with pid 15226
    t =    18.40s         Find: Descendants matching type Button
    t =    18.40s         Find: Elements matching predicate '"resultDoneButton" IN identifiers'
    t =    18.41s     Check for interrupting elements affecting "resultDoneButton" Button
    t =    18.43s         Requesting snapshot of accessibility hierarchy for app with pid 15226
    t =    18.49s         Find: Descendants matching predicate identifier == "NotificationShortLookView" OR elementType == 7
    t =    18.50s     Synthesize event
    t =    18.81s     Wait for com.xiaolongxu.zipharbor.app to idle
    t =    19.20s Waiting 5.0s for "tab-Tasks" Button to exist
    t =    20.21s     Checking `Expect predicate `existsNoRetry == 1` for object "tab-Tasks" Button`
    t =    20.21s         Checking existence of `"tab-Tasks" Button`
    t =    20.22s             Requesting snapshot of accessibility hierarchy for app with pid 15226
    t =    20.29s             Find: Descendants matching type Button
    t =    20.29s             Find: Elements matching predicate '"tab-Tasks" IN identifiers'
    t =    20.30s Checking existence of `"resultDoneButton" Button`
    t =    20.30s     Requesting snapshot of accessibility hierarchy for app with pid 15226
    t =    20.35s     Find: Descendants matching type Button
    t =    20.36s     Find: Elements matching predicate '"resultDoneButton" IN identifiers'
    t =    20.36s Tap "taskFilter-Completed" Button
    t =    20.36s     Wait for com.xiaolongxu.zipharbor.app to idle
    t =    20.37s     Find the "taskFilter-Completed" Button
    t =    20.37s         Requesting snapshot of accessibility hierarchy for app with pid 15226
    t =    20.42s         Find: Descendants matching type Button
    t =    20.42s         Find: Elements matching predicate '"taskFilter-Completed" IN identifiers'
    t =    20.42s     Check for interrupting elements affecting "taskFilter-Completed" Button
    t =    20.45s         Requesting snapshot of accessibility hierarchy for app with pid 15226
    t =    20.49s         Find: Descendants matching predicate identifier == "NotificationShortLookView" OR elementType == 7
    t =    20.49s     Synthesize event
    t =    20.81s     Wait for com.xiaolongxu.zipharbor.app to idle
    t =    20.83s Checking existence of `"result-0903" Button`
    t =    20.83s     Requesting snapshot of accessibility hierarchy for app with pid 15226
    t =    20.89s     Find: Descendants matching type Button
    t =    20.89s     Find: Elements matching predicate '"result-0903" IN identifiers'
    t =    20.89s Tear Down
Test Case '-[ZipHarborUITests.ZipHarborUITests testPasswordAutomaticallyContinuesAndDoneDismisses]' passed (20.938 seconds).
Test Case '-[ZipHarborUITests.ZipHarborUITests testPasswordCancelAndClearHistoryKeepFiles]' started.
    t =     0.01s Start Test at 2026-10-01 23:24:51.398
    t =     0.03s Set Up
    t =     0.03s Open com.xiaolongxu.zipharbor.app
    t =     0.03s     Launch com.xiaolongxu.zipharbor.app
    t =     0.03s         Terminate com.xiaolongxu.zipharbor.app:15226
2026-10-01 23:24:50.425 xcodebuild[70867:4191621] [MT] IDELaunchParametersSnapshot: debugger version lookup failed for path '<nil>': noURL
2026-10-01 23:24:50.425 xcodebuild[70867:4191621] [MT] IDELaunchParametersSnapshot: no debugger version
    t =     1.33s         Setting up automation session
    t =     1.56s         Wait for com.xiaolongxu.zipharbor.app to idle
    t =     2.86s Waiting 25.0s for "file-课程资料_2026.zip" Button to exist
    t =     3.87s     Checking `Expect predicate `existsNoRetry == 1` for object "file-课程资料_2026.zip" Button`
    t =     3.87s         Checking existence of `"file-课程资料_2026.zip" Button`
    t =     3.89s             Requesting snapshot of accessibility hierarchy for app with pid 15227
    t =     4.00s             Find: Descendants matching type Button
    t =     4.00s             Find: Elements matching predicate '"file-课程资料_2026.zip" IN identifiers'
    t =     4.01s Tap "file-0903.zip" Button
    t =     4.01s     Wait for com.xiaolongxu.zipharbor.app to idle
    t =     4.02s     Find the "file-0903.zip" Button
    t =     4.02s         Requesting snapshot of accessibility hierarchy for app with pid 15227
    t =     4.08s         Find: Descendants matching type Button
    t =     4.08s         Find: Elements matching predicate '"file-0903.zip" IN identifiers'
    t =     4.08s     Check for interrupting elements affecting "file-0903.zip" Button
    t =     4.10s         Requesting snapshot of accessibility hierarchy for app with pid 15227
    t =     4.15s         Find: Descendants matching predicate identifier == "NotificationShortLookView" OR elementType == 7
    t =     4.16s     Synthesize event
    t =     4.47s     Wait for com.xiaolongxu.zipharbor.app to idle
    t =     4.88s Waiting 10.0s for "extractToButton" Button to exist
    t =     5.89s     Checking `Expect predicate `existsNoRetry == 1` for object "extractToButton" Button`
    t =     5.89s         Checking existence of `"extractToButton" Button`
    t =     5.90s             Requesting snapshot of accessibility hierarchy for app with pid 15227
    t =     5.98s             Find: Descendants matching type Button
    t =     5.99s             Find: Elements matching predicate '"extractToButton" IN identifiers'
    t =     6.00s Tap "extractToButton" Button
    t =     6.00s     Wait for com.xiaolongxu.zipharbor.app to idle
    t =     6.01s     Find the "extractToButton" Button
    t =     6.01s         Requesting snapshot of accessibility hierarchy for app with pid 15227
    t =     6.06s         Find: Descendants matching type Button
    t =     6.06s         Find: Elements matching predicate '"extractToButton" IN identifiers'
    t =     6.06s     Check for interrupting elements affecting "extractToButton" Button
    t =     6.08s         Requesting snapshot of accessibility hierarchy for app with pid 15227
    t =     6.12s         Find: Descendants matching predicate identifier == "NotificationShortLookView" OR elementType == 7
    t =     6.13s     Synthesize event
    t =     6.43s     Wait for com.xiaolongxu.zipharbor.app to idle
    t =     6.87s Waiting 5.0s for "startExtractionButton" Button to exist
    t =     7.87s     Checking `Expect predicate `existsNoRetry == 1` for object "startExtractionButton" Button`
    t =     7.88s         Checking existence of `"startExtractionButton" Button`
    t =     7.89s             Requesting snapshot of accessibility hierarchy for app with pid 15227
    t =     8.00s             Find: Descendants matching type Button
    t =     8.01s             Find: Elements matching predicate '"startExtractionButton" IN identifiers'
    t =     8.02s Find the Target Application 'com.xiaolongxu.zipharbor.app'
    t =     8.02s     Requesting snapshot of accessibility hierarchy for app with pid 15227
    t =     8.21s Added attachment named 'extraction-destination'
    t =     8.21s Tap "startExtractionButton" Button
    t =     8.21s     Wait for com.xiaolongxu.zipharbor.app to idle
    t =     8.21s     Find the "startExtractionButton" Button
    t =     8.21s         Requesting snapshot of accessibility hierarchy for app with pid 15227
    t =     8.29s         Find: Descendants matching type Button
    t =     8.30s         Find: Elements matching predicate '"startExtractionButton" IN identifiers'
    t =     8.30s     Check for interrupting elements affecting "startExtractionButton" Button
    t =     8.31s         Requesting snapshot of accessibility hierarchy for app with pid 15227
    t =     8.36s         Find: Descendants matching predicate identifier == "NotificationShortLookView" OR elementType == 7
    t =     8.37s     Synthesize event
    t =     8.67s     Wait for com.xiaolongxu.zipharbor.app to idle
    t =     9.67s Waiting 15.0s for "taskPasswordField" SecureTextField to exist
    t =    10.69s     Checking `Expect predicate `existsNoRetry == 1` for object "taskPasswordField" SecureTextField`
    t =    10.70s         Checking existence of `"taskPasswordField" SecureTextField`
    t =    10.71s             Requesting snapshot of accessibility hierarchy for app with pid 15227
    t =    10.80s             Find: Descendants matching type SecureTextField
    t =    10.80s             Find: Elements matching predicate '"taskPasswordField" IN identifiers'
    t =    10.81s Tap "sheetDoneButton" Button
    t =    10.81s     Wait for com.xiaolongxu.zipharbor.app to idle
    t =    10.82s     Find the "sheetDoneButton" Button
    t =    10.82s         Requesting snapshot of accessibility hierarchy for app with pid 15227
    t =    10.88s         Find: Descendants matching type Button
    t =    10.88s         Find: Elements matching predicate '"sheetDoneButton" IN identifiers'
    t =    10.88s     Check for interrupting elements affecting "sheetDoneButton" Button
    t =    10.90s         Requesting snapshot of accessibility hierarchy for app with pid 15227
    t =    10.94s         Find: Descendants matching predicate identifier == "NotificationShortLookView" OR elementType == 7
    t =    10.94s     Synthesize event
    t =    11.25s     Wait for com.xiaolongxu.zipharbor.app to idle
    t =    11.65s Waiting 5.0s for "tab-Settings" Button to exist
    t =    12.68s     Checking `Expect predicate `existsNoRetry == 1` for object "tab-Settings" Button`
    t =    12.68s         Checking existence of `"tab-Settings" Button`
    t =    12.69s             Requesting snapshot of accessibility hierarchy for app with pid 15227
    t =    12.75s             Find: Descendants matching type Button
    t =    12.76s             Find: Elements matching predicate '"tab-Settings" IN identifiers'
    t =    12.76s Tap "tab-Settings" Button
    t =    12.76s     Wait for com.xiaolongxu.zipharbor.app to idle
    t =    12.77s     Find the "tab-Settings" Button
    t =    12.77s         Requesting snapshot of accessibility hierarchy for app with pid 15227
    t =    12.82s         Find: Descendants matching type Button
    t =    12.82s         Find: Elements matching predicate '"tab-Settings" IN identifiers'
    t =    12.82s     Check for interrupting elements affecting "tab-Settings" Button
    t =    12.84s         Requesting snapshot of accessibility hierarchy for app with pid 15227
    t =    12.88s         Find: Descendants matching predicate identifier == "NotificationShortLookView" OR elementType == 7
    t =    12.89s     Synthesize event
    t =    13.21s     Wait for com.xiaolongxu.zipharbor.app to idle
    t =    13.23s Find the Target Application 'com.xiaolongxu.zipharbor.app'
    t =    13.23s     Requesting snapshot of accessibility hierarchy for app with pid 15227
    t =    13.43s Added attachment named 'settings-zh'
    t =    13.43s Tap "clearHistoryButton" Button
    t =    13.43s     Wait for com.xiaolongxu.zipharbor.app to idle
    t =    13.43s     Find the "clearHistoryButton" Button
    t =    13.43s         Requesting snapshot of accessibility hierarchy for app with pid 15227
    t =    13.50s         Find: Descendants matching type Button
    t =    13.50s         Find: Elements matching predicate '"clearHistoryButton" IN identifiers'
    t =    13.50s     Check for interrupting elements affecting "clearHistoryButton" Button
    t =    13.51s         Requesting snapshot of accessibility hierarchy for app with pid 15227
    t =    13.55s         Find: Descendants matching predicate identifier == "NotificationShortLookView" OR elementType == 7
    t =    13.55s     Synthesize event
    t =    13.85s     Wait for com.xiaolongxu.zipharbor.app to idle
    t =    14.33s Get all elements bound by index for: Elements matching predicate '"清除最近记录" IN identifiers'
    t =    14.35s     Requesting snapshot of accessibility hierarchy for app with pid 15227
    t =    14.44s     Find: Descendants matching type Button
    t =    14.45s     Find: Elements matching predicate '"清除最近记录" IN identifiers'
    t =    14.45s Tap "清除最近记录" Button
    t =    14.45s     Wait for com.xiaolongxu.zipharbor.app to idle
    t =    14.46s     Find the "清除最近记录" Button
    t =    14.46s         Requesting snapshot of accessibility hierarchy for app with pid 15227
    t =    14.53s         Find: Descendants matching type Button
    t =    14.53s         Find: Elements matching predicate '"清除最近记录" IN identifiers'
    t =    14.54s         Find: Element at index 0
    t =    14.54s     Check for interrupting elements affecting "清除最近记录" Button
    t =    14.56s         Requesting snapshot of accessibility hierarchy for app with pid 15227
    t =    14.62s         Find: Descendants matching predicate identifier == "NotificationShortLookView" OR elementType == 7
    t =    14.63s     Synthesize event
    t =    14.93s     Wait for com.xiaolongxu.zipharbor.app to idle
    t =    15.27s Tap "tab-Files" Button
    t =    15.28s     Wait for com.xiaolongxu.zipharbor.app to idle
    t =    15.29s     Find the "tab-Files" Button
    t =    15.30s         Requesting snapshot of accessibility hierarchy for app with pid 15227
    t =    15.36s         Find: Descendants matching type Button
    t =    15.36s         Find: Elements matching predicate '"tab-Files" IN identifiers'
    t =    15.37s     Check for interrupting elements affecting "tab-Files" Button
    t =    15.39s         Requesting snapshot of accessibility hierarchy for app with pid 15227
    t =    15.43s         Find: Descendants matching predicate identifier == "NotificationShortLookView" OR elementType == 7
    t =    15.44s     Synthesize event
    t =    15.75s     Wait for com.xiaolongxu.zipharbor.app to idle
    t =    15.77s Checking existence of `"file-0903.zip" Button`
    t =    15.78s     Requesting snapshot of accessibility hierarchy for app with pid 15227
    t =    15.87s     Find: Descendants matching type Button
    t =    15.87s     Find: Elements matching predicate '"file-0903.zip" IN identifiers'
    t =    15.88s Tear Down
Test Case '-[ZipHarborUITests.ZipHarborUITests testPasswordCancelAndClearHistoryKeepFiles]' passed (15.930 seconds).
Test Case '-[ZipHarborUITests.ZipHarborUITests testPhotosAndVideoImportThenCreateArchive]' started.
    t =     0.00s Start Test at 2026-10-01 23:25:07.328
    t =     0.02s Set Up
/Users/USER/github_space/zip-app/ZipHarbor/ZipHarborUITests/ZipHarborUITests.swift:224: -[ZipHarborUITests.ZipHarborUITests testPhotosAndVideoImportThenCreateArchive] : Test skipped - This test uses only synthetic media seeded in the dedicated simulator.
    t =     0.02s Tear Down
Test Case '-[ZipHarborUITests.ZipHarborUITests testPhotosAndVideoImportThenCreateArchive]' skipped (0.034 seconds).
Test Case '-[ZipHarborUITests.ZipHarborUITests testRepeatedExtractionConflictCancelRetryAndKeepBoth]' started.
    t =     0.00s Start Test at 2026-10-01 23:25:07.362
    t =     0.01s Set Up
    t =     0.02s Open com.xiaolongxu.zipharbor.app
    t =     0.02s     Launch com.xiaolongxu.zipharbor.app
    t =     0.02s         Terminate com.xiaolongxu.zipharbor.app:15227
2026-10-01 23:25:06.338 xcodebuild[70867:4191621] [MT] IDELaunchParametersSnapshot: debugger version lookup failed for path '<nil>': noURL
2026-10-01 23:25:06.338 xcodebuild[70867:4191621] [MT] IDELaunchParametersSnapshot: no debugger version
    t =     1.27s         Setting up automation session
    t =     1.51s         Wait for com.xiaolongxu.zipharbor.app to idle
    t =     2.75s Waiting 25.0s for "file-课程资料_2026.zip" Button to exist
    t =     3.77s     Checking `Expect predicate `existsNoRetry == 1` for object "file-课程资料_2026.zip" Button`
    t =     3.77s         Checking existence of `"file-课程资料_2026.zip" Button`
    t =     3.78s             Requesting snapshot of accessibility hierarchy for app with pid 15229
    t =     3.90s             Find: Descendants matching type Button
    t =     3.90s             Find: Elements matching predicate '"file-课程资料_2026.zip" IN identifiers'
    t =     3.91s Tap "file-课程资料_2026.zip" Button
    t =     3.91s     Wait for com.xiaolongxu.zipharbor.app to idle
    t =     3.92s     Find the "file-课程资料_2026.zip" Button
    t =     3.92s         Requesting snapshot of accessibility hierarchy for app with pid 15229
    t =     3.98s         Find: Descendants matching type Button
    t =     3.98s         Find: Elements matching predicate '"file-课程资料_2026.zip" IN identifiers'
    t =     3.98s     Check for interrupting elements affecting "file-课程资料_2026.zip" Button
    t =     4.00s         Requesting snapshot of accessibility hierarchy for app with pid 15229
    t =     4.05s         Find: Descendants matching predicate identifier == "NotificationShortLookView" OR elementType == 7
    t =     4.06s     Synthesize event
    t =     4.38s     Wait for com.xiaolongxu.zipharbor.app to idle
    t =     4.75s Waiting 10.0s for "extractToButton" Button to exist
    t =     5.78s     Checking `Expect predicate `existsNoRetry == 1` for object "extractToButton" Button`
    t =     5.78s         Checking existence of `"extractToButton" Button`
    t =     5.79s             Requesting snapshot of accessibility hierarchy for app with pid 15229
    t =     5.87s             Find: Descendants matching type Button
    t =     5.87s             Find: Elements matching predicate '"extractToButton" IN identifiers'
    t =     5.88s Tap "extractToButton" Button
    t =     5.88s     Wait for com.xiaolongxu.zipharbor.app to idle
    t =     5.89s     Find the "extractToButton" Button
    t =     5.90s         Requesting snapshot of accessibility hierarchy for app with pid 15229
    t =     5.95s         Find: Descendants matching type Button
    t =     5.95s         Find: Elements matching predicate '"extractToButton" IN identifiers'
    t =     5.95s     Check for interrupting elements affecting "extractToButton" Button
    t =     5.97s         Requesting snapshot of accessibility hierarchy for app with pid 15229
    t =     6.01s         Find: Descendants matching predicate identifier == "NotificationShortLookView" OR elementType == 7
    t =     6.02s     Synthesize event
    t =     6.32s     Wait for com.xiaolongxu.zipharbor.app to idle
    t =     6.76s Waiting 5.0s for "startExtractionButton" Button to exist
    t =     7.80s     Checking `Expect predicate `existsNoRetry == 1` for object "startExtractionButton" Button`
    t =     7.80s         Checking existence of `"startExtractionButton" Button`
    t =     7.81s             Requesting snapshot of accessibility hierarchy for app with pid 15229
    t =     7.93s             Find: Descendants matching type Button
    t =     7.93s             Find: Elements matching predicate '"startExtractionButton" IN identifiers'
    t =     7.94s Find the Target Application 'com.xiaolongxu.zipharbor.app'
    t =     7.94s     Requesting snapshot of accessibility hierarchy for app with pid 15229
    t =     8.14s Added attachment named 'extraction-destination'
    t =     8.14s Tap "startExtractionButton" Button
    t =     8.14s     Wait for com.xiaolongxu.zipharbor.app to idle
    t =     8.15s     Find the "startExtractionButton" Button
    t =     8.15s         Requesting snapshot of accessibility hierarchy for app with pid 15229
    t =     8.23s         Find: Descendants matching type Button
    t =     8.23s         Find: Elements matching predicate '"startExtractionButton" IN identifiers'
    t =     8.23s     Check for interrupting elements affecting "startExtractionButton" Button
    t =     8.25s         Requesting snapshot of accessibility hierarchy for app with pid 15229
    t =     8.30s         Find: Descendants matching predicate identifier == "NotificationShortLookView" OR elementType == 7
    t =     8.30s     Synthesize event
    t =     8.60s     Wait for com.xiaolongxu.zipharbor.app to idle
    t =     9.61s Waiting 20.0s for "resultDoneButton" Button to exist
    t =    10.63s     Checking `Expect predicate `existsNoRetry == 1` for object "resultDoneButton" Button`
    t =    10.64s         Checking existence of `"resultDoneButton" Button`
    t =    10.65s             Requesting snapshot of accessibility hierarchy for app with pid 15229
    t =    10.74s             Find: Descendants matching type Button
    t =    10.74s             Find: Elements matching predicate '"resultDoneButton" IN identifiers'
    t =    10.75s Tap "resultDoneButton" Button
    t =    10.75s     Wait for com.xiaolongxu.zipharbor.app to idle
    t =    10.76s     Find the "resultDoneButton" Button
    t =    10.76s         Requesting snapshot of accessibility hierarchy for app with pid 15229
    t =    10.82s         Find: Descendants matching type Button
    t =    10.82s         Find: Elements matching predicate '"resultDoneButton" IN identifiers'
    t =    10.83s     Check for interrupting elements affecting "resultDoneButton" Button
    t =    10.85s         Requesting snapshot of accessibility hierarchy for app with pid 15229
    t =    10.90s         Find: Descendants matching predicate identifier == "NotificationShortLookView" OR elementType == 7
    t =    10.91s     Synthesize event
    t =    11.23s     Wait for com.xiaolongxu.zipharbor.app to idle
    t =    11.59s Tap "taskFilter-Completed" Button
    t =    11.60s     Wait for com.xiaolongxu.zipharbor.app to idle
    t =    11.61s     Find the "taskFilter-Completed" Button
    t =    11.61s         Requesting snapshot of accessibility hierarchy for app with pid 15229
    t =    11.66s         Find: Descendants matching type Button
    t =    11.67s         Find: Elements matching predicate '"taskFilter-Completed" IN identifiers'
    t =    11.67s     Check for interrupting elements affecting "taskFilter-Completed" Button
    t =    11.69s         Requesting snapshot of accessibility hierarchy for app with pid 15229
    t =    11.73s         Find: Descendants matching predicate identifier == "NotificationShortLookView" OR elementType == 7
    t =    11.73s     Synthesize event
    t =    12.05s     Wait for com.xiaolongxu.zipharbor.app to idle
    t =    12.06s Waiting 5.0s for "result-课程资料_2026" Button to exist
    t =    13.07s     Checking `Expect predicate `existsNoRetry == 1` for object "result-课程资料_2026" Button`
    t =    13.07s         Checking existence of `"result-课程资料_2026" Button`
    t =    13.08s             Requesting snapshot of accessibility hierarchy for app with pid 15229
    t =    13.16s             Find: Descendants matching type Button
    t =    13.16s             Find: Elements matching predicate '"result-课程资料_2026" IN identifiers'
    t =    13.17s Find the Target Application 'com.xiaolongxu.zipharbor.app'
    t =    13.17s     Requesting snapshot of accessibility hierarchy for app with pid 15229
    t =    13.34s Added attachment named 'tasks-completed'
    t =    13.34s Tap "tab-Files" Button
    t =    13.34s     Wait for com.xiaolongxu.zipharbor.app to idle
    t =    13.34s     Find the "tab-Files" Button
    t =    13.34s         Requesting snapshot of accessibility hierarchy for app with pid 15229
    t =    13.39s         Find: Descendants matching type Button
    t =    13.39s         Find: Elements matching predicate '"tab-Files" IN identifiers'
    t =    13.39s     Check for interrupting elements affecting "tab-Files" Button
    t =    13.41s         Requesting snapshot of accessibility hierarchy for app with pid 15229
    t =    13.44s         Find: Descendants matching predicate identifier == "NotificationShortLookView" OR elementType == 7
    t =    13.44s     Synthesize event
    t =    13.75s     Wait for com.xiaolongxu.zipharbor.app to idle
    t =    13.77s Tap "file-课程资料_2026.zip" Button
    t =    13.77s     Wait for com.xiaolongxu.zipharbor.app to idle
    t =    13.78s     Find the "file-课程资料_2026.zip" Button
    t =    13.78s         Requesting snapshot of accessibility hierarchy for app with pid 15229
    t =    13.86s         Find: Descendants matching type Button
    t =    13.86s         Find: Elements matching predicate '"file-课程资料_2026.zip" IN identifiers'
    t =    13.87s     Check for interrupting elements affecting "file-课程资料_2026.zip" Button
    t =    13.89s         Requesting snapshot of accessibility hierarchy for app with pid 15229
    t =    13.93s         Find: Descendants matching predicate identifier == "NotificationShortLookView" OR elementType == 7
    t =    13.94s     Synthesize event
    t =    14.25s     Wait for com.xiaolongxu.zipharbor.app to idle
    t =    14.62s Waiting 10.0s for "extractToButton" Button to exist
    t =    15.64s     Checking `Expect predicate `existsNoRetry == 1` for object "extractToButton" Button`
    t =    15.64s         Checking existence of `"extractToButton" Button`
    t =    15.65s             Requesting snapshot of accessibility hierarchy for app with pid 15229
    t =    15.74s             Find: Descendants matching type Button
    t =    15.74s             Find: Elements matching predicate '"extractToButton" IN identifiers'
    t =    15.75s Tap "extractToButton" Button
    t =    15.75s     Wait for com.xiaolongxu.zipharbor.app to idle
    t =    15.76s     Find the "extractToButton" Button
    t =    15.76s         Requesting snapshot of accessibility hierarchy for app with pid 15229
    t =    15.82s         Find: Descendants matching type Button
    t =    15.82s         Find: Elements matching predicate '"extractToButton" IN identifiers'
    t =    15.82s     Check for interrupting elements affecting "extractToButton" Button
    t =    15.85s         Requesting snapshot of accessibility hierarchy for app with pid 15229
    t =    15.89s         Find: Descendants matching predicate identifier == "NotificationShortLookView" OR elementType == 7
    t =    15.90s     Synthesize event
    t =    16.22s     Wait for com.xiaolongxu.zipharbor.app to idle
    t =    16.62s Waiting 5.0s for "startExtractionButton" Button to exist
    t =    17.64s     Checking `Expect predicate `existsNoRetry == 1` for object "startExtractionButton" Button`
    t =    17.64s         Checking existence of `"startExtractionButton" Button`
    t =    17.65s             Requesting snapshot of accessibility hierarchy for app with pid 15229
    t =    17.76s             Find: Descendants matching type Button
    t =    17.77s             Find: Elements matching predicate '"startExtractionButton" IN identifiers'
    t =    17.77s Find the Target Application 'com.xiaolongxu.zipharbor.app'
    t =    17.77s     Requesting snapshot of accessibility hierarchy for app with pid 15229
    t =    17.96s Added attachment named 'extraction-destination'
    t =    17.96s Tap "startExtractionButton" Button
    t =    17.96s     Wait for com.xiaolongxu.zipharbor.app to idle
    t =    17.96s     Find the "startExtractionButton" Button
    t =    17.97s         Requesting snapshot of accessibility hierarchy for app with pid 15229
    t =    18.05s         Find: Descendants matching type Button
    t =    18.05s         Find: Elements matching predicate '"startExtractionButton" IN identifiers'
    t =    18.06s     Check for interrupting elements affecting "startExtractionButton" Button
    t =    18.07s         Requesting snapshot of accessibility hierarchy for app with pid 15229
    t =    18.13s         Find: Descendants matching predicate identifier == "NotificationShortLookView" OR elementType == 7
    t =    18.14s     Synthesize event
    t =    18.43s     Wait for com.xiaolongxu.zipharbor.app to idle
    t =    19.44s Waiting 15.0s for "Keep both" Button to exist
    t =    20.45s     Checking `Expect predicate `existsNoRetry == 1` for object "Keep both" Button`
    t =    20.46s         Checking existence of `"Keep both" Button`
    t =    20.47s             Requesting snapshot of accessibility hierarchy for app with pid 15229
    t =    20.56s             Find: Descendants matching type Button
    t =    20.56s             Find: Elements matching predicate '"Keep both" IN identifiers'
    t =    20.57s Find the Target Application 'com.xiaolongxu.zipharbor.app'
    t =    20.57s     Requesting snapshot of accessibility hierarchy for app with pid 15229
    t =    20.74s Added attachment named 'conflict-choice'
    t =    20.74s Tap "sheetDoneButton" Button
    t =    20.74s     Wait for com.xiaolongxu.zipharbor.app to idle
    t =    20.75s     Find the "sheetDoneButton" Button
    t =    20.75s         Requesting snapshot of accessibility hierarchy for app with pid 15229
    t =    20.81s         Find: Descendants matching type Button
    t =    20.81s         Find: Elements matching predicate '"sheetDoneButton" IN identifiers'
    t =    20.81s     Check for interrupting elements affecting "sheetDoneButton" Button
    t =    20.82s         Requesting snapshot of accessibility hierarchy for app with pid 15229
    t =    20.86s         Find: Descendants matching predicate identifier == "NotificationShortLookView" OR elementType == 7
    t =    20.86s     Synthesize event
    t =    21.17s     Wait for com.xiaolongxu.zipharbor.app to idle
    t =    21.55s Tap "taskFilter-Failed" Button
    t =    21.55s     Wait for com.xiaolongxu.zipharbor.app to idle
    t =    21.56s     Find the "taskFilter-Failed" Button
    t =    21.57s         Requesting snapshot of accessibility hierarchy for app with pid 15229
    t =    21.63s         Find: Descendants matching type Button
    t =    21.63s         Find: Elements matching predicate '"taskFilter-Failed" IN identifiers'
    t =    21.64s     Check for interrupting elements affecting "taskFilter-Failed" Button
    t =    21.66s         Requesting snapshot of accessibility hierarchy for app with pid 15229
    t =    21.70s         Find: Descendants matching predicate identifier == "NotificationShortLookView" OR elementType == 7
    t =    21.71s     Synthesize event
    t =    22.02s     Wait for com.xiaolongxu.zipharbor.app to idle
    t =    22.04s Waiting 10.0s for "retry-课程资料_2026" Button to exist
    t =    23.04s     Checking `Expect predicate `existsNoRetry == 1` for object "retry-课程资料_2026" Button`
    t =    23.04s         Checking existence of `"retry-课程资料_2026" Button`
    t =    23.06s             Requesting snapshot of accessibility hierarchy for app with pid 15229
    t =    23.12s             Find: Descendants matching type Button
    t =    23.12s             Find: Elements matching predicate '"retry-课程资料_2026" IN identifiers'
    t =    23.13s Find the Target Application 'com.xiaolongxu.zipharbor.app'
    t =    23.13s     Requesting snapshot of accessibility hierarchy for app with pid 15229
    t =    23.30s Added attachment named 'tasks-cancelled'
    t =    23.30s Tap "retry-课程资料_2026" Button
    t =    23.30s     Wait for com.xiaolongxu.zipharbor.app to idle
    t =    23.31s     Find the "retry-课程资料_2026" Button
    t =    23.31s         Requesting snapshot of accessibility hierarchy for app with pid 15229
    t =    23.35s         Find: Descendants matching type Button
    t =    23.35s         Find: Elements matching predicate '"retry-课程资料_2026" IN identifiers'
    t =    23.35s     Check for interrupting elements affecting "retry-课程资料_2026" Button
    t =    23.37s         Requesting snapshot of accessibility hierarchy for app with pid 15229
    t =    23.40s         Find: Descendants matching predicate identifier == "NotificationShortLookView" OR elementType == 7
    t =    23.40s     Synthesize event
    t =    23.70s     Wait for com.xiaolongxu.zipharbor.app to idle
    t =    24.10s Waiting 15.0s for "Keep both" Button to exist
    t =    25.12s     Checking `Expect predicate `existsNoRetry == 1` for object "Keep both" Button`
    t =    25.12s         Checking existence of `"Keep both" Button`
    t =    25.14s             Requesting snapshot of accessibility hierarchy for app with pid 15229
    t =    25.22s             Find: Descendants matching type Button
    t =    25.23s             Find: Elements matching predicate '"Keep both" IN identifiers'
    t =    25.24s Tap "Apply to all conflicts in this task" Switch[0.93, 0.50]
    t =    25.24s     Wait for com.xiaolongxu.zipharbor.app to idle
    t =    25.24s     Find the "Apply to all conflicts in this task" Switch
    t =    25.25s         Requesting snapshot of accessibility hierarchy for app with pid 15229
    t =    25.31s         Find: Descendants matching type Switch
    t =    25.32s         Find: Elements matching predicate '"Apply to all conflicts in this task" IN identifiers'
    t =    25.32s     Check for interrupting elements affecting "Apply to all conflicts in this task" Switch
    t =    25.34s         Requesting snapshot of accessibility hierarchy for app with pid 15229
    t =    25.39s         Find: Descendants matching predicate identifier == "NotificationShortLookView" OR elementType == 7
    t =    25.40s     Synthesize event
    t =    25.41s         Find the "Apply to all conflicts in this task" Switch
    t =    25.41s             Requesting snapshot of accessibility hierarchy for app with pid 15229
    t =    25.47s             Find: Descendants matching type Switch
    t =    25.47s             Find: Elements matching predicate '"Apply to all conflicts in this task" IN identifiers'
    t =    25.48s         Find the "Apply to all conflicts in this task" Switch
    t =    25.48s             Requesting snapshot of accessibility hierarchy for app with pid 15229
    t =    25.53s             Find: Descendants matching type Switch
    t =    25.53s             Find: Elements matching predicate '"Apply to all conflicts in this task" IN identifiers'
    t =    25.54s         Find the "Apply to all conflicts in this task" Switch
    t =    25.54s             Requesting snapshot of accessibility hierarchy for app with pid 15229
    t =    25.59s             Find: Descendants matching type Switch
    t =    25.59s             Find: Elements matching predicate '"Apply to all conflicts in this task" IN identifiers'
    t =    25.88s     Wait for com.xiaolongxu.zipharbor.app to idle
    t =    26.96s Find the "Apply to all conflicts in this task" Switch
    t =    26.97s     Requesting snapshot of accessibility hierarchy for app with pid 15229
    t =    27.05s     Find: Descendants matching type Switch
    t =    27.06s     Find: Elements matching predicate '"Apply to all conflicts in this task" IN identifiers'
    t =    27.06s Find the Target Application 'com.xiaolongxu.zipharbor.app'
    t =    27.07s     Requesting snapshot of accessibility hierarchy for app with pid 15229
    t =    27.26s Added attachment named 'conflict-apply-to-all'
    t =    27.26s Tap "Keep both" Button
    t =    27.26s     Wait for com.xiaolongxu.zipharbor.app to idle
    t =    27.26s     Find the "Keep both" Button
    t =    27.26s         Requesting snapshot of accessibility hierarchy for app with pid 15229
    t =    27.32s         Find: Descendants matching type Button
    t =    27.32s         Find: Elements matching predicate '"Keep both" IN identifiers'
    t =    27.33s     Check for interrupting elements affecting "Keep both" Button
    t =    27.34s         Requesting snapshot of accessibility hierarchy for app with pid 15229
    t =    27.38s         Find: Descendants matching predicate identifier == "NotificationShortLookView" OR elementType == 7
    t =    27.38s     Synthesize event
    t =    27.68s     Wait for com.xiaolongxu.zipharbor.app to idle
    t =    28.09s Waiting 20.0s for "resultDoneButton" Button to exist
    t =    29.11s     Checking `Expect predicate `existsNoRetry == 1` for object "resultDoneButton" Button`
    t =    29.11s         Checking existence of `"resultDoneButton" Button`
    t =    29.12s             Requesting snapshot of accessibility hierarchy for app with pid 15229
    t =    29.21s             Find: Descendants matching type Button
    t =    29.21s             Find: Elements matching predicate '"resultDoneButton" IN identifiers'
    t =    29.22s Tap "openOutputButton" Button
    t =    29.22s     Wait for com.xiaolongxu.zipharbor.app to idle
    t =    29.22s     Find the "openOutputButton" Button
    t =    29.23s         Requesting snapshot of accessibility hierarchy for app with pid 15229
    t =    29.29s         Find: Descendants matching type Button
    t =    29.29s         Find: Elements matching predicate '"openOutputButton" IN identifiers'
    t =    29.29s     Check for interrupting elements affecting "openOutputButton" Button
    t =    29.32s         Requesting snapshot of accessibility hierarchy for app with pid 15229
    t =    29.37s         Find: Descendants matching predicate identifier == "NotificationShortLookView" OR elementType == 7
    t =    29.37s     Synthesize event
    t =    29.68s     Wait for com.xiaolongxu.zipharbor.app to idle
    t =    30.10s Waiting 5.0s for "课堂笔记.txt" StaticText to exist
    t =    31.13s     Checking `Expect predicate `existsNoRetry == 1` for object "课堂笔记.txt" StaticText`
    t =    31.13s         Checking existence of `"课堂笔记.txt" StaticText`
    t =    31.14s             Requesting snapshot of accessibility hierarchy for app with pid 15229
    t =    31.25s             Find: Descendants matching type StaticText
    t =    31.25s             Find: Elements matching predicate '"课堂笔记.txt" IN identifiers'
    t =    31.26s Checking existence of `"课堂笔记 (2).txt" StaticText`
    t =    31.26s     Requesting snapshot of accessibility hierarchy for app with pid 15229
    t =    31.33s     Find: Descendants matching type StaticText
    t =    31.33s     Find: Elements matching predicate '"课堂笔记 (2).txt" IN identifiers'
    t =    31.34s Find the Target Application 'com.xiaolongxu.zipharbor.app'
    t =    31.34s     Requesting snapshot of accessibility hierarchy for app with pid 15229
    t =    31.50s Added attachment named 'conflict-kept-both-output'
    t =    31.50s Tap "folderDoneButton" Button
    t =    31.50s     Wait for com.xiaolongxu.zipharbor.app to idle
    t =    31.50s     Find the "folderDoneButton" Button
    t =    31.50s         Requesting snapshot of accessibility hierarchy for app with pid 15229
    t =    31.58s         Find: Descendants matching type Button
    t =    31.58s         Find: Elements matching predicate '"folderDoneButton" IN identifiers'
    t =    31.58s     Check for interrupting elements affecting "folderDoneButton" Button
    t =    31.60s         Requesting snapshot of accessibility hierarchy for app with pid 15229
    t =    31.65s         Find: Descendants matching predicate identifier == "NotificationShortLookView" OR elementType == 7
    t =    31.65s     Synthesize event
    t =    31.96s     Wait for com.xiaolongxu.zipharbor.app to idle
    t =    32.34s Tap "resultDoneButton" Button
    t =    32.34s     Wait for com.xiaolongxu.zipharbor.app to idle
    t =    32.36s     Find the "resultDoneButton" Button
    t =    32.36s         Requesting snapshot of accessibility hierarchy for app with pid 15229
    t =    32.43s         Find: Descendants matching type Button
    t =    32.43s         Find: Elements matching predicate '"resultDoneButton" IN identifiers'
    t =    32.44s     Check for interrupting elements affecting "resultDoneButton" Button
    t =    32.46s         Requesting snapshot of accessibility hierarchy for app with pid 15229
    t =    32.50s         Find: Descendants matching predicate identifier == "NotificationShortLookView" OR elementType == 7
    t =    32.51s     Synthesize event
    t =    32.82s     Wait for com.xiaolongxu.zipharbor.app to idle
    t =    33.20s Tear Down
Test Case '-[ZipHarborUITests.ZipHarborUITests testRepeatedExtractionConflictCancelRetryAndKeepBoth]' passed (33.282 seconds).
Test Case '-[ZipHarborUITests.ZipHarborUITests testSelectedFolderExtractionAndPreview]' started.
    t =     0.00s Start Test at 2026-10-01 23:25:40.646
    t =     0.03s Set Up
    t =     0.03s Open com.xiaolongxu.zipharbor.app
    t =     0.03s     Launch com.xiaolongxu.zipharbor.app
    t =     0.03s         Terminate com.xiaolongxu.zipharbor.app:15229
2026-10-01 23:25:39.647 xcodebuild[70867:4191621] [MT] IDELaunchParametersSnapshot: debugger version lookup failed for path '<nil>': noURL
2026-10-01 23:25:39.647 xcodebuild[70867:4191621] [MT] IDELaunchParametersSnapshot: no debugger version
    t =     1.29s         Setting up automation session
    t =     1.54s         Wait for com.xiaolongxu.zipharbor.app to idle
    t =     2.79s Waiting 25.0s for "file-课程资料_2026.zip" Button to exist
    t =     3.80s     Checking `Expect predicate `existsNoRetry == 1` for object "file-课程资料_2026.zip" Button`
    t =     3.80s         Checking existence of `"file-课程资料_2026.zip" Button`
    t =     3.81s             Requesting snapshot of accessibility hierarchy for app with pid 15231
    t =     3.93s             Find: Descendants matching type Button
    t =     3.93s             Find: Elements matching predicate '"file-课程资料_2026.zip" IN identifiers'
    t =     3.94s Tap "file-课程资料_2026.zip" Button
    t =     3.94s     Wait for com.xiaolongxu.zipharbor.app to idle
    t =     3.95s     Find the "file-课程资料_2026.zip" Button
    t =     3.95s         Requesting snapshot of accessibility hierarchy for app with pid 15231
    t =     4.00s         Find: Descendants matching type Button
    t =     4.00s         Find: Elements matching predicate '"file-课程资料_2026.zip" IN identifiers'
    t =     4.01s     Check for interrupting elements affecting "file-课程资料_2026.zip" Button
    t =     4.03s         Requesting snapshot of accessibility hierarchy for app with pid 15231
    t =     4.08s         Find: Descendants matching predicate identifier == "NotificationShortLookView" OR elementType == 7
    t =     4.09s     Synthesize event
    t =     4.39s     Wait for com.xiaolongxu.zipharbor.app to idle
    t =     4.80s Waiting 10.0s for "entry-课程资料" Button to exist
    t =     5.82s     Checking `Expect predicate `existsNoRetry == 1` for object "entry-课程资料" Button`
    t =     5.82s         Checking existence of `"entry-课程资料" Button`
    t =     5.83s             Requesting snapshot of accessibility hierarchy for app with pid 15231
    t =     5.92s             Find: Descendants matching type Button
    t =     5.92s             Find: Elements matching predicate '"entry-课程资料" IN identifiers'
    t =     5.93s Find the Target Application 'com.xiaolongxu.zipharbor.app'
    t =     5.93s     Requesting snapshot of accessibility hierarchy for app with pid 15231
    t =     6.11s Added attachment named 'archive-detail'
    t =     6.11s Tap "entry-课程资料" Button
    t =     6.11s     Wait for com.xiaolongxu.zipharbor.app to idle
    t =     6.11s     Find the "entry-课程资料" Button
    t =     6.11s         Requesting snapshot of accessibility hierarchy for app with pid 15231
    t =     6.17s         Find: Descendants matching type Button
    t =     6.17s         Find: Elements matching predicate '"entry-课程资料" IN identifiers'
    t =     6.17s     Check for interrupting elements affecting "entry-课程资料" Button
    t =     6.18s         Requesting snapshot of accessibility hierarchy for app with pid 15231
    t =     6.22s         Find: Descendants matching predicate identifier == "NotificationShortLookView" OR elementType == 7
    t =     6.23s     Synthesize event
    t =     6.53s     Wait for com.xiaolongxu.zipharbor.app to idle
    t =     6.55s Checking existence of `"entry-README.txt" Button`
    t =     6.55s     Requesting snapshot of accessibility hierarchy for app with pid 15231
    t =     6.63s     Find: Descendants matching type Button
    t =     6.63s     Find: Elements matching predicate '"entry-README.txt" IN identifiers'
    t =     6.64s Tap "entry-README.txt" Button
    t =     6.64s     Wait for com.xiaolongxu.zipharbor.app to idle
    t =     6.65s     Find the "entry-README.txt" Button
    t =     6.65s         Requesting snapshot of accessibility hierarchy for app with pid 15231
    t =     6.71s         Find: Descendants matching type Button
    t =     6.71s         Find: Elements matching predicate '"entry-README.txt" IN identifiers'
    t =     6.72s     Check for interrupting elements affecting "entry-README.txt" Button
    t =     6.74s         Requesting snapshot of accessibility hierarchy for app with pid 15231
    t =     6.79s         Find: Descendants matching predicate identifier == "NotificationShortLookView" OR elementType == 7
    t =     6.79s     Synthesize event
    t =     7.11s     Wait for com.xiaolongxu.zipharbor.app to idle
    t =     7.16s Waiting 10.0s for "Read-only preview." StaticText to exist
    t =     8.17s     Checking `Expect predicate `existsNoRetry == 1` for object "Read-only preview." StaticText`
    t =     8.18s         Checking existence of `"Read-only preview." StaticText`
    t =     8.18s             Requesting snapshot of accessibility hierarchy for app with pid 15231
    t =     8.31s             Find: Descendants matching type StaticText
    t =     8.31s             Find: Elements matching predicate '"Read-only preview." IN identifiers'
    t =     8.32s         Capturing element debug description
    t =     9.22s     Checking `Expect predicate `existsNoRetry == 1` for object "Read-only preview." StaticText`
    t =     9.22s         Checking existence of `"Read-only preview." StaticText`
    t =     9.23s             Requesting snapshot of accessibility hierarchy for app with pid 15231
    t =     9.36s             Find: Descendants matching type StaticText
    t =     9.37s             Find: Elements matching predicate '"Read-only preview." IN identifiers'
    t =     9.37s         Capturing element debug description
    t =    10.20s     Checking `Expect predicate `existsNoRetry == 1` for object "Read-only preview." StaticText`
    t =    10.20s         Checking existence of `"Read-only preview." StaticText`
    t =    10.21s             Requesting snapshot of accessibility hierarchy for app with pid 15231
    t =    10.33s             Find: Descendants matching type StaticText
    t =    10.33s             Find: Elements matching predicate '"Read-only preview." IN identifiers'
    t =    10.33s         Capturing element debug description
    t =    11.24s     Checking `Expect predicate `existsNoRetry == 1` for object "Read-only preview." StaticText`
    t =    11.24s         Checking existence of `"Read-only preview." StaticText`
    t =    11.26s             Requesting snapshot of accessibility hierarchy for app with pid 15231
    t =    11.38s             Find: Descendants matching type StaticText
    t =    11.38s             Find: Elements matching predicate '"Read-only preview." IN identifiers'
    t =    11.39s         Capturing element debug description
    t =    12.21s     Checking `Expect predicate `existsNoRetry == 1` for object "Read-only preview." StaticText`
    t =    12.22s         Checking existence of `"Read-only preview." StaticText`
    t =    12.22s             Requesting snapshot of accessibility hierarchy for app with pid 15231
    t =    12.35s             Find: Descendants matching type StaticText
    t =    12.35s             Find: Elements matching predicate '"Read-only preview." IN identifiers'
    t =    12.36s         Capturing element debug description
    t =    13.17s     Checking `Expect predicate `existsNoRetry == 1` for object "Read-only preview." StaticText`
    t =    13.17s         Checking existence of `"Read-only preview." StaticText`
    t =    13.18s             Requesting snapshot of accessibility hierarchy for app with pid 15231
    t =    13.30s             Find: Descendants matching type StaticText
    t =    13.31s             Find: Elements matching predicate '"Read-only preview." IN identifiers'
    t =    13.31s         Capturing element debug description
    t =    14.23s     Checking `Expect predicate `existsNoRetry == 1` for object "Read-only preview." StaticText`
    t =    14.23s         Checking existence of `"Read-only preview." StaticText`
    t =    14.24s             Requesting snapshot of accessibility hierarchy for app with pid 15231
    t =    14.36s             Find: Descendants matching type StaticText
    t =    14.36s             Find: Elements matching predicate '"Read-only preview." IN identifiers'
    t =    14.37s         Capturing element debug description
    t =    15.18s     Checking `Expect predicate `existsNoRetry == 1` for object "Read-only preview." StaticText`
    t =    15.18s         Checking existence of `"Read-only preview." StaticText`
    t =    15.19s             Requesting snapshot of accessibility hierarchy for app with pid 15231
    t =    15.32s             Find: Descendants matching type StaticText
    t =    15.32s             Find: Elements matching predicate '"Read-only preview." IN identifiers'
    t =    15.33s         Capturing element debug description
    t =    16.25s     Checking `Expect predicate `existsNoRetry == 1` for object "Read-only preview." StaticText`
    t =    16.25s         Checking existence of `"Read-only preview." StaticText`
    t =    16.26s             Requesting snapshot of accessibility hierarchy for app with pid 15231
    t =    16.38s             Find: Descendants matching type StaticText
    t =    16.38s             Find: Elements matching predicate '"Read-only preview." IN identifiers'
    t =    16.39s         Capturing element debug description
    t =    17.16s     Checking `Expect predicate `existsNoRetry == 1` for object "Read-only preview." StaticText`
    t =    17.17s         Checking existence of `"Read-only preview." StaticText`
    t =    17.18s             Requesting snapshot of accessibility hierarchy for app with pid 15231
    t =    17.30s             Find: Descendants matching type StaticText
    t =    17.31s             Find: Elements matching predicate '"Read-only preview." IN identifiers'
    t =    17.31s         Capturing element debug description
    t =    17.31s     Checking existence of `"Read-only preview." StaticText`
    t =    17.32s         Requesting snapshot of accessibility hierarchy for app with pid 15231
    t =    17.42s         Find: Descendants matching type StaticText
    t =    17.42s         Find: Elements matching predicate '"Read-only preview." IN identifiers'
    t =    17.42s Collecting debug information to assist test failure triage
    t =    17.43s     Requesting snapshot of accessibility hierarchy for app with pid 15231
    t =    17.58s Waiting 5.0s for NavigationBar (First Match) to exist
    t =    18.60s     Checking `Expect predicate `existsNoRetry == 1` for object NavigationBar (First Match)`
    t =    18.60s         Checking existence of `NavigationBar (First Match)`
    t =    18.61s             Requesting snapshot of accessibility hierarchy for app with pid 15231
    t =    18.72s Find the Target Application 'com.xiaolongxu.zipharbor.app'
    t =    18.73s     Requesting snapshot of accessibility hierarchy for app with pid 15231
    t =    18.94s Added attachment named 'quick-look'
    t =    18.94s Tear Down
Test Case '-[ZipHarborUITests.ZipHarborUITests testSelectedFolderExtractionAndPreview]' passed (18.961 seconds).
Test Case '-[ZipHarborUITests.ZipHarborUITests testSystemFilesImportsRealArchive]' started.
    t =     0.00s Start Test at 2026-10-01 23:25:59.607
    t =     0.01s Set Up
    t =     0.01s Open com.xiaolongxu.zipharbor.app
    t =     0.01s     Launch com.xiaolongxu.zipharbor.app
    t =     0.02s         Terminate com.xiaolongxu.zipharbor.app:15231
2026-10-01 23:25:58.649 xcodebuild[70867:4191621] [MT] IDELaunchParametersSnapshot: debugger version lookup failed for path '<nil>': noURL
2026-10-01 23:25:58.649 xcodebuild[70867:4191621] [MT] IDELaunchParametersSnapshot: no debugger version
    t =     1.33s         Setting up automation session
    t =     1.58s         Wait for com.xiaolongxu.zipharbor.app to idle
    t =     2.76s Waiting 25.0s for "file-课程资料_2026.zip" Button to exist
    t =     3.77s     Checking `Expect predicate `existsNoRetry == 1` for object "file-课程资料_2026.zip" Button`
    t =     3.77s         Checking existence of `"file-课程资料_2026.zip" Button`
    t =     3.78s             Requesting snapshot of accessibility hierarchy for app with pid 15234
    t =     3.90s             Find: Descendants matching type Button
    t =     3.90s             Find: Elements matching predicate '"file-课程资料_2026.zip" IN identifiers'
    t =     3.91s Tap "openArchiveButton" Button
    t =     3.91s     Wait for com.xiaolongxu.zipharbor.app to idle
    t =     3.92s     Find the "openArchiveButton" Button
    t =     3.92s         Requesting snapshot of accessibility hierarchy for app with pid 15234
    t =     3.99s         Find: Descendants matching type Button
    t =     3.99s         Find: Elements matching predicate '"openArchiveButton" IN identifiers'
    t =     3.99s     Check for interrupting elements affecting "openArchiveButton" Button
    t =     4.01s         Requesting snapshot of accessibility hierarchy for app with pid 15234
    t =     4.05s         Find: Descendants matching predicate identifier == "NotificationShortLookView" OR elementType == 7
    t =     4.06s     Synthesize event
    t =     4.37s     Wait for com.xiaolongxu.zipharbor.app to idle
    t =     4.39s Waiting 30.0s for "Browse" Button to exist
    t =     5.40s     Checking `Expect predicate `existsNoRetry == 1` for object "Browse" Button`
    t =     5.40s         Checking existence of `"Browse" Button`
    t =     5.42s             Requesting snapshot of accessibility hierarchy for app with pid 15234
    t =     5.55s             Find: Descendants matching type Button
    t =     5.55s             Find: Elements matching predicate '"Browse" IN identifiers'
    t =     5.56s Tap "Browse" Button
    t =     5.56s     Wait for com.xiaolongxu.zipharbor.app to idle
    t =     5.57s     Find the "Browse" Button
    t =     5.57s         Requesting snapshot of accessibility hierarchy for app with pid 15234
    t =     5.67s         Find: Descendants matching type Button
    t =     5.67s         Find: Elements matching predicate '"Browse" IN identifiers'
    t =     5.68s     Check for interrupting elements affecting "Browse" Button
    t =     5.69s         Requesting snapshot of accessibility hierarchy for app with pid 15234
    t =     5.78s         Find: Descendants matching predicate identifier == "NotificationShortLookView" OR elementType == 7
    t =     5.79s     Synthesize event
    t =     6.08s     Wait for com.xiaolongxu.zipharbor.app to idle
    t =     6.10s Waiting 3.0s for "Provider QA.zip" StaticText to exist
    t =     7.11s     Checking `Expect predicate `existsNoRetry == 1` for object "Provider QA.zip" StaticText`
    t =     7.11s         Checking existence of `"Provider QA.zip" StaticText`
    t =     7.12s             Requesting snapshot of accessibility hierarchy for app with pid 15234
    t =     7.31s             Find: Descendants matching type StaticText
    t =     7.31s             Find: Elements matching predicate '"Provider QA.zip" IN identifiers'
    t =     7.32s         Capturing element debug description
    t =     8.13s     Checking `Expect predicate `existsNoRetry == 1` for object "Provider QA.zip" StaticText`
    t =     8.13s         Checking existence of `"Provider QA.zip" StaticText`
    t =     8.14s             Requesting snapshot of accessibility hierarchy for app with pid 15234
    t =     8.32s             Find: Descendants matching type StaticText
    t =     8.33s             Find: Elements matching predicate '"Provider QA.zip" IN identifiers'
    t =     8.33s         Capturing element debug description
    t =     9.10s     Checking `Expect predicate `existsNoRetry == 1` for object "Provider QA.zip" StaticText`
    t =     9.10s         Checking existence of `"Provider QA.zip" StaticText`
    t =     9.11s             Requesting snapshot of accessibility hierarchy for app with pid 15234
    t =     9.29s             Find: Descendants matching type StaticText
    t =     9.29s             Find: Elements matching predicate '"Provider QA.zip" IN identifiers'
    t =     9.29s         Capturing element debug description
    t =     9.30s     Checking existence of `"Provider QA.zip" StaticText`
    t =     9.30s         Requesting snapshot of accessibility hierarchy for app with pid 15234
    t =     9.40s         Find: Descendants matching type StaticText
    t =     9.40s         Find: Elements matching predicate '"Provider QA.zip" IN identifiers'
    t =     9.40s Collecting debug information to assist test failure triage
    t =     9.40s     Requesting snapshot of accessibility hierarchy for app with pid 15234
    t =     9.59s Checking existence of `"Downloads" StaticText`
    t =     9.59s     Requesting snapshot of accessibility hierarchy for app with pid 15234
    t =     9.69s     Find: Descendants matching type StaticText
    t =     9.69s     Find: Elements matching predicate '"Downloads" IN identifiers'
    t =     9.69s Waiting 10.0s for "Downloads" StaticText to exist
    t =    10.70s     Checking `Expect predicate `existsNoRetry == 1` for object "Downloads" StaticText`
    t =    10.71s         Checking existence of `"Downloads" StaticText`
    t =    10.72s             Requesting snapshot of accessibility hierarchy for app with pid 15234
    t =    10.90s             Find: Descendants matching type StaticText
    t =    10.90s             Find: Elements matching predicate '"Downloads" IN identifiers'
    t =    10.91s Tap "Downloads" StaticText
    t =    10.91s     Wait for com.xiaolongxu.zipharbor.app to idle
    t =    10.91s     Find the "Downloads" StaticText
    t =    10.92s         Requesting snapshot of accessibility hierarchy for app with pid 15234
    t =    11.03s         Find: Descendants matching type StaticText
    t =    11.03s         Find: Elements matching predicate '"Downloads" IN identifiers'
    t =    11.04s     Check for interrupting elements affecting "Downloads" StaticText
    t =    11.05s         Requesting snapshot of accessibility hierarchy for app with pid 15234
    t =    11.14s         Find: Descendants matching predicate identifier == "NotificationShortLookView" OR elementType == 7
    t =    11.14s     Synthesize event
    t =    11.45s     Wait for com.xiaolongxu.zipharbor.app to idle
    t =    11.47s Waiting 10.0s for "Provider QA.zip" StaticText to exist
    t =    12.49s     Checking `Expect predicate `existsNoRetry == 1` for object "Provider QA.zip" StaticText`
    t =    12.49s         Checking existence of `"Provider QA.zip" StaticText`
    t =    12.50s             Requesting snapshot of accessibility hierarchy for app with pid 15234
    t =    12.68s             Find: Descendants matching type StaticText
    t =    12.68s             Find: Elements matching predicate '"Provider QA.zip" IN identifiers'
    t =    12.68s         Capturing element debug description
    t =    13.51s     Checking `Expect predicate `existsNoRetry == 1` for object "Provider QA.zip" StaticText`
    t =    13.51s         Checking existence of `"Provider QA.zip" StaticText`
    t =    13.52s             Requesting snapshot of accessibility hierarchy for app with pid 15234
    t =    13.69s             Find: Descendants matching type StaticText
    t =    13.69s             Find: Elements matching predicate '"Provider QA.zip" IN identifiers'
    t =    13.69s         Capturing element debug description
    t =    14.51s     Checking `Expect predicate `existsNoRetry == 1` for object "Provider QA.zip" StaticText`
    t =    14.51s         Checking existence of `"Provider QA.zip" StaticText`
    t =    14.52s             Requesting snapshot of accessibility hierarchy for app with pid 15234
    t =    14.68s             Find: Descendants matching type StaticText
    t =    14.69s             Find: Elements matching predicate '"Provider QA.zip" IN identifiers'
    t =    14.69s         Capturing element debug description
    t =    15.49s     Checking `Expect predicate `existsNoRetry == 1` for object "Provider QA.zip" StaticText`
    t =    15.49s         Checking existence of `"Provider QA.zip" StaticText`
    t =    15.50s             Requesting snapshot of accessibility hierarchy for app with pid 15234
    t =    15.67s             Find: Descendants matching type StaticText
    t =    15.67s             Find: Elements matching predicate '"Provider QA.zip" IN identifiers'
    t =    15.67s         Capturing element debug description
    t =    16.49s     Checking `Expect predicate `existsNoRetry == 1` for object "Provider QA.zip" StaticText`
    t =    16.49s         Checking existence of `"Provider QA.zip" StaticText`
    t =    16.50s             Requesting snapshot of accessibility hierarchy for app with pid 15234
    t =    16.66s             Find: Descendants matching type StaticText
    t =    16.66s             Find: Elements matching predicate '"Provider QA.zip" IN identifiers'
    t =    16.67s         Capturing element debug description
    t =    17.48s     Checking `Expect predicate `existsNoRetry == 1` for object "Provider QA.zip" StaticText`
    t =    17.48s         Checking existence of `"Provider QA.zip" StaticText`
    t =    17.49s             Requesting snapshot of accessibility hierarchy for app with pid 15234
    t =    17.66s             Find: Descendants matching type StaticText
    t =    17.66s             Find: Elements matching predicate '"Provider QA.zip" IN identifiers'
    t =    17.67s         Capturing element debug description
    t =    18.48s     Checking `Expect predicate `existsNoRetry == 1` for object "Provider QA.zip" StaticText`
    t =    18.48s         Checking existence of `"Provider QA.zip" StaticText`
    t =    18.49s             Requesting snapshot of accessibility hierarchy for app with pid 15234
    t =    18.66s             Find: Descendants matching type StaticText
    t =    18.66s             Find: Elements matching predicate '"Provider QA.zip" IN identifiers'
    t =    18.67s         Capturing element debug description
    t =    19.48s     Checking `Expect predicate `existsNoRetry == 1` for object "Provider QA.zip" StaticText`
    t =    19.48s         Checking existence of `"Provider QA.zip" StaticText`
    t =    19.49s             Requesting snapshot of accessibility hierarchy for app with pid 15234
    t =    19.66s             Find: Descendants matching type StaticText
    t =    19.66s             Find: Elements matching predicate '"Provider QA.zip" IN identifiers'
    t =    19.67s         Capturing element debug description
    t =    20.49s     Checking `Expect predicate `existsNoRetry == 1` for object "Provider QA.zip" StaticText`
    t =    20.49s         Checking existence of `"Provider QA.zip" StaticText`
    t =    20.50s             Requesting snapshot of accessibility hierarchy for app with pid 15234
    t =    20.67s             Find: Descendants matching type StaticText
    t =    20.68s             Find: Elements matching predicate '"Provider QA.zip" IN identifiers'
    t =    20.68s         Capturing element debug description
    t =    21.48s     Checking `Expect predicate `existsNoRetry == 1` for object "Provider QA.zip" StaticText`
    t =    21.48s         Checking existence of `"Provider QA.zip" StaticText`
    t =    21.49s             Requesting snapshot of accessibility hierarchy for app with pid 15234
    t =    21.66s             Find: Descendants matching type StaticText
    t =    21.66s             Find: Elements matching predicate '"Provider QA.zip" IN identifiers'
    t =    21.67s         Capturing element debug description
    t =    21.67s     Checking existence of `"Provider QA.zip" StaticText`
    t =    21.67s         Requesting snapshot of accessibility hierarchy for app with pid 15234
    t =    21.78s         Find: Descendants matching type StaticText
    t =    21.78s         Find: Elements matching predicate '"Provider QA.zip" IN identifiers'
    t =    21.79s Collecting debug information to assist test failure triage
    t =    21.79s     Requesting snapshot of accessibility hierarchy for app with pid 15234
    t =    21.98s Checking existence of `Any (First Match)`
    t =    21.98s     Requesting snapshot of accessibility hierarchy for app with pid 15234
    t =    22.10s Tap Target Application 'com.xiaolongxu.zipharbor.app'[0.12, 0.10]
    t =    22.10s     Wait for com.xiaolongxu.zipharbor.app to idle
    t =    22.10s     Find the Target Application 'com.xiaolongxu.zipharbor.app'
    t =    22.10s         Requesting snapshot of accessibility hierarchy for app with pid 15234
    t =    22.18s     Check for interrupting elements affecting "ZipHarbor" Application
    t =    22.19s         Requesting snapshot of accessibility hierarchy for app with pid 15234
    t =    22.27s         Find: Descendants matching predicate identifier == "NotificationShortLookView" OR elementType == 7
    t =    22.27s     Synthesize event
    t =    22.28s         Find the Target Application 'com.xiaolongxu.zipharbor.app'
    t =    22.28s             Requesting snapshot of accessibility hierarchy for app with pid 15234
    t =    22.36s         Find the Target Application 'com.xiaolongxu.zipharbor.app'
    t =    22.37s             Requesting snapshot of accessibility hierarchy for app with pid 15234
    t =    22.45s         Find the Target Application 'com.xiaolongxu.zipharbor.app'
    t =    22.45s             Requesting snapshot of accessibility hierarchy for app with pid 15234
    t =    22.82s     Wait for com.xiaolongxu.zipharbor.app to idle
    t =    22.84s Waiting 5.0s for Any (First Match) to exist
    t =    23.84s     Checking `Expect predicate `existsNoRetry == 1` for object Any (First Match)`
    t =    23.84s         Checking existence of `Any (First Match)`
    t =    23.85s             Requesting snapshot of accessibility hierarchy for app with pid 15234
    t =    24.05s Tap Any (First Match)
    t =    24.05s     Wait for com.xiaolongxu.zipharbor.app to idle
    t =    24.05s     Find the Any (First Match)
    t =    24.06s         Requesting snapshot of accessibility hierarchy for app with pid 15234
    t =    24.20s     Check for interrupting elements affecting "DOC.sidebar.item.On My iPhone" Cell
    t =    24.21s         Requesting snapshot of accessibility hierarchy for app with pid 15234
    t =    24.29s         Find: Descendants matching predicate identifier == "NotificationShortLookView" OR elementType == 7
    t =    24.32s     Synthesize event
    t =    24.62s     Wait for com.xiaolongxu.zipharbor.app to idle
    t =    24.63s Waiting 10.0s for Cell (First Match) to exist
    t =    25.64s     Checking `Expect predicate `existsNoRetry == 1` for object Cell (First Match)`
    t =    25.65s         Checking existence of `Cell (First Match)`
    t =    25.66s             Requesting snapshot of accessibility hierarchy for app with pid 15234
    t =    25.83s Tap Cell (First Match)
    t =    25.83s     Wait for com.xiaolongxu.zipharbor.app to idle
    t =    25.84s     Find the Cell (First Match)
    t =    25.84s         Requesting snapshot of accessibility hierarchy for app with pid 15234
    t =    25.95s     Check for interrupting elements affecting "ZipHarbor 压缩工具, Container" Cell
    t =    25.96s         Requesting snapshot of accessibility hierarchy for app with pid 15234
    t =    26.05s         Find: Descendants matching predicate identifier == "NotificationShortLookView" OR elementType == 7
    t =    26.05s     Synthesize event
    t =    26.36s     Wait for com.xiaolongxu.zipharbor.app to idle
    t =    26.37s Waiting 10.0s for "Downloads" StaticText to exist
    t =    27.40s     Checking `Expect predicate `existsNoRetry == 1` for object "Downloads" StaticText`
    t =    27.40s         Checking existence of `"Downloads" StaticText`
    t =    27.41s             Requesting snapshot of accessibility hierarchy for app with pid 15234
    t =    27.58s             Find: Descendants matching type StaticText
    t =    27.58s             Find: Elements matching predicate '"Downloads" IN identifiers'
    t =    27.59s Tap "Downloads" StaticText
    t =    27.59s     Wait for com.xiaolongxu.zipharbor.app to idle
    t =    27.59s     Find the "Downloads" StaticText
    t =    27.60s         Requesting snapshot of accessibility hierarchy for app with pid 15234
    t =    27.70s         Find: Descendants matching type StaticText
    t =    27.70s         Find: Elements matching predicate '"Downloads" IN identifiers'
    t =    27.70s     Check for interrupting elements affecting "Downloads" StaticText
    t =    27.72s         Requesting snapshot of accessibility hierarchy for app with pid 15234
    t =    27.81s         Find: Descendants matching predicate identifier == "NotificationShortLookView" OR elementType == 7
    t =    27.82s     Synthesize event
    t =    28.12s     Wait for com.xiaolongxu.zipharbor.app to idle
    t =    28.14s Waiting 10.0s for "Provider QA.zip" StaticText to exist
    t =    29.16s     Checking `Expect predicate `existsNoRetry == 1` for object "Provider QA.zip" StaticText`
    t =    29.16s         Checking existence of `"Provider QA.zip" StaticText`
    t =    29.17s             Requesting snapshot of accessibility hierarchy for app with pid 15234
    t =    29.33s             Find: Descendants matching type StaticText
    t =    29.34s             Find: Elements matching predicate '"Provider QA.zip" IN identifiers'
    t =    29.34s Tap "Provider QA.zip" StaticText
    t =    29.34s     Wait for com.xiaolongxu.zipharbor.app to idle
    t =    29.35s     Find the "Provider QA.zip" StaticText
    t =    29.35s         Requesting snapshot of accessibility hierarchy for app with pid 15234
    t =    29.45s         Find: Descendants matching type StaticText
    t =    29.45s         Find: Elements matching predicate '"Provider QA.zip" IN identifiers'
    t =    29.46s     Check for interrupting elements affecting "Provider QA.zip" StaticText
    t =    29.47s         Requesting snapshot of accessibility hierarchy for app with pid 15234
    t =    29.55s         Find: Descendants matching predicate identifier == "NotificationShortLookView" OR elementType == 7
    t =    29.56s     Synthesize event
    t =    29.86s     Wait for com.xiaolongxu.zipharbor.app to idle
    t =    29.88s Tap "Open" Button
    t =    29.88s     Wait for com.xiaolongxu.zipharbor.app to idle
    t =    29.89s     Find the "Open" Button
    t =    29.89s         Requesting snapshot of accessibility hierarchy for app with pid 15234
    t =    30.04s         Find: Descendants matching type Button
    t =    30.05s         Find: Elements matching predicate '"Open" IN identifiers'
    t =    30.05s     Check for interrupting elements affecting "Open" Button
    t =    30.07s         Requesting snapshot of accessibility hierarchy for app with pid 15234
    t =    30.16s         Find: Descendants matching predicate identifier == "NotificationShortLookView" OR elementType == 7
    t =    30.17s     Synthesize event
    t =    30.49s     Wait for com.xiaolongxu.zipharbor.app to idle
    t =    30.97s Waiting 20.0s for "entry-课程资料" Button to exist
    t =    31.98s     Checking `Expect predicate `existsNoRetry == 1` for object "entry-课程资料" Button`
    t =    31.98s         Checking existence of `"entry-课程资料" Button`
    t =    31.99s             Requesting snapshot of accessibility hierarchy for app with pid 15234
    t =    32.07s             Find: Descendants matching type Button
    t =    32.08s             Find: Elements matching predicate '"entry-课程资料" IN identifiers'
    t =    32.09s Find the Target Application 'com.xiaolongxu.zipharbor.app'
    t =    32.09s     Requesting snapshot of accessibility hierarchy for app with pid 15234
    t =    32.26s Added attachment named 'system-files-imported-archive'
    t =    32.26s Tear Down
Test Case '-[ZipHarborUITests.ZipHarborUITests testSystemFilesImportsRealArchive]' passed (32.289 seconds).
Test Case '-[ZipHarborUITests.ZipHarborUITests testSystemPickerAndSharePresentation]' started.
    t =     0.00s Start Test at 2026-10-01 23:26:31.897
    t =     0.01s Set Up
    t =     0.01s Open com.xiaolongxu.zipharbor.app
    t =     0.01s     Launch com.xiaolongxu.zipharbor.app
    t =     0.01s         Terminate com.xiaolongxu.zipharbor.app:15234
2026-10-01 23:26:30.865 xcodebuild[70867:4191621] [MT] IDELaunchParametersSnapshot: debugger version lookup failed for path '<nil>': noURL
2026-10-01 23:26:30.865 xcodebuild[70867:4191621] [MT] IDELaunchParametersSnapshot: no debugger version
    t =     1.26s         Setting up automation session
    t =     1.52s         Wait for com.xiaolongxu.zipharbor.app to idle
    t =     2.76s Waiting 25.0s for "file-课程资料_2026.zip" Button to exist
    t =     3.77s     Checking `Expect predicate `existsNoRetry == 1` for object "file-课程资料_2026.zip" Button`
    t =     3.78s         Checking existence of `"file-课程资料_2026.zip" Button`
    t =     3.79s             Requesting snapshot of accessibility hierarchy for app with pid 15236
    t =     3.91s             Find: Descendants matching type Button
    t =     3.91s             Find: Elements matching predicate '"file-课程资料_2026.zip" IN identifiers'
    t =     3.92s Tap "openArchiveButton" Button
    t =     3.92s     Wait for com.xiaolongxu.zipharbor.app to idle
    t =     3.93s     Find the "openArchiveButton" Button
    t =     3.93s         Requesting snapshot of accessibility hierarchy for app with pid 15236
    t =     3.99s         Find: Descendants matching type Button
    t =     3.99s         Find: Elements matching predicate '"openArchiveButton" IN identifiers'
    t =     3.99s     Check for interrupting elements affecting "openArchiveButton" Button
    t =     4.02s         Requesting snapshot of accessibility hierarchy for app with pid 15236
    t =     4.07s         Find: Descendants matching predicate identifier == "NotificationShortLookView" OR elementType == 7
    t =     4.08s     Synthesize event
    t =     4.39s     Wait for com.xiaolongxu.zipharbor.app to idle
    t =     4.40s Waiting 30.0s for "Browse" Button to exist
    t =     5.43s     Checking `Expect predicate `existsNoRetry == 1` for object "Browse" Button`
    t =     5.43s         Checking existence of `"Browse" Button`
    t =     5.44s             Requesting snapshot of accessibility hierarchy for app with pid 15236
    t =     5.59s             Find: Descendants matching type Button
    t =     5.59s             Find: Elements matching predicate '"Browse" IN identifiers'
    t =     5.60s Find the Target Application 'com.xiaolongxu.zipharbor.app'
    t =     5.60s     Requesting snapshot of accessibility hierarchy for app with pid 15236
    t =     5.80s Added attachment named 'system-files-picker'
    t =     5.80s Checking existence of `Button (First Match)`
    t =     5.80s     Requesting snapshot of accessibility hierarchy for app with pid 15236
    t =     5.91s Press Target Application 'com.xiaolongxu.zipharbor.app'[0.50, 0.08] for 0.1 seconds, then drag to Target Application 'com.xiaolongxu.zipharbor.app'[0.50, 0.85] with velocity of 500.00 pixels per second, and then hold for 0.0 seconds 
    t =     5.91s     Wait for com.xiaolongxu.zipharbor.app to idle
    t =     5.91s     Find the Target Application 'com.xiaolongxu.zipharbor.app'
    t =     5.91s         Requesting snapshot of accessibility hierarchy for app with pid 15236
    t =     6.00s     Check for interrupting elements affecting "ZipHarbor" Application
    t =     6.01s         Requesting snapshot of accessibility hierarchy for app with pid 15236
    t =     6.07s         Find: Descendants matching predicate identifier == "NotificationShortLookView" OR elementType == 7
    t =     6.08s     Synthesize event
    t =     6.09s         Find the Target Application 'com.xiaolongxu.zipharbor.app'
    t =     6.09s             Requesting snapshot of accessibility hierarchy for app with pid 15236
    t =     6.17s         Find the Target Application 'com.xiaolongxu.zipharbor.app'
    t =     6.17s             Requesting snapshot of accessibility hierarchy for app with pid 15236
    t =     6.24s         Find the Target Application 'com.xiaolongxu.zipharbor.app'
    t =     6.25s             Requesting snapshot of accessibility hierarchy for app with pid 15236
    t =     6.33s         Find the Target Application 'com.xiaolongxu.zipharbor.app'
    t =     6.33s             Requesting snapshot of accessibility hierarchy for app with pid 15236
    t =     6.41s         Find the Target Application 'com.xiaolongxu.zipharbor.app'
    t =     6.41s             Requesting snapshot of accessibility hierarchy for app with pid 15236
    t =     8.13s     Wait for com.xiaolongxu.zipharbor.app to idle
    t =     8.50s Waiting 5.0s for "file-课程资料_2026.zip" Button to exist
    t =     9.51s     Checking `Expect predicate `existsNoRetry == 1` for object "file-课程资料_2026.zip" Button`
    t =     9.51s         Checking existence of `"file-课程资料_2026.zip" Button`
    t =     9.53s             Requesting snapshot of accessibility hierarchy for app with pid 15236
    t =     9.63s             Find: Descendants matching type Button
    t =     9.63s             Find: Elements matching predicate '"file-课程资料_2026.zip" IN identifiers'
    t =     9.64s Tap "file-课程资料_2026.zip" Button
    t =     9.64s     Wait for com.xiaolongxu.zipharbor.app to idle
    t =     9.65s     Find the "file-课程资料_2026.zip" Button
    t =     9.65s         Requesting snapshot of accessibility hierarchy for app with pid 15236
    t =     9.71s         Find: Descendants matching type Button
    t =     9.72s         Find: Elements matching predicate '"file-课程资料_2026.zip" IN identifiers'
    t =     9.72s     Check for interrupting elements affecting "file-课程资料_2026.zip" Button
    t =     9.74s         Requesting snapshot of accessibility hierarchy for app with pid 15236
    t =     9.80s         Find: Descendants matching predicate identifier == "NotificationShortLookView" OR elementType == 7
    t =     9.81s     Synthesize event
    t =    10.13s     Wait for com.xiaolongxu.zipharbor.app to idle
    t =    10.53s Waiting 10.0s for "extractToButton" Button to exist
    t =    11.56s     Checking `Expect predicate `existsNoRetry == 1` for object "extractToButton" Button`
    t =    11.56s         Checking existence of `"extractToButton" Button`
    t =    11.57s             Requesting snapshot of accessibility hierarchy for app with pid 15236
    t =    11.65s             Find: Descendants matching type Button
    t =    11.66s             Find: Elements matching predicate '"extractToButton" IN identifiers'
    t =    11.67s Tap "Share archive" Button
    t =    11.67s     Wait for com.xiaolongxu.zipharbor.app to idle
    t =    11.68s     Find the "Share archive" Button
    t =    11.68s         Requesting snapshot of accessibility hierarchy for app with pid 15236
    t =    11.74s         Find: Descendants matching type Button
    t =    11.74s         Find: Elements matching predicate '"Share archive" IN identifiers'
    t =    11.74s     Check for interrupting elements affecting "Share archive" Button
    t =    11.76s         Requesting snapshot of accessibility hierarchy for app with pid 15236
    t =    11.81s         Find: Descendants matching predicate identifier == "NotificationShortLookView" OR elementType == 7
    t =    11.81s     Synthesize event
    t =    12.14s     Wait for com.xiaolongxu.zipharbor.app to idle
    t =    12.22s Waiting 15.0s for Button (First Match) to exist
    t =    13.23s     Checking `Expect predicate `existsNoRetry == 1` for object Button (First Match)`
    t =    13.23s         Checking existence of `Button (First Match)`
    t =    13.24s             Requesting snapshot of accessibility hierarchy for app with pid 15236
    t =    13.44s Find the Target Application 'com.xiaolongxu.zipharbor.app'
    t =    13.44s     Requesting snapshot of accessibility hierarchy for app with pid 15236
    t =    13.71s Added attachment named 'system-share'
    t =    13.71s Tear Down
Test Case '-[ZipHarborUITests.ZipHarborUITests testSystemPickerAndSharePresentation]' passed (13.753 seconds).
Test Case '-[ZipHarborUITests.ZipHarborUITests testWrongPasswordCanRetryWithoutRestartingExtraction]' started.
    t =     0.00s Start Test at 2026-10-01 23:26:45.651
    t =     0.01s Set Up
    t =     0.02s Open com.xiaolongxu.zipharbor.app
    t =     0.02s     Launch com.xiaolongxu.zipharbor.app
    t =     0.02s         Terminate com.xiaolongxu.zipharbor.app:15236
2026-10-01 23:26:44.615 xcodebuild[70867:4191621] [MT] IDELaunchParametersSnapshot: debugger version lookup failed for path '<nil>': noURL
2026-10-01 23:26:44.615 xcodebuild[70867:4191621] [MT] IDELaunchParametersSnapshot: no debugger version
    t =     1.25s         Setting up automation session
    t =     1.52s         Wait for com.xiaolongxu.zipharbor.app to idle
    t =     2.76s Waiting 25.0s for "file-课程资料_2026.zip" Button to exist
    t =     3.79s     Checking `Expect predicate `existsNoRetry == 1` for object "file-课程资料_2026.zip" Button`
    t =     3.79s         Checking existence of `"file-课程资料_2026.zip" Button`
    t =     3.80s             Requesting snapshot of accessibility hierarchy for app with pid 15239
    t =     3.92s             Find: Descendants matching type Button
    t =     3.92s             Find: Elements matching predicate '"file-课程资料_2026.zip" IN identifiers'
    t =     3.93s Tap "file-0903.zip" Button
    t =     3.93s     Wait for com.xiaolongxu.zipharbor.app to idle
    t =     3.94s     Find the "file-0903.zip" Button
    t =     3.94s         Requesting snapshot of accessibility hierarchy for app with pid 15239
    t =     4.00s         Find: Descendants matching type Button
    t =     4.00s         Find: Elements matching predicate '"file-0903.zip" IN identifiers'
    t =     4.01s     Check for interrupting elements affecting "file-0903.zip" Button
    t =     4.03s         Requesting snapshot of accessibility hierarchy for app with pid 15239
    t =     4.07s         Find: Descendants matching predicate identifier == "NotificationShortLookView" OR elementType == 7
    t =     4.08s     Synthesize event
    t =     4.38s     Wait for com.xiaolongxu.zipharbor.app to idle
    t =     4.77s Waiting 10.0s for "extractToButton" Button to exist
    t =     5.80s     Checking `Expect predicate `existsNoRetry == 1` for object "extractToButton" Button`
    t =     5.80s         Checking existence of `"extractToButton" Button`
    t =     5.81s             Requesting snapshot of accessibility hierarchy for app with pid 15239
    t =     5.89s             Find: Descendants matching type Button
    t =     5.89s             Find: Elements matching predicate '"extractToButton" IN identifiers'
    t =     5.90s Tap "extractToButton" Button
    t =     5.90s     Wait for com.xiaolongxu.zipharbor.app to idle
    t =     5.91s     Find the "extractToButton" Button
    t =     5.92s         Requesting snapshot of accessibility hierarchy for app with pid 15239
    t =     5.96s         Find: Descendants matching type Button
    t =     5.96s         Find: Elements matching predicate '"extractToButton" IN identifiers'
    t =     5.97s     Check for interrupting elements affecting "extractToButton" Button
    t =     5.99s         Requesting snapshot of accessibility hierarchy for app with pid 15239
    t =     6.03s         Find: Descendants matching predicate identifier == "NotificationShortLookView" OR elementType == 7
    t =     6.03s     Synthesize event
    t =     6.35s     Wait for com.xiaolongxu.zipharbor.app to idle
    t =     6.78s Waiting 5.0s for "startExtractionButton" Button to exist
    t =     7.80s     Checking `Expect predicate `existsNoRetry == 1` for object "startExtractionButton" Button`
    t =     7.80s         Checking existence of `"startExtractionButton" Button`
    t =     7.81s             Requesting snapshot of accessibility hierarchy for app with pid 15239
    t =     7.93s             Find: Descendants matching type Button
    t =     7.93s             Find: Elements matching predicate '"startExtractionButton" IN identifiers'
    t =     7.94s Find the Target Application 'com.xiaolongxu.zipharbor.app'
    t =     7.94s     Requesting snapshot of accessibility hierarchy for app with pid 15239
    t =     8.12s Added attachment named 'extraction-destination'
    t =     8.12s Tap "startExtractionButton" Button
    t =     8.12s     Wait for com.xiaolongxu.zipharbor.app to idle
    t =     8.12s     Find the "startExtractionButton" Button
    t =     8.13s         Requesting snapshot of accessibility hierarchy for app with pid 15239
    t =     8.20s         Find: Descendants matching type Button
    t =     8.20s         Find: Elements matching predicate '"startExtractionButton" IN identifiers'
    t =     8.20s     Check for interrupting elements affecting "startExtractionButton" Button
    t =     8.22s         Requesting snapshot of accessibility hierarchy for app with pid 15239
    t =     8.26s         Find: Descendants matching predicate identifier == "NotificationShortLookView" OR elementType == 7
    t =     8.26s     Synthesize event
    t =     8.56s     Wait for com.xiaolongxu.zipharbor.app to idle
    t =     9.56s Waiting 15.0s for "taskPasswordField" SecureTextField to exist
    t =    10.58s     Checking `Expect predicate `existsNoRetry == 1` for object "taskPasswordField" SecureTextField`
    t =    10.58s         Checking existence of `"taskPasswordField" SecureTextField`
    t =    10.59s             Requesting snapshot of accessibility hierarchy for app with pid 15239
    t =    10.68s             Find: Descendants matching type SecureTextField
    t =    10.68s             Find: Elements matching predicate '"taskPasswordField" IN identifiers'
    t =    10.69s Tap "taskPasswordField" SecureTextField
    t =    10.69s     Wait for com.xiaolongxu.zipharbor.app to idle
    t =    10.69s     Find the "taskPasswordField" SecureTextField
    t =    10.70s         Requesting snapshot of accessibility hierarchy for app with pid 15239
    t =    10.75s         Find: Descendants matching type SecureTextField
    t =    10.75s         Find: Elements matching predicate '"taskPasswordField" IN identifiers'
    t =    10.75s     Check for interrupting elements affecting "taskPasswordField" SecureTextField
    t =    10.76s         Requesting snapshot of accessibility hierarchy for app with pid 15239
    t =    10.81s         Find: Descendants matching predicate identifier == "NotificationShortLookView" OR elementType == 7
    t =    10.82s     Synthesize event
    t =    11.13s     Wait for com.xiaolongxu.zipharbor.app to idle
    t =    12.07s Type '<redacted>' into "taskPasswordField" SecureTextField
    t =    12.07s     Wait for com.xiaolongxu.zipharbor.app to idle
    t =    12.08s     Find the "taskPasswordField" SecureTextField
    t =    12.09s         Requesting snapshot of accessibility hierarchy for app with pid 15239
    t =    12.20s         Find: Descendants matching type SecureTextField
    t =    12.20s         Find: Elements matching predicate '"taskPasswordField" IN identifiers'
    t =    12.21s     Check for interrupting elements affecting "taskPasswordField" SecureTextField
    t =    12.23s         Requesting snapshot of accessibility hierarchy for app with pid 15239
    t =    12.30s         Find: Descendants matching predicate identifier == "NotificationShortLookView" OR elementType == 7
    t =    12.31s     Synthesize event
    t =    12.61s     Wait for com.xiaolongxu.zipharbor.app to idle
    t =    12.63s Tap "unlockAndContinueButton" Button
    t =    12.63s     Wait for com.xiaolongxu.zipharbor.app to idle
    t =    12.64s     Find the "unlockAndContinueButton" Button
    t =    12.64s         Requesting snapshot of accessibility hierarchy for app with pid 15239
    t =    12.74s         Find: Descendants matching type Button
    t =    12.74s         Find: Elements matching predicate '"unlockAndContinueButton" IN identifiers'
    t =    12.75s     Check for interrupting elements affecting "unlockAndContinueButton" Button
    t =    12.76s         Requesting snapshot of accessibility hierarchy for app with pid 15239
    t =    12.84s         Find: Descendants matching predicate identifier == "NotificationShortLookView" OR elementType == 7
    t =    12.84s     Synthesize event
    t =    13.14s     Wait for com.xiaolongxu.zipharbor.app to idle
    t =    13.60s Waiting 10.0s for "密码不正确，请重试。" StaticText to exist
    t =    14.60s     Checking `Expect predicate `existsNoRetry == 1` for object "密码不正确，请重试。" StaticText`
    t =    14.60s         Checking existence of `"密码不正确，请重试。" StaticText`
    t =    14.61s             Requesting snapshot of accessibility hierarchy for app with pid 15239
    t =    14.70s             Find: Descendants matching type StaticText
    t =    14.70s             Find: Elements matching predicate '"密码不正确，请重试。" IN identifiers'
    t =    14.71s Find the Target Application 'com.xiaolongxu.zipharbor.app'
    t =    14.72s     Requesting snapshot of accessibility hierarchy for app with pid 15239
    t =    14.89s Added attachment named 'wrong-password'
    t =    14.89s Tap "taskPasswordField" SecureTextField
    t =    14.89s     Wait for com.xiaolongxu.zipharbor.app to idle
    t =    14.90s     Find the "taskPasswordField" SecureTextField
    t =    14.90s         Requesting snapshot of accessibility hierarchy for app with pid 15239
    t =    14.96s         Find: Descendants matching type SecureTextField
    t =    14.96s         Find: Elements matching predicate '"taskPasswordField" IN identifiers'
    t =    14.96s     Check for interrupting elements affecting "taskPasswordField" SecureTextField
    t =    14.97s         Requesting snapshot of accessibility hierarchy for app with pid 15239
    t =    15.01s         Find: Descendants matching predicate identifier == "NotificationShortLookView" OR elementType == 7
    t =    15.01s     Synthesize event
    t =    15.31s     Wait for com.xiaolongxu.zipharbor.app to idle
    t =    16.15s Type '...' into "taskPasswordField" SecureTextField
    t =    16.15s     Wait for com.xiaolongxu.zipharbor.app to idle
    t =    16.17s     Find the "taskPasswordField" SecureTextField
    t =    16.17s         Requesting snapshot of accessibility hierarchy for app with pid 15239
    t =    16.28s         Find: Descendants matching type SecureTextField
    t =    16.28s         Find: Elements matching predicate '"taskPasswordField" IN identifiers'
    t =    16.28s     Check for interrupting elements affecting "taskPasswordField" SecureTextField
    t =    16.30s         Requesting snapshot of accessibility hierarchy for app with pid 15239
    t =    16.39s         Find: Descendants matching predicate identifier == "NotificationShortLookView" OR elementType == 7
    t =    16.39s     Synthesize event
    t =    16.95s     Wait for com.xiaolongxu.zipharbor.app to idle
    t =    16.96s Type '<redacted>' into "taskPasswordField" SecureTextField
    t =    16.97s     Wait for com.xiaolongxu.zipharbor.app to idle
    t =    16.97s     Find the "taskPasswordField" SecureTextField
    t =    16.98s         Requesting snapshot of accessibility hierarchy for app with pid 15239
    t =    17.07s         Find: Descendants matching type SecureTextField
    t =    17.07s         Find: Elements matching predicate '"taskPasswordField" IN identifiers'
    t =    17.08s     Check for interrupting elements affecting "taskPasswordField" SecureTextField
    t =    17.10s         Requesting snapshot of accessibility hierarchy for app with pid 15239
    t =    17.18s         Find: Descendants matching predicate identifier == "NotificationShortLookView" OR elementType == 7
    t =    17.19s     Synthesize event
    t =    17.48s     Wait for com.xiaolongxu.zipharbor.app to idle
    t =    17.50s Tap "unlockAndContinueButton" Button
    t =    17.50s     Wait for com.xiaolongxu.zipharbor.app to idle
    t =    17.51s     Find the "unlockAndContinueButton" Button
    t =    17.51s         Requesting snapshot of accessibility hierarchy for app with pid 15239
    t =    17.62s         Find: Descendants matching type Button
    t =    17.62s         Find: Elements matching predicate '"unlockAndContinueButton" IN identifiers'
    t =    17.62s     Check for interrupting elements affecting "unlockAndContinueButton" Button
    t =    17.65s         Requesting snapshot of accessibility hierarchy for app with pid 15239
    t =    17.73s         Find: Descendants matching predicate identifier == "NotificationShortLookView" OR elementType == 7
    t =    17.74s     Synthesize event
    t =    18.04s     Wait for com.xiaolongxu.zipharbor.app to idle
    t =    18.51s Waiting 20.0s for "resultDoneButton" Button to exist
    t =    19.54s     Checking `Expect predicate `existsNoRetry == 1` for object "resultDoneButton" Button`
    t =    19.54s         Checking existence of `"resultDoneButton" Button`
    t =    19.55s             Requesting snapshot of accessibility hierarchy for app with pid 15239
    t =    19.64s             Find: Descendants matching type Button
    t =    19.65s             Find: Elements matching predicate '"resultDoneButton" IN identifiers'
    t =    19.66s Tap "resultDoneButton" Button
    t =    19.66s     Wait for com.xiaolongxu.zipharbor.app to idle
    t =    19.66s     Find the "resultDoneButton" Button
    t =    19.67s         Requesting snapshot of accessibility hierarchy for app with pid 15239
    t =    19.73s         Find: Descendants matching type Button
    t =    19.73s         Find: Elements matching predicate '"resultDoneButton" IN identifiers'
    t =    19.73s     Check for interrupting elements affecting "resultDoneButton" Button
    t =    19.75s         Requesting snapshot of accessibility hierarchy for app with pid 15239
    t =    19.80s         Find: Descendants matching predicate identifier == "NotificationShortLookView" OR elementType == 7
    t =    19.81s     Synthesize event
    t =    20.12s     Wait for com.xiaolongxu.zipharbor.app to idle
    t =    20.49s Tear Down
Test Case '-[ZipHarborUITests.ZipHarborUITests testWrongPasswordCanRetryWithoutRestartingExtraction]' passed (20.540 seconds).
Test Suite 'ZipHarborUITests' passed at 2026-10-01 23:27:06.193.
	 Executed 14 tests, with 1 test skipped and 0 failures (0 unexpected) in 244.366 (244.385) seconds
Test Suite 'ZipHarborUITests.xctest' passed at 2026-10-01 23:27:06.196.
	 Executed 14 tests, with 1 test skipped and 0 failures (0 unexpected) in 244.366 (244.388) seconds
Test Suite 'All tests' passed at 2026-10-01 23:27:06.198.
	 Executed 14 tests, with 1 test skipped and 0 failures (0 unexpected) in 244.366 (244.391) seconds
2026-10-01 23:27:04.469 xcodebuild[70867:4191621] [MT] IDETestOperationsObserverDebug: 248.210 elapsed -- Testing started completed.
2026-10-01 23:27:04.469 xcodebuild[70867:4191621] [MT] IDETestOperationsObserverDebug: 0.000 sec, +0.000 sec -- start
2026-10-01 23:27:04.469 xcodebuild[70867:4191621] [MT] IDETestOperationsObserverDebug: 248.210 sec, +248.210 sec -- end

Test session results, code coverage, and logs:
	/Users/USER/github_space/zip-app/docs/iphone14-acceptance-20261001/results/ui-final2.xcresult

** TEST SUCCEEDED **

Testing started
