Command line invocation:
    /Applications/Xcode.app/Contents/Developer/usr/bin/xcodebuild test-without-building -xctestrun .native-build/DeviceQA/Build/Products/PaperFlow_iphoneos27.0-arm64.xctestrun -destination platform=iOS,id=00008110-000A2D043C8A401E -parallel-testing-enabled NO -collect-test-diagnostics never -resultBundlePath artifacts/device-qa/2026-10-04/full-regression.xcresult

Writing result bundle at path:
	/Users/long/github_space/good_ideas/pdf-file-workbench/artifacts/device-qa/2026-10-04/full-regression.xcresult

--- xcodebuild: WARNING: Using the first of multiple matching destinations:
{ platform:iOS, arch:arm64e, id:00008110-000A2D043C8A401E, name:徐晓龙的iPhone }
{ platform:iOS, arch:arm64, id:00008110-000A2D043C8A401E, name:徐晓龙的iPhone }
2026-10-04 14:46:31.603340+0800 PaperFlow[16296:6852381] [XPCErrors] non-launching port is incompatible with service identifier "com.apple.PointerUI.pointeruid.default-service"
2026-10-04 14:46:32.526531+0800 PaperFlow[16296:6852381] [] Hang detected: 0.87s (overlaps extended launch)
Test Suite 'All tests' started at 2026-10-04 14:46:32.564.
Test Suite 'All tests' passed at 2026-10-04 14:46:32.565.
	 Executed 0 tests, with 0 failures (0 unexpected) in 0.000 (0.000) seconds
◇ Test run started.
↳ Testing Library Version: 2084
↳ Target Platform: arm64e-apple-ios17.0
◇ Suite InteractionTests started.
◇ Test editedSharingContainsReorderedPagesAndTextAndUndoRestoresStatus() started.
✔ Test editedSharingContainsReorderedPagesAndTextAndUndoRestoresStatus() passed after 0.064 seconds.
◇ Test redactedSharingRequiresConfirmationAndRemovesRecoverableText() started.
CoreData: debug: PostSaveMaintenance: incremental_vacuum with freelist_count - 5 and pages_to_free 1
✔ Test redactedSharingRequiresConfirmationAndRemovesRecoverableText() passed after 0.350 seconds.
◇ Test editedEncryptedSharingKeepsOriginalPasswordAndPermissions() started.
CoreGraphics PDF has logged an error. Set environment variable "CG_PDF_VERBOSE" to learn more.
2026-10-04 14:46:33.037107+0800 PaperFlow[16296:6852426] PDFDocument's setRotation:withPageAtIndex: failed. PDF document's user permissions does not allow document assembly.
2026-10-04 14:46:33.041466+0800 PaperFlow[16296:6852426] PDFDocument's setRotation:withPageAtIndex: failed. PDF document's user permissions does not allow document assembly.
2026-10-04 14:46:33.045799+0800 PaperFlow[16296:6852426] PDFDocument's setRotation:withPageAtIndex: failed. PDF document's user permissions does not allow document assembly.
2026-10-04 14:46:33.050107+0800 PaperFlow[16296:6852426] PDFDocument's setRotation:withPageAtIndex: failed. PDF document's user permissions does not allow document assembly.
2026-10-04 14:46:33.054428+0800 PaperFlow[16296:6852426] PDFDocument's setRotation:withPageAtIndex: failed. PDF document's user permissions does not allow document assembly.
2026-10-04 14:46:33.058764+0800 PaperFlow[16296:6852426] PDFDocument's setRotation:withPageAtIndex: failed. PDF document's user permissions does not allow document assembly.
2026-10-04 14:46:33.063081+0800 PaperFlow[16296:6852426] PDFDocument's setRotation:withPageAtIndex: failed. PDF document's user permissions does not allow document assembly.
2026-10-04 14:46:33.067403+0800 PaperFlow[16296:6852426] PDFDocument's setRotation:withPageAtIndex: failed. PDF document's user permissions does not allow document assembly.
✔ Test editedEncryptedSharingKeepsOriginalPasswordAndPermissions() passed after 0.138 seconds.
◇ Test compressionAndSavedRecipeCannotInheritOtherToolFlags() started.
✔ Test compressionAndSavedRecipeCannotInheritOtherToolFlags() passed after 0.106 seconds.
◇ Test batchImportKeepsParentAndOrderedSelectionAndCancellationClearsIntent() started.
✔ Test batchImportKeepsParentAndOrderedSelectionAndCancellationClearsIntent() passed after 0.052 seconds.
◇ Test encryptedFileInMultiImportRetainsEarlierAndLaterFiles() started.
✔ Test encryptedFileInMultiImportRetainsEarlierAndLaterFiles() passed after 0.106 seconds.
◇ Test signatureCreationPlacesOnlyDuringSigningAndMergeGeneratesInChosenOrder() started.
✔ Test signatureCreationPlacesOnlyDuringSigningAndMergeGeneratesInChosenOrder() passed after 0.081 seconds.
◇ Test OCRAutomaticPDFUsesOneQuotaAndExistingResultsAreReusable() started.
✔ Test OCRAutomaticPDFUsesOneQuotaAndExistingResultsAreReusable() passed after 0.078 seconds.
◇ Test cancelledOCRKeepsSourceAndQuotaAndNavigationRestoresDocumentContext() started.
✔ Test cancelledOCRKeepsSourceAndQuotaAndNavigationRestoresDocumentContext() passed after 0.042 seconds.
◇ Test workflowPauseResumeAndBatchWatermarkHaveExplicitContext() started.
CoreData: debug: PostSaveMaintenance: incremental_vacuum with freelist_count - 5 and pages_to_free 1
✔ Test workflowPauseResumeAndBatchWatermarkHaveExplicitContext() passed after 0.056 seconds.
✔ Suite InteractionTests passed after 1.078 seconds.
◇ Suite PaperFlowTests started.
◇ Test pageEditsUndoRedoAndDraftRestoreRetainExactPageIdentity() started.
✔ Test pageEditsUndoRedoAndDraftRestoreRetainExactPageIdentity() passed after 0.116 seconds.
◇ Test annotationCoordinatesAndDiscardRestoreOriginalDocument() started.
✔ Test annotationCoordinatesAndDiscardRestoreOriginalDocument() passed after 0.008 seconds.
◇ Test workflowRecipeIsFrozenDuringRunAndWindowsDoNotShareUndoStacks() started.
✔ Test workflowRecipeIsFrozenDuringRunAndWindowsDoNotShareUndoStacks() passed after 0.007 seconds.
◇ Test importIntentAndMissingDocumentReturnToCorrectTool() started.
✔ Test importIntentAndMissingDocumentReturnToCorrectTool() passed after 0.049 seconds.
◇ Test localStoreKitPurchaseRestoreAndRevocationUpdateVerifiedEntitlement() started.
✘ Test localStoreKitPurchaseRestoreAndRevocationUpdateVerifiedEntitlement() recorded an issue at PaperFlowTests.swift:62:9: Expectation failed: model.shared.pro.product?.id == ProStore.productID
↳ model.shared.pro.product?.id == ProStore.productID → false
↳   model.shared.pro.product?.id → nil
↳   ProStore.productID → "com.xiaolongxu.PaperFlow.pro.lifetime"
✘ Test localStoreKitPurchaseRestoreAndRevocationUpdateVerifiedEntitlement() recorded an issue at PaperFlowTests.swift:64:9: Expectation failed: await model.shared.pro.purchase()
↳ App Store 暂未提供此商品，请稍后重试。
↳ await model.shared.pro.purchase() → <not evaluated>
✘ Test localStoreKitPurchaseRestoreAndRevocationUpdateVerifiedEntitlement() recorded an issue at PaperFlowTests.swift:67:9: Expectation failed: model.shared.pro.unlocked
↳ model.shared.pro.unlocked → false
↳   model.shared.pro → PaperFlow.ProStore
↳     _product → nil
↳     _unlocked → false
↳     _buying → false
↳     _message → "App Store 暂未提供此商品，请稍后重试。"
↳       some → "App Store 暂未提供此商品，请稍后重试。"
↳     ledger → PaperFlowPersistence.QuotaLedger
↳       $defaultActor → (Opaque Value)
↳       pro → false
↳       usage → MonthlyUsage(month: "2026-10", counts: [:], completedJobs: Set([]))
↳         month → "2026-10"
↳         counts → [:]
↳         completedJobs → []
↳       reservations → [:]
↳       service → ""
↳     updates → Task<(), Never>(_task: (Opaque Value))
↳       some → Task<(), Never>(_task: (Opaque Value))
↳         _task → (Opaque Value)
↳     refreshGeneration → 32
↳     _$observationRegistrar → ObservationRegistrar(extent: Observation.ObservationRegistrar.(unknown context at $1c8f151ac).Extent)
↳       extent → Observation.ObservationRegistrar.(unknown context at $1c8f151ac).Extent
↳         context → Context(state: Observation._ManagedCriticalState<Observation.ObservationRegistrar.(unknown context at $1c8f151f0).State>(buffer: Observation._ManagedCriticalState<Observation.ObservationRegistrar.(unknown context at $1c8f151f0).State>.(unknown context at $1c8f1508c).LockedBuffer))
↳           state → _ManagedCriticalState<State>(buffer: Observation._ManagedCriticalState<Observation.ObservationRegistrar.(unknown context at $1c8f151f0).State>.(unknown context at $1c8f1508c).LockedBuffer)
↳             buffer → Observation._ManagedCriticalState<Observation.ObservationRegistrar.(unknown context at $1c8f151f0).State>.(unknown context at $1c8f1508c).LockedBuffer
↳   unlocked → false
✘ Test localStoreKitPurchaseRestoreAndRevocationUpdateVerifiedEntitlement() recorded an issue at PaperFlowTests.swift:67:45: Expectation failed: await model.shared.ledger.hasPro()
↳ await model.shared.ledger.hasPro() → <not evaluated>
2026-10-04 14:48:20.576336+0800 PaperFlow[16296:6852381] [AXAppAccessibility] Got a keyboard will change frame notification, but keyboard was not even present.
2026-10-04 14:48:20.580846+0800 PaperFlow[16296:6852381] [MC] Reading from public effective user settings.
2026-10-04 14:48:34.234879+0800 PaperFlow[16296:6852381] [AXAppAccessibility] Got a keyboard will change frame notification, but keyboard was not even present.
2026-10-04 14:48:34.234941+0800 PaperFlow[16296:6852381] [AXAppAccessibility] Got a keyboard will hide notification, but keyboard was not even present.
2026-10-04 14:48:39.438269+0800 PaperFlow[16296:6852430] [Default] Received error that does not have a corresponding StoreKit Error: StoreKitServerError(rawValue: 4040003, correlationID: Optional("ICQ4KPB3LAU4NKJAX2BRUCJLNQ"))
2026-10-04 14:48:39.438769+0800 PaperFlow[16296:6852430] [Default] Received error that does not have a corresponding StoreKit Error: StoreKitServiceError(error: StoreKit.StoreKitServiceError.ErrorType.server(StoreKit.StoreKitServerError(rawValue: 4040003, correlationID: Optional("ICQ4KPB3LAU4NKJAX2BRUCJLNQ"))), environment: Optional("Sandbox"), storefront: Optional("CHN"))
✘ Test localStoreKitPurchaseRestoreAndRevocationUpdateVerifiedEntitlement() recorded an issue at PaperFlowTests.swift:69:43: Expectation failed: model.shared.pro.unlocked
↳ model.shared.pro.unlocked → false
↳   model.shared.pro → PaperFlow.ProStore
↳     _product → nil
↳     _unlocked → false
↳     _buying → false
↳     _message → "恢复购买未完成，请稍后重试。"
↳       some → "恢复购买未完成，请稍后重试。"
↳     ledger → PaperFlowPersistence.QuotaLedger
↳       $defaultActor → (Opaque Value)
↳       pro → false
↳       usage → MonthlyUsage(month: "2026-10", counts: [:], completedJobs: Set([]))
↳         month → "2026-10"
↳         counts → [:]
↳         completedJobs → []
↳       reservations → [:]
↳       service → ""
↳     updates → Task<(), Never>(_task: (Opaque Value))
↳       some → Task<(), Never>(_task: (Opaque Value))
↳         _task → (Opaque Value)
↳     refreshGeneration → 32
↳     _$observationRegistrar → ObservationRegistrar(extent: Observation.ObservationRegistrar.(unknown context at $1c8f151ac).Extent)
↳       extent → Observation.ObservationRegistrar.(unknown context at $1c8f151ac).Extent
↳         context → Context(state: Observation._ManagedCriticalState<Observation.ObservationRegistrar.(unknown context at $1c8f151f0).State>(buffer: Observation._ManagedCriticalState<Observation.ObservationRegistrar.(unknown context at $1c8f151f0).State>.(unknown context at $1c8f1508c).LockedBuffer))
↳           state → _ManagedCriticalState<State>(buffer: Observation._ManagedCriticalState<Observation.ObservationRegistrar.(unknown context at $1c8f151f0).State>.(unknown context at $1c8f1508c).LockedBuffer)
↳             buffer → Observation._ManagedCriticalState<Observation.ObservationRegistrar.(unknown context at $1c8f151f0).State>.(unknown context at $1c8f1508c).LockedBuffer
↳   unlocked → false
✘ Test localStoreKitPurchaseRestoreAndRevocationUpdateVerifiedEntitlement() recorded an issue at PaperFlowTests.swift:70:31: Expectation failed: session.allTransactions().first
↳ session.allTransactions().first → nil
↳   session.allTransactions() → []
↳   first → nil
✘ Test localStoreKitPurchaseRestoreAndRevocationUpdateVerifiedEntitlement() failed after 125.615 seconds with 6 issues.
◇ Test batchSplitRetainsEveryOutputAndCheckpointSurvivesReload() started.
CoreData: debug: PostSaveMaintenance: incremental_vacuum with freelist_count - 5 and pages_to_free 1
✔ Test batchSplitRetainsEveryOutputAndCheckpointSurvivesReload() passed after 0.189 seconds.
✘ Suite PaperFlowTests failed after 125.988 seconds with 6 issues.
◇ Suite ScanInteractionTests started.
◇ Test scanReturnPreservesIndependentDraftAndPlainPDFOnlyUsesScanQuota() started.
2026-10-04 14:48:39.744566+0800 PaperFlow[16296:6852436] fopen failed for data file: errno = 2 (No such file or directory)
2026-10-04 14:48:39.780060+0800 PaperFlow[16296:6854335] fopen failed for data file: errno = 2 (No such file or directory)
✔ Test scanReturnPreservesIndependentDraftAndPlainPDFOnlyUsesScanQuota() passed after 0.181 seconds.
◇ Test photoReplacementPreservesPageCountAndFailedCaptureCanRetry() started.
2026-10-04 14:48:39.825623+0800 PaperFlow[16296:6854336] [PaperFlow] *** ERROR: CGImageSourceCreateThumbnailAtIndexEx:5504: create thumbnail at index failed
2026-10-04 14:48:39.825637+0800 PaperFlow[16296:6854336] [PaperFlow] CGImageSourceCreateThumbnailAtIndexEx:5525: *** ERROR: CGImageSourceCreateThumbnailAtIndex[0] - 'n/a ' - failed to create thumbnail [1] {alw:1, abs: -1 tra:1 max:4096}
✔ Test photoReplacementPreservesPageCountAndFailedCaptureCanRetry() passed after 0.131 seconds.
◇ Test exhaustedOCRPreservesScanQuotaAndAllowsPlainPDFRetry() started.
✔ Test exhaustedOCRPreservesScanQuotaAndAllowsPlainPDFRetry() passed after 0.129 seconds.
✔ Suite ScanInteractionTests passed after 0.442 seconds.
✘ Test run with 19 tests in 3 suites failed after 127.510 seconds with 6 issues.
2026-10-04 14:48:43.613308+0800 PaperFlowUITests-Runner[16310:6854571] [Default] Running tests...
    t =      nans Interface orientation changed to Portrait
Test Suite 'All tests' started at 2026-10-04 14:48:47.452.
Test Suite 'PaperFlowUITests.xctest' started at 2026-10-04 14:48:47.455.
Test Suite 'PaperFlowUITests' started at 2026-10-04 14:48:47.455.
Test Case '-[PaperFlowUITests.PaperFlowUITests testAllNineteenRoutesRenderWithoutEmptyScreens]' started.
    t =     0.01s Start Test at 2026-10-04 14:48:47.460
    t =     0.11s Set Up
    t =     0.11s Setting device orientation to Portrait
    t =     0.12s     Device orientation changed to Portrait
    t =     0.14s     Wait for com.apple.springboard to idle
    t =     0.19s Open com.xiaolongxu.PaperFlow
    t =     0.20s     Launch com.xiaolongxu.PaperFlow
2026-10-04 14:48:47.736 xcodebuild[8067:5717527] [MT] IDELaunchParametersSnapshot: debugger version lookup failed for path '<nil>': noURL
2026-10-04 14:48:47.736 xcodebuild[8067:5717527] [MT] IDELaunchParametersSnapshot: no debugger version
    t =     0.60s         Setting up automation session
    t =     0.88s         Wait for com.xiaolongxu.PaperFlow to idle
    t =     1.98s Waiting 20.0s for "page-home" Any to exist
    t =     3.03s     Checking `Expect predicate `existsNoRetry == 1` for object "page-home" Any`
    t =     3.04s         Checking existence of `"page-home" Any`
    t =     3.05s             Requesting snapshot of accessibility hierarchy for app with pid 16316
    t =     3.15s             Find: Descendants matching type Any
    t =     3.16s             Find: Elements matching predicate '"page-home" IN identifiers'
    t =     3.16s Get number of matches for: Descendants matching type Button
    t =     3.17s     Requesting snapshot of accessibility hierarchy for app with pid 16316
    t =     3.21s     Find: Descendants matching type Button
    t =     3.21s Checking existence of `Window (First Match)`
    t =     3.22s     Requesting snapshot of accessibility hierarchy for app with pid 16316
    t =     3.25s Find the Window (First Match)
    t =     3.26s     Requesting snapshot of accessibility hierarchy for app with pid 16316
    t =     3.42s Added attachment named 'route-home'
    t =     3.42s Terminate com.xiaolongxu.PaperFlow:16316
    t =     4.48s Setting device orientation to Portrait
    t =     4.50s     Wait for com.apple.springboard to idle
    t =     4.52s Open com.xiaolongxu.PaperFlow
    t =     4.52s     Launch com.xiaolongxu.PaperFlow
2026-10-04 14:48:51.894 xcodebuild[8067:5717527] [MT] IDELaunchParametersSnapshot: debugger version lookup failed for path '<nil>': noURL
2026-10-04 14:48:51.894 xcodebuild[8067:5717527] [MT] IDELaunchParametersSnapshot: no debugger version
    t =     4.76s         Setting up automation session
    t =     5.07s         Wait for com.xiaolongxu.PaperFlow to idle
    t =     6.16s Waiting 20.0s for "page-files" Any to exist
    t =     7.19s     Checking `Expect predicate `existsNoRetry == 1` for object "page-files" Any`
    t =     7.19s         Checking existence of `"page-files" Any`
    t =     7.20s             Requesting snapshot of accessibility hierarchy for app with pid 16317
    t =     7.30s             Find: Descendants matching type Any
    t =     7.31s             Find: Elements matching predicate '"page-files" IN identifiers'
    t =     7.31s Get number of matches for: Descendants matching type Button
    t =     7.32s     Requesting snapshot of accessibility hierarchy for app with pid 16317
    t =     7.36s     Find: Descendants matching type Button
    t =     7.37s Checking existence of `Window (First Match)`
    t =     7.37s     Requesting snapshot of accessibility hierarchy for app with pid 16317
    t =     7.41s Find the Window (First Match)
    t =     7.41s     Requesting snapshot of accessibility hierarchy for app with pid 16317
    t =     7.57s Added attachment named 'route-files'
    t =     7.57s Terminate com.xiaolongxu.PaperFlow:16317
    t =     8.64s Setting device orientation to Portrait
    t =     8.67s     Wait for com.apple.springboard to idle
    t =     8.68s Open com.xiaolongxu.PaperFlow
2026-10-04 14:48:56.053 xcodebuild[8067:5717527] [MT] IDELaunchParametersSnapshot: debugger version lookup failed for path '<nil>': noURL
2026-10-04 14:48:56.053 xcodebuild[8067:5717527] [MT] IDELaunchParametersSnapshot: no debugger version
    t =     8.68s     Launch com.xiaolongxu.PaperFlow
    t =     8.92s         Setting up automation session
    t =     9.21s         Wait for com.xiaolongxu.PaperFlow to idle
    t =    10.31s Waiting 4.0s for Alert (First Match) to exist
    t =    11.34s     Checking `Expect predicate `existsNoRetry == 1` for object Alert (First Match)`
    t =    11.34s         Checking existence of `Alert (First Match)`
    t =    11.35s             Requesting snapshot of accessibility hierarchy for app with pid 13629
    t =    11.46s Find the Alert (First Match)
    t =    11.46s     Requesting snapshot of accessibility hierarchy for app with pid 13629
    t =    11.53s Get all elements bound by index for: Descendants matching type StaticText
    t =    11.54s     Requesting snapshot of accessibility hierarchy for app with pid 13629
    t =    11.60s     Find: Descendants matching type StaticText
    t =    11.60s Find the StaticText (Element at index 0)
    t =    11.61s     Requesting snapshot of accessibility hierarchy for app with pid 13629
    t =    11.66s     Find: Descendants matching type StaticText
    t =    11.66s     Find: Element at index 0
    t =    11.67s Find the StaticText (Element at index 1)
    t =    11.67s     Requesting snapshot of accessibility hierarchy for app with pid 13629
    t =    11.73s     Find: Descendants matching type StaticText
    t =    11.73s     Find: Element at index 1
    t =    11.73s Checking existence of `Button (First Match)`
    t =    11.74s     Requesting snapshot of accessibility hierarchy for app with pid 13629
    t =    11.81s Checking existence of `Button (First Match)`
    t =    11.82s     Requesting snapshot of accessibility hierarchy for app with pid 13629
    t =    11.87s Tap Button (First Match)
    t =    11.87s     Wait for com.apple.springboard to idle
    t =    11.88s     Find the Button (First Match)
    t =    11.88s         Requesting snapshot of accessibility hierarchy for app with pid 13629
    t =    11.95s     Check for interrupting elements affecting "允许" Button
    t =    11.96s         Requesting snapshot of accessibility hierarchy for app with pid 13629
    t =    12.01s         Find: Descendants matching predicate identifier == "NotificationShortLookView" OR elementType == 7
    t =    12.01s Failed to construct element query matching interruption. Interrupting element Alert, foreground application Application 'com.apple.springboard', element application: (null). If your test failed after this unhandled interruption, please file a bug and attach your .xcresult bundle.
    t =    12.02s     Synthesize event
    t =    12.32s     Wait for com.apple.springboard to idle
    t =    12.60s Waiting 20.0s for "page-scan" Any to exist
    t =    13.63s     Checking `Expect predicate `existsNoRetry == 1` for object "page-scan" Any`
    t =    13.63s         Checking existence of `"page-scan" Any`
    t =    13.63s             Requesting snapshot of accessibility hierarchy for app with pid 16318
    t =    13.68s             Find: Descendants matching type Any
    t =    13.68s             Find: Elements matching predicate '"page-scan" IN identifiers'
    t =    13.69s Get number of matches for: Descendants matching type Button
    t =    13.70s     Requesting snapshot of accessibility hierarchy for app with pid 16318
    t =    13.72s     Find: Descendants matching type Button
    t =    13.72s Checking existence of `Window (First Match)`
    t =    13.72s     Requesting snapshot of accessibility hierarchy for app with pid 16318
    t =    13.74s Find the Window (First Match)
    t =    13.75s     Requesting snapshot of accessibility hierarchy for app with pid 16318
    t =    13.93s Added attachment named 'route-scan'
    t =    13.93s Terminate com.xiaolongxu.PaperFlow:16318
    t =    15.03s Setting device orientation to Portrait
    t =    15.06s     Wait for com.apple.springboard to idle
    t =    15.07s Open com.xiaolongxu.PaperFlow
2026-10-04 14:49:02.446 xcodebuild[8067:5717527] [MT] IDELaunchParametersSnapshot: debugger version lookup failed for path '<nil>': noURL
2026-10-04 14:49:02.446 xcodebuild[8067:5717527] [MT] IDELaunchParametersSnapshot: no debugger version
    t =    15.08s     Launch com.xiaolongxu.PaperFlow
    t =    15.31s         Setting up automation session
    t =    15.60s         Wait for com.xiaolongxu.PaperFlow to idle
    t =    16.69s Waiting 20.0s for "page-tools" Any to exist
    t =    17.73s     Checking `Expect predicate `existsNoRetry == 1` for object "page-tools" Any`
    t =    17.73s         Checking existence of `"page-tools" Any`
    t =    17.74s             Requesting snapshot of accessibility hierarchy for app with pid 16319
    t =    17.86s             Find: Descendants matching type Any
    t =    17.86s             Find: Elements matching predicate '"page-tools" IN identifiers'
    t =    17.87s Get number of matches for: Descendants matching type Button
    t =    17.87s     Requesting snapshot of accessibility hierarchy for app with pid 16319
    t =    17.93s     Find: Descendants matching type Button
    t =    17.93s Checking existence of `Window (First Match)`
    t =    17.93s     Requesting snapshot of accessibility hierarchy for app with pid 16319
    t =    17.99s Find the Window (First Match)
    t =    17.99s     Requesting snapshot of accessibility hierarchy for app with pid 16319
    t =    18.16s Added attachment named 'route-tools'
    t =    18.16s Terminate com.xiaolongxu.PaperFlow:16319
    t =    19.23s Setting device orientation to Portrait
    t =    19.25s     Wait for com.apple.springboard to idle
    t =    19.26s Open com.xiaolongxu.PaperFlow
2026-10-04 14:49:06.641 xcodebuild[8067:5717527] [MT] IDELaunchParametersSnapshot: debugger version lookup failed for path '<nil>': noURL
2026-10-04 14:49:06.641 xcodebuild[8067:5717527] [MT] IDELaunchParametersSnapshot: no debugger version
    t =    19.27s     Launch com.xiaolongxu.PaperFlow
    t =    19.50s         Setting up automation session
    t =    19.80s         Wait for com.xiaolongxu.PaperFlow to idle
    t =    20.90s Waiting 20.0s for "page-reader" Any to exist
    t =    21.92s     Checking `Expect predicate `existsNoRetry == 1` for object "page-reader" Any`
    t =    21.92s         Checking existence of `"page-reader" Any`
    t =    21.93s             Requesting snapshot of accessibility hierarchy for app with pid 16320
    t =    22.05s             Find: Descendants matching type Any
    t =    22.05s             Find: Elements matching predicate '"page-reader" IN identifiers'
    t =    22.06s Get number of matches for: Descendants matching type Button
    t =    22.07s     Requesting snapshot of accessibility hierarchy for app with pid 16320
    t =    22.10s     Find: Descendants matching type Button
    t =    22.10s Checking existence of `Window (First Match)`
    t =    22.10s     Requesting snapshot of accessibility hierarchy for app with pid 16320
    t =    22.13s Find the Window (First Match)
    t =    22.14s     Requesting snapshot of accessibility hierarchy for app with pid 16320
    t =    22.31s Added attachment named 'route-reader'
    t =    22.31s Terminate com.xiaolongxu.PaperFlow:16320
    t =    23.32s Setting device orientation to Portrait
    t =    23.34s     Wait for com.apple.springboard to idle
    t =    23.36s Open com.xiaolongxu.PaperFlow
    t =    23.36s     Launch com.xiaolongxu.PaperFlow
2026-10-04 14:49:10.732 xcodebuild[8067:5717527] [MT] IDELaunchParametersSnapshot: debugger version lookup failed for path '<nil>': noURL
2026-10-04 14:49:10.732 xcodebuild[8067:5717527] [MT] IDELaunchParametersSnapshot: no debugger version
    t =    23.61s         Setting up automation session
    t =    23.93s         Wait for com.xiaolongxu.PaperFlow to idle
    t =    25.02s Waiting 20.0s for "page-organize" Any to exist
2026-10-04 14:49:13.122883+0800 PaperFlowUITests-Runner[16310:6854571] [MC] Reading from public effective user settings.
    t =    26.09s     Checking `Expect predicate `existsNoRetry == 1` for object "page-organize" Any`
    t =    26.09s         Checking existence of `"page-organize" Any`
    t =    26.10s             Requesting snapshot of accessibility hierarchy for app with pid 16322
    t =    26.20s             Find: Descendants matching type Any
    t =    26.20s             Find: Elements matching predicate '"page-organize" IN identifiers'
    t =    26.21s Get number of matches for: Descendants matching type Button
    t =    26.22s     Requesting snapshot of accessibility hierarchy for app with pid 16322
    t =    26.26s     Find: Descendants matching type Button
    t =    26.26s Checking existence of `Window (First Match)`
    t =    26.26s     Requesting snapshot of accessibility hierarchy for app with pid 16322
    t =    26.31s Find the Window (First Match)
    t =    26.31s     Requesting snapshot of accessibility hierarchy for app with pid 16322
    t =    26.47s Added attachment named 'route-organize'
    t =    26.47s Terminate com.xiaolongxu.PaperFlow:16322
    t =    27.55s Setting device orientation to Portrait
    t =    27.58s     Wait for com.apple.springboard to idle
    t =    27.59s Open com.xiaolongxu.PaperFlow
    t =    27.60s     Launch com.xiaolongxu.PaperFlow
2026-10-04 14:49:14.975 xcodebuild[8067:5717527] [MT] IDELaunchParametersSnapshot: debugger version lookup failed for path '<nil>': noURL
2026-10-04 14:49:14.975 xcodebuild[8067:5717527] [MT] IDELaunchParametersSnapshot: no debugger version
    t =    27.85s         Setting up automation session
    t =    28.15s         Wait for com.xiaolongxu.PaperFlow to idle
    t =    29.30s Waiting 20.0s for "page-compress" Any to exist
    t =    30.32s     Checking `Expect predicate `existsNoRetry == 1` for object "page-compress" Any`
    t =    30.33s         Checking existence of `"page-compress" Any`
    t =    30.34s             Requesting snapshot of accessibility hierarchy for app with pid 16325
    t =    30.42s             Find: Descendants matching type Any
    t =    30.43s             Find: Elements matching predicate '"page-compress" IN identifiers'
    t =    30.43s Get number of matches for: Descendants matching type Button
    t =    30.44s     Requesting snapshot of accessibility hierarchy for app with pid 16325
    t =    30.47s     Find: Descendants matching type Button
    t =    30.48s Checking existence of `Window (First Match)`
    t =    30.48s     Requesting snapshot of accessibility hierarchy for app with pid 16325
    t =    30.52s Find the Window (First Match)
    t =    30.52s     Requesting snapshot of accessibility hierarchy for app with pid 16325
    t =    30.68s Added attachment named 'route-compress'
    t =    30.68s Terminate com.xiaolongxu.PaperFlow:16325
    t =    31.74s Setting device orientation to Portrait
    t =    31.77s     Wait for com.apple.springboard to idle
    t =    31.78s Open com.xiaolongxu.PaperFlow
2026-10-04 14:49:19.158 xcodebuild[8067:5717527] [MT] IDELaunchParametersSnapshot: debugger version lookup failed for path '<nil>': noURL
2026-10-04 14:49:19.158 xcodebuild[8067:5717527] [MT] IDELaunchParametersSnapshot: no debugger version
    t =    31.79s     Launch com.xiaolongxu.PaperFlow
    t =    32.04s         Setting up automation session
    t =    32.35s         Wait for com.xiaolongxu.PaperFlow to idle
    t =    33.49s Waiting 20.0s for "page-sign" Any to exist
    t =    34.51s     Checking `Expect predicate `existsNoRetry == 1` for object "page-sign" Any`
    t =    34.51s         Checking existence of `"page-sign" Any`
    t =    34.52s             Requesting snapshot of accessibility hierarchy for app with pid 16326
    t =    34.59s             Find: Descendants matching type Any
    t =    34.59s             Find: Elements matching predicate '"page-sign" IN identifiers'
    t =    34.60s Get number of matches for: Descendants matching type Button
    t =    34.61s     Requesting snapshot of accessibility hierarchy for app with pid 16326
    t =    34.64s     Find: Descendants matching type Button
    t =    34.65s Checking existence of `Window (First Match)`
    t =    34.65s     Requesting snapshot of accessibility hierarchy for app with pid 16326
    t =    34.68s Find the Window (First Match)
    t =    34.69s     Requesting snapshot of accessibility hierarchy for app with pid 16326
    t =    34.85s Added attachment named 'route-sign'
    t =    34.85s Terminate com.xiaolongxu.PaperFlow:16326
    t =    35.92s Setting device orientation to Portrait
    t =    35.94s     Wait for com.apple.springboard to idle
    t =    35.96s Open com.xiaolongxu.PaperFlow
    t =    35.96s     Launch com.xiaolongxu.PaperFlow
2026-10-04 14:49:23.331 xcodebuild[8067:5717527] [MT] IDELaunchParametersSnapshot: debugger version lookup failed for path '<nil>': noURL
2026-10-04 14:49:23.331 xcodebuild[8067:5717527] [MT] IDELaunchParametersSnapshot: no debugger version
    t =    36.22s         Setting up automation session
    t =    36.51s         Wait for com.xiaolongxu.PaperFlow to idle
    t =    37.66s Waiting 20.0s for "page-ocr" Any to exist
    t =    38.68s     Checking `Expect predicate `existsNoRetry == 1` for object "page-ocr" Any`
    t =    38.68s         Checking existence of `"page-ocr" Any`
    t =    38.69s             Requesting snapshot of accessibility hierarchy for app with pid 16327
    t =    38.77s             Find: Descendants matching type Any
    t =    38.77s             Find: Elements matching predicate '"page-ocr" IN identifiers'
    t =    38.77s Get number of matches for: Descendants matching type Button
    t =    38.78s     Requesting snapshot of accessibility hierarchy for app with pid 16327
    t =    38.81s     Find: Descendants matching type Button
    t =    38.82s Checking existence of `Window (First Match)`
    t =    38.82s     Requesting snapshot of accessibility hierarchy for app with pid 16327
    t =    38.85s Find the Window (First Match)
    t =    38.86s     Requesting snapshot of accessibility hierarchy for app with pid 16327
    t =    39.02s Added attachment named 'route-ocr'
    t =    39.02s Terminate com.xiaolongxu.PaperFlow:16327
    t =    40.10s Setting device orientation to Portrait
    t =    40.13s     Wait for com.apple.springboard to idle
    t =    40.14s Open com.xiaolongxu.PaperFlow
2026-10-04 14:49:27.515 xcodebuild[8067:5717527] [MT] IDELaunchParametersSnapshot: debugger version lookup failed for path '<nil>': noURL
2026-10-04 14:49:27.515 xcodebuild[8067:5717527] [MT] IDELaunchParametersSnapshot: no debugger version
    t =    40.15s     Launch com.xiaolongxu.PaperFlow
    t =    40.39s         Setting up automation session
    t =    40.73s         Wait for com.xiaolongxu.PaperFlow to idle
    t =    41.87s Waiting 20.0s for "page-redact" Any to exist
    t =    42.89s     Checking `Expect predicate `existsNoRetry == 1` for object "page-redact" Any`
    t =    42.89s         Checking existence of `"page-redact" Any`
    t =    42.90s             Requesting snapshot of accessibility hierarchy for app with pid 16328
    t =    42.97s             Find: Descendants matching type Any
    t =    42.97s             Find: Elements matching predicate '"page-redact" IN identifiers'
    t =    42.98s Get number of matches for: Descendants matching type Button
    t =    42.99s     Requesting snapshot of accessibility hierarchy for app with pid 16328
    t =    43.02s     Find: Descendants matching type Button
    t =    43.02s Checking existence of `Window (First Match)`
    t =    43.03s     Requesting snapshot of accessibility hierarchy for app with pid 16328
    t =    43.06s Find the Window (First Match)
    t =    43.06s     Requesting snapshot of accessibility hierarchy for app with pid 16328
    t =    43.22s Added attachment named 'route-redact'
    t =    43.22s Terminate com.xiaolongxu.PaperFlow:16328
    t =    44.30s Setting device orientation to Portrait
    t =    44.33s     Wait for com.apple.springboard to idle
    t =    44.34s Open com.xiaolongxu.PaperFlow
    t =    44.35s     Launch com.xiaolongxu.PaperFlow
2026-10-04 14:49:31.720 xcodebuild[8067:5717527] [MT] IDELaunchParametersSnapshot: debugger version lookup failed for path '<nil>': noURL
2026-10-04 14:49:31.720 xcodebuild[8067:5717527] [MT] IDELaunchParametersSnapshot: no debugger version
    t =    44.59s         Setting up automation session
    t =    44.93s         Wait for com.xiaolongxu.PaperFlow to idle
    t =    46.07s Waiting 20.0s for "page-batch" Any to exist
    t =    47.08s     Checking `Expect predicate `existsNoRetry == 1` for object "page-batch" Any`
    t =    47.08s         Checking existence of `"page-batch" Any`
    t =    47.09s             Requesting snapshot of accessibility hierarchy for app with pid 16329
    t =    47.17s             Find: Descendants matching type Any
    t =    47.17s             Find: Elements matching predicate '"page-batch" IN identifiers'
    t =    47.18s Get number of matches for: Descendants matching type Button
    t =    47.18s     Requesting snapshot of accessibility hierarchy for app with pid 16329
    t =    47.21s     Find: Descendants matching type Button
    t =    47.21s Checking existence of `Window (First Match)`
    t =    47.22s     Requesting snapshot of accessibility hierarchy for app with pid 16329
    t =    47.25s Find the Window (First Match)
    t =    47.25s     Requesting snapshot of accessibility hierarchy for app with pid 16329
    t =    47.40s Added attachment named 'route-batch'
    t =    47.40s Terminate com.xiaolongxu.PaperFlow:16329
    t =    48.45s Setting device orientation to Portrait
    t =    48.48s     Wait for com.apple.springboard to idle
    t =    48.49s Open com.xiaolongxu.PaperFlow
2026-10-04 14:49:35.868 xcodebuild[8067:5717527] [MT] IDELaunchParametersSnapshot: debugger version lookup failed for path '<nil>': noURL
2026-10-04 14:49:35.868 xcodebuild[8067:5717527] [MT] IDELaunchParametersSnapshot: no debugger version
    t =    48.50s     Launch com.xiaolongxu.PaperFlow
    t =    48.74s         Setting up automation session
    t =    49.03s         Wait for com.xiaolongxu.PaperFlow to idle
    t =    50.18s Waiting 20.0s for "page-protect" Any to exist
    t =    51.21s     Checking `Expect predicate `existsNoRetry == 1` for object "page-protect" Any`
    t =    51.21s         Checking existence of `"page-protect" Any`
    t =    51.22s             Requesting snapshot of accessibility hierarchy for app with pid 16330
    t =    51.30s             Find: Descendants matching type Any
    t =    51.30s             Find: Elements matching predicate '"page-protect" IN identifiers'
    t =    51.31s Get number of matches for: Descendants matching type Button
    t =    51.32s     Requesting snapshot of accessibility hierarchy for app with pid 16330
    t =    51.35s     Find: Descendants matching type Button
    t =    51.35s Checking existence of `Window (First Match)`
    t =    51.35s     Requesting snapshot of accessibility hierarchy for app with pid 16330
    t =    51.38s Find the Window (First Match)
    t =    51.39s     Requesting snapshot of accessibility hierarchy for app with pid 16330
    t =    51.53s Added attachment named 'route-protect'
    t =    51.53s Terminate com.xiaolongxu.PaperFlow:16330
    t =    52.59s Setting device orientation to Portrait
    t =    52.62s     Wait for com.apple.springboard to idle
    t =    52.64s Open com.xiaolongxu.PaperFlow
2026-10-04 14:49:40.014 xcodebuild[8067:5717527] [MT] IDELaunchParametersSnapshot: debugger version lookup failed for path '<nil>': noURL
2026-10-04 14:49:40.014 xcodebuild[8067:5717527] [MT] IDELaunchParametersSnapshot: no debugger version
    t =    52.64s     Launch com.xiaolongxu.PaperFlow
    t =    52.91s         Setting up automation session
    t =    53.23s         Wait for com.xiaolongxu.PaperFlow to idle
    t =    54.37s Waiting 20.0s for "page-numbers" Any to exist
    t =    55.40s     Checking `Expect predicate `existsNoRetry == 1` for object "page-numbers" Any`
    t =    55.40s         Checking existence of `"page-numbers" Any`
    t =    55.41s             Requesting snapshot of accessibility hierarchy for app with pid 16331
    t =    55.50s             Find: Descendants matching type Any
    t =    55.50s             Find: Elements matching predicate '"page-numbers" IN identifiers'
    t =    55.51s Get number of matches for: Descendants matching type Button
    t =    55.52s     Requesting snapshot of accessibility hierarchy for app with pid 16331
    t =    55.56s     Find: Descendants matching type Button
    t =    55.56s Checking existence of `Window (First Match)`
    t =    55.57s     Requesting snapshot of accessibility hierarchy for app with pid 16331
    t =    55.60s Find the Window (First Match)
    t =    55.60s     Requesting snapshot of accessibility hierarchy for app with pid 16331
    t =    55.76s Added attachment named 'route-numbers'
    t =    55.76s Terminate com.xiaolongxu.PaperFlow:16331
    t =    56.83s Setting device orientation to Portrait
    t =    56.85s     Wait for com.apple.springboard to idle
    t =    56.87s Open com.xiaolongxu.PaperFlow
    t =    56.87s     Launch com.xiaolongxu.PaperFlow
2026-10-04 14:49:44.248 xcodebuild[8067:5717527] [MT] IDELaunchParametersSnapshot: debugger version lookup failed for path '<nil>': noURL
2026-10-04 14:49:44.248 xcodebuild[8067:5717527] [MT] IDELaunchParametersSnapshot: no debugger version
    t =    57.13s         Setting up automation session
    t =    57.45s         Wait for com.xiaolongxu.PaperFlow to idle
    t =    58.59s Waiting 20.0s for "page-watermark" Any to exist
    t =    59.61s     Checking `Expect predicate `existsNoRetry == 1` for object "page-watermark" Any`
    t =    59.61s         Checking existence of `"page-watermark" Any`
    t =    59.62s             Requesting snapshot of accessibility hierarchy for app with pid 16332
    t =    59.71s             Find: Descendants matching type Any
    t =    59.71s             Find: Elements matching predicate '"page-watermark" IN identifiers'
    t =    59.72s Get number of matches for: Descendants matching type Button
    t =    59.73s     Requesting snapshot of accessibility hierarchy for app with pid 16332
    t =    59.76s     Find: Descendants matching type Button
    t =    59.76s Checking existence of `Window (First Match)`
    t =    59.77s     Requesting snapshot of accessibility hierarchy for app with pid 16332
    t =    59.80s Find the Window (First Match)
    t =    59.80s     Requesting snapshot of accessibility hierarchy for app with pid 16332
    t =    59.95s Added attachment named 'route-watermark'
    t =    59.95s Terminate com.xiaolongxu.PaperFlow:16332
    t =    61.01s Setting device orientation to Portrait
    t =    61.04s     Wait for com.apple.springboard to idle
    t =    61.05s Open com.xiaolongxu.PaperFlow
    t =    61.06s     Launch com.xiaolongxu.PaperFlow
2026-10-04 14:49:48.434 xcodebuild[8067:5717527] [MT] IDELaunchParametersSnapshot: debugger version lookup failed for path '<nil>': noURL
2026-10-04 14:49:48.434 xcodebuild[8067:5717527] [MT] IDELaunchParametersSnapshot: no debugger version
    t =    61.31s         Setting up automation session
    t =    61.63s         Wait for com.xiaolongxu.PaperFlow to idle
    t =    62.76s Waiting 20.0s for "page-templates" Any to exist
    t =    63.78s     Checking `Expect predicate `existsNoRetry == 1` for object "page-templates" Any`
    t =    63.78s         Checking existence of `"page-templates" Any`
    t =    63.79s             Requesting snapshot of accessibility hierarchy for app with pid 16333
    t =    63.89s             Find: Descendants matching type Any
    t =    63.90s             Find: Elements matching predicate '"page-templates" IN identifiers'
    t =    63.90s Get number of matches for: Descendants matching type Button
    t =    63.91s     Requesting snapshot of accessibility hierarchy for app with pid 16333
    t =    63.96s     Find: Descendants matching type Button
    t =    63.97s Checking existence of `Window (First Match)`
    t =    63.97s     Requesting snapshot of accessibility hierarchy for app with pid 16333
    t =    64.02s Find the Window (First Match)
    t =    64.02s     Requesting snapshot of accessibility hierarchy for app with pid 16333
    t =    64.18s Added attachment named 'route-templates'
    t =    64.18s Terminate com.xiaolongxu.PaperFlow:16333
    t =    65.26s Setting device orientation to Portrait
    t =    65.28s     Wait for com.apple.springboard to idle
    t =    65.29s Open com.xiaolongxu.PaperFlow
2026-10-04 14:49:52.670 xcodebuild[8067:5717527] [MT] IDELaunchParametersSnapshot: debugger version lookup failed for path '<nil>': noURL
2026-10-04 14:49:52.670 xcodebuild[8067:5717527] [MT] IDELaunchParametersSnapshot: no debugger version
    t =    65.30s     Launch com.xiaolongxu.PaperFlow
    t =    65.54s         Setting up automation session
    t =    65.85s         Wait for com.xiaolongxu.PaperFlow to idle
    t =    67.00s Waiting 20.0s for "page-shortcuts" Any to exist
    t =    68.02s     Checking `Expect predicate `existsNoRetry == 1` for object "page-shortcuts" Any`
    t =    68.02s         Checking existence of `"page-shortcuts" Any`
    t =    68.03s             Requesting snapshot of accessibility hierarchy for app with pid 16334
    t =    68.11s             Find: Descendants matching type Any
    t =    68.11s             Find: Elements matching predicate '"page-shortcuts" IN identifiers'
    t =    68.12s Get number of matches for: Descendants matching type Button
    t =    68.13s     Requesting snapshot of accessibility hierarchy for app with pid 16334
    t =    68.16s     Find: Descendants matching type Button
    t =    68.16s Checking existence of `Window (First Match)`
    t =    68.16s     Requesting snapshot of accessibility hierarchy for app with pid 16334
    t =    68.20s Find the Window (First Match)
    t =    68.20s     Requesting snapshot of accessibility hierarchy for app with pid 16334
    t =    68.35s Added attachment named 'route-shortcuts'
    t =    68.35s Terminate com.xiaolongxu.PaperFlow:16334
    t =    69.41s Setting device orientation to Portrait
    t =    69.43s     Wait for com.apple.springboard to idle
    t =    69.45s Open com.xiaolongxu.PaperFlow
2026-10-04 14:49:56.826 xcodebuild[8067:5717527] [MT] IDELaunchParametersSnapshot: debugger version lookup failed for path '<nil>': noURL
2026-10-04 14:49:56.826 xcodebuild[8067:5717527] [MT] IDELaunchParametersSnapshot: no debugger version
    t =    69.45s     Launch com.xiaolongxu.PaperFlow
    t =    69.71s         Setting up automation session
    t =    70.04s         Wait for com.xiaolongxu.PaperFlow to idle
    t =    71.17s Waiting 20.0s for "page-pro" Any to exist
    t =    72.19s     Checking `Expect predicate `existsNoRetry == 1` for object "page-pro" Any`
    t =    72.19s         Checking existence of `"page-pro" Any`
    t =    72.20s             Requesting snapshot of accessibility hierarchy for app with pid 16335
    t =    72.29s             Find: Descendants matching type Any
    t =    72.29s             Find: Elements matching predicate '"page-pro" IN identifiers'
    t =    72.30s Get number of matches for: Descendants matching type Button
    t =    72.31s     Requesting snapshot of accessibility hierarchy for app with pid 16335
    t =    72.34s     Find: Descendants matching type Button
    t =    72.34s Checking existence of `Window (First Match)`
    t =    72.35s     Requesting snapshot of accessibility hierarchy for app with pid 16335
    t =    72.38s Find the Window (First Match)
    t =    72.39s     Requesting snapshot of accessibility hierarchy for app with pid 16335
    t =    72.54s Added attachment named 'route-pro'
    t =    72.54s Terminate com.xiaolongxu.PaperFlow:16335
    t =    73.61s Setting device orientation to Portrait
    t =    73.64s     Wait for com.apple.springboard to idle
    t =    73.65s Open com.xiaolongxu.PaperFlow
2026-10-04 14:50:01.032 xcodebuild[8067:5717527] [MT] IDELaunchParametersSnapshot: debugger version lookup failed for path '<nil>': noURL
2026-10-04 14:50:01.033 xcodebuild[8067:5717527] [MT] IDELaunchParametersSnapshot: no debugger version
    t =    73.66s     Launch com.xiaolongxu.PaperFlow
    t =    73.92s         Setting up automation session
    t =    74.25s         Wait for com.xiaolongxu.PaperFlow to idle
    t =    75.39s Waiting 20.0s for "page-settings" Any to exist
    t =    76.41s     Checking `Expect predicate `existsNoRetry == 1` for object "page-settings" Any`
    t =    76.41s         Checking existence of `"page-settings" Any`
    t =    76.42s             Requesting snapshot of accessibility hierarchy for app with pid 16336
    t =    76.52s             Find: Descendants matching type Any
    t =    76.52s             Find: Elements matching predicate '"page-settings" IN identifiers'
    t =    76.53s Get number of matches for: Descendants matching type Button
    t =    76.54s     Requesting snapshot of accessibility hierarchy for app with pid 16336
    t =    76.58s     Find: Descendants matching type Button
    t =    76.58s Checking existence of `Window (First Match)`
    t =    76.58s     Requesting snapshot of accessibility hierarchy for app with pid 16336
    t =    76.63s Find the Window (First Match)
    t =    76.63s     Requesting snapshot of accessibility hierarchy for app with pid 16336
    t =    76.79s Added attachment named 'route-settings'
    t =    76.79s Terminate com.xiaolongxu.PaperFlow:16336
    t =    77.83s Setting device orientation to Portrait
    t =    77.86s     Wait for com.apple.springboard to idle
    t =    77.87s Open com.xiaolongxu.PaperFlow
2026-10-04 14:50:05.253 xcodebuild[8067:5717527] [MT] IDELaunchParametersSnapshot: debugger version lookup failed for path '<nil>': noURL
2026-10-04 14:50:05.253 xcodebuild[8067:5717527] [MT] IDELaunchParametersSnapshot: no debugger version
    t =    77.88s     Launch com.xiaolongxu.PaperFlow
    t =    78.14s         Setting up automation session
    t =    78.45s         Wait for com.xiaolongxu.PaperFlow to idle
    t =    79.58s Waiting 20.0s for "page-personal" Any to exist
    t =    80.60s     Checking `Expect predicate `existsNoRetry == 1` for object "page-personal" Any`
    t =    80.60s         Checking existence of `"page-personal" Any`
    t =    80.61s             Requesting snapshot of accessibility hierarchy for app with pid 16337
    t =    80.69s             Find: Descendants matching type Any
    t =    80.69s             Find: Elements matching predicate '"page-personal" IN identifiers'
    t =    80.70s Get number of matches for: Descendants matching type Button
    t =    80.71s     Requesting snapshot of accessibility hierarchy for app with pid 16337
    t =    80.74s     Find: Descendants matching type Button
    t =    80.75s Checking existence of `Window (First Match)`
    t =    80.75s     Requesting snapshot of accessibility hierarchy for app with pid 16337
    t =    80.78s Find the Window (First Match)
    t =    80.79s     Requesting snapshot of accessibility hierarchy for app with pid 16337
    t =    80.94s Added attachment named 'route-personal'
    t =    80.94s Terminate com.xiaolongxu.PaperFlow:16337
    t =    82.03s Tear Down
Test Case '-[PaperFlowUITests.PaperFlowUITests testAllNineteenRoutesRenderWithoutEmptyScreens]' passed (82.343 seconds).
Test Case '-[PaperFlowUITests.PaperFlowUITests testBatchConfigAndFileSelectionStayInBatch]' started.
    t =     0.00s Start Test at 2026-10-04 14:50:09.809
    t =     0.03s Set Up
    t =     0.03s Setting device orientation to Portrait
    t =     0.04s     Wait for com.apple.springboard to idle
2026-10-04 14:50:09.771 xcodebuild[8067:5717527] [MT] IDELaunchParametersSnapshot: debugger version lookup failed for path '<nil>': noURL
2026-10-04 14:50:09.771 xcodebuild[8067:5717527] [MT] IDELaunchParametersSnapshot: no debugger version
    t =     0.04s Open com.xiaolongxu.PaperFlow
    t =     0.05s     Launch com.xiaolongxu.PaperFlow
    t =     0.29s         Setting up automation session
    t =     0.59s         Wait for com.xiaolongxu.PaperFlow to idle
    t =     1.74s Waiting 15.0s for "batch-options" Button to exist
    t =     2.75s     Checking `Expect predicate `existsNoRetry == 1` for object "batch-options" Button`
    t =     2.75s         Checking existence of `"batch-options" Button`
    t =     2.76s             Requesting snapshot of accessibility hierarchy for app with pid 16338
    t =     2.84s             Find: Descendants matching type Button
    t =     2.84s             Find: Elements matching predicate '"batch-options" IN identifiers'
    t =     2.85s Tap "batch-options" Button
    t =     2.85s     Wait for com.xiaolongxu.PaperFlow to idle
    t =     2.86s     Find the "batch-options" Button
    t =     2.86s         Requesting snapshot of accessibility hierarchy for app with pid 16338
    t =     2.90s         Find: Descendants matching type Button
    t =     2.90s         Find: Elements matching predicate '"batch-options" IN identifiers'
    t =     2.90s     Check for interrupting elements affecting "batch-options" Button
    t =     2.92s         Requesting snapshot of accessibility hierarchy for app with pid 16338
    t =     2.95s         Find: Descendants matching predicate identifier == "NotificationShortLookView" OR elementType == 7
    t =     2.95s     Synthesize event
    t =     3.26s     Wait for com.xiaolongxu.PaperFlow to idle
    t =     3.28s Find the "限制文件大小" Switch
    t =     3.28s     Requesting snapshot of accessibility hierarchy for app with pid 16338
    t =     3.36s     Find: Descendants matching type Switch
    t =     3.36s     Find: Elements matching predicate '"限制文件大小" IN identifiers'
    t =     3.36s Checking existence of `"compress-run" Button`
    t =     3.37s     Requesting snapshot of accessibility hierarchy for app with pid 16338
    t =     3.42s     Find: Descendants matching type Button
    t =     3.42s     Find: Elements matching predicate '"compress-run" IN identifiers'
    t =     3.43s Tap "options-done" Button
    t =     3.43s     Wait for com.xiaolongxu.PaperFlow to idle
    t =     3.43s     Find the "options-done" Button
    t =     3.44s         Requesting snapshot of accessibility hierarchy for app with pid 16338
    t =     3.48s         Find: Descendants matching type Button
    t =     3.48s         Find: Elements matching predicate '"options-done" IN identifiers'
    t =     3.48s     Check for interrupting elements affecting "options-done" Button
    t =     3.50s         Requesting snapshot of accessibility hierarchy for app with pid 16338
    t =     3.54s         Find: Descendants matching predicate identifier == "NotificationShortLookView" OR elementType == 7
    t =     3.54s Failed to construct element query matching interruption. Interrupting element Alert, identifier: 'modal-批处理选项', foreground application Target Application 'com.xiaolongxu.PaperFlow', element application: (null). If your test failed after this unhandled interruption, please file a bug and attach your .xcresult bundle.
    t =     3.54s     Synthesize event
    t =     3.84s     Wait for com.xiaolongxu.PaperFlow to idle
    t =     3.86s Tap "batch-select-files" Button
    t =     3.86s     Wait for com.xiaolongxu.PaperFlow to idle
    t =     3.87s     Find the "batch-select-files" Button
    t =     3.88s         Requesting snapshot of accessibility hierarchy for app with pid 16338
    t =     3.92s         Find: Descendants matching type Button
    t =     3.92s         Find: Elements matching predicate '"batch-select-files" IN identifiers'
    t =     3.92s     Check for interrupting elements affecting "batch-select-files" Button
    t =     3.94s         Requesting snapshot of accessibility hierarchy for app with pid 16338
    t =     3.98s         Find: Descendants matching predicate identifier == "NotificationShortLookView" OR elementType == 7
    t =     3.98s     Synthesize event
    t =     4.28s     Wait for com.xiaolongxu.PaperFlow to idle
    t =     4.30s Tap "全选" Button
    t =     4.30s     Wait for com.xiaolongxu.PaperFlow to idle
    t =     4.31s     Find the "全选" Button
    t =     4.31s         Requesting snapshot of accessibility hierarchy for app with pid 16338
    t =     4.39s         Find: Descendants matching type Button
    t =     4.39s         Find: Elements matching predicate '"全选" IN identifiers'
    t =     4.40s     Check for interrupting elements affecting "全选" Button
    t =     4.42s         Requesting snapshot of accessibility hierarchy for app with pid 16338
    t =     4.48s         Find: Descendants matching predicate identifier == "NotificationShortLookView" OR elementType == 7
    t =     4.48s Failed to construct element query matching interruption. Interrupting element Alert, identifier: 'modal-选择批处理文件', foreground application Target Application 'com.xiaolongxu.PaperFlow', element application: (null). If your test failed after this unhandled interruption, please file a bug and attach your .xcresult bundle.
    t =     4.48s     Synthesize event
    t =     4.79s     Wait for com.xiaolongxu.PaperFlow to idle
    t =     4.81s Tap "options-done" Button
    t =     4.81s     Wait for com.xiaolongxu.PaperFlow to idle
    t =     4.82s     Find the "options-done" Button
    t =     4.82s         Requesting snapshot of accessibility hierarchy for app with pid 16338
    t =     4.92s         Find: Descendants matching type Button
    t =     4.93s         Find: Elements matching predicate '"options-done" IN identifiers'
    t =     4.93s     Check for interrupting elements affecting "options-done" Button
    t =     4.95s         Requesting snapshot of accessibility hierarchy for app with pid 16338
    t =     5.02s         Find: Descendants matching predicate identifier == "NotificationShortLookView" OR elementType == 7
    t =     5.03s Failed to construct element query matching interruption. Interrupting element Alert, identifier: 'modal-选择批处理文件', foreground application Target Application 'com.xiaolongxu.PaperFlow', element application: (null). If your test failed after this unhandled interruption, please file a bug and attach your .xcresult bundle.
    t =     5.03s     Synthesize event
    t =     5.34s     Wait for com.xiaolongxu.PaperFlow to idle
    t =     5.35s Checking existence of `"page-batch" Any`
    t =     5.36s     Requesting snapshot of accessibility hierarchy for app with pid 16338
    t =     5.41s     Find: Descendants matching type Any
    t =     5.41s     Find: Elements matching predicate '"page-batch" IN identifiers'
    t =     5.42s Find the "batch-run" Button
    t =     5.42s     Requesting snapshot of accessibility hierarchy for app with pid 16338
    t =     5.47s     Find: Descendants matching type Button
    t =     5.47s     Find: Elements matching predicate '"batch-run" IN identifiers'
    t =     5.47s Tap "batch-options" Button
    t =     5.47s     Wait for com.xiaolongxu.PaperFlow to idle
    t =     5.48s     Find the "batch-options" Button
    t =     5.48s         Requesting snapshot of accessibility hierarchy for app with pid 16338
    t =     5.53s         Find: Descendants matching type Button
    t =     5.53s         Find: Elements matching predicate '"batch-options" IN identifiers'
    t =     5.53s     Check for interrupting elements affecting "batch-options" Button
    t =     5.55s         Requesting snapshot of accessibility hierarchy for app with pid 16338
    t =     5.59s         Find: Descendants matching predicate identifier == "NotificationShortLookView" OR elementType == 7
    t =     5.60s     Synthesize event
    t =     5.90s     Wait for com.xiaolongxu.PaperFlow to idle
    t =     5.91s Tap "限制文件大小" Switch
    t =     5.92s     Wait for com.xiaolongxu.PaperFlow to idle
    t =     5.92s     Find the "限制文件大小" Switch
    t =     5.93s         Requesting snapshot of accessibility hierarchy for app with pid 16338
    t =     6.00s         Find: Descendants matching type Switch
    t =     6.01s         Find: Elements matching predicate '"限制文件大小" IN identifiers'
    t =     6.01s     Check for interrupting elements affecting "限制文件大小" Switch
    t =     6.03s         Requesting snapshot of accessibility hierarchy for app with pid 16338
    t =     6.09s         Find: Descendants matching predicate identifier == "NotificationShortLookView" OR elementType == 7
    t =     6.10s Failed to construct element query matching interruption. Interrupting element Alert, identifier: 'modal-批处理选项', foreground application Target Application 'com.xiaolongxu.PaperFlow', element application: (null). If your test failed after this unhandled interruption, please file a bug and attach your .xcresult bundle.
    t =     6.10s     Synthesize event
    t =     6.41s     Wait for com.xiaolongxu.PaperFlow to idle
    t =     7.53s Waiting 5.0s for "compression-size-limit" TextField to exist
    t =     8.54s     Checking `Expect predicate `existsNoRetry == 1` for object "compression-size-limit" TextField`
    t =     8.54s         Checking existence of `"compression-size-limit" TextField`
    t =     8.55s             Requesting snapshot of accessibility hierarchy for app with pid 16338
    t =     8.63s             Find: Descendants matching type TextField
    t =     8.63s             Find: Elements matching predicate '"compression-size-limit" IN identifiers'
    t =     8.64s Tap "compression-size-limit" TextField
    t =     8.64s     Wait for com.xiaolongxu.PaperFlow to idle
    t =     8.65s     Find the "compression-size-limit" TextField
    t =     8.65s         Requesting snapshot of accessibility hierarchy for app with pid 16338
    t =     8.71s         Find: Descendants matching type TextField
    t =     8.71s         Find: Elements matching predicate '"compression-size-limit" IN identifiers'
    t =     8.72s     Check for interrupting elements affecting "compression-size-limit" TextField
    t =     8.74s         Requesting snapshot of accessibility hierarchy for app with pid 16338
    t =     8.80s         Find: Descendants matching predicate identifier == "NotificationShortLookView" OR elementType == 7
    t =     8.80s Failed to construct element query matching interruption. Interrupting element Alert, identifier: 'modal-批处理选项', foreground application Target Application 'com.xiaolongxu.PaperFlow', element application: (null). If your test failed after this unhandled interruption, please file a bug and attach your .xcresult bundle.
    t =     8.80s     Synthesize event
    t =     9.10s     Wait for com.xiaolongxu.PaperFlow to idle
    t =     9.19s Find the "compression-size-limit" TextField
    t =     9.19s     Requesting snapshot of accessibility hierarchy for app with pid 16338
    t =     9.25s     Find: Descendants matching type TextField
    t =     9.25s     Find: Elements matching predicate '"compression-size-limit" IN identifiers'
    t =     9.26s Type '' into "compression-size-limit" TextField
    t =     9.26s     Wait for com.xiaolongxu.PaperFlow to idle
    t =     9.27s     Find the "compression-size-limit" TextField
    t =     9.27s         Requesting snapshot of accessibility hierarchy for app with pid 16338
    t =     9.32s         Find: Descendants matching type TextField
    t =     9.32s         Find: Elements matching predicate '"compression-size-limit" IN identifiers'
    t =     9.32s     Check for interrupting elements affecting "compression-size-limit" TextField
    t =     9.34s         Requesting snapshot of accessibility hierarchy for app with pid 16338
    t =     9.39s         Find: Descendants matching predicate identifier == "NotificationShortLookView" OR elementType == 7
    t =     9.39s Failed to construct element query matching interruption. Interrupting element Alert, identifier: 'modal-批处理选项', foreground application Target Application 'com.xiaolongxu.PaperFlow', element application: (null). If your test failed after this unhandled interruption, please file a bug and attach your .xcresult bundle.
    t =     9.39s     Synthesize event
    t =     9.65s     Wait for com.xiaolongxu.PaperFlow to idle
    t =     9.67s Tap "options-done" Button
    t =     9.67s     Wait for com.xiaolongxu.PaperFlow to idle
    t =     9.68s     Find the "options-done" Button
    t =     9.68s         Requesting snapshot of accessibility hierarchy for app with pid 16338
    t =     9.73s         Find: Descendants matching type Button
    t =     9.73s         Find: Elements matching predicate '"options-done" IN identifiers'
    t =     9.73s     Check for interrupting elements affecting "options-done" Button
    t =     9.74s         Requesting snapshot of accessibility hierarchy for app with pid 16338
    t =     9.77s         Find: Descendants matching predicate identifier == "NotificationShortLookView" OR elementType == 7
    t =     9.77s Failed to construct element query matching interruption. Interrupting element Alert, identifier: 'modal-批处理选项', foreground application Target Application 'com.xiaolongxu.PaperFlow', element application: (null). If your test failed after this unhandled interruption, please file a bug and attach your .xcresult bundle.
    t =     9.78s     Synthesize event
    t =    10.07s     Wait for com.xiaolongxu.PaperFlow to idle
    t =    10.08s Find the "batch-run" Button
    t =    10.09s     Requesting snapshot of accessibility hierarchy for app with pid 16338
    t =    10.15s     Find: Descendants matching type Button
    t =    10.15s     Find: Elements matching predicate '"batch-run" IN identifiers'
    t =    10.15s Find the "batch-options-summary" StaticText
    t =    10.16s     Requesting snapshot of accessibility hierarchy for app with pid 16338
    t =    10.20s     Find: Descendants matching type StaticText
    t =    10.20s     Find: Elements matching predicate '"batch-options-summary" IN identifiers'
    t =    10.20s Checking existence of `Window (First Match)`
    t =    10.21s     Requesting snapshot of accessibility hierarchy for app with pid 16338
    t =    10.24s Find the Window (First Match)
    t =    10.24s     Requesting snapshot of accessibility hierarchy for app with pid 16338
    t =    10.40s Added attachment named 'simple-batch-invalid-size'
    t =    10.40s Tap "batch-options" Button
    t =    10.40s     Wait for com.xiaolongxu.PaperFlow to idle
    t =    10.40s     Find the "batch-options" Button
    t =    10.41s         Requesting snapshot of accessibility hierarchy for app with pid 16338
    t =    10.45s         Find: Descendants matching type Button
    t =    10.45s         Find: Elements matching predicate '"batch-options" IN identifiers'
    t =    10.45s     Check for interrupting elements affecting "batch-options" Button
    t =    10.46s         Requesting snapshot of accessibility hierarchy for app with pid 16338
    t =    10.49s         Find: Descendants matching predicate identifier == "NotificationShortLookView" OR elementType == 7
    t =    10.49s     Synthesize event
    t =    10.79s     Wait for com.xiaolongxu.PaperFlow to idle
    t =    10.80s Tap "限制文件大小" Switch
    t =    10.81s     Wait for com.xiaolongxu.PaperFlow to idle
    t =    10.82s     Find the "限制文件大小" Switch
    t =    10.82s         Requesting snapshot of accessibility hierarchy for app with pid 16338
    t =    10.90s         Find: Descendants matching type Switch
    t =    10.91s         Find: Elements matching predicate '"限制文件大小" IN identifiers'
    t =    10.91s     Check for interrupting elements affecting "限制文件大小" Switch
    t =    10.94s         Requesting snapshot of accessibility hierarchy for app with pid 16338
    t =    11.00s         Find: Descendants matching predicate identifier == "NotificationShortLookView" OR elementType == 7
    t =    11.00s Failed to construct element query matching interruption. Interrupting element Alert, identifier: 'modal-批处理选项', foreground application Target Application 'com.xiaolongxu.PaperFlow', element application: (null). If your test failed after this unhandled interruption, please file a bug and attach your .xcresult bundle.
    t =    11.01s     Synthesize event
    t =    11.32s     Wait for com.xiaolongxu.PaperFlow to idle
    t =    12.49s Tap "options-done" Button
    t =    12.50s     Wait for com.xiaolongxu.PaperFlow to idle
    t =    12.51s     Find the "options-done" Button
    t =    12.51s         Requesting snapshot of accessibility hierarchy for app with pid 16338
    t =    12.58s         Find: Descendants matching type Button
    t =    12.58s         Find: Elements matching predicate '"options-done" IN identifiers'
    t =    12.59s     Check for interrupting elements affecting "options-done" Button
    t =    12.62s         Requesting snapshot of accessibility hierarchy for app with pid 16338
    t =    12.69s         Find: Descendants matching predicate identifier == "NotificationShortLookView" OR elementType == 7
    t =    12.69s Failed to construct element query matching interruption. Interrupting element Alert, identifier: 'modal-批处理选项', foreground application Target Application 'com.xiaolongxu.PaperFlow', element application: (null). If your test failed after this unhandled interruption, please file a bug and attach your .xcresult bundle.
    t =    12.69s     Synthesize event
    t =    13.01s     Wait for com.xiaolongxu.PaperFlow to idle
    t =    13.02s Find the "batch-run" Button
    t =    13.03s     Requesting snapshot of accessibility hierarchy for app with pid 16338
    t =    13.08s     Find: Descendants matching type Button
    t =    13.08s     Find: Elements matching predicate '"batch-run" IN identifiers'
    t =    13.08s Checking existence of `Window (First Match)`
    t =    13.09s     Requesting snapshot of accessibility hierarchy for app with pid 16338
    t =    13.13s Find the Window (First Match)
    t =    13.13s     Requesting snapshot of accessibility hierarchy for app with pid 16338
    t =    13.30s Added attachment named 'simple-batch-selected'
    t =    13.30s Tap "batch-run" Button
    t =    13.30s     Wait for com.xiaolongxu.PaperFlow to idle
    t =    13.30s     Find the "batch-run" Button
    t =    13.30s         Requesting snapshot of accessibility hierarchy for app with pid 16338
    t =    13.35s         Find: Descendants matching type Button
    t =    13.35s         Find: Elements matching predicate '"batch-run" IN identifiers'
    t =    13.35s     Check for interrupting elements affecting "batch-run" Button
    t =    13.37s         Requesting snapshot of accessibility hierarchy for app with pid 16338
    t =    13.41s         Find: Descendants matching predicate identifier == "NotificationShortLookView" OR elementType == 7
    t =    13.41s     Synthesize event
    t =    13.70s     Wait for com.xiaolongxu.PaperFlow to idle
    t =    13.71s Waiting 60.0s for "batch-save" Button to exist
    t =    14.73s     Checking `Expect predicate `existsNoRetry == 1` for object "batch-save" Button`
    t =    14.74s         Checking existence of `"batch-save" Button`
    t =    14.74s             Requesting snapshot of accessibility hierarchy for app with pid 16338
    t =    14.80s             Find: Descendants matching type Button
    t =    14.80s             Find: Elements matching predicate '"batch-save" IN identifiers'
    t =    14.81s Checking existence of `Window (First Match)`
    t =    14.81s     Requesting snapshot of accessibility hierarchy for app with pid 16338
    t =    14.85s Find the Window (First Match)
    t =    14.85s     Requesting snapshot of accessibility hierarchy for app with pid 16338
    t =    15.03s Added attachment named 'simple-batch-complete'
    t =    15.03s Tear Down
Test Case '-[PaperFlowUITests.PaperFlowUITests testBatchConfigAndFileSelectionStayInBatch]' passed (15.041 seconds).
Test Case '-[PaperFlowUITests.PaperFlowUITests testCompressionLimitCanBeClearedAndTypedWithoutFormattingInterruptions]' started.
    t =     0.00s Start Test at 2026-10-04 14:50:24.849
    t =     0.01s Set Up
    t =     0.01s Setting device orientation to Portrait
    t =     0.03s     Wait for com.xiaolongxu.PaperFlow to idle
    t =     0.04s Open com.xiaolongxu.PaperFlow
    t =     0.04s     Launch com.xiaolongxu.PaperFlow
    t =     0.04s         Terminate com.xiaolongxu.PaperFlow:16338
2026-10-04 14:50:25.886 xcodebuild[8067:5717527] [MT] IDELaunchParametersSnapshot: debugger version lookup failed for path '<nil>': noURL
2026-10-04 14:50:25.886 xcodebuild[8067:5717527] [MT] IDELaunchParametersSnapshot: no debugger version
    t =     1.37s         Setting up automation session
    t =     1.69s         Wait for com.xiaolongxu.PaperFlow to idle
    t =     2.85s Waiting 15.0s for "限制文件大小" Switch to exist
    t =     3.88s     Checking `Expect predicate `existsNoRetry == 1` for object "限制文件大小" Switch`
    t =     3.88s         Checking existence of `"限制文件大小" Switch`
    t =     3.89s             Requesting snapshot of accessibility hierarchy for app with pid 16340
    t =     3.98s             Find: Descendants matching type Switch
    t =     3.98s             Find: Elements matching predicate '"限制文件大小" IN identifiers'
    t =     3.98s Tap "限制文件大小" Switch
    t =     3.99s     Wait for com.xiaolongxu.PaperFlow to idle
    t =     4.00s     Find the "限制文件大小" Switch
    t =     4.00s         Requesting snapshot of accessibility hierarchy for app with pid 16340
    t =     4.04s         Find: Descendants matching type Switch
    t =     4.04s         Find: Elements matching predicate '"限制文件大小" IN identifiers'
    t =     4.04s     Check for interrupting elements affecting "限制文件大小" Switch
    t =     4.07s         Requesting snapshot of accessibility hierarchy for app with pid 16340
    t =     4.10s         Find: Descendants matching predicate identifier == "NotificationShortLookView" OR elementType == 7
    t =     4.11s     Synthesize event
    t =     4.43s     Wait for com.xiaolongxu.PaperFlow to idle
    t =     5.53s Waiting 5.0s for "compression-size-limit" TextField to exist
    t =     6.57s     Checking `Expect predicate `existsNoRetry == 1` for object "compression-size-limit" TextField`
    t =     6.57s         Checking existence of `"compression-size-limit" TextField`
    t =     6.58s             Requesting snapshot of accessibility hierarchy for app with pid 16340
    t =     6.65s             Find: Descendants matching type TextField
    t =     6.65s             Find: Elements matching predicate '"compression-size-limit" IN identifiers'
    t =     6.66s Tap "compression-size-limit" TextField
    t =     6.66s     Wait for com.xiaolongxu.PaperFlow to idle
    t =     6.67s     Find the "compression-size-limit" TextField
    t =     6.67s         Requesting snapshot of accessibility hierarchy for app with pid 16340
    t =     6.73s         Find: Descendants matching type TextField
    t =     6.73s         Find: Elements matching predicate '"compression-size-limit" IN identifiers'
    t =     6.73s     Check for interrupting elements affecting "compression-size-limit" TextField
    t =     6.76s         Requesting snapshot of accessibility hierarchy for app with pid 16340
    t =     6.80s         Find: Descendants matching predicate identifier == "NotificationShortLookView" OR elementType == 7
    t =     6.81s     Synthesize event
    t =     7.11s     Wait for com.xiaolongxu.PaperFlow to idle
    t =     7.16s Find the "compression-size-limit" TextField
    t =     7.17s     Requesting snapshot of accessibility hierarchy for app with pid 16340
    t =     7.22s     Find: Descendants matching type TextField
    t =     7.22s     Find: Elements matching predicate '"compression-size-limit" IN identifiers'
    t =     7.23s Type '' into "compression-size-limit" TextField
    t =     7.23s     Wait for com.xiaolongxu.PaperFlow to idle
    t =     7.24s     Find the "compression-size-limit" TextField
    t =     7.24s         Requesting snapshot of accessibility hierarchy for app with pid 16340
    t =     7.28s         Find: Descendants matching type TextField
    t =     7.28s         Find: Elements matching predicate '"compression-size-limit" IN identifiers'
    t =     7.29s     Check for interrupting elements affecting "compression-size-limit" TextField
    t =     7.31s         Requesting snapshot of accessibility hierarchy for app with pid 16340
    t =     7.34s         Find: Descendants matching predicate identifier == "NotificationShortLookView" OR elementType == 7
    t =     7.35s     Synthesize event
    t =     7.61s     Wait for com.xiaolongxu.PaperFlow to idle
    t =     7.62s Find the "compress-run" Button
    t =     7.63s     Requesting snapshot of accessibility hierarchy for app with pid 16340
    t =     7.69s     Find: Descendants matching type Button
    t =     7.70s     Find: Elements matching predicate '"compress-run" IN identifiers'
    t =     7.70s Type '25' into "compression-size-limit" TextField
    t =     7.70s     Wait for com.xiaolongxu.PaperFlow to idle
    t =     7.71s     Find the "compression-size-limit" TextField
    t =     7.71s         Requesting snapshot of accessibility hierarchy for app with pid 16340
    t =     7.76s         Find: Descendants matching type TextField
    t =     7.76s         Find: Elements matching predicate '"compression-size-limit" IN identifiers'
    t =     7.76s     Check for interrupting elements affecting "compression-size-limit" TextField
    t =     7.78s         Requesting snapshot of accessibility hierarchy for app with pid 16340
    t =     7.83s         Find: Descendants matching predicate identifier == "NotificationShortLookView" OR elementType == 7
    t =     7.84s     Synthesize event
    t =     8.09s     Wait for com.xiaolongxu.PaperFlow to idle
    t =     8.10s Find the "compression-size-limit" TextField
    t =     8.11s     Requesting snapshot of accessibility hierarchy for app with pid 16340
    t =     8.19s     Find: Descendants matching type TextField
    t =     8.19s     Find: Elements matching predicate '"compression-size-limit" IN identifiers'
    t =     8.20s Find the "compress-run" Button
    t =     8.20s     Requesting snapshot of accessibility hierarchy for app with pid 16340
    t =     8.26s     Find: Descendants matching type Button
    t =     8.26s     Find: Elements matching predicate '"compress-run" IN identifiers'
    t =     8.26s Find the "compress-run" Button
    t =     8.27s     Requesting snapshot of accessibility hierarchy for app with pid 16340
    t =     8.32s     Find: Descendants matching type Button
    t =     8.32s     Find: Elements matching predicate '"compress-run" IN identifiers'
    t =     8.35s Checking existence of `Window (First Match)`
    t =     8.35s     Requesting snapshot of accessibility hierarchy for app with pid 16340
    t =     8.40s Find the Window (First Match)
    t =     8.40s     Requesting snapshot of accessibility hierarchy for app with pid 16340
    t =     8.57s Added attachment named 'simple-compression-keyboard'
    t =     8.57s Tear Down
Test Case '-[PaperFlowUITests.PaperFlowUITests testCompressionLimitCanBeClearedAndTypedWithoutFormattingInterruptions]' passed (8.574 seconds).
Test Case '-[PaperFlowUITests.PaperFlowUITests testCompressionProducesResultAndContinuesUsingNewFile]' started.
    t =     0.00s Start Test at 2026-10-04 14:50:33.424
    t =     0.02s Set Up
    t =     0.02s Setting device orientation to Portrait
    t =     0.03s     Wait for com.xiaolongxu.PaperFlow to idle
    t =     0.03s Open com.xiaolongxu.PaperFlow
    t =     0.03s     Launch com.xiaolongxu.PaperFlow
    t =     0.03s         Terminate com.xiaolongxu.PaperFlow:16340
2026-10-04 14:50:34.452 xcodebuild[8067:5717527] [MT] IDELaunchParametersSnapshot: debugger version lookup failed for path '<nil>': noURL
2026-10-04 14:50:34.453 xcodebuild[8067:5717527] [MT] IDELaunchParametersSnapshot: no debugger version
    t =     1.36s         Setting up automation session
    t =     1.66s         Wait for com.xiaolongxu.PaperFlow to idle
    t =     2.80s Waiting 10.0s for "compress-run" Button to exist
    t =     3.82s     Checking `Expect predicate `existsNoRetry == 1` for object "compress-run" Button`
    t =     3.82s         Checking existence of `"compress-run" Button`
    t =     3.83s             Requesting snapshot of accessibility hierarchy for app with pid 16342
    t =     3.92s             Find: Descendants matching type Button
    t =     3.92s             Find: Elements matching predicate '"compress-run" IN identifiers'
    t =     3.93s Find the "compress-run" Button
    t =     3.94s     Requesting snapshot of accessibility hierarchy for app with pid 16342
    t =     3.98s     Find: Descendants matching type Button
    t =     3.98s     Find: Elements matching predicate '"compress-run" IN identifiers'
    t =     4.01s Tap "preset-strong" Button
    t =     4.01s     Wait for com.xiaolongxu.PaperFlow to idle
    t =     4.01s     Find the "preset-strong" Button
    t =     4.01s         Requesting snapshot of accessibility hierarchy for app with pid 16342
    t =     4.05s         Find: Descendants matching type Button
    t =     4.06s         Find: Elements matching predicate '"preset-strong" IN identifiers'
    t =     4.06s     Check for interrupting elements affecting "preset-strong" Button
    t =     4.08s         Requesting snapshot of accessibility hierarchy for app with pid 16342
    t =     4.11s         Find: Descendants matching predicate identifier == "NotificationShortLookView" OR elementType == 7
    t =     4.12s     Synthesize event
    t =     4.42s     Wait for com.xiaolongxu.PaperFlow to idle
    t =     4.44s Tap "compress-run" Button
    t =     4.44s     Wait for com.xiaolongxu.PaperFlow to idle
    t =     4.45s     Find the "compress-run" Button
    t =     4.45s         Requesting snapshot of accessibility hierarchy for app with pid 16342
    t =     4.51s         Find: Descendants matching type Button
    t =     4.51s         Find: Elements matching predicate '"compress-run" IN identifiers'
    t =     4.51s     Check for interrupting elements affecting "compress-run" Button
    t =     4.54s         Requesting snapshot of accessibility hierarchy for app with pid 16342
    t =     4.58s         Find: Descendants matching predicate identifier == "NotificationShortLookView" OR elementType == 7
    t =     4.59s     Synthesize event
    t =     4.90s     Wait for com.xiaolongxu.PaperFlow to idle
    t =     4.91s Waiting 30.0s for "result-save" Button to exist
    t =     5.93s     Checking `Expect predicate `existsNoRetry == 1` for object "result-save" Button`
    t =     5.93s         Checking existence of `"result-save" Button`
    t =     5.94s             Requesting snapshot of accessibility hierarchy for app with pid 16342
    t =     6.03s             Find: Descendants matching type Button
    t =     6.03s             Find: Elements matching predicate '"result-save" IN identifiers'
    t =     6.04s Checking existence of `"压缩完成" StaticText`
    t =     6.04s     Requesting snapshot of accessibility hierarchy for app with pid 16342
    t =     6.11s     Find: Descendants matching type StaticText
    t =     6.12s     Find: Elements matching predicate '"压缩完成" IN identifiers'
    t =     6.12s Checking existence of `Window (First Match)`
    t =     6.12s     Requesting snapshot of accessibility hierarchy for app with pid 16342
    t =     6.18s Find the Window (First Match)
    t =     6.19s     Requesting snapshot of accessibility hierarchy for app with pid 16342
    t =     6.36s Added attachment named 'compression-result'
    t =     6.36s Tap "结果更多操作" Button
    t =     6.36s     Wait for com.xiaolongxu.PaperFlow to idle
    t =     6.36s     Find the "结果更多操作" Button
    t =     6.36s         Requesting snapshot of accessibility hierarchy for app with pid 16342
    t =     6.43s         Find: Descendants matching type Button
    t =     6.43s         Find: Elements matching predicate '"结果更多操作" IN identifiers'
    t =     6.43s     Check for interrupting elements affecting "结果更多操作" Button
    t =     6.44s         Requesting snapshot of accessibility hierarchy for app with pid 16342
    t =     6.49s         Find: Descendants matching predicate identifier == "NotificationShortLookView" OR elementType == 7
    t =     6.50s Failed to construct element query matching interruption. Interrupting element Alert, identifier: 'modal-已生成新文件', foreground application Target Application 'com.xiaolongxu.PaperFlow', element application: (null). If your test failed after this unhandled interruption, please file a bug and attach your .xcresult bundle.
    t =     6.50s     Synthesize event
    t =     6.80s     Wait for com.xiaolongxu.PaperFlow to idle
    t =     7.65s Tap "打开新文件" Button
    t =     7.65s     Wait for com.xiaolongxu.PaperFlow to idle
    t =     7.67s     Find the "打开新文件" Button
    t =     7.67s         Requesting snapshot of accessibility hierarchy for app with pid 16342
    t =     7.78s         Find: Descendants matching type Button
    t =     7.79s         Find: Elements matching predicate '"打开新文件" IN identifiers'
    t =     7.79s     Check for interrupting elements affecting "打开新文件" Button
    t =     7.81s         Requesting snapshot of accessibility hierarchy for app with pid 16342
    t =     7.88s         Find: Descendants matching predicate identifier == "NotificationShortLookView" OR elementType == 7
    t =     7.89s Failed to construct element query matching interruption. Interrupting element Alert, identifier: 'modal-已生成新文件', foreground application Target Application 'com.xiaolongxu.PaperFlow', element application: (null). If your test failed after this unhandled interruption, please file a bug and attach your .xcresult bundle.
    t =     7.89s     Synthesize event
    t =     8.19s     Wait for com.xiaolongxu.PaperFlow to idle
    t =     9.27s Waiting 10.0s for "page-reader" Any to exist
    t =    10.28s     Checking `Expect predicate `existsNoRetry == 1` for object "page-reader" Any`
    t =    10.28s         Checking existence of `"page-reader" Any`
    t =    10.30s             Requesting snapshot of accessibility hierarchy for app with pid 16342
    t =    10.39s             Find: Descendants matching type Any
    t =    10.40s             Find: Elements matching predicate '"page-reader" IN identifiers'
    t =    10.40s Tear Down
Test Case '-[PaperFlowUITests.PaperFlowUITests testCompressionProducesResultAndContinuesUsingNewFile]' passed (10.433 seconds).
Test Case '-[PaperFlowUITests.PaperFlowUITests testDraftRestoresAfterRelaunchAndModalCanBeCancelled]' started.
    t =     0.00s Start Test at 2026-10-04 14:50:43.859
    t =     0.02s Set Up
    t =     0.02s Setting device orientation to Portrait
    t =     0.04s     Wait for com.xiaolongxu.PaperFlow to idle
    t =     0.04s Open com.xiaolongxu.PaperFlow
    t =     0.04s     Launch com.xiaolongxu.PaperFlow
    t =     0.04s         Terminate com.xiaolongxu.PaperFlow:16342
2026-10-04 14:50:44.911 xcodebuild[8067:5717527] [MT] IDELaunchParametersSnapshot: debugger version lookup failed for path '<nil>': noURL
2026-10-04 14:50:44.911 xcodebuild[8067:5717527] [MT] IDELaunchParametersSnapshot: no debugger version
    t =     1.39s         Setting up automation session
    t =     1.69s         Wait for com.xiaolongxu.PaperFlow to idle
    t =     2.83s Waiting 10.0s for "选择第 1 页" Button to exist
    t =     3.87s     Checking `Expect predicate `existsNoRetry == 1` for object "选择第 1 页" Button`
    t =     3.87s         Checking existence of `"选择第 1 页" Button`
    t =     3.88s             Requesting snapshot of accessibility hierarchy for app with pid 16344
    t =     3.98s             Find: Descendants matching type Button
    t =     3.98s             Find: Elements matching predicate '"选择第 1 页" IN identifiers'
    t =     3.99s Tap "选择第 1 页" Button
    t =     3.99s     Wait for com.xiaolongxu.PaperFlow to idle
    t =     4.00s     Find the "选择第 1 页" Button
    t =     4.00s         Requesting snapshot of accessibility hierarchy for app with pid 16344
    t =     4.05s         Find: Descendants matching type Button
    t =     4.05s         Find: Elements matching predicate '"选择第 1 页" IN identifiers'
    t =     4.05s     Check for interrupting elements affecting "选择第 1 页" Button
    t =     4.07s         Requesting snapshot of accessibility hierarchy for app with pid 16344
    t =     4.12s         Find: Descendants matching predicate identifier == "NotificationShortLookView" OR elementType == 7
    t =     4.12s     Synthesize event
    t =     4.43s     Wait for com.xiaolongxu.PaperFlow to idle
    t =     4.44s Tap "旋转" Button
    t =     4.44s     Wait for com.xiaolongxu.PaperFlow to idle
    t =     4.45s     Find the "旋转" Button
    t =     4.46s         Requesting snapshot of accessibility hierarchy for app with pid 16344
    t =     4.53s         Find: Descendants matching type Button
    t =     4.54s         Find: Elements matching predicate '"旋转" IN identifiers'
    t =     4.54s     Check for interrupting elements affecting "旋转" Button
    t =     4.56s         Requesting snapshot of accessibility hierarchy for app with pid 16344
    t =     4.62s         Find: Descendants matching predicate identifier == "NotificationShortLookView" OR elementType == 7
    t =     4.62s     Synthesize event
    t =     4.93s     Wait for com.xiaolongxu.PaperFlow to idle
    t =     4.94s Tap "返回" Button
    t =     4.94s     Wait for com.xiaolongxu.PaperFlow to idle
    t =     4.95s     Find the "返回" Button
    t =     4.96s         Requesting snapshot of accessibility hierarchy for app with pid 16344
    t =     5.03s         Find: Descendants matching type Button
    t =     5.03s         Find: Elements matching predicate '"返回" IN identifiers'
    t =     5.04s     Check for interrupting elements affecting "page-back" Button
    t =     5.06s         Requesting snapshot of accessibility hierarchy for app with pid 16344
    t =     5.11s         Find: Descendants matching predicate identifier == "NotificationShortLookView" OR elementType == 7
    t =     5.12s     Synthesize event
    t =     5.41s     Wait for com.xiaolongxu.PaperFlow to idle
    t =     5.43s Terminate com.xiaolongxu.PaperFlow:16344
    t =     6.49s Setting device orientation to Portrait
    t =     6.51s     Wait for com.apple.springboard to idle
    t =     6.53s Open com.xiaolongxu.PaperFlow
    t =     6.53s     Launch com.xiaolongxu.PaperFlow
2026-10-04 14:50:50.314 xcodebuild[8067:5717527] [MT] IDELaunchParametersSnapshot: debugger version lookup failed for path '<nil>': noURL
2026-10-04 14:50:50.314 xcodebuild[8067:5717527] [MT] IDELaunchParametersSnapshot: no debugger version
    t =     6.79s         Setting up automation session
    t =     7.12s         Wait for com.xiaolongxu.PaperFlow to idle
    t =     8.27s Waiting 10.0s for "继续草稿" Button to exist
    t =     9.29s     Checking `Expect predicate `existsNoRetry == 1` for object "继续草稿" Button`
    t =     9.29s         Checking existence of `"继续草稿" Button`
    t =     9.30s             Requesting snapshot of accessibility hierarchy for app with pid 16345
    t =     9.40s             Find: Descendants matching type Button
    t =     9.41s             Find: Elements matching predicate '"继续草稿" IN identifiers'
    t =     9.41s Tap "继续草稿" Button
    t =     9.41s     Wait for com.xiaolongxu.PaperFlow to idle
    t =     9.42s     Find the "继续草稿" Button
    t =     9.42s         Requesting snapshot of accessibility hierarchy for app with pid 16345
    t =     9.47s         Find: Descendants matching type Button
    t =     9.47s         Find: Elements matching predicate '"继续草稿" IN identifiers'
    t =     9.47s     Check for interrupting elements affecting "继续草稿" Button
    t =     9.49s         Requesting snapshot of accessibility hierarchy for app with pid 16345
    t =     9.54s         Find: Descendants matching predicate identifier == "NotificationShortLookView" OR elementType == 7
    t =     9.54s     Synthesize event
    t =     9.84s     Wait for com.xiaolongxu.PaperFlow to idle
    t =     9.85s Waiting 10.0s for "page-organize" Any to exist
    t =    10.89s     Checking `Expect predicate `existsNoRetry == 1` for object "page-organize" Any`
    t =    10.89s         Checking existence of `"page-organize" Any`
    t =    10.90s             Requesting snapshot of accessibility hierarchy for app with pid 16345
    t =    11.00s             Find: Descendants matching type Any
    t =    11.00s             Find: Elements matching predicate '"page-organize" IN identifiers'
    t =    11.01s Tap "合并文件" Button
    t =    11.01s     Wait for com.xiaolongxu.PaperFlow to idle
    t =    11.01s     Find the "合并文件" Button
    t =    11.02s         Requesting snapshot of accessibility hierarchy for app with pid 16345
    t =    11.07s         Find: Descendants matching type Button
    t =    11.07s         Find: Elements matching predicate '"合并文件" IN identifiers'
    t =    11.08s     Check for interrupting elements affecting "page-organize" Button
    t =    11.10s         Requesting snapshot of accessibility hierarchy for app with pid 16345
    t =    11.15s         Find: Descendants matching predicate identifier == "NotificationShortLookView" OR elementType == 7
    t =    11.15s     Synthesize event
    t =    11.46s     Wait for com.xiaolongxu.PaperFlow to idle
    t =    11.48s Waiting 5.0s for "关闭弹层" Button to exist
    t =    12.51s     Checking `Expect predicate `existsNoRetry == 1` for object "关闭弹层" Button`
    t =    12.51s         Checking existence of `"关闭弹层" Button`
    t =    12.52s             Requesting snapshot of accessibility hierarchy for app with pid 16345
    t =    12.63s             Find: Descendants matching type Button
    t =    12.63s             Find: Elements matching predicate '"关闭弹层" IN identifiers'
    t =    12.64s Tap "关闭弹层" Button
    t =    12.64s     Wait for com.xiaolongxu.PaperFlow to idle
    t =    12.65s     Find the "关闭弹层" Button
    t =    12.65s         Requesting snapshot of accessibility hierarchy for app with pid 16345
    t =    12.72s         Find: Descendants matching type Button
    t =    12.72s         Find: Elements matching predicate '"关闭弹层" IN identifiers'
    t =    12.73s     Check for interrupting elements affecting "关闭弹层" Button
    t =    12.75s         Requesting snapshot of accessibility hierarchy for app with pid 16345
    t =    12.81s         Find: Descendants matching predicate identifier == "NotificationShortLookView" OR elementType == 7
    t =    12.82s Failed to construct element query matching interruption. Interrupting element Alert, identifier: 'modal-合并 PDF', foreground application Target Application 'com.xiaolongxu.PaperFlow', element application: (null). If your test failed after this unhandled interruption, please file a bug and attach your .xcresult bundle.
    t =    12.82s     Synthesize event
    t =    13.11s     Wait for com.xiaolongxu.PaperFlow to idle
    t =    13.13s Checking existence of `"organize-export" Button`
    t =    13.14s     Requesting snapshot of accessibility hierarchy for app with pid 16345
    t =    13.21s     Find: Descendants matching type Button
    t =    13.22s     Find: Elements matching predicate '"organize-export" IN identifiers'
    t =    13.22s Tear Down
Test Case '-[PaperFlowUITests.PaperFlowUITests testDraftRestoresAfterRelaunchAndModalCanBeCancelled]' passed (13.270 seconds).
Test Case '-[PaperFlowUITests.PaperFlowUITests testHomepageMatchesPrototypeActionsAndSettingsTogglePersists]' started.
    t =     0.00s Start Test at 2026-10-04 14:50:57.130
    t =     0.02s Set Up
    t =     0.02s Setting device orientation to Portrait
    t =     0.03s     Wait for com.xiaolongxu.PaperFlow to idle
    t =     0.04s Open com.xiaolongxu.PaperFlow
    t =     0.04s     Launch com.xiaolongxu.PaperFlow
    t =     0.04s         Terminate com.xiaolongxu.PaperFlow:16345
2026-10-04 14:50:58.171 xcodebuild[8067:5717527] [MT] IDELaunchParametersSnapshot: debugger version lookup failed for path '<nil>': noURL
2026-10-04 14:50:58.171 xcodebuild[8067:5717527] [MT] IDELaunchParametersSnapshot: no debugger version
    t =     1.38s         Setting up automation session
    t =     1.72s         Wait for com.xiaolongxu.PaperFlow to idle
    t =     2.86s Waiting 10.0s for "home-import" Button to exist
    t =     3.89s     Checking `Expect predicate `existsNoRetry == 1` for object "home-import" Button`
    t =     3.89s         Checking existence of `"home-import" Button`
    t =     3.90s             Requesting snapshot of accessibility hierarchy for app with pid 16346
    t =     3.99s             Find: Descendants matching type Button
    t =     3.99s             Find: Elements matching predicate '"home-import" IN identifiers'
    t =     4.00s Find the "sample-demo" Button
    t =     4.01s     Requesting snapshot of accessibility hierarchy for app with pid 16346
    t =     4.05s     Find: Descendants matching type Button
    t =     4.05s     Find: Elements matching predicate '"sample-demo" IN identifiers'
    t =     4.08s Checking existence of `Window (First Match)`
    t =     4.08s     Requesting snapshot of accessibility hierarchy for app with pid 16346
    t =     4.13s Find the Window (First Match)
    t =     4.13s     Requesting snapshot of accessibility hierarchy for app with pid 16346
    t =     4.30s Added attachment named 'first-use-home'
    t =     4.30s Tap "设置" Button
    t =     4.30s     Wait for com.xiaolongxu.PaperFlow to idle
    t =     4.31s     Find the "设置" Button
    t =     4.31s         Requesting snapshot of accessibility hierarchy for app with pid 16346
    t =     4.37s         Find: Descendants matching type Button
    t =     4.37s         Find: Elements matching predicate '"设置" IN identifiers'
    t =     4.37s     Check for interrupting elements affecting "设置" Button
    t =     4.38s         Requesting snapshot of accessibility hierarchy for app with pid 16346
    t =     4.42s         Find: Descendants matching predicate identifier == "NotificationShortLookView" OR elementType == 7
    t =     4.43s     Synthesize event
    t =     4.72s     Wait for com.xiaolongxu.PaperFlow to idle
    t =     4.74s Waiting 5.0s for "深色外观" Switch to exist
    t =     5.75s     Checking `Expect predicate `existsNoRetry == 1` for object "深色外观" Switch`
    t =     5.75s         Checking existence of `"深色外观" Switch`
    t =     5.76s             Requesting snapshot of accessibility hierarchy for app with pid 16346
    t =     5.85s             Find: Descendants matching type Switch
    t =     5.85s             Find: Elements matching predicate '"深色外观" IN identifiers'
    t =     5.86s Tap "深色外观" Switch
    t =     5.86s     Wait for com.xiaolongxu.PaperFlow to idle
    t =     5.87s     Find the "深色外观" Switch
    t =     5.87s         Requesting snapshot of accessibility hierarchy for app with pid 16346
    t =     5.92s         Find: Descendants matching type Switch
    t =     5.92s         Find: Elements matching predicate '"深色外观" IN identifiers'
    t =     5.93s     Check for interrupting elements affecting "深色外观" Switch
    t =     5.94s         Requesting snapshot of accessibility hierarchy for app with pid 16346
    t =     5.99s         Find: Descendants matching predicate identifier == "NotificationShortLookView" OR elementType == 7
    t =     6.00s     Synthesize event
    t =     6.31s     Wait for com.xiaolongxu.PaperFlow to idle
    t =     7.33s Checking existence of `Window (First Match)`
    t =     7.34s     Requesting snapshot of accessibility hierarchy for app with pid 16346
    t =     7.41s Find the Window (First Match)
    t =     7.42s     Requesting snapshot of accessibility hierarchy for app with pid 16346
    t =     7.60s Added attachment named 'settings-dark'
    t =     7.60s Terminate com.xiaolongxu.PaperFlow:16346
    t =     8.66s Setting device orientation to Portrait
    t =     8.79s     Wait for com.apple.springboard to idle
    t =     8.81s Open com.xiaolongxu.PaperFlow
    t =     8.81s     Launch com.xiaolongxu.PaperFlow
2026-10-04 14:51:05.870 xcodebuild[8067:5717527] [MT] IDELaunchParametersSnapshot: debugger version lookup failed for path '<nil>': noURL
2026-10-04 14:51:05.870 xcodebuild[8067:5717527] [MT] IDELaunchParametersSnapshot: no debugger version
    t =     9.07s         Setting up automation session
    t =     9.38s         Wait for com.xiaolongxu.PaperFlow to idle
    t =    10.55s Tap "设置" Button
    t =    10.56s     Wait for com.xiaolongxu.PaperFlow to idle
    t =    10.57s     Find the "设置" Button
    t =    10.58s         Requesting snapshot of accessibility hierarchy for app with pid 16348
    t =    10.67s         Find: Descendants matching type Button
    t =    10.67s         Find: Elements matching predicate '"设置" IN identifiers'
    t =    10.67s     Check for interrupting elements affecting "设置" Button
    t =    10.70s         Requesting snapshot of accessibility hierarchy for app with pid 16348
    t =    10.75s         Find: Descendants matching predicate identifier == "NotificationShortLookView" OR elementType == 7
    t =    10.75s     Synthesize event
    t =    11.05s     Wait for com.xiaolongxu.PaperFlow to idle
    t =    11.07s Find the "深色外观" Switch
    t =    11.08s     Requesting snapshot of accessibility hierarchy for app with pid 16348
    t =    11.15s     Find: Descendants matching type Switch
    t =    11.15s     Find: Elements matching predicate '"深色外观" IN identifiers'
    t =    11.16s Tear Down
Test Case '-[PaperFlowUITests.PaperFlowUITests testHomepageMatchesPrototypeActionsAndSettingsTogglePersists]' passed (11.189 seconds).
Test Case '-[PaperFlowUITests.PaperFlowUITests testMergeCreatesOutputWithExplicitOrderAndFixedCommand]' started.
    t =     0.00s Start Test at 2026-10-04 14:51:08.320
    t =     0.02s Set Up
    t =     0.02s Setting device orientation to Portrait
    t =     0.03s     Wait for com.xiaolongxu.PaperFlow to idle
    t =     0.04s Open com.xiaolongxu.PaperFlow
    t =     0.04s     Launch com.xiaolongxu.PaperFlow
    t =     0.04s         Terminate com.xiaolongxu.PaperFlow:16348
2026-10-04 14:51:09.358 xcodebuild[8067:5717527] [MT] IDELaunchParametersSnapshot: debugger version lookup failed for path '<nil>': noURL
2026-10-04 14:51:09.358 xcodebuild[8067:5717527] [MT] IDELaunchParametersSnapshot: no debugger version
    t =     1.37s         Setting up automation session
    t =     1.69s         Wait for com.xiaolongxu.PaperFlow to idle
    t =     2.83s Waiting 15.0s for "合并文件" Button to exist
    t =     3.86s     Checking `Expect predicate `existsNoRetry == 1` for object "合并文件" Button`
    t =     3.86s         Checking existence of `"合并文件" Button`
    t =     3.87s             Requesting snapshot of accessibility hierarchy for app with pid 16349
    t =     3.97s             Find: Descendants matching type Button
    t =     3.97s             Find: Elements matching predicate '"合并文件" IN identifiers'
    t =     3.98s Tap "合并文件" Button
    t =     3.98s     Wait for com.xiaolongxu.PaperFlow to idle
    t =     3.99s     Find the "合并文件" Button
    t =     3.99s         Requesting snapshot of accessibility hierarchy for app with pid 16349
    t =     4.04s         Find: Descendants matching type Button
    t =     4.05s         Find: Elements matching predicate '"合并文件" IN identifiers'
    t =     4.05s     Check for interrupting elements affecting "page-organize" Button
    t =     4.07s         Requesting snapshot of accessibility hierarchy for app with pid 16349
    t =     4.12s         Find: Descendants matching predicate identifier == "NotificationShortLookView" OR elementType == 7
    t =     4.12s     Synthesize event
    t =     4.42s     Wait for com.xiaolongxu.PaperFlow to idle
    t =     4.43s Tap "供应商发票_0928.pdf" StaticText
    t =     4.44s     Wait for com.xiaolongxu.PaperFlow to idle
    t =     4.45s     Find the "供应商发票_0928.pdf" StaticText
    t =     4.45s         Requesting snapshot of accessibility hierarchy for app with pid 16349
    t =     4.56s     Check for interrupting elements affecting "供应商发票_0928.pdf" StaticText
    t =     4.58s         Requesting snapshot of accessibility hierarchy for app with pid 16349
    t =     4.65s         Find: Descendants matching predicate identifier == "NotificationShortLookView" OR elementType == 7
    t =     4.66s Failed to construct element query matching interruption. Interrupting element Alert, identifier: 'modal-合并 PDF', foreground application Target Application 'com.xiaolongxu.PaperFlow', element application: (null). If your test failed after this unhandled interruption, please file a bug and attach your .xcresult bundle.
    t =     4.66s     Synthesize event
    t =     4.71s         Scroll element to visible
    t =     4.71s         Find the "供应商发票_0928.pdf" StaticText
    t =     4.72s             Requesting snapshot of accessibility hierarchy for app with pid 16349
    t =     4.83s         Computed hit point {-1, -1} after scrolling to visible
    t =     5.13s     Wait for com.xiaolongxu.PaperFlow to idle
    t =     5.14s Tap "前移供应商发票_0928.pdf" Button
    t =     5.15s     Wait for com.xiaolongxu.PaperFlow to idle
    t =     5.16s     Find the "前移供应商发票_0928.pdf" Button
    t =     5.16s         Requesting snapshot of accessibility hierarchy for app with pid 16349
    t =     5.27s         Find: Descendants matching type Button
    t =     5.27s         Find: Elements matching predicate '"前移供应商发票_0928.pdf" IN identifiers'
    t =     5.28s     Check for interrupting elements affecting "前移供应商发票_0928.pdf" Button
    t =     5.30s         Requesting snapshot of accessibility hierarchy for app with pid 16349
    t =     5.38s         Find: Descendants matching predicate identifier == "NotificationShortLookView" OR elementType == 7
    t =     5.39s Failed to construct element query matching interruption. Interrupting element Alert, identifier: 'modal-合并 PDF', foreground application Target Application 'com.xiaolongxu.PaperFlow', element application: (null). If your test failed after this unhandled interruption, please file a bug and attach your .xcresult bundle.
    t =     5.39s     Synthesize event
    t =     5.44s         Scroll element to visible
    t =     5.44s         Find the "前移供应商发票_0928.pdf" Button
    t =     5.45s             Requesting snapshot of accessibility hierarchy for app with pid 16349
    t =     5.51s             Find: Descendants matching type Button
    t =     5.51s             Find: Elements matching predicate '"前移供应商发票_0928.pdf" IN identifiers'
    t =     5.56s         Computed hit point {-1, -1} after scrolling to visible
    t =     5.85s     Wait for com.xiaolongxu.PaperFlow to idle
    t =     5.87s Find the "merge-run" Button
    t =     5.87s     Requesting snapshot of accessibility hierarchy for app with pid 16349
    t =     5.98s     Find: Descendants matching type Button
    t =     5.98s     Find: Elements matching predicate '"merge-run" IN identifiers'
    t =     6.02s Checking existence of `Window (First Match)`
    t =     6.02s     Requesting snapshot of accessibility hierarchy for app with pid 16349
    t =     6.10s Find the Window (First Match)
    t =     6.10s     Requesting snapshot of accessibility hierarchy for app with pid 16349
    t =     6.29s Added attachment named 'simple-merge-order'
    t =     6.29s Tap "merge-run" Button
    t =     6.29s     Wait for com.xiaolongxu.PaperFlow to idle
    t =     6.30s     Find the "merge-run" Button
    t =     6.30s         Requesting snapshot of accessibility hierarchy for app with pid 16349
    t =     6.38s         Find: Descendants matching type Button
    t =     6.39s         Find: Elements matching predicate '"merge-run" IN identifiers'
    t =     6.39s     Check for interrupting elements affecting "merge-run" Button
    t =     6.40s         Requesting snapshot of accessibility hierarchy for app with pid 16349
    t =     6.46s         Find: Descendants matching predicate identifier == "NotificationShortLookView" OR elementType == 7
    t =     6.47s Failed to construct element query matching interruption. Interrupting element Alert, identifier: 'modal-合并 PDF', foreground application Target Application 'com.xiaolongxu.PaperFlow', element application: (null). If your test failed after this unhandled interruption, please file a bug and attach your .xcresult bundle.
    t =     6.47s     Synthesize event
    t =     6.78s     Wait for com.xiaolongxu.PaperFlow to idle
    t =     6.79s Waiting 30.0s for "result-save" Button to exist
    t =     7.81s     Checking `Expect predicate `existsNoRetry == 1` for object "result-save" Button`
    t =     7.81s         Checking existence of `"result-save" Button`
    t =     7.82s             Requesting snapshot of accessibility hierarchy for app with pid 16349
    t =     7.94s             Find: Descendants matching type Button
    t =     7.94s             Find: Elements matching predicate '"result-save" IN identifiers'
    t =     7.95s Checking existence of `"合并完成" StaticText`
    t =     7.95s     Requesting snapshot of accessibility hierarchy for app with pid 16349
    t =     8.03s     Find: Descendants matching type StaticText
    t =     8.03s     Find: Elements matching predicate '"合并完成" IN identifiers'
    t =     8.04s Tear Down
Test Case '-[PaperFlowUITests.PaperFlowUITests testMergeCreatesOutputWithExplicitOrderAndFixedCommand]' passed (8.058 seconds).
Test Case '-[PaperFlowUITests.PaperFlowUITests testOCRRunsAndExportsSearchablePDF]' started.
    t =     0.00s Start Test at 2026-10-04 14:51:16.379
    t =     0.02s Set Up
    t =     0.02s Setting device orientation to Portrait
    t =     0.03s     Wait for com.xiaolongxu.PaperFlow to idle
    t =     0.04s Open com.xiaolongxu.PaperFlow
    t =     0.04s     Launch com.xiaolongxu.PaperFlow
    t =     0.04s         Terminate com.xiaolongxu.PaperFlow:16349
2026-10-04 14:51:17.410 xcodebuild[8067:5717527] [MT] IDELaunchParametersSnapshot: debugger version lookup failed for path '<nil>': noURL
2026-10-04 14:51:17.410 xcodebuild[8067:5717527] [MT] IDELaunchParametersSnapshot: no debugger version
    t =     1.36s         Setting up automation session
    t =     1.67s         Wait for com.xiaolongxu.PaperFlow to idle
    t =     2.82s Waiting 10.0s for "ocr-run" Button to exist
    t =     3.82s     Checking `Expect predicate `existsNoRetry == 1` for object "ocr-run" Button`
    t =     3.82s         Checking existence of `"ocr-run" Button`
    t =     3.83s             Requesting snapshot of accessibility hierarchy for app with pid 16350
    t =     3.91s             Find: Descendants matching type Button
    t =     3.91s             Find: Elements matching predicate '"ocr-run" IN identifiers'
    t =     3.92s Tap "ocr-run" Button
    t =     3.92s     Wait for com.xiaolongxu.PaperFlow to idle
    t =     3.93s     Find the "ocr-run" Button
    t =     3.93s         Requesting snapshot of accessibility hierarchy for app with pid 16350
    t =     3.96s         Find: Descendants matching type Button
    t =     3.97s         Find: Elements matching predicate '"ocr-run" IN identifiers'
    t =     3.97s     Check for interrupting elements affecting "ocr-run" Button
    t =     3.99s         Requesting snapshot of accessibility hierarchy for app with pid 16350
    t =     4.02s         Find: Descendants matching predicate identifier == "NotificationShortLookView" OR elementType == 7
    t =     4.03s     Synthesize event
    t =     4.32s     Wait for com.xiaolongxu.PaperFlow to idle
    t =     4.34s Waiting 30.0s for "result-save" Button to exist
    t =     5.35s     Checking `Expect predicate `existsNoRetry == 1` for object "result-save" Button`
    t =     5.35s         Checking existence of `"result-save" Button`
    t =     5.36s             Requesting snapshot of accessibility hierarchy for app with pid 16350
    t =     5.39s             Find: Descendants matching type Button
    t =     5.40s             Find: Elements matching predicate '"result-save" IN identifiers'
    t =     5.40s         Capturing element debug description
    t =     6.42s     Checking `Expect predicate `existsNoRetry == 1` for object "result-save" Button`
    t =     6.42s         Checking existence of `"result-save" Button`
    t =     6.43s             Requesting snapshot of accessibility hierarchy for app with pid 16350
    t =     6.46s             Find: Descendants matching type Button
    t =     6.46s             Find: Elements matching predicate '"result-save" IN identifiers'
    t =     6.47s         Capturing element debug description
    t =     7.38s     Checking `Expect predicate `existsNoRetry == 1` for object "result-save" Button`
    t =     7.39s         Checking existence of `"result-save" Button`
    t =     7.39s             Requesting snapshot of accessibility hierarchy for app with pid 16350
    t =     7.47s             Find: Descendants matching type Button
    t =     7.47s             Find: Elements matching predicate '"result-save" IN identifiers'
    t =     7.48s Find the "result-save" Button
    t =     7.49s     Requesting snapshot of accessibility hierarchy for app with pid 16350
    t =     7.54s     Find: Descendants matching type Button
    t =     7.54s     Find: Elements matching predicate '"result-save" IN identifiers'
    t =     7.57s Checking existence of `Window (First Match)`
    t =     7.57s     Requesting snapshot of accessibility hierarchy for app with pid 16350
    t =     7.62s Find the Window (First Match)
    t =     7.62s     Requesting snapshot of accessibility hierarchy for app with pid 16350
    t =     7.78s Added attachment named 'ocr-result'
    t =     7.78s Tear Down
Test Case '-[PaperFlowUITests.PaperFlowUITests testOCRRunsAndExportsSearchablePDF]' passed (7.795 seconds).
Test Case '-[PaperFlowUITests.PaperFlowUITests testResultContinuesIntoChosenToolAndSignatureIsPlacedImmediately]' started.
    t =     0.00s Start Test at 2026-10-04 14:51:24.174
    t =     0.01s Set Up
    t =     0.01s Setting device orientation to Portrait
    t =     0.03s     Wait for com.xiaolongxu.PaperFlow to idle
    t =     0.03s Open com.xiaolongxu.PaperFlow
    t =     0.03s     Launch com.xiaolongxu.PaperFlow
    t =     0.03s         Terminate com.xiaolongxu.PaperFlow:16350
2026-10-04 14:51:25.193 xcodebuild[8067:5717527] [MT] IDELaunchParametersSnapshot: debugger version lookup failed for path '<nil>': noURL
2026-10-04 14:51:25.193 xcodebuild[8067:5717527] [MT] IDELaunchParametersSnapshot: no debugger version
    t =     1.34s         Setting up automation session
    t =     1.69s         Wait for com.xiaolongxu.PaperFlow to idle
    t =     2.84s Waiting 15.0s for "compress-run" Button to exist
    t =     3.87s     Checking `Expect predicate `existsNoRetry == 1` for object "compress-run" Button`
    t =     3.87s         Checking existence of `"compress-run" Button`
    t =     3.88s             Requesting snapshot of accessibility hierarchy for app with pid 16352
    t =     3.97s             Find: Descendants matching type Button
    t =     3.97s             Find: Elements matching predicate '"compress-run" IN identifiers'
    t =     3.98s Tap "compress-run" Button
    t =     3.98s     Wait for com.xiaolongxu.PaperFlow to idle
    t =     3.99s     Find the "compress-run" Button
    t =     4.00s         Requesting snapshot of accessibility hierarchy for app with pid 16352
    t =     4.04s         Find: Descendants matching type Button
    t =     4.04s         Find: Elements matching predicate '"compress-run" IN identifiers'
    t =     4.04s     Check for interrupting elements affecting "compress-run" Button
    t =     4.06s         Requesting snapshot of accessibility hierarchy for app with pid 16352
    t =     4.10s         Find: Descendants matching predicate identifier == "NotificationShortLookView" OR elementType == 7
    t =     4.10s     Synthesize event
    t =     4.39s     Wait for com.xiaolongxu.PaperFlow to idle
    t =     4.41s Waiting 30.0s for "result-save" Button to exist
    t =     5.43s     Checking `Expect predicate `existsNoRetry == 1` for object "result-save" Button`
    t =     5.43s         Checking existence of `"result-save" Button`
    t =     5.44s             Requesting snapshot of accessibility hierarchy for app with pid 16352
    t =     5.54s             Find: Descendants matching type Button
    t =     5.54s             Find: Elements matching predicate '"result-save" IN identifiers'
    t =     5.55s Tap "result-continue" Button
    t =     5.55s     Wait for com.xiaolongxu.PaperFlow to idle
    t =     5.56s     Find the "result-continue" Button
    t =     5.56s         Requesting snapshot of accessibility hierarchy for app with pid 16352
    t =     5.62s         Find: Descendants matching type Button
    t =     5.62s         Find: Elements matching predicate '"result-continue" IN identifiers'
    t =     5.63s     Check for interrupting elements affecting "result-continue" Button
    t =     5.65s         Requesting snapshot of accessibility hierarchy for app with pid 16352
    t =     5.71s         Find: Descendants matching predicate identifier == "NotificationShortLookView" OR elementType == 7
    t =     5.71s Failed to construct element query matching interruption. Interrupting element Alert, identifier: 'modal-已生成新文件', foreground application Target Application 'com.xiaolongxu.PaperFlow', element application: (null). If your test failed after this unhandled interruption, please file a bug and attach your .xcresult bundle.
    t =     5.72s     Synthesize event
    t =     6.03s     Wait for com.xiaolongxu.PaperFlow to idle
    t =     6.04s Tap "签名与表单" Button
    t =     6.04s     Wait for com.xiaolongxu.PaperFlow to idle
    t =     6.05s     Find the "签名与表单" Button
    t =     6.06s         Requesting snapshot of accessibility hierarchy for app with pid 16352
    t =     6.14s         Find: Descendants matching type Button
    t =     6.14s         Find: Elements matching predicate '"签名与表单" IN identifiers'
    t =     6.15s     Check for interrupting elements affecting "签名与表单" Button
    t =     6.17s         Requesting snapshot of accessibility hierarchy for app with pid 16352
    t =     6.24s         Find: Descendants matching predicate identifier == "NotificationShortLookView" OR elementType == 7
    t =     6.24s Failed to construct element query matching interruption. Interrupting element Alert, identifier: 'modal-继续处理', foreground application Target Application 'com.xiaolongxu.PaperFlow', element application: (null). If your test failed after this unhandled interruption, please file a bug and attach your .xcresult bundle.
    t =     6.25s     Synthesize event
    t =     6.29s         Scroll element to visible
    t =     6.29s         Find the "签名与表单" Button
    t =     6.30s             Requesting snapshot of accessibility hierarchy for app with pid 16352
    t =     6.35s             Find: Descendants matching type Button
    t =     6.35s             Find: Elements matching predicate '"签名与表单" IN identifiers'
    t =     6.39s         Computed hit point {-1, -1} after scrolling to visible
    t =     6.68s     Wait for com.xiaolongxu.PaperFlow to idle
    t =     6.69s Waiting 10.0s for "sign-export" Button to exist
    t =     7.70s     Checking `Expect predicate `existsNoRetry == 1` for object "sign-export" Button`
    t =     7.71s         Checking existence of `"sign-export" Button`
    t =     7.72s             Requesting snapshot of accessibility hierarchy for app with pid 16352
    t =     7.77s             Find: Descendants matching type Button
    t =     7.77s             Find: Elements matching predicate '"sign-export" IN identifiers'
    t =     7.78s Tap "添加签名" Button
    t =     7.78s     Wait for com.xiaolongxu.PaperFlow to idle
    t =     7.79s     Find the "添加签名" Button
    t =     7.79s         Requesting snapshot of accessibility hierarchy for app with pid 16352
    t =     7.83s         Find: Descendants matching type Button
    t =     7.84s         Find: Elements matching predicate '"添加签名" IN identifiers'
    t =     7.84s     Check for interrupting elements affecting "添加签名" Button
    t =     7.86s         Requesting snapshot of accessibility hierarchy for app with pid 16352
    t =     7.90s         Find: Descendants matching predicate identifier == "NotificationShortLookView" OR elementType == 7
    t =     7.91s     Synthesize event
    t =     8.21s     Wait for com.xiaolongxu.PaperFlow to idle
    t =     8.23s Waiting 10.0s for "signature-canvas" Any to exist
    t =     9.25s     Checking `Expect predicate `existsNoRetry == 1` for object "signature-canvas" Any`
    t =     9.25s         Checking existence of `"signature-canvas" Any`
    t =     9.27s             Requesting snapshot of accessibility hierarchy for app with pid 16352
    t =     9.37s Press "signature-canvas" Any[0.20, 0.60] for 0.1 seconds, then drag to "signature-canvas" Any[0.80, 0.40] with velocity of 500.00 pixels per second, and then hold for 0.0 seconds 
    t =     9.37s     Wait for com.xiaolongxu.PaperFlow to idle
    t =     9.37s     Find the "signature-canvas" Any
    t =     9.38s         Requesting snapshot of accessibility hierarchy for app with pid 16352
    t =     9.45s     Check for interrupting elements affecting "signature-canvas" ScrollView
    t =     9.47s         Requesting snapshot of accessibility hierarchy for app with pid 16352
    t =     9.52s         Find: Descendants matching predicate identifier == "NotificationShortLookView" OR elementType == 7
    t =     9.53s Failed to construct element query matching interruption. Interrupting element Alert, identifier: 'modal-创建手写签名', foreground application Target Application 'com.xiaolongxu.PaperFlow', element application: (null). If your test failed after this unhandled interruption, please file a bug and attach your .xcresult bundle.
    t =     9.55s     Synthesize event
    t =     9.55s         Find the "signature-canvas" ScrollView
    t =     9.55s             Requesting snapshot of accessibility hierarchy for app with pid 16352
    t =     9.63s         Find the "signature-canvas" ScrollView
    t =     9.63s             Requesting snapshot of accessibility hierarchy for app with pid 16352
    t =     9.70s         Find the "signature-canvas" ScrollView
    t =     9.70s             Requesting snapshot of accessibility hierarchy for app with pid 16352
    t =     9.77s         Find the "signature-canvas" ScrollView
    t =     9.77s             Requesting snapshot of accessibility hierarchy for app with pid 16352
    t =     9.84s         Find the "signature-canvas" ScrollView
    t =     9.84s             Requesting snapshot of accessibility hierarchy for app with pid 16352
    t =    10.66s     Wait for com.xiaolongxu.PaperFlow to idle
    t =    10.67s Tap "signature-save" Button
    t =    10.67s     Wait for com.xiaolongxu.PaperFlow to idle
    t =    10.68s     Find the "signature-save" Button
    t =    10.68s         Requesting snapshot of accessibility hierarchy for app with pid 16352
    t =    10.72s         Find: Descendants matching type Button
    t =    10.72s         Find: Elements matching predicate '"signature-save" IN identifiers'
    t =    10.72s     Check for interrupting elements affecting "signature-save" Button
    t =    10.73s         Requesting snapshot of accessibility hierarchy for app with pid 16352
    t =    10.76s         Find: Descendants matching predicate identifier == "NotificationShortLookView" OR elementType == 7
    t =    10.76s Failed to construct element query matching interruption. Interrupting element Alert, identifier: 'modal-创建手写签名', foreground application Target Application 'com.xiaolongxu.PaperFlow', element application: (null). If your test failed after this unhandled interruption, please file a bug and attach your .xcresult bundle.
    t =    10.77s     Synthesize event
    t =    11.06s     Wait for com.xiaolongxu.PaperFlow to idle
    t =    12.10s Checking `Expect predicate `BLOCKPREDICATE(0x113e662e0)` for object Target Application 'com.xiaolongxu.PaperFlow'`
    t =    12.11s     Find the "sign-export" Button
    t =    12.11s         Requesting snapshot of accessibility hierarchy for app with pid 16352
    t =    12.17s         Find: Descendants matching type Button
    t =    12.17s         Find: Elements matching predicate '"sign-export" IN identifiers'
    t =    12.18s Checking existence of `Window (First Match)`
    t =    12.18s     Requesting snapshot of accessibility hierarchy for app with pid 16352
    t =    12.22s Find the Window (First Match)
    t =    12.23s     Requesting snapshot of accessibility hierarchy for app with pid 16352
    t =    12.40s Added attachment named 'simple-signature-placed'
    t =    12.40s Tap "sign-export" Button
    t =    12.40s     Wait for com.xiaolongxu.PaperFlow to idle
    t =    12.40s     Find the "sign-export" Button
    t =    12.41s         Requesting snapshot of accessibility hierarchy for app with pid 16352
    t =    12.44s         Find: Descendants matching type Button
    t =    12.44s         Find: Elements matching predicate '"sign-export" IN identifiers'
    t =    12.44s     Check for interrupting elements affecting "sign-export" Button
    t =    12.46s         Requesting snapshot of accessibility hierarchy for app with pid 16352
    t =    12.49s         Find: Descendants matching predicate identifier == "NotificationShortLookView" OR elementType == 7
    t =    12.49s     Synthesize event
    t =    12.78s     Wait for com.xiaolongxu.PaperFlow to idle
    t =    12.79s Waiting 30.0s for "result-save" Button to exist
    t =    13.82s     Checking `Expect predicate `existsNoRetry == 1` for object "result-save" Button`
    t =    13.82s         Checking existence of `"result-save" Button`
    t =    13.83s             Requesting snapshot of accessibility hierarchy for app with pid 16352
    t =    13.92s             Find: Descendants matching type Button
    t =    13.92s             Find: Elements matching predicate '"result-save" IN identifiers'
    t =    13.93s Tear Down
Test Case '-[PaperFlowUITests.PaperFlowUITests testResultContinuesIntoChosenToolAndSignatureIsPlacedImmediately]' passed (13.957 seconds).
Test Case '-[PaperFlowUITests.PaperFlowUITests testScanKeepsCapturePrimaryAndProvidesReturnAndOptionalSettings]' started.
    t =     0.00s Start Test at 2026-10-04 14:51:38.132
    t =     0.02s Set Up
    t =     0.02s Setting device orientation to Portrait
    t =     0.03s     Wait for com.xiaolongxu.PaperFlow to idle
    t =     0.04s Open com.xiaolongxu.PaperFlow
    t =     0.04s     Launch com.xiaolongxu.PaperFlow
    t =     0.04s         Terminate com.xiaolongxu.PaperFlow:16352
2026-10-04 14:51:39.158 xcodebuild[8067:5717527] [MT] IDELaunchParametersSnapshot: debugger version lookup failed for path '<nil>': noURL
2026-10-04 14:51:39.158 xcodebuild[8067:5717527] [MT] IDELaunchParametersSnapshot: no debugger version
    t =     1.35s         Setting up automation session
    t =     1.69s         Wait for com.xiaolongxu.PaperFlow to idle
    t =     2.83s Waiting 20.0s for "home-import" Button to exist
    t =     3.86s     Checking `Expect predicate `existsNoRetry == 1` for object "home-import" Button`
    t =     3.86s         Checking existence of `"home-import" Button`
    t =     3.86s             Requesting snapshot of accessibility hierarchy for app with pid 16355
    t =     3.96s             Find: Descendants matching type Button
    t =     3.96s             Find: Elements matching predicate '"home-import" IN identifiers'
    t =     3.97s Tap "扫描文档" Button
    t =     3.97s     Wait for com.xiaolongxu.PaperFlow to idle
    t =     3.98s     Find the "扫描文档" Button
    t =     3.98s         Requesting snapshot of accessibility hierarchy for app with pid 16355
    t =     4.03s     Check for interrupting elements affecting "扫描文档" Button
    t =     4.05s         Requesting snapshot of accessibility hierarchy for app with pid 16355
    t =     4.09s         Find: Descendants matching predicate identifier == "NotificationShortLookView" OR elementType == 7
    t =     4.10s     Synthesize event
    t =     4.40s     Wait for com.xiaolongxu.PaperFlow to idle
    t =     4.42s Waiting 4.0s for Alert (First Match) to exist
    t =     5.43s     Checking `Expect predicate `existsNoRetry == 1` for object Alert (First Match)`
    t =     5.43s         Checking existence of `Alert (First Match)`
    t =     5.43s             Requesting snapshot of accessibility hierarchy for app with pid 13629
    t =     5.51s         Capturing element debug description
    t =     6.43s     Checking `Expect predicate `existsNoRetry == 1` for object Alert (First Match)`
    t =     6.43s         Checking existence of `Alert (First Match)`
    t =     6.43s             Requesting snapshot of accessibility hierarchy for app with pid 13629
    t =     6.49s         Capturing element debug description
    t =     7.49s     Checking `Expect predicate `existsNoRetry == 1` for object Alert (First Match)`
    t =     7.49s         Checking existence of `Alert (First Match)`
    t =     7.50s             Requesting snapshot of accessibility hierarchy for app with pid 13629
    t =     7.57s         Capturing element debug description
    t =     8.43s     Checking `Expect predicate `existsNoRetry == 1` for object Alert (First Match)`
    t =     8.43s         Checking existence of `Alert (First Match)`
    t =     8.43s             Requesting snapshot of accessibility hierarchy for app with pid 13629
    t =     8.50s         Capturing element debug description
    t =     8.51s     Checking existence of `Alert (First Match)`
    t =     8.51s         Requesting snapshot of accessibility hierarchy for app with pid 13629
    t =     8.56s Collecting debug information to assist test failure triage
    t =     8.56s     Requesting snapshot of accessibility hierarchy for app with pid 13629
    t =     8.66s Waiting 10.0s for "scan-back" Button to exist
    t =     9.67s     Checking `Expect predicate `existsNoRetry == 1` for object "scan-back" Button`
    t =     9.67s         Checking existence of `"scan-back" Button`
    t =     9.67s             Requesting snapshot of accessibility hierarchy for app with pid 16355
    t =     9.71s             Find: Descendants matching type Button
    t =     9.71s             Find: Elements matching predicate '"scan-back" IN identifiers'
    t =     9.72s Find the "scan-back" Button
    t =     9.72s     Requesting snapshot of accessibility hierarchy for app with pid 16355
    t =     9.74s     Find: Descendants matching type Button
    t =     9.74s     Find: Elements matching predicate '"scan-back" IN identifiers'
    t =     9.77s Find the "scan-back" Button
    t =     9.77s     Requesting snapshot of accessibility hierarchy for app with pid 16355
    t =     9.79s     Find: Descendants matching type Button
    t =     9.79s     Find: Elements matching predicate '"scan-back" IN identifiers'
    t =     9.80s Checking existence of `"scan-finish" Button`
    t =     9.80s     Requesting snapshot of accessibility hierarchy for app with pid 16355
    t =     9.83s     Find: Descendants matching type Button
    t =     9.83s     Find: Elements matching predicate '"scan-finish" IN identifiers'
    t =     9.83s Find the "scan-finish" Button
    t =     9.83s     Requesting snapshot of accessibility hierarchy for app with pid 16355
    t =     9.85s     Find: Descendants matching type Button
    t =     9.86s     Find: Elements matching predicate '"scan-finish" IN identifiers'
    t =     9.86s Find the Target Application 'com.xiaolongxu.PaperFlow'
    t =     9.86s     Requesting snapshot of accessibility hierarchy for app with pid 16355
    t =     9.89s Find the "scan-finish" Button
    t =     9.89s     Requesting snapshot of accessibility hierarchy for app with pid 16355
    t =     9.92s     Find: Descendants matching type Button
    t =     9.92s     Find: Elements matching predicate '"scan-finish" IN identifiers'
    t =     9.93s Find the "scan-review" Button
    t =     9.93s     Requesting snapshot of accessibility hierarchy for app with pid 16355
    t =     9.95s     Find: Descendants matching type Button
    t =     9.95s     Find: Elements matching predicate '"scan-review" IN identifiers'
    t =    10.97s Checking `Expect predicate `BLOCKPREDICATE(0x113e64480)` for object Target Application 'com.xiaolongxu.PaperFlow'`
    t =    10.97s     Find the "scan-capture" Button
    t =    10.97s         Requesting snapshot of accessibility hierarchy for app with pid 16355
    t =    11.00s         Find: Descendants matching type Button
    t =    11.00s         Find: Elements matching predicate '"scan-capture" IN identifiers'
    t =    11.01s Find the "scan-capture" Button
    t =    11.01s     Requesting snapshot of accessibility hierarchy for app with pid 16355
    t =    11.04s     Find: Descendants matching type Button
    t =    11.04s     Find: Elements matching predicate '"scan-capture" IN identifiers'
    t =    11.07s Find the "从照片添加" Button
    t =    11.07s     Requesting snapshot of accessibility hierarchy for app with pid 16355
    t =    11.10s     Find: Descendants matching type Button
    t =    11.10s     Find: Elements matching predicate '"从照片添加" IN identifiers'
    t =    11.12s Checking existence of `"scan-photo-fallback" Button`
    t =    11.12s     Requesting snapshot of accessibility hierarchy for app with pid 16355
    t =    11.15s     Find: Descendants matching type Button
    t =    11.15s     Find: Elements matching predicate '"scan-photo-fallback" IN identifiers'
    t =    11.15s Checking existence of `Window (First Match)`
    t =    11.15s     Requesting snapshot of accessibility hierarchy for app with pid 16355
    t =    11.17s Find the Window (First Match)
    t =    11.17s     Requesting snapshot of accessibility hierarchy for app with pid 16355
    t =    11.31s Added attachment named 'scan-simple-empty'
    t =    11.31s Tap "scan-options" Button
    t =    11.31s     Wait for com.xiaolongxu.PaperFlow to idle
    t =    11.31s     Find the "scan-options" Button
    t =    11.32s         Requesting snapshot of accessibility hierarchy for app with pid 16355
    t =    11.33s         Find: Descendants matching type Button
    t =    11.33s         Find: Elements matching predicate '"scan-options" IN identifiers'
    t =    11.33s     Check for interrupting elements affecting "scan-options" Button
    t =    11.35s         Requesting snapshot of accessibility hierarchy for app with pid 16355
    t =    11.36s         Find: Descendants matching predicate identifier == "NotificationShortLookView" OR elementType == 7
    t =    11.36s     Synthesize event
    t =    11.65s     Wait for com.xiaolongxu.PaperFlow to idle
    t =    11.67s Waiting 5.0s for "自动拍摄" Switch to exist
    t =    12.68s     Checking `Expect predicate `existsNoRetry == 1` for object "自动拍摄" Switch`
    t =    12.68s         Checking existence of `"自动拍摄" Switch`
    t =    12.68s             Requesting snapshot of accessibility hierarchy for app with pid 16355
    t =    12.73s             Find: Descendants matching type Switch
    t =    12.74s             Find: Elements matching predicate '"自动拍摄" IN identifiers'
    t =    12.74s Find the "闪光灯" Switch
    t =    12.75s     Requesting snapshot of accessibility hierarchy for app with pid 16355
    t =    12.79s     Find: Descendants matching type Switch
    t =    12.79s     Find: Elements matching predicate '"闪光灯" IN identifiers'
    t =    12.79s Tap "关闭拍摄选项" Button
    t =    12.79s     Wait for com.xiaolongxu.PaperFlow to idle
    t =    12.80s     Find the "关闭拍摄选项" Button
    t =    12.80s         Requesting snapshot of accessibility hierarchy for app with pid 16355
    t =    12.84s         Find: Descendants matching type Button
    t =    12.84s         Find: Elements matching predicate '"关闭拍摄选项" IN identifiers'
    t =    12.84s     Check for interrupting elements affecting "关闭拍摄选项" Button
    t =    12.86s         Requesting snapshot of accessibility hierarchy for app with pid 16355
    t =    12.89s         Find: Descendants matching predicate identifier == "NotificationShortLookView" OR elementType == 7
    t =    12.89s Failed to construct element query matching interruption. Interrupting element Alert, identifier: 'modal-拍摄选项', foreground application Target Application 'com.xiaolongxu.PaperFlow', element application: (null). If your test failed after this unhandled interruption, please file a bug and attach your .xcresult bundle.
    t =    12.89s     Synthesize event
    t =    13.20s     Wait for com.xiaolongxu.PaperFlow to idle
    t =    13.22s Checking existence of `"scan-output-options" Button`
    t =    13.22s     Requesting snapshot of accessibility hierarchy for app with pid 16355
    t =    13.25s     Find: Descendants matching type Button
    t =    13.25s     Find: Elements matching predicate '"scan-output-options" IN identifiers'
    t =    13.25s Tap "从照片添加" Button
    t =    13.25s     Wait for com.xiaolongxu.PaperFlow to idle
    t =    13.26s     Find the "从照片添加" Button
    t =    13.27s         Requesting snapshot of accessibility hierarchy for app with pid 16355
    t =    13.29s         Find: Descendants matching type Button
    t =    13.29s         Find: Elements matching predicate '"从照片添加" IN identifiers'
    t =    13.29s     Check for interrupting elements affecting "从照片添加" Button
    t =    13.31s         Requesting snapshot of accessibility hierarchy for app with pid 16355
    t =    13.33s         Find: Descendants matching predicate identifier == "NotificationShortLookView" OR elementType == 7
    t =    13.33s     Synthesize event
    t =    13.64s     Wait for com.xiaolongxu.PaperFlow to idle
    t =    14.06s Waiting 5.0s for Button (First Match) to exist
    t =    15.09s     Checking `Expect predicate `existsNoRetry == 1` for object Button (First Match)`
    t =    15.09s         Checking existence of `Button (First Match)`
    t =    15.11s             Requesting snapshot of accessibility hierarchy for app with pid 16355
    t =    15.31s Tap Button (First Match)
    t =    15.31s     Wait for com.xiaolongxu.PaperFlow to idle
    t =    15.31s     Find the Button (First Match)
    t =    15.31s         Requesting snapshot of accessibility hierarchy for app with pid 16355
    t =    15.38s     Check for interrupting elements affecting "Cancel" Button
    t =    15.39s         Requesting snapshot of accessibility hierarchy for app with pid 16355
    t =    15.44s         Find: Descendants matching predicate identifier == "NotificationShortLookView" OR elementType == 7
    t =    15.44s     Synthesize event
    t =    15.74s     Wait for com.xiaolongxu.PaperFlow to idle
    t =    16.16s Waiting 5.0s for "scan-finish" Button to exist
    t =    17.19s     Checking `Expect predicate `existsNoRetry == 1` for object "scan-finish" Button`
    t =    17.19s         Checking existence of `"scan-finish" Button`
    t =    17.20s             Requesting snapshot of accessibility hierarchy for app with pid 16355
    t =    17.23s             Find: Descendants matching type Button
    t =    17.24s             Find: Elements matching predicate '"scan-finish" IN identifiers'
    t =    17.24s Tap "scan-back" Button[0.50, 0.50]
    t =    17.24s     Wait for com.xiaolongxu.PaperFlow to idle
    t =    17.25s     Find the "scan-back" Button
    t =    17.26s         Requesting snapshot of accessibility hierarchy for app with pid 16355
    t =    17.28s         Find: Descendants matching type Button
    t =    17.29s         Find: Elements matching predicate '"scan-back" IN identifiers'
    t =    17.29s     Check for interrupting elements affecting "scan-back" Button
    t =    17.31s         Requesting snapshot of accessibility hierarchy for app with pid 16355
    t =    17.34s         Find: Descendants matching predicate identifier == "NotificationShortLookView" OR elementType == 7
    t =    17.34s     Synthesize event
    t =    17.35s         Find the "scan-back" Button
    t =    17.36s             Requesting snapshot of accessibility hierarchy for app with pid 16355
    t =    17.38s             Find: Descendants matching type Button
    t =    17.38s             Find: Elements matching predicate '"scan-back" IN identifiers'
    t =    17.39s         Find the "scan-back" Button
    t =    17.39s             Requesting snapshot of accessibility hierarchy for app with pid 16355
    t =    17.42s             Find: Descendants matching type Button
    t =    17.42s             Find: Elements matching predicate '"scan-back" IN identifiers'
    t =    17.43s         Find the "scan-back" Button
    t =    17.43s             Requesting snapshot of accessibility hierarchy for app with pid 16355
    t =    17.46s             Find: Descendants matching type Button
    t =    17.46s             Find: Elements matching predicate '"scan-back" IN identifiers'
    t =    17.74s     Wait for com.xiaolongxu.PaperFlow to idle
    t =    17.76s Waiting 10.0s for "home-import" Button to exist
    t =    18.77s     Checking `Expect predicate `existsNoRetry == 1` for object "home-import" Button`
    t =    18.77s         Checking existence of `"home-import" Button`
    t =    18.78s             Requesting snapshot of accessibility hierarchy for app with pid 16355
    t =    18.85s             Find: Descendants matching type Button
    t =    18.86s             Find: Elements matching predicate '"home-import" IN identifiers'
    t =    18.87s Tear Down
Test Case '-[PaperFlowUITests.PaperFlowUITests testScanKeepsCapturePrimaryAndProvidesReturnAndOptionalSettings]' passed (18.903 seconds).
Test Case '-[PaperFlowUITests.PaperFlowUITests testScanLandscapeKeepsActionsVisible]' started.
    t =     0.00s Start Test at 2026-10-04 14:51:57.036
    t =     0.02s Set Up
    t =     0.03s Setting device orientation to Portrait
    t =     0.04s     Wait for com.xiaolongxu.PaperFlow to idle
    t =     0.04s Open com.xiaolongxu.PaperFlow
    t =     0.04s     Launch com.xiaolongxu.PaperFlow
    t =     0.04s         Terminate com.xiaolongxu.PaperFlow:16355
2026-10-04 14:51:58.019 xcodebuild[8067:5717527] [MT] IDELaunchParametersSnapshot: debugger version lookup failed for path '<nil>': noURL
2026-10-04 14:51:58.019 xcodebuild[8067:5717527] [MT] IDELaunchParametersSnapshot: no debugger version
    t =     1.31s         Setting up automation session
    t =     1.62s         Wait for com.xiaolongxu.PaperFlow to idle
    t =     2.77s Waiting 4.0s for Alert (First Match) to exist
    t =     3.78s     Checking `Expect predicate `existsNoRetry == 1` for object Alert (First Match)`
    t =     3.79s         Checking existence of `Alert (First Match)`
    t =     3.79s             Requesting snapshot of accessibility hierarchy for app with pid 13629
    t =     3.85s         Capturing element debug description
    t =     4.87s     Checking `Expect predicate `existsNoRetry == 1` for object Alert (First Match)`
    t =     4.87s         Checking existence of `Alert (First Match)`
    t =     4.87s             Requesting snapshot of accessibility hierarchy for app with pid 13629
    t =     4.93s         Capturing element debug description
    t =     5.83s     Checking `Expect predicate `existsNoRetry == 1` for object Alert (First Match)`
    t =     5.83s         Checking existence of `Alert (First Match)`
    t =     5.84s             Requesting snapshot of accessibility hierarchy for app with pid 13629
    t =     5.91s         Capturing element debug description
    t =     6.78s     Checking `Expect predicate `existsNoRetry == 1` for object Alert (First Match)`
    t =     6.78s         Checking existence of `Alert (First Match)`
    t =     6.78s             Requesting snapshot of accessibility hierarchy for app with pid 13629
    t =     6.84s         Capturing element debug description
    t =     6.84s     Checking existence of `Alert (First Match)`
    t =     6.85s         Requesting snapshot of accessibility hierarchy for app with pid 13629
    t =     6.90s Collecting debug information to assist test failure triage
    t =     6.90s     Requesting snapshot of accessibility hierarchy for app with pid 13629
    t =     7.00s Waiting 20.0s for "scan-review" Button to exist
    t =     8.02s     Checking `Expect predicate `existsNoRetry == 1` for object "scan-review" Button`
    t =     8.02s         Checking existence of `"scan-review" Button`
    t =     8.02s             Requesting snapshot of accessibility hierarchy for app with pid 16358
    t =     8.07s             Find: Descendants matching type Button
    t =     8.07s             Find: Elements matching predicate '"scan-review" IN identifiers'
    t =     8.07s Setting device orientation to Landscape Left
    t =     8.08s     Device orientation changed to Landscape Left
    t =     8.18s     Interface orientation changed to Landscape Right
    t =     8.18s     Wait for com.xiaolongxu.PaperFlow to idle
    t =    18.17s Checking `Expect predicate `BLOCKPREDICATE(0x113e671b0)` for object Window (First Match)`
    t =    18.17s     Find the Window (First Match)
    t =    18.18s         Requesting snapshot of accessibility hierarchy for app with pid 16358
    t =    18.24s     Find the Window at {{0.0, 0.0}, {844.0, 390.0}}
    t =    18.24s         Requesting snapshot of accessibility hierarchy for app with pid 16358
    t =    18.27s Find the "scan-finish" Button
    t =    18.27s     Requesting snapshot of accessibility hierarchy for app with pid 16358
    t =    18.29s     Find: Descendants matching type Button
    t =    18.29s     Find: Elements matching predicate '"scan-finish" IN identifiers'
    t =    18.33s Find the Window at {{0.0, 0.0}, {844.0, 390.0}}
    t =    18.33s     Requesting snapshot of accessibility hierarchy for app with pid 16358
    t =    18.36s Find the "scan-finish" Button
    t =    18.36s     Requesting snapshot of accessibility hierarchy for app with pid 16358
    t =    18.38s     Find: Descendants matching type Button
    t =    18.38s     Find: Elements matching predicate '"scan-finish" IN identifiers'
    t =    18.39s Find the "从照片添加" Button
    t =    18.39s     Requesting snapshot of accessibility hierarchy for app with pid 16358
    t =    18.41s     Find: Descendants matching type Button
    t =    18.41s     Find: Elements matching predicate '"从照片添加" IN identifiers'
    t =    18.43s Find the "scan-back" Button
    t =    18.43s     Requesting snapshot of accessibility hierarchy for app with pid 16358
    t =    18.45s     Find: Descendants matching type Button
    t =    18.45s     Find: Elements matching predicate '"scan-back" IN identifiers'
    t =    18.47s Checking existence of `Window (First Match)`
    t =    18.47s     Requesting snapshot of accessibility hierarchy for app with pid 16358
    t =    18.50s Find the Window (First Match)
    t =    18.50s     Requesting snapshot of accessibility hierarchy for app with pid 16358
    t =    18.64s Added attachment named 'scan-simple-landscape'
    t =    18.64s Setting device orientation to Portrait
    t =    18.64s     Device orientation changed to Portrait
    t =    18.70s     Interface orientation changed to Portrait
    t =    18.71s     Wait for com.xiaolongxu.PaperFlow to idle
    t =    27.73s Tear Down
Test Case '-[PaperFlowUITests.PaperFlowUITests testScanLandscapeKeepsActionsVisible]' passed (27.772 seconds).
Test Case '-[PaperFlowUITests.PaperFlowUITests testScanLargeTextKeepsPrimaryActionsVisible]' started.
    t =     0.00s Start Test at 2026-10-04 14:52:24.808
    t =     0.02s Set Up
    t =     0.02s Setting device orientation to Portrait
    t =     0.05s     Wait for com.xiaolongxu.PaperFlow to idle
    t =     0.24s Open com.xiaolongxu.PaperFlow
    t =     0.25s     Launch com.xiaolongxu.PaperFlow
    t =     0.25s         Terminate com.xiaolongxu.PaperFlow:16358
2026-10-04 14:52:26.086 xcodebuild[8067:5717527] [MT] IDELaunchParametersSnapshot: debugger version lookup failed for path '<nil>': noURL
2026-10-04 14:52:26.086 xcodebuild[8067:5717527] [MT] IDELaunchParametersSnapshot: no debugger version
    t =     1.60s         Setting up automation session
    t =     1.96s         Wait for com.xiaolongxu.PaperFlow to idle
    t =     3.12s Waiting 4.0s for Alert (First Match) to exist
    t =     4.13s     Checking `Expect predicate `existsNoRetry == 1` for object Alert (First Match)`
    t =     4.14s         Checking existence of `Alert (First Match)`
    t =     4.14s             Requesting snapshot of accessibility hierarchy for app with pid 13629
    t =     4.21s         Capturing element debug description
    t =     5.12s     Checking `Expect predicate `existsNoRetry == 1` for object Alert (First Match)`
    t =     5.12s         Checking existence of `Alert (First Match)`
    t =     5.12s             Requesting snapshot of accessibility hierarchy for app with pid 13629
    t =     5.18s         Capturing element debug description
    t =     6.20s     Checking `Expect predicate `existsNoRetry == 1` for object Alert (First Match)`
    t =     6.20s         Checking existence of `Alert (First Match)`
    t =     6.20s             Requesting snapshot of accessibility hierarchy for app with pid 13629
    t =     6.26s         Capturing element debug description
    t =     7.12s     Checking `Expect predicate `existsNoRetry == 1` for object Alert (First Match)`
    t =     7.12s         Checking existence of `Alert (First Match)`
    t =     7.12s             Requesting snapshot of accessibility hierarchy for app with pid 13629
    t =     7.18s         Capturing element debug description
    t =     7.18s     Checking existence of `Alert (First Match)`
    t =     7.19s         Requesting snapshot of accessibility hierarchy for app with pid 13629
    t =     7.24s Collecting debug information to assist test failure triage
    t =     7.24s     Requesting snapshot of accessibility hierarchy for app with pid 13629
    t =     7.34s Waiting 20.0s for "scan-review" Button to exist
    t =     8.36s     Checking `Expect predicate `existsNoRetry == 1` for object "scan-review" Button`
    t =     8.36s         Checking existence of `"scan-review" Button`
    t =     8.37s             Requesting snapshot of accessibility hierarchy for app with pid 16360
    t =     8.42s             Find: Descendants matching type Button
    t =     8.42s             Find: Elements matching predicate '"scan-review" IN identifiers'
    t =     8.43s Find the "scan-review" Button
    t =     8.43s     Requesting snapshot of accessibility hierarchy for app with pid 16360
    t =     8.45s     Find: Descendants matching type Button
    t =     8.46s     Find: Elements matching predicate '"scan-review" IN identifiers'
    t =     8.49s Find the "scan-finish" Button
    t =     8.49s     Requesting snapshot of accessibility hierarchy for app with pid 16360
    t =     8.52s     Find: Descendants matching type Button
    t =     8.52s     Find: Elements matching predicate '"scan-finish" IN identifiers'
    t =     8.54s Find the Window (First Match)
    t =     8.54s     Requesting snapshot of accessibility hierarchy for app with pid 16360
    t =     8.57s Find the "scan-finish" Button
    t =     8.57s     Requesting snapshot of accessibility hierarchy for app with pid 16360
    t =     8.59s     Find: Descendants matching type Button
    t =     8.59s     Find: Elements matching predicate '"scan-finish" IN identifiers'
    t =     8.60s Find the "scan-back" Button
    t =     8.60s     Requesting snapshot of accessibility hierarchy for app with pid 16360
    t =     8.62s     Find: Descendants matching type Button
    t =     8.62s     Find: Elements matching predicate '"scan-back" IN identifiers'
    t =     8.64s Checking existence of `Window (First Match)`
    t =     8.64s     Requesting snapshot of accessibility hierarchy for app with pid 16360
    t =     8.67s Find the Window (First Match)
    t =     8.67s     Requesting snapshot of accessibility hierarchy for app with pid 16360
    t =     8.80s Added attachment named 'scan-simple-large-text'
    t =     8.80s Tear Down
Test Case '-[PaperFlowUITests.PaperFlowUITests testScanLargeTextKeepsPrimaryActionsVisible]' passed (8.811 seconds).
Test Case '-[PaperFlowUITests.PaperFlowUITests testScanReviewRetakeCancelDraftAndPDFOutput]' started.
    t =     0.00s Start Test at 2026-10-04 14:52:33.620
    t =     0.01s Set Up
    t =     0.02s Setting device orientation to Portrait
    t =     0.02s     Wait for com.xiaolongxu.PaperFlow to idle
    t =     0.03s Open com.xiaolongxu.PaperFlow
    t =     0.03s     Launch com.xiaolongxu.PaperFlow
    t =     0.03s         Terminate com.xiaolongxu.PaperFlow:16360
2026-10-04 14:52:34.685 xcodebuild[8067:5717527] [MT] IDELaunchParametersSnapshot: debugger version lookup failed for path '<nil>': noURL
2026-10-04 14:52:34.685 xcodebuild[8067:5717527] [MT] IDELaunchParametersSnapshot: no debugger version
    t =     1.39s         Setting up automation session
    t =     1.69s         Wait for com.xiaolongxu.PaperFlow to idle
    t =     2.83s Waiting 4.0s for Alert (First Match) to exist
    t =     3.84s     Checking `Expect predicate `existsNoRetry == 1` for object Alert (First Match)`
    t =     3.84s         Checking existence of `Alert (First Match)`
    t =     3.84s             Requesting snapshot of accessibility hierarchy for app with pid 13629
    t =     3.90s         Capturing element debug description
    t =     4.92s     Checking `Expect predicate `existsNoRetry == 1` for object Alert (First Match)`
    t =     4.92s         Checking existence of `Alert (First Match)`
    t =     4.93s             Requesting snapshot of accessibility hierarchy for app with pid 13629
    t =     4.98s         Capturing element debug description
    t =     5.88s     Checking `Expect predicate `existsNoRetry == 1` for object Alert (First Match)`
    t =     5.89s         Checking existence of `Alert (First Match)`
    t =     5.89s             Requesting snapshot of accessibility hierarchy for app with pid 13629
    t =     5.95s         Capturing element debug description
    t =     6.84s     Checking `Expect predicate `existsNoRetry == 1` for object Alert (First Match)`
    t =     6.84s         Checking existence of `Alert (First Match)`
    t =     6.84s             Requesting snapshot of accessibility hierarchy for app with pid 13629
    t =     6.90s         Capturing element debug description
    t =     6.90s     Checking existence of `Alert (First Match)`
    t =     6.91s         Requesting snapshot of accessibility hierarchy for app with pid 13629
    t =     6.97s Collecting debug information to assist test failure triage
    t =     6.97s     Requesting snapshot of accessibility hierarchy for app with pid 13629
    t =     7.07s Waiting 20.0s for "scan-review" Button to exist
    t =     8.09s     Checking `Expect predicate `existsNoRetry == 1` for object "scan-review" Button`
    t =     8.09s         Checking existence of `"scan-review" Button`
    t =     8.09s             Requesting snapshot of accessibility hierarchy for app with pid 16361
    t =     8.14s             Find: Descendants matching type Button
    t =     8.14s             Find: Elements matching predicate '"scan-review" IN identifiers'
    t =     8.14s Find the "scan-review" Button
    t =     8.15s     Requesting snapshot of accessibility hierarchy for app with pid 16361
    t =     8.17s     Find: Descendants matching type Button
    t =     8.17s     Find: Elements matching predicate '"scan-review" IN identifiers'
    t =     8.17s Find the "scan-finish" Button
    t =     8.18s     Requesting snapshot of accessibility hierarchy for app with pid 16361
    t =     8.20s     Find: Descendants matching type Button
    t =     8.20s     Find: Elements matching predicate '"scan-finish" IN identifiers'
    t =     8.24s Tap "scan-review" Button
    t =     8.24s     Wait for com.xiaolongxu.PaperFlow to idle
    t =     8.24s     Find the "scan-review" Button
    t =     8.25s         Requesting snapshot of accessibility hierarchy for app with pid 16361
    t =     8.27s         Find: Descendants matching type Button
    t =     8.27s         Find: Elements matching predicate '"scan-review" IN identifiers'
    t =     8.27s     Check for interrupting elements affecting "scan-review" Button
    t =     8.29s         Requesting snapshot of accessibility hierarchy for app with pid 16361
    t =     8.31s         Find: Descendants matching predicate identifier == "NotificationShortLookView" OR elementType == 7
    t =     8.31s     Synthesize event
    t =     8.61s     Wait for com.xiaolongxu.PaperFlow to idle
    t =     8.63s Waiting 5.0s for "scan-review-finish" Button to exist
    t =     9.66s     Checking `Expect predicate `existsNoRetry == 1` for object "scan-review-finish" Button`
    t =     9.66s         Checking existence of `"scan-review-finish" Button`
    t =     9.67s             Requesting snapshot of accessibility hierarchy for app with pid 16361
    t =     9.75s             Find: Descendants matching type Button
    t =     9.75s             Find: Elements matching predicate '"scan-review-finish" IN identifiers'
    t =     9.76s Checking existence of `Window (First Match)`
    t =     9.77s     Requesting snapshot of accessibility hierarchy for app with pid 16361
    t =     9.81s Find the Window (First Match)
    t =     9.81s     Requesting snapshot of accessibility hierarchy for app with pid 16361
    t =     9.98s Added attachment named 'scan-simple-page-review'
    t =     9.98s Tap "scan-output-options" Button
    t =     9.98s     Wait for com.xiaolongxu.PaperFlow to idle
    t =     9.98s     Find the "scan-output-options" Button
    t =     9.99s         Requesting snapshot of accessibility hierarchy for app with pid 16361
    t =    10.03s         Find: Descendants matching type Button
    t =    10.03s         Find: Elements matching predicate '"scan-output-options" IN identifiers'
    t =    10.03s     Check for interrupting elements affecting "scan-output-options" Button
    t =    10.04s         Requesting snapshot of accessibility hierarchy for app with pid 16361
    t =    10.08s         Find: Descendants matching predicate identifier == "NotificationShortLookView" OR elementType == 7
    t =    10.08s Failed to construct element query matching interruption. Interrupting element Alert, identifier: 'modal-扫描页面', foreground application Target Application 'com.xiaolongxu.PaperFlow', element application: (null). If your test failed after this unhandled interruption, please file a bug and attach your .xcresult bundle.
    t =    10.08s     Synthesize event
    t =    10.11s         Scroll element to visible
    t =    10.11s         Find the "scan-output-options" Button
    t =    10.12s             Requesting snapshot of accessibility hierarchy for app with pid 16361
    t =    10.15s             Find: Descendants matching type Button
    t =    10.15s             Find: Elements matching predicate '"scan-output-options" IN identifiers'
    t =    10.18s         Computed hit point {-1, -1} after scrolling to visible
    t =    10.46s     Wait for com.xiaolongxu.PaperFlow to idle
    t =    10.48s Waiting 5.0s for "识别文字，生成可搜索 PDF" Switch to exist
    t =    11.51s     Checking `Expect predicate `existsNoRetry == 1` for object "识别文字，生成可搜索 PDF" Switch`
    t =    11.51s         Checking existence of `"识别文字，生成可搜索 PDF" Switch`
    t =    11.52s             Requesting snapshot of accessibility hierarchy for app with pid 16361
    t =    11.59s             Find: Descendants matching type Switch
    t =    11.59s             Find: Elements matching predicate '"识别文字，生成可搜索 PDF" IN identifiers'
    t =    11.59s Find the "识别文字，生成可搜索 PDF" Switch
    t =    11.60s     Requesting snapshot of accessibility hierarchy for app with pid 16361
    t =    11.65s     Find: Descendants matching type Switch
    t =    11.65s     Find: Elements matching predicate '"识别文字，生成可搜索 PDF" IN identifiers'
    t =    11.65s Tap "完成" Button
    t =    11.65s     Wait for com.xiaolongxu.PaperFlow to idle
    t =    11.66s     Find the "完成" Button
    t =    11.66s         Requesting snapshot of accessibility hierarchy for app with pid 16361
    t =    11.70s         Find: Descendants matching type Button
    t =    11.70s         Find: Elements matching predicate '"完成" IN identifiers'
    t =    11.70s     Check for interrupting elements affecting "完成" Button
    t =    11.72s         Requesting snapshot of accessibility hierarchy for app with pid 16361
    t =    11.76s         Find: Descendants matching predicate identifier == "NotificationShortLookView" OR elementType == 7
    t =    11.76s Failed to construct element query matching interruption. Interrupting element Alert, identifier: 'modal-输出选项', foreground application Target Application 'com.xiaolongxu.PaperFlow', element application: (null). If your test failed after this unhandled interruption, please file a bug and attach your .xcresult bundle.
    t =    11.77s     Synthesize event
    t =    12.10s     Wait for com.xiaolongxu.PaperFlow to idle
    t =    12.12s Waiting 5.0s for "scan-review-finish" Button to exist
    t =    13.15s     Checking `Expect predicate `existsNoRetry == 1` for object "scan-review-finish" Button`
    t =    13.15s         Checking existence of `"scan-review-finish" Button`
    t =    13.16s             Requesting snapshot of accessibility hierarchy for app with pid 16361
    t =    13.25s             Find: Descendants matching type Button
    t =    13.25s             Find: Elements matching predicate '"scan-review-finish" IN identifiers'
    t =    13.26s Tap "调整第 1 页边缘与颜色" Button
    t =    13.26s     Wait for com.xiaolongxu.PaperFlow to idle
    t =    13.26s     Find the "调整第 1 页边缘与颜色" Button
    t =    13.27s         Requesting snapshot of accessibility hierarchy for app with pid 16361
    t =    13.32s         Find: Descendants matching type Button
    t =    13.33s         Find: Elements matching predicate '"调整第 1 页边缘与颜色" IN identifiers'
    t =    13.33s     Check for interrupting elements affecting "调整第 1 页边缘与颜色" Button
    t =    13.35s         Requesting snapshot of accessibility hierarchy for app with pid 16361
    t =    13.40s         Find: Descendants matching predicate identifier == "NotificationShortLookView" OR elementType == 7
    t =    13.40s Failed to construct element query matching interruption. Interrupting element Alert, identifier: 'modal-扫描页面', foreground application Target Application 'com.xiaolongxu.PaperFlow', element application: (null). If your test failed after this unhandled interruption, please file a bug and attach your .xcresult bundle.
    t =    13.41s     Synthesize event
    t =    13.70s     Wait for com.xiaolongxu.PaperFlow to idle
    t =    13.72s Waiting 5.0s for "应用裁剪与增强" Button to exist
    t =    14.73s     Checking `Expect predicate `existsNoRetry == 1` for object "应用裁剪与增强" Button`
    t =    14.73s         Checking existence of `"应用裁剪与增强" Button`
    t =    14.74s             Requesting snapshot of accessibility hierarchy for app with pid 16361
    t =    14.80s             Find: Descendants matching type Button
    t =    14.81s             Find: Elements matching predicate '"应用裁剪与增强" IN identifiers'
    t =    14.81s Tap "应用裁剪与增强" Button
    t =    14.81s     Wait for com.xiaolongxu.PaperFlow to idle
    t =    14.82s     Find the "应用裁剪与增强" Button
    t =    14.83s         Requesting snapshot of accessibility hierarchy for app with pid 16361
    t =    14.88s         Find: Descendants matching type Button
    t =    14.89s         Find: Elements matching predicate '"应用裁剪与增强" IN identifiers'
    t =    14.89s     Check for interrupting elements affecting "应用裁剪与增强" Button
    t =    14.91s         Requesting snapshot of accessibility hierarchy for app with pid 16361
    t =    14.96s         Find: Descendants matching predicate identifier == "NotificationShortLookView" OR elementType == 7
    t =    14.96s Failed to construct element query matching interruption. Interrupting element Alert, identifier: 'modal-调整边缘', foreground application Target Application 'com.xiaolongxu.PaperFlow', element application: (null). If your test failed after this unhandled interruption, please file a bug and attach your .xcresult bundle.
    t =    14.97s     Synthesize event
    t =    15.02s         Scroll element to visible
    t =    15.02s         Find the "应用裁剪与增强" Button
    t =    15.03s             Requesting snapshot of accessibility hierarchy for app with pid 16361
    t =    15.06s             Find: Descendants matching type Button
    t =    15.06s             Find: Elements matching predicate '"应用裁剪与增强" IN identifiers'
    t =    15.09s         Computed hit point {56.600000515580177, 745.40000006556511} after scrolling to visible
    t =    15.38s     Wait for com.xiaolongxu.PaperFlow to idle
    t =    15.40s Waiting 5.0s for "scan-review-finish" Button to exist
    t =    16.41s     Checking `Expect predicate `existsNoRetry == 1` for object "scan-review-finish" Button`
    t =    16.42s         Checking existence of `"scan-review-finish" Button`
    t =    16.43s             Requesting snapshot of accessibility hierarchy for app with pid 16361
    t =    16.51s             Find: Descendants matching type Button
    t =    16.51s             Find: Elements matching predicate '"scan-review-finish" IN identifiers'
    t =    16.52s Tap "第 1 页更多操作" Button
    t =    16.52s     Wait for com.xiaolongxu.PaperFlow to idle
    t =    16.52s     Find the "第 1 页更多操作" Button
    t =    16.53s         Requesting snapshot of accessibility hierarchy for app with pid 16361
    t =    16.59s         Find: Descendants matching type Button
    t =    16.59s         Find: Elements matching predicate '"第 1 页更多操作" IN identifiers'
    t =    16.59s     Check for interrupting elements affecting "第 1 页更多操作" Button
    t =    16.61s         Requesting snapshot of accessibility hierarchy for app with pid 16361
    t =    16.66s         Find: Descendants matching predicate identifier == "NotificationShortLookView" OR elementType == 7
    t =    16.66s Failed to construct element query matching interruption. Interrupting element Alert, identifier: 'modal-扫描页面', foreground application Target Application 'com.xiaolongxu.PaperFlow', element application: (null). If your test failed after this unhandled interruption, please file a bug and attach your .xcresult bundle.
    t =    16.67s     Synthesize event
    t =    16.98s     Wait for com.xiaolongxu.PaperFlow to idle
    t =    17.85s Tap "重拍此页" Button
    t =    17.85s     Wait for com.xiaolongxu.PaperFlow to idle
    t =    17.86s     Find the "重拍此页" Button
    t =    17.87s         Requesting snapshot of accessibility hierarchy for app with pid 16361
    t =    17.97s         Find: Descendants matching type Button
    t =    17.97s         Find: Elements matching predicate '"重拍此页" IN identifiers'
    t =    17.97s     Check for interrupting elements affecting "重拍此页" Button
    t =    18.00s         Requesting snapshot of accessibility hierarchy for app with pid 16361
    t =    18.05s         Find: Descendants matching predicate identifier == "NotificationShortLookView" OR elementType == 7
    t =    18.06s Failed to construct element query matching interruption. Interrupting element Alert, identifier: 'modal-扫描页面', foreground application Target Application 'com.xiaolongxu.PaperFlow', element application: (null). If your test failed after this unhandled interruption, please file a bug and attach your .xcresult bundle.
    t =    18.06s     Synthesize event
    t =    18.37s     Wait for com.xiaolongxu.PaperFlow to idle
    t =    19.45s Waiting 5.0s for "取消重拍" Button to exist
    t =    20.45s     Checking `Expect predicate `existsNoRetry == 1` for object "取消重拍" Button`
    t =    20.46s         Checking existence of `"取消重拍" Button`
    t =    20.46s             Requesting snapshot of accessibility hierarchy for app with pid 16361
    t =    20.49s             Find: Descendants matching type Button
    t =    20.50s             Find: Elements matching predicate '"取消重拍" IN identifiers'
    t =    20.50s Find the "scan-finish" Button
    t =    20.51s     Requesting snapshot of accessibility hierarchy for app with pid 16361
    t =    20.54s     Find: Descendants matching type Button
    t =    20.55s     Find: Elements matching predicate '"scan-finish" IN identifiers'
    t =    20.55s Tap "取消重拍" Button
    t =    20.55s     Wait for com.xiaolongxu.PaperFlow to idle
    t =    20.55s     Find the "取消重拍" Button
    t =    20.56s         Requesting snapshot of accessibility hierarchy for app with pid 16361
    t =    20.58s         Find: Descendants matching type Button
    t =    20.59s         Find: Elements matching predicate '"取消重拍" IN identifiers'
    t =    20.59s     Check for interrupting elements affecting "取消重拍" Button
    t =    20.61s         Requesting snapshot of accessibility hierarchy for app with pid 16361
    t =    20.63s         Find: Descendants matching predicate identifier == "NotificationShortLookView" OR elementType == 7
    t =    20.63s     Synthesize event
    t =    20.93s     Wait for com.xiaolongxu.PaperFlow to idle
    t =    20.94s Find the "scan-finish" Button
    t =    20.95s     Requesting snapshot of accessibility hierarchy for app with pid 16361
    t =    20.97s     Find: Descendants matching type Button
    t =    20.97s     Find: Elements matching predicate '"scan-finish" IN identifiers'
    t =    20.98s Tap "scan-back" Button
    t =    20.98s     Wait for com.xiaolongxu.PaperFlow to idle
    t =    20.99s     Find the "scan-back" Button
    t =    20.99s         Requesting snapshot of accessibility hierarchy for app with pid 16361
    t =    21.01s         Find: Descendants matching type Button
    t =    21.01s         Find: Elements matching predicate '"scan-back" IN identifiers'
    t =    21.01s     Check for interrupting elements affecting "scan-back" Button
    t =    21.03s         Requesting snapshot of accessibility hierarchy for app with pid 16361
    t =    21.05s         Find: Descendants matching predicate identifier == "NotificationShortLookView" OR elementType == 7
    t =    21.06s     Synthesize event
    t =    21.36s     Wait for com.xiaolongxu.PaperFlow to idle
    t =    21.37s Waiting 10.0s for "继续草稿" Button to exist
    t =    22.40s     Checking `Expect predicate `existsNoRetry == 1` for object "继续草稿" Button`
    t =    22.40s         Checking existence of `"继续草稿" Button`
    t =    22.41s             Requesting snapshot of accessibility hierarchy for app with pid 16361
    t =    22.49s             Find: Descendants matching type Button
    t =    22.50s             Find: Elements matching predicate '"继续草稿" IN identifiers'
    t =    22.50s Tap "继续草稿" Button
    t =    22.50s     Wait for com.xiaolongxu.PaperFlow to idle
    t =    22.51s     Find the "继续草稿" Button
    t =    22.52s         Requesting snapshot of accessibility hierarchy for app with pid 16361
    t =    22.57s         Find: Descendants matching type Button
    t =    22.57s         Find: Elements matching predicate '"继续草稿" IN identifiers'
    t =    22.57s     Check for interrupting elements affecting "继续草稿" Button
    t =    22.59s         Requesting snapshot of accessibility hierarchy for app with pid 16361
    t =    22.65s         Find: Descendants matching predicate identifier == "NotificationShortLookView" OR elementType == 7
    t =    22.66s     Synthesize event
    t =    22.96s     Wait for com.xiaolongxu.PaperFlow to idle
    t =    22.97s Checking existence of `Window (First Match)`
    t =    22.98s     Requesting snapshot of accessibility hierarchy for app with pid 16361
    t =    23.00s Find the Window (First Match)
    t =    23.00s     Requesting snapshot of accessibility hierarchy for app with pid 16361
    t =    23.15s Added attachment named 'scan-simple-two-pages'
    t =    23.15s Tap "scan-finish" Button
    t =    23.15s     Wait for com.xiaolongxu.PaperFlow to idle
    t =    23.15s     Find the "scan-finish" Button
    t =    23.15s         Requesting snapshot of accessibility hierarchy for app with pid 16361
    t =    23.17s         Find: Descendants matching type Button
    t =    23.17s         Find: Elements matching predicate '"scan-finish" IN identifiers'
    t =    23.17s     Check for interrupting elements affecting "scan-finish" Button
    t =    23.19s         Requesting snapshot of accessibility hierarchy for app with pid 16361
    t =    23.21s         Find: Descendants matching predicate identifier == "NotificationShortLookView" OR elementType == 7
    t =    23.21s     Synthesize event
    t =    23.50s     Wait for com.xiaolongxu.PaperFlow to idle
    t =    23.51s Waiting 30.0s for "result-save" Button to exist
    t =    24.53s     Checking `Expect predicate `existsNoRetry == 1` for object "result-save" Button`
    t =    24.53s         Checking existence of `"result-save" Button`
    t =    24.54s             Requesting snapshot of accessibility hierarchy for app with pid 16361
    t =    24.60s             Find: Descendants matching type Button
    t =    24.60s             Find: Elements matching predicate '"result-save" IN identifiers'
    t =    24.61s Checking existence of `Window (First Match)`
    t =    24.61s     Requesting snapshot of accessibility hierarchy for app with pid 16361
    t =    24.66s Find the Window (First Match)
    t =    24.66s     Requesting snapshot of accessibility hierarchy for app with pid 16361
    t =    24.83s Added attachment named 'scan-simple-pdf-result'
    t =    24.84s Tap "结果更多操作" Button
    t =    24.84s     Wait for com.xiaolongxu.PaperFlow to idle
    t =    24.84s     Find the "结果更多操作" Button
    t =    24.84s         Requesting snapshot of accessibility hierarchy for app with pid 16361
    t =    24.88s         Find: Descendants matching type Button
    t =    24.88s         Find: Elements matching predicate '"结果更多操作" IN identifiers'
    t =    24.88s     Check for interrupting elements affecting "结果更多操作" Button
    t =    24.90s         Requesting snapshot of accessibility hierarchy for app with pid 16361
    t =    24.93s         Find: Descendants matching predicate identifier == "NotificationShortLookView" OR elementType == 7
    t =    24.94s Failed to construct element query matching interruption. Interrupting element Alert, identifier: 'modal-已生成新文件', foreground application Target Application 'com.xiaolongxu.PaperFlow', element application: (null). If your test failed after this unhandled interruption, please file a bug and attach your .xcresult bundle.
    t =    24.94s     Synthesize event
    t =    24.97s         Scroll element to visible
    t =    24.97s         Find the "结果更多操作" Button
    t =    24.97s             Requesting snapshot of accessibility hierarchy for app with pid 16361
    t =    25.00s             Find: Descendants matching type Button
    t =    25.00s             Find: Elements matching predicate '"结果更多操作" IN identifiers'
    t =    25.03s         Computed hit point {-1, -1} after scrolling to visible
    t =    25.32s     Wait for com.xiaolongxu.PaperFlow to idle
    t =    26.14s Tap "打开新文件" Button
    t =    26.14s     Wait for com.xiaolongxu.PaperFlow to idle
    t =    26.16s     Find the "打开新文件" Button
    t =    26.16s         Requesting snapshot of accessibility hierarchy for app with pid 16361
    t =    26.24s         Find: Descendants matching type Button
    t =    26.24s         Find: Elements matching predicate '"打开新文件" IN identifiers'
    t =    26.24s     Check for interrupting elements affecting "打开新文件" Button
    t =    26.27s         Requesting snapshot of accessibility hierarchy for app with pid 16361
    t =    26.33s         Find: Descendants matching predicate identifier == "NotificationShortLookView" OR elementType == 7
    t =    26.33s Failed to construct element query matching interruption. Interrupting element Alert, identifier: 'modal-已生成新文件', foreground application Target Application 'com.xiaolongxu.PaperFlow', element application: (null). If your test failed after this unhandled interruption, please file a bug and attach your .xcresult bundle.
    t =    26.34s     Synthesize event
    t =    26.65s     Wait for com.xiaolongxu.PaperFlow to idle
    t =    27.73s Waiting 10.0s for "page-reader" Any to exist
    t =    28.75s     Checking `Expect predicate `existsNoRetry == 1` for object "page-reader" Any`
    t =    28.75s         Checking existence of `"page-reader" Any`
    t =    28.75s             Requesting snapshot of accessibility hierarchy for app with pid 16361
    t =    28.83s             Find: Descendants matching type Any
    t =    28.83s             Find: Elements matching predicate '"page-reader" IN identifiers'
    t =    28.84s Tear Down
Test Case '-[PaperFlowUITests.PaperFlowUITests testScanReviewRetakeCancelDraftAndPDFOutput]' passed (28.863 seconds).
Test Case '-[PaperFlowUITests.PaperFlowUITests testSignaturePadKeepsSaveVisibleInLandscape]' started.
    t =     0.00s Start Test at 2026-10-04 14:53:02.489
    t =     0.02s Set Up
    t =     0.03s Setting device orientation to Portrait
    t =     0.04s     Wait for com.xiaolongxu.PaperFlow to idle
    t =     0.05s Open com.xiaolongxu.PaperFlow
    t =     0.05s     Launch com.xiaolongxu.PaperFlow
    t =     0.05s         Terminate com.xiaolongxu.PaperFlow:16361
2026-10-04 14:53:03.485 xcodebuild[8067:5717527] [MT] IDELaunchParametersSnapshot: debugger version lookup failed for path '<nil>': noURL
2026-10-04 14:53:03.485 xcodebuild[8067:5717527] [MT] IDELaunchParametersSnapshot: no debugger version
    t =     1.32s         Setting up automation session
    t =     1.66s         Wait for com.xiaolongxu.PaperFlow to idle
    t =     2.81s Waiting 15.0s for "添加签名" Button to exist
    t =     3.83s     Checking `Expect predicate `existsNoRetry == 1` for object "添加签名" Button`
    t =     3.83s         Checking existence of `"添加签名" Button`
    t =     3.84s             Requesting snapshot of accessibility hierarchy for app with pid 16364
    t =     3.90s             Find: Descendants matching type Button
    t =     3.90s             Find: Elements matching predicate '"添加签名" IN identifiers'
    t =     3.91s Tap "添加签名" Button
    t =     3.91s     Wait for com.xiaolongxu.PaperFlow to idle
    t =     3.92s     Find the "添加签名" Button
    t =     3.93s         Requesting snapshot of accessibility hierarchy for app with pid 16364
    t =     3.96s         Find: Descendants matching type Button
    t =     3.96s         Find: Elements matching predicate '"添加签名" IN identifiers'
    t =     3.96s     Check for interrupting elements affecting "添加签名" Button
    t =     3.98s         Requesting snapshot of accessibility hierarchy for app with pid 16364
    t =     4.02s         Find: Descendants matching predicate identifier == "NotificationShortLookView" OR elementType == 7
    t =     4.02s     Synthesize event
    t =     4.32s     Wait for com.xiaolongxu.PaperFlow to idle
    t =     4.33s Setting device orientation to Landscape Left
    t =     4.34s     Device orientation changed to Landscape Left
    t =     4.38s     Interface orientation changed to Landscape Right
    t =     4.41s     Wait for com.xiaolongxu.PaperFlow to idle
    t =     5.47s Checking `Expect predicate `BLOCKPREDICATE(0x113e65110)` for object Window (First Match)`
    t =     5.47s     Find the Window (First Match)
    t =     5.48s         Requesting snapshot of accessibility hierarchy for app with pid 16364
    t =     5.59s     Find the Window at {{0.0, 0.0}, {844.0, 390.0}}
    t =     5.59s         Requesting snapshot of accessibility hierarchy for app with pid 16364
    t =     5.66s Find the "signature-save" Button
    t =     5.66s     Requesting snapshot of accessibility hierarchy for app with pid 16364
    t =     5.72s     Find: Descendants matching type Button
    t =     5.73s     Find: Elements matching predicate '"signature-save" IN identifiers'
    t =     5.76s Find the Window at {{0.0, 0.0}, {844.0, 390.0}}
    t =     5.76s     Requesting snapshot of accessibility hierarchy for app with pid 16364
    t =     5.81s Find the "signature-save" Button
    t =     5.82s     Requesting snapshot of accessibility hierarchy for app with pid 16364
    t =     5.86s     Find: Descendants matching type Button
    t =     5.86s     Find: Elements matching predicate '"signature-save" IN identifiers'
    t =     5.87s Checking existence of `"signature-canvas" Any`
    t =     5.87s     Requesting snapshot of accessibility hierarchy for app with pid 16364
    t =     5.92s Find the "signature-canvas" Any
    t =     5.92s     Requesting snapshot of accessibility hierarchy for app with pid 16364
    t =     5.98s Find the Window at {{0.0, 0.0}, {844.0, 390.0}}
    t =     5.98s     Requesting snapshot of accessibility hierarchy for app with pid 16364
    t =     6.03s Find the Window at {{0.0, 0.0}, {844.0, 390.0}}
    t =     6.03s     Requesting snapshot of accessibility hierarchy for app with pid 16364
    t =     6.07s Find the Window at {{0.0, 0.0}, {844.0, 390.0}}
    t =     6.07s     Requesting snapshot of accessibility hierarchy for app with pid 16364
    t =     6.11s Find the "signature-save" Button
    t =     6.12s     Requesting snapshot of accessibility hierarchy for app with pid 16364
    t =     6.16s     Find: Descendants matching type Button
    t =     6.16s     Find: Elements matching predicate '"signature-save" IN identifiers'
    t =     6.17s Find the Window at {{0.0, 0.0}, {844.0, 390.0}}
    t =     6.17s     Requesting snapshot of accessibility hierarchy for app with pid 16364
    t =     6.22s Checking existence of `Window (First Match)`
    t =     6.22s     Requesting snapshot of accessibility hierarchy for app with pid 16364
    t =     6.26s Find the Window (First Match)
    t =     6.26s     Requesting snapshot of accessibility hierarchy for app with pid 16364
    t =     6.41s Added attachment named 'simple-signature-pad-landscape'
    t =     6.41s Setting device orientation to Portrait
    t =     6.41s     Device orientation changed to Portrait
    t =     6.45s     Interface orientation changed to Portrait
    t =     6.47s     Wait for com.xiaolongxu.PaperFlow to idle
    t =     6.50s Tear Down
Test Case '-[PaperFlowUITests.PaperFlowUITests testSignaturePadKeepsSaveVisibleInLandscape]' passed (6.508 seconds).
Test Case '-[PaperFlowUITests.PaperFlowUITests testSimplifiedTaskActionsRemainVisibleInPortraitLandscapeAndLargeText]' started.
    t =     0.00s Start Test at 2026-10-04 14:53:08.998
    t =     0.02s Set Up
    t =     0.02s Setting device orientation to Portrait
    t =     0.02s     Wait for com.xiaolongxu.PaperFlow to idle
    t =     0.30s Open com.xiaolongxu.PaperFlow
    t =     0.31s     Launch com.xiaolongxu.PaperFlow
    t =     0.31s         Terminate com.xiaolongxu.PaperFlow:16364
2026-10-04 14:53:10.302 xcodebuild[8067:5717527] [MT] IDELaunchParametersSnapshot: debugger version lookup failed for path '<nil>': noURL
2026-10-04 14:53:10.302 xcodebuild[8067:5717527] [MT] IDELaunchParametersSnapshot: no debugger version
    t =     1.63s         Setting up automation session
    t =     1.97s         Wait for com.xiaolongxu.PaperFlow to idle
    t =     3.11s Waiting 15.0s for "organize-export" Button to exist
    t =     4.14s     Checking `Expect predicate `existsNoRetry == 1` for object "organize-export" Button`
    t =     4.14s         Checking existence of `"organize-export" Button`
    t =     4.15s             Requesting snapshot of accessibility hierarchy for app with pid 16365
    t =     4.25s             Find: Descendants matching type Button
    t =     4.26s             Find: Elements matching predicate '"organize-export" IN identifiers'
    t =     4.26s Find the Window (First Match)
    t =     4.27s     Requesting snapshot of accessibility hierarchy for app with pid 16365
    t =     4.31s Find the "organize-export" Button
    t =     4.32s     Requesting snapshot of accessibility hierarchy for app with pid 16365
    t =     4.35s     Find: Descendants matching type Button
    t =     4.36s     Find: Elements matching predicate '"organize-export" IN identifiers'
    t =     4.36s Find the "organize-export" Button
    t =     4.37s     Requesting snapshot of accessibility hierarchy for app with pid 16365
    t =     4.40s     Find: Descendants matching type Button
    t =     4.40s     Find: Elements matching predicate '"organize-export" IN identifiers'
    t =     4.41s Checking existence of `Window (First Match)`
    t =     4.41s     Requesting snapshot of accessibility hierarchy for app with pid 16365
    t =     4.45s Find the Window (First Match)
    t =     4.45s     Requesting snapshot of accessibility hierarchy for app with pid 16365
    t =     4.60s Added attachment named 'simple-organize-large-text'
    t =     4.60s Setting device orientation to Landscape Left
    t =     4.60s     Device orientation changed to Landscape Left
    t =     4.67s     Interface orientation changed to Landscape Right
    t =     4.68s     Wait for com.xiaolongxu.PaperFlow to idle
    t =     5.71s Checking `Expect predicate `BLOCKPREDICATE(0x113e64f00)` for object Window (First Match)`
    t =     5.71s     Find the Window (First Match)
    t =     5.72s         Requesting snapshot of accessibility hierarchy for app with pid 16365
    t =     5.82s     Find the Window at {{0.0, 0.0}, {844.0, 390.0}}
    t =     5.83s         Requesting snapshot of accessibility hierarchy for app with pid 16365
    t =     5.91s Find the Window at {{0.0, 0.0}, {844.0, 390.0}}
    t =     5.91s     Requesting snapshot of accessibility hierarchy for app with pid 16365
    t =     5.97s Find the "organize-export" Button
    t =     5.98s     Requesting snapshot of accessibility hierarchy for app with pid 16365
    t =     6.03s     Find: Descendants matching type Button
    t =     6.03s     Find: Elements matching predicate '"organize-export" IN identifiers'
    t =     6.04s Find the "organize-export" Button
    t =     6.04s     Requesting snapshot of accessibility hierarchy for app with pid 16365
    t =     6.08s     Find: Descendants matching type Button
    t =     6.09s     Find: Elements matching predicate '"organize-export" IN identifiers'
    t =     6.10s Find the "organize-export" Button
    t =     6.10s     Requesting snapshot of accessibility hierarchy for app with pid 16365
    t =     6.14s     Find: Descendants matching type Button
    t =     6.14s     Find: Elements matching predicate '"organize-export" IN identifiers'
    t =     6.15s Checking existence of `Window (First Match)`
    t =     6.15s     Requesting snapshot of accessibility hierarchy for app with pid 16365
    t =     6.19s Find the Window (First Match)
    t =     6.19s     Requesting snapshot of accessibility hierarchy for app with pid 16365
    t =     6.36s Added attachment named 'simple-organize-landscape'
    t =     6.36s Terminate com.xiaolongxu.PaperFlow:16365
    t =     6.43s     Interface orientation changed to Portrait
    t =     7.45s Setting device orientation to Portrait
    t =     7.46s     Device orientation changed to Portrait
    t =     7.49s     Wait for com.apple.springboard to idle
    t =     7.50s Open com.xiaolongxu.PaperFlow
    t =     7.50s     Launch com.xiaolongxu.PaperFlow
2026-10-04 14:53:16.429 xcodebuild[8067:5717527] [MT] IDELaunchParametersSnapshot: debugger version lookup failed for path '<nil>': noURL
2026-10-04 14:53:16.429 xcodebuild[8067:5717527] [MT] IDELaunchParametersSnapshot: no debugger version
    t =     7.76s         Setting up automation session
    t =     8.07s         Wait for com.xiaolongxu.PaperFlow to idle
    t =     9.22s Waiting 15.0s for "sign-export" Button to exist
    t =    10.24s     Checking `Expect predicate `existsNoRetry == 1` for object "sign-export" Button`
    t =    10.25s         Checking existence of `"sign-export" Button`
    t =    10.25s             Requesting snapshot of accessibility hierarchy for app with pid 16366
    t =    10.32s             Find: Descendants matching type Button
    t =    10.32s             Find: Elements matching predicate '"sign-export" IN identifiers'
    t =    10.33s Find the Window (First Match)
    t =    10.33s     Requesting snapshot of accessibility hierarchy for app with pid 16366
    t =    10.38s Find the "sign-export" Button
    t =    10.38s     Requesting snapshot of accessibility hierarchy for app with pid 16366
    t =    10.41s     Find: Descendants matching type Button
    t =    10.42s     Find: Elements matching predicate '"sign-export" IN identifiers'
    t =    10.43s Find the "sign-export" Button
    t =    10.43s     Requesting snapshot of accessibility hierarchy for app with pid 16366
    t =    10.46s     Find: Descendants matching type Button
    t =    10.46s     Find: Elements matching predicate '"sign-export" IN identifiers'
    t =    10.47s Checking existence of `Window (First Match)`
    t =    10.47s     Requesting snapshot of accessibility hierarchy for app with pid 16366
    t =    10.50s Find the Window (First Match)
    t =    10.50s     Requesting snapshot of accessibility hierarchy for app with pid 16366
    t =    10.64s Added attachment named 'simple-sign-large-text'
    t =    10.65s Setting device orientation to Landscape Left
    t =    10.65s     Device orientation changed to Landscape Left
    t =    10.69s     Interface orientation changed to Landscape Right
    t =    10.72s     Wait for com.xiaolongxu.PaperFlow to idle
    t =    11.77s Checking `Expect predicate `BLOCKPREDICATE(0x113e65ad0)` for object Window (First Match)`
    t =    11.77s     Find the Window (First Match)
    t =    11.78s         Requesting snapshot of accessibility hierarchy for app with pid 16366
    t =    11.87s     Find the Window at {{0.0, 0.0}, {844.0, 390.0}}
    t =    11.87s         Requesting snapshot of accessibility hierarchy for app with pid 16366
    t =    11.93s Find the Window at {{0.0, 0.0}, {844.0, 390.0}}
    t =    11.94s     Requesting snapshot of accessibility hierarchy for app with pid 16366
    t =    11.98s Find the "sign-export" Button
    t =    11.98s     Requesting snapshot of accessibility hierarchy for app with pid 16366
    t =    12.03s     Find: Descendants matching type Button
    t =    12.03s     Find: Elements matching predicate '"sign-export" IN identifiers'
    t =    12.04s Find the "sign-export" Button
    t =    12.04s     Requesting snapshot of accessibility hierarchy for app with pid 16366
    t =    12.07s     Find: Descendants matching type Button
    t =    12.07s     Find: Elements matching predicate '"sign-export" IN identifiers'
    t =    12.08s Find the "sign-export" Button
    t =    12.08s     Requesting snapshot of accessibility hierarchy for app with pid 16366
    t =    12.12s     Find: Descendants matching type Button
    t =    12.12s     Find: Elements matching predicate '"sign-export" IN identifiers'
    t =    12.12s Waiting 10.0s for "document-page-image" Image to exist
    t =    13.15s     Checking `Expect predicate `existsNoRetry == 1` for object "document-page-image" Image`
    t =    13.15s         Checking existence of `"document-page-image" Image`
    t =    13.16s             Requesting snapshot of accessibility hierarchy for app with pid 16366
    t =    13.23s Find the "document-page-image" Image
    t =    13.23s     Requesting snapshot of accessibility hierarchy for app with pid 16366
    t =    13.28s Checking existence of `Window (First Match)`
    t =    13.28s     Requesting snapshot of accessibility hierarchy for app with pid 16366
    t =    13.32s Find the Window (First Match)
    t =    13.32s     Requesting snapshot of accessibility hierarchy for app with pid 16366
    t =    13.49s Added attachment named 'simple-sign-landscape'
    t =    13.49s Terminate com.xiaolongxu.PaperFlow:16366
    t =    13.57s     Interface orientation changed to Portrait
    t =    14.50s Setting device orientation to Portrait
    t =    14.51s     Device orientation changed to Portrait
    t =    14.54s     Wait for com.apple.springboard to idle
    t =    14.56s Open com.xiaolongxu.PaperFlow
    t =    14.56s     Launch com.xiaolongxu.PaperFlow
2026-10-04 14:53:23.483 xcodebuild[8067:5717527] [MT] IDELaunchParametersSnapshot: debugger version lookup failed for path '<nil>': noURL
2026-10-04 14:53:23.483 xcodebuild[8067:5717527] [MT] IDELaunchParametersSnapshot: no debugger version
    t =    14.80s         Setting up automation session
    t =    15.14s         Wait for com.xiaolongxu.PaperFlow to idle
    t =    16.28s Waiting 15.0s for "redact-export" Button to exist
    t =    17.31s     Checking `Expect predicate `existsNoRetry == 1` for object "redact-export" Button`
    t =    17.31s         Checking existence of `"redact-export" Button`
    t =    17.32s             Requesting snapshot of accessibility hierarchy for app with pid 16367
    t =    17.40s             Find: Descendants matching type Button
    t =    17.40s             Find: Elements matching predicate '"redact-export" IN identifiers'
    t =    17.41s Find the Window (First Match)
    t =    17.41s     Requesting snapshot of accessibility hierarchy for app with pid 16367
    t =    17.45s Find the "redact-export" Button
    t =    17.46s     Requesting snapshot of accessibility hierarchy for app with pid 16367
    t =    17.49s     Find: Descendants matching type Button
    t =    17.49s     Find: Elements matching predicate '"redact-export" IN identifiers'
    t =    17.50s Find the "redact-export" Button
    t =    17.50s     Requesting snapshot of accessibility hierarchy for app with pid 16367
    t =    17.53s     Find: Descendants matching type Button
    t =    17.53s     Find: Elements matching predicate '"redact-export" IN identifiers'
    t =    17.54s Checking existence of `Window (First Match)`
    t =    17.54s     Requesting snapshot of accessibility hierarchy for app with pid 16367
    t =    17.58s Find the Window (First Match)
    t =    17.58s     Requesting snapshot of accessibility hierarchy for app with pid 16367
    t =    17.74s Added attachment named 'simple-redact-large-text'
    t =    17.74s Setting device orientation to Landscape Left
    t =    17.74s     Device orientation changed to Landscape Left
    t =    17.79s     Interface orientation changed to Landscape Right
    t =    17.82s     Wait for com.xiaolongxu.PaperFlow to idle
    t =    18.85s Checking `Expect predicate `BLOCKPREDICATE(0x113e66d30)` for object Window (First Match)`
    t =    18.85s     Find the Window (First Match)
    t =    18.85s         Requesting snapshot of accessibility hierarchy for app with pid 16367
    t =    18.93s     Find the Window at {{0.0, 0.0}, {844.0, 390.0}}
    t =    18.94s         Requesting snapshot of accessibility hierarchy for app with pid 16367
    t =    18.99s Find the Window at {{0.0, 0.0}, {844.0, 390.0}}
    t =    19.00s     Requesting snapshot of accessibility hierarchy for app with pid 16367
    t =    19.05s Find the "redact-export" Button
    t =    19.05s     Requesting snapshot of accessibility hierarchy for app with pid 16367
    t =    19.09s     Find: Descendants matching type Button
    t =    19.09s     Find: Elements matching predicate '"redact-export" IN identifiers'
    t =    19.10s Find the "redact-export" Button
    t =    19.10s     Requesting snapshot of accessibility hierarchy for app with pid 16367
    t =    19.14s     Find: Descendants matching type Button
    t =    19.14s     Find: Elements matching predicate '"redact-export" IN identifiers'
    t =    19.15s Find the "redact-export" Button
    t =    19.15s     Requesting snapshot of accessibility hierarchy for app with pid 16367
    t =    19.19s     Find: Descendants matching type Button
    t =    19.19s     Find: Elements matching predicate '"redact-export" IN identifiers'
    t =    19.19s Checking existence of `Window (First Match)`
    t =    19.20s     Requesting snapshot of accessibility hierarchy for app with pid 16367
    t =    19.23s Find the Window (First Match)
    t =    19.24s     Requesting snapshot of accessibility hierarchy for app with pid 16367
    t =    19.40s Added attachment named 'simple-redact-landscape'
    t =    19.40s Terminate com.xiaolongxu.PaperFlow:16367
    t =    19.47s     Interface orientation changed to Portrait
    t =    20.49s Setting device orientation to Portrait
    t =    20.51s     Device orientation changed to Portrait
    t =    20.53s     Wait for com.apple.springboard to idle
    t =    20.54s Open com.xiaolongxu.PaperFlow
2026-10-04 14:53:29.470 xcodebuild[8067:5717527] [MT] IDELaunchParametersSnapshot: debugger version lookup failed for path '<nil>': noURL
2026-10-04 14:53:29.470 xcodebuild[8067:5717527] [MT] IDELaunchParametersSnapshot: no debugger version
    t =    20.55s     Launch com.xiaolongxu.PaperFlow
    t =    20.79s         Setting up automation session
    t =    21.09s         Wait for com.xiaolongxu.PaperFlow to idle
    t =    22.25s Waiting 15.0s for "numbers-export" Button to exist
    t =    23.28s     Checking `Expect predicate `existsNoRetry == 1` for object "numbers-export" Button`
    t =    23.28s         Checking existence of `"numbers-export" Button`
    t =    23.29s             Requesting snapshot of accessibility hierarchy for app with pid 16368
    t =    23.39s             Find: Descendants matching type Button
    t =    23.39s             Find: Elements matching predicate '"numbers-export" IN identifiers'
    t =    23.39s Find the Window (First Match)
    t =    23.40s     Requesting snapshot of accessibility hierarchy for app with pid 16368
    t =    23.44s Find the "numbers-export" Button
    t =    23.44s     Requesting snapshot of accessibility hierarchy for app with pid 16368
    t =    23.48s     Find: Descendants matching type Button
    t =    23.48s     Find: Elements matching predicate '"numbers-export" IN identifiers'
    t =    23.49s Find the "numbers-export" Button
    t =    23.50s     Requesting snapshot of accessibility hierarchy for app with pid 16368
    t =    23.53s     Find: Descendants matching type Button
    t =    23.53s     Find: Elements matching predicate '"numbers-export" IN identifiers'
    t =    23.54s Checking existence of `Window (First Match)`
    t =    23.55s     Requesting snapshot of accessibility hierarchy for app with pid 16368
    t =    23.58s Find the Window (First Match)
    t =    23.58s     Requesting snapshot of accessibility hierarchy for app with pid 16368
    t =    23.73s Added attachment named 'simple-numbers-large-text'
    t =    23.73s Setting device orientation to Landscape Left
    t =    23.74s     Device orientation changed to Landscape Left
    t =    23.81s     Interface orientation changed to Landscape Right
    t =    23.81s     Wait for com.xiaolongxu.PaperFlow to idle
    t =    24.87s Checking `Expect predicate `BLOCKPREDICATE(0x113e66820)` for object Window (First Match)`
    t =    24.87s     Find the Window (First Match)
    t =    24.87s         Requesting snapshot of accessibility hierarchy for app with pid 16368
    t =    24.96s     Find the Window at {{0.0, 0.0}, {844.0, 390.0}}
    t =    24.96s         Requesting snapshot of accessibility hierarchy for app with pid 16368
    t =    25.03s Find the Window at {{0.0, 0.0}, {844.0, 390.0}}
    t =    25.03s     Requesting snapshot of accessibility hierarchy for app with pid 16368
    t =    25.09s Find the "numbers-export" Button
    t =    25.09s     Requesting snapshot of accessibility hierarchy for app with pid 16368
    t =    25.13s     Find: Descendants matching type Button
    t =    25.13s     Find: Elements matching predicate '"numbers-export" IN identifiers'
    t =    25.14s Find the "numbers-export" Button
    t =    25.14s     Requesting snapshot of accessibility hierarchy for app with pid 16368
    t =    25.17s     Find: Descendants matching type Button
    t =    25.18s     Find: Elements matching predicate '"numbers-export" IN identifiers'
    t =    25.18s Find the "numbers-export" Button
    t =    25.19s     Requesting snapshot of accessibility hierarchy for app with pid 16368
    t =    25.22s     Find: Descendants matching type Button
    t =    25.22s     Find: Elements matching predicate '"numbers-export" IN identifiers'
    t =    25.22s Find the "numbers-export" Button
    t =    25.22s     Requesting snapshot of accessibility hierarchy for app with pid 16368
    t =    25.26s     Find: Descendants matching type Button
    t =    25.26s     Find: Elements matching predicate '"numbers-export" IN identifiers'
    t =    25.28s Checking existence of `Window (First Match)`
    t =    25.28s     Requesting snapshot of accessibility hierarchy for app with pid 16368
    t =    25.31s Find the Window (First Match)
    t =    25.32s     Requesting snapshot of accessibility hierarchy for app with pid 16368
    t =    25.46s Added attachment named 'simple-numbers-landscape'
    t =    25.46s Terminate com.xiaolongxu.PaperFlow:16368
    t =    25.54s     Interface orientation changed to Portrait
    t =    26.55s Setting device orientation to Portrait
    t =    26.57s     Device orientation changed to Portrait
    t =    26.60s     Wait for com.apple.springboard to idle
    t =    26.61s Open com.xiaolongxu.PaperFlow
2026-10-04 14:53:35.538 xcodebuild[8067:5717527] [MT] IDELaunchParametersSnapshot: debugger version lookup failed for path '<nil>': noURL
2026-10-04 14:53:35.538 xcodebuild[8067:5717527] [MT] IDELaunchParametersSnapshot: no debugger version
    t =    26.61s     Launch com.xiaolongxu.PaperFlow
    t =    26.86s         Setting up automation session
    t =    27.16s         Wait for com.xiaolongxu.PaperFlow to idle
    t =    28.32s Waiting 15.0s for "watermark-export" Button to exist
    t =    29.36s     Checking `Expect predicate `existsNoRetry == 1` for object "watermark-export" Button`
    t =    29.36s         Checking existence of `"watermark-export" Button`
    t =    29.37s             Requesting snapshot of accessibility hierarchy for app with pid 16369
    t =    29.46s             Find: Descendants matching type Button
    t =    29.46s             Find: Elements matching predicate '"watermark-export" IN identifiers'
    t =    29.47s Find the Window (First Match)
    t =    29.48s     Requesting snapshot of accessibility hierarchy for app with pid 16369
    t =    29.52s Find the "watermark-export" Button
    t =    29.53s     Requesting snapshot of accessibility hierarchy for app with pid 16369
    t =    29.56s     Find: Descendants matching type Button
    t =    29.56s     Find: Elements matching predicate '"watermark-export" IN identifiers'
    t =    29.57s Find the "watermark-export" Button
    t =    29.58s     Requesting snapshot of accessibility hierarchy for app with pid 16369
    t =    29.61s     Find: Descendants matching type Button
    t =    29.61s     Find: Elements matching predicate '"watermark-export" IN identifiers'
    t =    29.62s Checking existence of `Window (First Match)`
    t =    29.62s     Requesting snapshot of accessibility hierarchy for app with pid 16369
    t =    29.66s Find the Window (First Match)
    t =    29.66s     Requesting snapshot of accessibility hierarchy for app with pid 16369
    t =    29.81s Added attachment named 'simple-watermark-large-text'
    t =    29.81s Setting device orientation to Landscape Left
    t =    29.82s     Device orientation changed to Landscape Left
    t =    29.85s     Interface orientation changed to Landscape Right
    t =    29.88s     Wait for com.xiaolongxu.PaperFlow to idle
    t =    30.91s Checking `Expect predicate `BLOCKPREDICATE(0x113e671b0)` for object Window (First Match)`
    t =    30.92s     Find the Window (First Match)
    t =    30.92s         Requesting snapshot of accessibility hierarchy for app with pid 16369
    t =    31.01s     Find the Window at {{0.0, 0.0}, {844.0, 390.0}}
    t =    31.01s         Requesting snapshot of accessibility hierarchy for app with pid 16369
    t =    31.08s Find the Window at {{0.0, 0.0}, {844.0, 390.0}}
    t =    31.08s     Requesting snapshot of accessibility hierarchy for app with pid 16369
    t =    31.13s Find the "watermark-export" Button
    t =    31.13s     Requesting snapshot of accessibility hierarchy for app with pid 16369
    t =    31.17s     Find: Descendants matching type Button
    t =    31.17s     Find: Elements matching predicate '"watermark-export" IN identifiers'
    t =    31.18s Find the "watermark-export" Button
    t =    31.18s     Requesting snapshot of accessibility hierarchy for app with pid 16369
    t =    31.22s     Find: Descendants matching type Button
    t =    31.22s     Find: Elements matching predicate '"watermark-export" IN identifiers'
    t =    31.23s Find the "watermark-export" Button
    t =    31.23s     Requesting snapshot of accessibility hierarchy for app with pid 16369
    t =    31.27s     Find: Descendants matching type Button
    t =    31.27s     Find: Elements matching predicate '"watermark-export" IN identifiers'
    t =    31.27s Find the "watermark-export" Button
    t =    31.28s     Requesting snapshot of accessibility hierarchy for app with pid 16369
    t =    31.31s     Find: Descendants matching type Button
    t =    31.31s     Find: Elements matching predicate '"watermark-export" IN identifiers'
    t =    31.33s Checking existence of `Window (First Match)`
    t =    31.33s     Requesting snapshot of accessibility hierarchy for app with pid 16369
    t =    31.37s Find the Window (First Match)
    t =    31.37s     Requesting snapshot of accessibility hierarchy for app with pid 16369
    t =    31.51s Added attachment named 'simple-watermark-landscape'
    t =    31.51s Terminate com.xiaolongxu.PaperFlow:16369
    t =    31.58s     Interface orientation changed to Portrait
    t =    32.52s Setting device orientation to Portrait
    t =    32.53s     Device orientation changed to Portrait
    t =    32.56s     Wait for com.apple.springboard to idle
    t =    32.57s Open com.xiaolongxu.PaperFlow
    t =    32.58s     Launch com.xiaolongxu.PaperFlow
2026-10-04 14:53:41.503 xcodebuild[8067:5717527] [MT] IDELaunchParametersSnapshot: debugger version lookup failed for path '<nil>': noURL
2026-10-04 14:53:41.503 xcodebuild[8067:5717527] [MT] IDELaunchParametersSnapshot: no debugger version
    t =    32.83s         Setting up automation session
    t =    33.11s         Wait for com.xiaolongxu.PaperFlow to idle
    t =    34.29s Waiting 15.0s for "ocr-run" Button to exist
    t =    35.30s     Checking `Expect predicate `existsNoRetry == 1` for object "ocr-run" Button`
    t =    35.30s         Checking existence of `"ocr-run" Button`
    t =    35.31s             Requesting snapshot of accessibility hierarchy for app with pid 16370
    t =    35.39s             Find: Descendants matching type Button
    t =    35.39s             Find: Elements matching predicate '"ocr-run" IN identifiers'
    t =    35.40s Find the Window (First Match)
    t =    35.40s     Requesting snapshot of accessibility hierarchy for app with pid 16370
    t =    35.45s Find the "ocr-run" Button
    t =    35.45s     Requesting snapshot of accessibility hierarchy for app with pid 16370
    t =    35.48s     Find: Descendants matching type Button
    t =    35.48s     Find: Elements matching predicate '"ocr-run" IN identifiers'
    t =    35.49s Find the "ocr-run" Button
    t =    35.50s     Requesting snapshot of accessibility hierarchy for app with pid 16370
    t =    35.53s     Find: Descendants matching type Button
    t =    35.53s     Find: Elements matching predicate '"ocr-run" IN identifiers'
    t =    35.53s Checking existence of `Window (First Match)`
    t =    35.54s     Requesting snapshot of accessibility hierarchy for app with pid 16370
    t =    35.57s Find the Window (First Match)
    t =    35.57s     Requesting snapshot of accessibility hierarchy for app with pid 16370
    t =    35.72s Added attachment named 'simple-ocr-large-text'
    t =    35.72s Setting device orientation to Landscape Left
    t =    35.72s     Device orientation changed to Landscape Left
    t =    35.76s     Interface orientation changed to Landscape Right
    t =    35.79s     Wait for com.xiaolongxu.PaperFlow to idle
    t =    36.82s Checking `Expect predicate `BLOCKPREDICATE(0x113e64c60)` for object Window (First Match)`
    t =    36.82s     Find the Window (First Match)
    t =    36.83s         Requesting snapshot of accessibility hierarchy for app with pid 16370
    t =    36.90s     Find the Window at {{0.0, 0.0}, {844.0, 390.0}}
    t =    36.91s         Requesting snapshot of accessibility hierarchy for app with pid 16370
    t =    36.97s Find the Window at {{0.0, 0.0}, {844.0, 390.0}}
    t =    36.97s     Requesting snapshot of accessibility hierarchy for app with pid 16370
    t =    37.01s Find the "ocr-run" Button
    t =    37.02s     Requesting snapshot of accessibility hierarchy for app with pid 16370
    t =    37.05s     Find: Descendants matching type Button
    t =    37.05s     Find: Elements matching predicate '"ocr-run" IN identifiers'
    t =    37.06s Find the "ocr-run" Button
    t =    37.06s     Requesting snapshot of accessibility hierarchy for app with pid 16370
    t =    37.10s     Find: Descendants matching type Button
    t =    37.10s     Find: Elements matching predicate '"ocr-run" IN identifiers'
    t =    37.11s Find the "ocr-run" Button
    t =    37.11s     Requesting snapshot of accessibility hierarchy for app with pid 16370
    t =    37.14s     Find: Descendants matching type Button
    t =    37.14s     Find: Elements matching predicate '"ocr-run" IN identifiers'
    t =    37.15s Find the "ocr-run" Button
    t =    37.15s     Requesting snapshot of accessibility hierarchy for app with pid 16370
    t =    37.18s     Find: Descendants matching type Button
    t =    37.18s     Find: Elements matching predicate '"ocr-run" IN identifiers'
    t =    37.20s Checking existence of `Window (First Match)`
    t =    37.20s     Requesting snapshot of accessibility hierarchy for app with pid 16370
    t =    37.24s Find the Window (First Match)
    t =    37.24s     Requesting snapshot of accessibility hierarchy for app with pid 16370
    t =    37.40s Added attachment named 'simple-ocr-landscape'
    t =    37.40s Terminate com.xiaolongxu.PaperFlow:16370
    t =    37.48s     Interface orientation changed to Portrait
    t =    38.49s Setting device orientation to Portrait
    t =    38.50s     Device orientation changed to Portrait
    t =    38.53s     Wait for com.apple.springboard to idle
    t =    38.54s Open com.xiaolongxu.PaperFlow
    t =    38.55s     Launch com.xiaolongxu.PaperFlow
2026-10-04 14:53:47.478 xcodebuild[8067:5717527] [MT] IDELaunchParametersSnapshot: debugger version lookup failed for path '<nil>': noURL
2026-10-04 14:53:47.478 xcodebuild[8067:5717527] [MT] IDELaunchParametersSnapshot: no debugger version
    t =    38.80s         Setting up automation session
    t =    39.11s         Wait for com.xiaolongxu.PaperFlow to idle
    t =    40.26s Waiting 15.0s for "protect-export" Button to exist
    t =    41.27s     Checking `Expect predicate `existsNoRetry == 1` for object "protect-export" Button`
    t =    41.27s         Checking existence of `"protect-export" Button`
    t =    41.29s             Requesting snapshot of accessibility hierarchy for app with pid 16371
    t =    41.36s             Find: Descendants matching type Button
    t =    41.37s             Find: Elements matching predicate '"protect-export" IN identifiers'
    t =    41.37s Find the Window (First Match)
    t =    41.38s     Requesting snapshot of accessibility hierarchy for app with pid 16371
    t =    41.42s Find the "protect-export" Button
    t =    41.42s     Requesting snapshot of accessibility hierarchy for app with pid 16371
    t =    41.45s     Find: Descendants matching type Button
    t =    41.45s     Find: Elements matching predicate '"protect-export" IN identifiers'
    t =    41.46s Find the "protect-export" Button
    t =    41.47s     Requesting snapshot of accessibility hierarchy for app with pid 16371
    t =    41.50s     Find: Descendants matching type Button
    t =    41.50s     Find: Elements matching predicate '"protect-export" IN identifiers'
    t =    41.51s Checking existence of `Window (First Match)`
    t =    41.51s     Requesting snapshot of accessibility hierarchy for app with pid 16371
    t =    41.54s Find the Window (First Match)
    t =    41.54s     Requesting snapshot of accessibility hierarchy for app with pid 16371
    t =    41.68s Added attachment named 'simple-protect-large-text'
    t =    41.68s Setting device orientation to Landscape Left
    t =    41.69s     Device orientation changed to Landscape Left
    t =    41.73s     Interface orientation changed to Landscape Right
    t =    41.76s     Wait for com.xiaolongxu.PaperFlow to idle
    t =    42.79s Checking `Expect predicate `BLOCKPREDICATE(0x113e647b0)` for object Window (First Match)`
    t =    42.79s     Find the Window (First Match)
    t =    42.79s         Requesting snapshot of accessibility hierarchy for app with pid 16371
    t =    42.87s     Find the Window at {{0.0, 0.0}, {844.0, 390.0}}
    t =    42.88s         Requesting snapshot of accessibility hierarchy for app with pid 16371
    t =    42.93s Find the Window at {{0.0, 0.0}, {844.0, 390.0}}
    t =    42.94s     Requesting snapshot of accessibility hierarchy for app with pid 16371
    t =    42.98s Find the "protect-export" Button
    t =    42.98s     Requesting snapshot of accessibility hierarchy for app with pid 16371
    t =    43.02s     Find: Descendants matching type Button
    t =    43.02s     Find: Elements matching predicate '"protect-export" IN identifiers'
    t =    43.03s Find the "protect-export" Button
    t =    43.03s     Requesting snapshot of accessibility hierarchy for app with pid 16371
    t =    43.07s     Find: Descendants matching type Button
    t =    43.07s     Find: Elements matching predicate '"protect-export" IN identifiers'
    t =    43.08s Find the "protect-export" Button
    t =    43.08s     Requesting snapshot of accessibility hierarchy for app with pid 16371
    t =    43.11s     Find: Descendants matching type Button
    t =    43.11s     Find: Elements matching predicate '"protect-export" IN identifiers'
    t =    43.12s Find the "protect-export" Button
    t =    43.12s     Requesting snapshot of accessibility hierarchy for app with pid 16371
    t =    43.15s     Find: Descendants matching type Button
    t =    43.15s     Find: Elements matching predicate '"protect-export" IN identifiers'
    t =    43.17s Checking existence of `Window (First Match)`
    t =    43.17s     Requesting snapshot of accessibility hierarchy for app with pid 16371
    t =    43.19s Find the Window (First Match)
    t =    43.20s     Requesting snapshot of accessibility hierarchy for app with pid 16371
    t =    43.33s Added attachment named 'simple-protect-landscape'
    t =    43.34s Terminate com.xiaolongxu.PaperFlow:16371
    t =    43.41s     Interface orientation changed to Portrait
    t =    44.43s Setting device orientation to Portrait
    t =    44.44s     Device orientation changed to Portrait
    t =    44.47s     Wait for com.apple.springboard to idle
    t =    44.48s Open com.xiaolongxu.PaperFlow
2026-10-04 14:53:53.412 xcodebuild[8067:5717527] [MT] IDELaunchParametersSnapshot: debugger version lookup failed for path '<nil>': noURL
2026-10-04 14:53:53.412 xcodebuild[8067:5717527] [MT] IDELaunchParametersSnapshot: no debugger version
    t =    44.49s     Launch com.xiaolongxu.PaperFlow
    t =    44.72s         Setting up automation session
    t =    45.04s         Wait for com.xiaolongxu.PaperFlow to idle
    t =    46.19s Waiting 15.0s for "batch-run" Button to exist
    t =    47.21s     Checking `Expect predicate `existsNoRetry == 1` for object "batch-run" Button`
    t =    47.21s         Checking existence of `"batch-run" Button`
    t =    47.22s             Requesting snapshot of accessibility hierarchy for app with pid 16372
    t =    47.30s             Find: Descendants matching type Button
    t =    47.30s             Find: Elements matching predicate '"batch-run" IN identifiers'
    t =    47.31s Find the Window (First Match)
    t =    47.31s     Requesting snapshot of accessibility hierarchy for app with pid 16372
    t =    47.36s Find the "batch-run" Button
    t =    47.36s     Requesting snapshot of accessibility hierarchy for app with pid 16372
    t =    47.39s     Find: Descendants matching type Button
    t =    47.39s     Find: Elements matching predicate '"batch-run" IN identifiers'
    t =    47.41s Find the "batch-run" Button
    t =    47.41s     Requesting snapshot of accessibility hierarchy for app with pid 16372
    t =    47.44s     Find: Descendants matching type Button
    t =    47.44s     Find: Elements matching predicate '"batch-run" IN identifiers'
    t =    47.45s Checking existence of `Window (First Match)`
    t =    47.45s     Requesting snapshot of accessibility hierarchy for app with pid 16372
    t =    47.48s Find the Window (First Match)
    t =    47.49s     Requesting snapshot of accessibility hierarchy for app with pid 16372
    t =    47.64s Added attachment named 'simple-batch-large-text'
    t =    47.64s Setting device orientation to Landscape Left
    t =    47.64s     Device orientation changed to Landscape Left
    t =    47.71s     Interface orientation changed to Landscape Right
    t =    47.72s     Wait for com.xiaolongxu.PaperFlow to idle
    t =    49.06s Checking `Expect predicate `BLOCKPREDICATE(0x113e64cf0)` for object Window (First Match)`
    t =    49.06s     Find the Window (First Match)
    t =    49.07s         Requesting snapshot of accessibility hierarchy for app with pid 16372
    t =    49.16s     Find the Window at {{0.0, 0.0}, {844.0, 390.0}}
    t =    49.16s         Requesting snapshot of accessibility hierarchy for app with pid 16372
    t =    49.22s Find the Window at {{0.0, 0.0}, {844.0, 390.0}}
    t =    49.22s     Requesting snapshot of accessibility hierarchy for app with pid 16372
    t =    49.26s Find the "batch-run" Button
    t =    49.26s     Requesting snapshot of accessibility hierarchy for app with pid 16372
    t =    49.30s     Find: Descendants matching type Button
    t =    49.30s     Find: Elements matching predicate '"batch-run" IN identifiers'
    t =    49.31s Find the "batch-run" Button
    t =    49.31s     Requesting snapshot of accessibility hierarchy for app with pid 16372
    t =    49.34s     Find: Descendants matching type Button
    t =    49.35s     Find: Elements matching predicate '"batch-run" IN identifiers'
    t =    49.35s Find the "batch-run" Button
    t =    49.36s     Requesting snapshot of accessibility hierarchy for app with pid 16372
    t =    49.39s     Find: Descendants matching type Button
    t =    49.39s     Find: Elements matching predicate '"batch-run" IN identifiers'
    t =    49.39s Checking existence of `Window (First Match)`
    t =    49.39s     Requesting snapshot of accessibility hierarchy for app with pid 16372
    t =    49.42s Find the Window (First Match)
    t =    49.42s     Requesting snapshot of accessibility hierarchy for app with pid 16372
    t =    49.57s Added attachment named 'simple-batch-landscape'
    t =    49.57s Terminate com.xiaolongxu.PaperFlow:16372
    t =    49.63s     Interface orientation changed to Portrait
    t =    50.66s Setting device orientation to Portrait
    t =    50.67s     Device orientation changed to Portrait
    t =    50.70s     Wait for com.apple.springboard to idle
    t =    50.72s Tear Down
Test Case '-[PaperFlowUITests.PaperFlowUITests testSimplifiedTaskActionsRemainVisibleInPortraitLandscapeAndLargeText]' passed (50.968 seconds).
Test Case '-[PaperFlowUITests.PaperFlowUITests testWorkflowUsesOnlyNextAndCanPauseAndResume]' started.
    t =     0.00s Start Test at 2026-10-04 14:53:59.967
    t =     0.02s Set Up
    t =     0.02s Setting device orientation to Portrait
    t =     0.03s     Wait for com.apple.springboard to idle
    t =     0.04s Open com.xiaolongxu.PaperFlow
    t =     0.04s     Launch com.xiaolongxu.PaperFlow
2026-10-04 14:53:59.939 xcodebuild[8067:5717527] [MT] IDELaunchParametersSnapshot: debugger version lookup failed for path '<nil>': noURL
2026-10-04 14:53:59.939 xcodebuild[8067:5717527] [MT] IDELaunchParametersSnapshot: no debugger version
    t =     0.39s         Setting up automation session
    t =     0.62s         Wait for com.xiaolongxu.PaperFlow to idle
    t =     1.76s Waiting 15.0s for "项目交付" StaticText to exist
    t =     2.77s     Checking `Expect predicate `existsNoRetry == 1` for object "项目交付" StaticText`
    t =     2.78s         Checking existence of `"项目交付" StaticText`
    t =     2.79s             Requesting snapshot of accessibility hierarchy for app with pid 16373
    t =     2.89s             Find: Descendants matching type StaticText
    t =     2.89s             Find: Elements matching predicate '"项目交付" IN identifiers'
    t =     2.90s Tap "项目交付" StaticText
    t =     2.90s     Wait for com.xiaolongxu.PaperFlow to idle
    t =     2.91s     Find the "项目交付" StaticText
    t =     2.91s         Requesting snapshot of accessibility hierarchy for app with pid 16373
    t =     2.96s         Find: Descendants matching type StaticText
    t =     2.96s         Find: Elements matching predicate '"项目交付" IN identifiers'
    t =     2.96s     Check for interrupting elements affecting "项目交付" StaticText
    t =     2.98s         Requesting snapshot of accessibility hierarchy for app with pid 16373
    t =     3.03s         Find: Descendants matching predicate identifier == "NotificationShortLookView" OR elementType == 7
    t =     3.04s     Synthesize event
    t =     3.35s     Wait for com.xiaolongxu.PaperFlow to idle
    t =     3.37s Tap "开始流程" Button
    t =     3.37s     Wait for com.xiaolongxu.PaperFlow to idle
    t =     3.38s     Find the "开始流程" Button
    t =     3.38s         Requesting snapshot of accessibility hierarchy for app with pid 16373
    t =     3.48s         Find: Descendants matching type Button
    t =     3.48s         Find: Elements matching predicate '"开始流程" IN identifiers'
    t =     3.49s     Check for interrupting elements affecting "开始流程" Button
    t =     3.51s         Requesting snapshot of accessibility hierarchy for app with pid 16373
    t =     3.59s         Find: Descendants matching predicate identifier == "NotificationShortLookView" OR elementType == 7
    t =     3.59s Failed to construct element query matching interruption. Interrupting element Alert, identifier: 'modal-确认常用流程', foreground application Target Application 'com.xiaolongxu.PaperFlow', element application: (null). If your test failed after this unhandled interruption, please file a bug and attach your .xcresult bundle.
    t =     3.59s     Synthesize event
    t =     3.90s     Wait for com.xiaolongxu.PaperFlow to idle
    t =     3.91s Tap "选择已有文件" Button
    t =     3.91s     Wait for com.xiaolongxu.PaperFlow to idle
    t =     3.92s     Find the "选择已有文件" Button
    t =     3.93s         Requesting snapshot of accessibility hierarchy for app with pid 16373
    t =     4.02s         Find: Descendants matching type Button
    t =     4.02s         Find: Elements matching predicate '"选择已有文件" IN identifiers'
    t =     4.03s     Check for interrupting elements affecting "选择已有文件" Button
    t =     4.05s         Requesting snapshot of accessibility hierarchy for app with pid 16373
    t =     4.12s         Find: Descendants matching predicate identifier == "NotificationShortLookView" OR elementType == 7
    t =     4.12s Failed to construct element query matching interruption. Interrupting element Alert, identifier: 'modal-导入文件', foreground application Target Application 'com.xiaolongxu.PaperFlow', element application: (null). If your test failed after this unhandled interruption, please file a bug and attach your .xcresult bundle.
    t =     4.13s     Synthesize event
    t =     4.45s     Wait for com.xiaolongxu.PaperFlow to idle
    t =     4.47s Tap "合作协议_最终版.pdf" StaticText
    t =     4.47s     Wait for com.xiaolongxu.PaperFlow to idle
    t =     4.48s     Find the "合作协议_最终版.pdf" StaticText
    t =     4.48s         Requesting snapshot of accessibility hierarchy for app with pid 16373
    t =     4.60s     Check for interrupting elements affecting "合作协议_最终版.pdf" StaticText
    t =     4.62s         Requesting snapshot of accessibility hierarchy for app with pid 16373
    t =     4.70s         Find: Descendants matching predicate identifier == "NotificationShortLookView" OR elementType == 7
    t =     4.71s Failed to construct element query matching interruption. Interrupting element Alert, identifier: 'modal-选择输入文件', foreground application Target Application 'com.xiaolongxu.PaperFlow', element application: (null). If your test failed after this unhandled interruption, please file a bug and attach your .xcresult bundle.
    t =     4.71s     Synthesize event
    t =     4.76s         Scroll element to visible
    t =     4.76s         Find the "合作协议_最终版.pdf" StaticText
    t =     4.76s             Requesting snapshot of accessibility hierarchy for app with pid 16373
    t =     4.87s         Computed hit point {-1, -1} after scrolling to visible
    t =     5.17s     Wait for com.xiaolongxu.PaperFlow to idle
    t =     5.18s Waiting 10.0s for "workflow-next" Button to exist
    t =     6.21s     Checking `Expect predicate `existsNoRetry == 1` for object "workflow-next" Button`
    t =     6.21s         Checking existence of `"workflow-next" Button`
    t =     6.22s             Requesting snapshot of accessibility hierarchy for app with pid 16373
    t =     6.31s             Find: Descendants matching type Button
    t =     6.31s             Find: Elements matching predicate '"workflow-next" IN identifiers'
    t =     6.32s Checking existence of `"organize-export" Button`
    t =     6.32s     Requesting snapshot of accessibility hierarchy for app with pid 16373
    t =     6.39s     Find: Descendants matching type Button
    t =     6.39s     Find: Elements matching predicate '"organize-export" IN identifiers'
    t =     6.39s Tap "暂停流程" Button
    t =     6.39s     Wait for com.xiaolongxu.PaperFlow to idle
    t =     6.40s     Find the "暂停流程" Button
    t =     6.40s         Requesting snapshot of accessibility hierarchy for app with pid 16373
    t =     6.45s         Find: Descendants matching type Button
    t =     6.46s         Find: Elements matching predicate '"暂停流程" IN identifiers'
    t =     6.46s     Check for interrupting elements affecting "暂停流程" Button
    t =     6.48s         Requesting snapshot of accessibility hierarchy for app with pid 16373
    t =     6.53s         Find: Descendants matching predicate identifier == "NotificationShortLookView" OR elementType == 7
    t =     6.54s     Synthesize event
    t =     6.84s     Wait for com.xiaolongxu.PaperFlow to idle
    t =     6.85s Waiting 5.0s for "继续流程" Button to exist
    t =     7.88s     Checking `Expect predicate `existsNoRetry == 1` for object "继续流程" Button`
    t =     7.88s         Checking existence of `"继续流程" Button`
    t =     7.89s             Requesting snapshot of accessibility hierarchy for app with pid 16373
    t =     7.98s             Find: Descendants matching type Button
    t =     7.99s             Find: Elements matching predicate '"继续流程" IN identifiers'
    t =     7.99s Checking existence of `"workflow-next" Button`
    t =     8.00s     Requesting snapshot of accessibility hierarchy for app with pid 16373
    t =     8.05s     Find: Descendants matching type Button
    t =     8.05s     Find: Elements matching predicate '"workflow-next" IN identifiers'
    t =     8.06s Tap "继续流程" Button
    t =     8.06s     Wait for com.xiaolongxu.PaperFlow to idle
    t =     8.07s     Find the "继续流程" Button
    t =     8.07s         Requesting snapshot of accessibility hierarchy for app with pid 16373
    t =     8.12s         Find: Descendants matching type Button
    t =     8.12s         Find: Elements matching predicate '"继续流程" IN identifiers'
    t =     8.13s     Check for interrupting elements affecting "继续流程" Button
    t =     8.15s         Requesting snapshot of accessibility hierarchy for app with pid 16373
    t =     8.19s         Find: Descendants matching predicate identifier == "NotificationShortLookView" OR elementType == 7
    t =     8.20s     Synthesize event
    t =     8.51s     Wait for com.xiaolongxu.PaperFlow to idle
    t =     8.52s Waiting 5.0s for "workflow-next" Button to exist
    t =     9.53s     Checking `Expect predicate `existsNoRetry == 1` for object "workflow-next" Button`
    t =     9.53s         Checking existence of `"workflow-next" Button`
    t =     9.54s             Requesting snapshot of accessibility hierarchy for app with pid 16373
    t =     9.63s             Find: Descendants matching type Button
    t =     9.63s             Find: Elements matching predicate '"workflow-next" IN identifiers'
    t =     9.64s Checking existence of `Window (First Match)`
    t =     9.65s     Requesting snapshot of accessibility hierarchy for app with pid 16373
    t =     9.71s Find the Window (First Match)
    t =     9.71s     Requesting snapshot of accessibility hierarchy for app with pid 16373
    t =     9.89s Added attachment named 'simple-workflow-step'
    t =     9.89s Tap "workflow-next" Button
    t =     9.89s     Wait for com.xiaolongxu.PaperFlow to idle
    t =     9.90s     Find the "workflow-next" Button
    t =     9.90s         Requesting snapshot of accessibility hierarchy for app with pid 16373
    t =     9.96s         Find: Descendants matching type Button
    t =     9.97s         Find: Elements matching predicate '"workflow-next" IN identifiers'
    t =     9.97s     Check for interrupting elements affecting "workflow-next" Button
    t =     9.98s         Requesting snapshot of accessibility hierarchy for app with pid 16373
    t =    10.03s         Find: Descendants matching predicate identifier == "NotificationShortLookView" OR elementType == 7
    t =    10.03s     Synthesize event
    t =    10.33s     Wait for com.xiaolongxu.PaperFlow to idle
    t =    10.34s Waiting 30.0s for "result-save" Button to exist
    t =    11.36s     Checking `Expect predicate `existsNoRetry == 1` for object "result-save" Button`
    t =    11.36s         Checking existence of `"result-save" Button`
    t =    11.37s             Requesting snapshot of accessibility hierarchy for app with pid 16373
    t =    11.47s             Find: Descendants matching type Button
    t =    11.48s             Find: Elements matching predicate '"result-save" IN identifiers'
    t =    11.48s Find the "result-share" Button
    t =    11.49s     Requesting snapshot of accessibility hierarchy for app with pid 16373
    t =    11.56s     Find: Descendants matching type Button
    t =    11.56s     Find: Elements matching predicate '"result-share" IN identifiers'
    t =    11.59s Checking existence of `Window (First Match)`
    t =    11.59s     Requesting snapshot of accessibility hierarchy for app with pid 16373
    t =    11.66s Find the Window (First Match)
    t =    11.66s     Requesting snapshot of accessibility hierarchy for app with pid 16373
    t =    11.85s Added attachment named 'simple-workflow-result'
    t =    11.85s Tear Down
Test Case '-[PaperFlowUITests.PaperFlowUITests testWorkflowUsesOnlyNextAndCanPauseAndResume]' passed (11.856 seconds).
Test Suite 'PaperFlowUITests' passed at 2026-10-04 14:54:11.823.
	 Executed 16 tests, with 0 failures (0 unexpected) in 324.342 (324.369) seconds
Test Suite 'PaperFlowUITests.xctest' passed at 2026-10-04 14:54:11.824.
	 Executed 16 tests, with 0 failures (0 unexpected) in 324.342 (324.370) seconds
Test Suite 'All tests' passed at 2026-10-04 14:54:11.825.
	 Executed 16 tests, with 0 failures (0 unexpected) in 324.342 (324.372) seconds
2026-10-04 14:54:12.122 xcodebuild[8067:5717527] [MT] IDETestOperationsObserverDebug: 464.563 elapsed -- Testing started completed.
2026-10-04 14:54:12.122 xcodebuild[8067:5717527] [MT] IDETestOperationsObserverDebug: 0.000 sec, +0.000 sec -- start
2026-10-04 14:54:12.122 xcodebuild[8067:5717527] [MT] IDETestOperationsObserverDebug: 464.563 sec, +464.563 sec -- end

Test session results, code coverage, and logs:
	/Users/long/github_space/good_ideas/pdf-file-workbench/artifacts/device-qa/2026-10-04/full-regression.xcresult

Failing tests:
	PaperFlowTests.localStoreKitPurchaseRestoreAndRevocationUpdateVerifiedEntitlement()
	PaperFlowTests.localStoreKitPurchaseRestoreAndRevocationUpdateVerifiedEntitlement()
	PaperFlowTests.localStoreKitPurchaseRestoreAndRevocationUpdateVerifiedEntitlement()
	PaperFlowTests.localStoreKitPurchaseRestoreAndRevocationUpdateVerifiedEntitlement()
	PaperFlowTests.localStoreKitPurchaseRestoreAndRevocationUpdateVerifiedEntitlement()
	PaperFlowTests.localStoreKitPurchaseRestoreAndRevocationUpdateVerifiedEntitlement()

** TEST EXECUTE FAILED **

Testing started
