Command line invocation:
    /Applications/Xcode.app/Contents/Developer/usr/bin/xcodebuild -project PaperFlow/PaperFlow.xcodeproj -scheme PaperFlow -destination platform=iOS,id=00008110-000A2D043C8A401E -derivedDataPath .native-build/DeviceQA -allowProvisioningUpdates -allowProvisioningDeviceRegistration build-for-testing

Resolve Package Graph


Resolved source packages:
  PaperFlowKit: /Users/long/github_space/good_ideas/pdf-file-workbench/PaperFlow/Packages/PaperFlowKit @ local

ComputePackagePrebuildTargetDependencyGraph

Prepare packages

CreateBuildRequest

SendProjectDescription

CreateBuildOperation

ComputeTargetDependencyGraph
note: Building targets in dependency order
note: Target dependency graph (11 targets)
    Target 'PaperFlowUITests' in project 'PaperFlow'
        ➜ Explicit dependency on target 'PaperFlow' in project 'PaperFlow'
    Target 'PaperFlowTests' in project 'PaperFlow'
        ➜ Explicit dependency on target 'PaperFlow' in project 'PaperFlow'
    Target 'PaperFlow' in project 'PaperFlow'
        ➜ Explicit dependency on target 'PaperFlowShare' in project 'PaperFlow'
        ➜ Explicit dependency on target 'PaperFlowDomain-product' in project 'PaperFlowKit'
        ➜ Explicit dependency on target 'PaperFlowProcessing-product' in project 'PaperFlowKit'
        ➜ Explicit dependency on target 'PaperFlowPersistence-product' in project 'PaperFlowKit'
    Target 'PaperFlowPersistence-product' in project 'PaperFlowKit'
        ➜ Explicit dependency on target 'PaperFlowPersistence' in project 'PaperFlowKit'
        ➜ Explicit dependency on target 'PaperFlowDomain' in project 'PaperFlowKit'
    Target 'PaperFlowPersistence' in project 'PaperFlowKit'
        ➜ Explicit dependency on target 'PaperFlowDomain' in project 'PaperFlowKit'
    Target 'PaperFlowProcessing-product' in project 'PaperFlowKit'
        ➜ Explicit dependency on target 'PaperFlowProcessing' in project 'PaperFlowKit'
        ➜ Explicit dependency on target 'PaperFlowDomain' in project 'PaperFlowKit'
        ➜ Explicit dependency on target 'CQPDF' in project 'PaperFlowKit'
    Target 'PaperFlowProcessing' in project 'PaperFlowKit'
        ➜ Explicit dependency on target 'PaperFlowDomain' in project 'PaperFlowKit'
        ➜ Explicit dependency on target 'CQPDF' in project 'PaperFlowKit'
    Target 'CQPDF' in project 'PaperFlowKit' (no dependencies)
    Target 'PaperFlowDomain-product' in project 'PaperFlowKit'
        ➜ Explicit dependency on target 'PaperFlowDomain' in project 'PaperFlowKit'
    Target 'PaperFlowDomain' in project 'PaperFlowKit' (no dependencies)
    Target 'PaperFlowShare' in project 'PaperFlow' (no dependencies)

GatherProvisioningInputs

CreateBuildDescription

ExecuteExternalTool /Applications/Xcode.app/Contents/Developer/Toolchains/XcodeDefault.xctoolchain/usr/bin/clang -v -E -dM -arch arm64 -isysroot /Applications/Xcode.app/Contents/Developer/Platforms/iPhoneOS.platform/Developer/SDKs/iPhoneOS27.0.sdk -x c++ -c /dev/null

ExecuteExternalTool /Applications/Xcode.app/Contents/Developer/Toolchains/XcodeDefault.xctoolchain/usr/bin/swiftc --version

ExecuteExternalTool /Applications/Xcode.app/Contents/Developer/usr/bin/actool --print-asset-tag-combinations --output-format xml1 /Users/long/github_space/good_ideas/pdf-file-workbench/PaperFlow/PaperFlow/Assets.xcassets

ExecuteExternalTool /Applications/Xcode.app/Contents/Developer/Toolchains/XcodeDefault.xctoolchain/usr/bin/clang -v -E -dM -isysroot /Applications/Xcode.app/Contents/Developer/Platforms/iPhoneOS.platform/Developer/SDKs/iPhoneOS27.0.sdk -x c -c /dev/null

ExecuteExternalTool /Applications/Xcode.app/Contents/Developer/Toolchains/XcodeDefault.xctoolchain/usr/bin/clang -v -E -dM -arch arm64 -isysroot /Applications/Xcode.app/Contents/Developer/Platforms/iPhoneOS.platform/Developer/SDKs/iPhoneOS27.0.sdk -x c -c /dev/null

ExecuteExternalTool /Applications/Xcode.app/Contents/Developer/Toolchains/XcodeDefault.xctoolchain/usr/bin/ld -version_details

ExecuteExternalTool /Applications/Xcode.app/Contents/Developer/usr/bin/actool --version --output-format xml1

Build description signature: 23c8dc8012b1dd21667cc6b16c32cd5d
Build description path: /Users/long/github_space/good_ideas/pdf-file-workbench/.native-build/DeviceQA/Build/Intermediates.noindex/XCBuildData/23c8dc8012b1dd21667cc6b16c32cd5d.xcbuilddata
CreateBuildDirectory /Users/long/github_space/good_ideas/pdf-file-workbench/.native-build/DeviceQA/ModuleCache.noindex
    cd /Users/long/github_space/good_ideas/pdf-file-workbench/PaperFlow/PaperFlow.xcodeproj
    builtin-create-build-directory /Users/long/github_space/good_ideas/pdf-file-workbench/.native-build/DeviceQA/ModuleCache.noindex

CreateBuildDirectory /Users/long/github_space/good_ideas/pdf-file-workbench/.native-build/DeviceQA/SDKExplicitPrecompiledModules
    cd /Users/long/github_space/good_ideas/pdf-file-workbench/PaperFlow/PaperFlow.xcodeproj
    builtin-create-build-directory /Users/long/github_space/good_ideas/pdf-file-workbench/.native-build/DeviceQA/SDKExplicitPrecompiledModules

CreateBuildDirectory /Users/long/github_space/good_ideas/pdf-file-workbench/.native-build/DeviceQA/CompilationCache.noindex
    cd /Users/long/github_space/good_ideas/pdf-file-workbench/PaperFlow/PaperFlow.xcodeproj
    builtin-create-build-directory /Users/long/github_space/good_ideas/pdf-file-workbench/.native-build/DeviceQA/CompilationCache.noindex

ClangStatCache /Applications/Xcode.app/Contents/Developer/Toolchains/XcodeDefault.xctoolchain/usr/bin/clang-stat-cache /Applications/Xcode.app/Contents/Developer/Platforms/iPhoneOS.platform/Developer/SDKs/iPhoneOS27.0.sdk /Users/long/github_space/good_ideas/pdf-file-workbench/.native-build/DeviceQA/SDKStatCaches.noindex/iphoneos27.0-24A430-6c78b3cbc238196c85e1bf6c792c5915.sdkstatcache
    cd /Users/long/github_space/good_ideas/pdf-file-workbench/PaperFlow/PaperFlow.xcodeproj
    /Applications/Xcode.app/Contents/Developer/Toolchains/XcodeDefault.xctoolchain/usr/bin/clang-stat-cache /Applications/Xcode.app/Contents/Developer/Platforms/iPhoneOS.platform/Developer/SDKs/iPhoneOS27.0.sdk -o /Users/long/github_space/good_ideas/pdf-file-workbench/.native-build/DeviceQA/SDKStatCaches.noindex/iphoneos27.0-24A430-6c78b3cbc238196c85e1bf6c792c5915.sdkstatcache

CreateBuildDirectory /Users/long/github_space/good_ideas/pdf-file-workbench/.native-build/DeviceQA/Build/Products
    cd /Users/long/github_space/good_ideas/pdf-file-workbench/PaperFlow/PaperFlow.xcodeproj
    builtin-create-build-directory /Users/long/github_space/good_ideas/pdf-file-workbench/.native-build/DeviceQA/Build/Products

CreateBuildDirectory /Users/long/github_space/good_ideas/pdf-file-workbench/.native-build/DeviceQA/Build/Intermediates.noindex
    cd /Users/long/github_space/good_ideas/pdf-file-workbench/PaperFlow/PaperFlow.xcodeproj
    builtin-create-build-directory /Users/long/github_space/good_ideas/pdf-file-workbench/.native-build/DeviceQA/Build/Intermediates.noindex

CreateBuildDirectory /Users/long/github_space/good_ideas/pdf-file-workbench/.native-build/DeviceQA/Build/Intermediates.noindex/SwiftExplicitPrecompiledModules
    cd /Users/long/github_space/good_ideas/pdf-file-workbench/PaperFlow/PaperFlow.xcodeproj
    builtin-create-build-directory /Users/long/github_space/good_ideas/pdf-file-workbench/.native-build/DeviceQA/Build/Intermediates.noindex/SwiftExplicitPrecompiledModules

CreateBuildDirectory /Users/long/github_space/good_ideas/pdf-file-workbench/.native-build/DeviceQA/Build/Products/Debug-iphoneos
    cd /Users/long/github_space/good_ideas/pdf-file-workbench/PaperFlow/PaperFlow.xcodeproj
    builtin-create-build-directory /Users/long/github_space/good_ideas/pdf-file-workbench/.native-build/DeviceQA/Build/Products/Debug-iphoneos

CreateBuildDirectory /Users/long/github_space/good_ideas/pdf-file-workbench/.native-build/DeviceQA/Build/Intermediates.noindex/PrecompiledHeaders
    cd /Users/long/github_space/good_ideas/pdf-file-workbench/PaperFlow/PaperFlow.xcodeproj
    builtin-create-build-directory /Users/long/github_space/good_ideas/pdf-file-workbench/.native-build/DeviceQA/Build/Intermediates.noindex/PrecompiledHeaders

CreateBuildDirectory /Users/long/github_space/good_ideas/pdf-file-workbench/.native-build/DeviceQA/Build/Intermediates.noindex/ExplicitPrecompiledModules
    cd /Users/long/github_space/good_ideas/pdf-file-workbench/PaperFlow/PaperFlow.xcodeproj
    builtin-create-build-directory /Users/long/github_space/good_ideas/pdf-file-workbench/.native-build/DeviceQA/Build/Intermediates.noindex/ExplicitPrecompiledModules

CreateBuildDirectory /Users/long/github_space/good_ideas/pdf-file-workbench/.native-build/DeviceQA/Build/Intermediates.noindex/EagerLinkingTBDs/Debug-iphoneos
    cd /Users/long/github_space/good_ideas/pdf-file-workbench/PaperFlow/PaperFlow.xcodeproj
    builtin-create-build-directory /Users/long/github_space/good_ideas/pdf-file-workbench/.native-build/DeviceQA/Build/Intermediates.noindex/EagerLinkingTBDs/Debug-iphoneos

WriteAuxiliaryFile /Users/long/github_space/good_ideas/pdf-file-workbench/.native-build/DeviceQA/Build/Intermediates.noindex/PaperFlow.build/Debug-iphoneos/PaperFlow-d6f1c4fb6a7914d8f9b156270d074f68-VFS-iphoneos/all-product-headers.yaml
    cd /Users/long/github_space/good_ideas/pdf-file-workbench/PaperFlow/PaperFlow.xcodeproj
    write-file /Users/long/github_space/good_ideas/pdf-file-workbench/.native-build/DeviceQA/Build/Intermediates.noindex/PaperFlow.build/Debug-iphoneos/PaperFlow-d6f1c4fb6a7914d8f9b156270d074f68-VFS-iphoneos/all-product-headers.yaml

CreateBuildDirectory /Users/long/github_space/good_ideas/pdf-file-workbench/.native-build/DeviceQA/Build/Products/Debug-iphoneos/PackageFrameworks
    cd /Users/long/github_space/good_ideas/pdf-file-workbench/PaperFlow/PaperFlow.xcodeproj
    builtin-create-build-directory /Users/long/github_space/good_ideas/pdf-file-workbench/.native-build/DeviceQA/Build/Products/Debug-iphoneos/PackageFrameworks

WriteAuxiliaryFile /Users/long/github_space/good_ideas/pdf-file-workbench/.native-build/DeviceQA/Build/Intermediates.noindex/PaperFlow.build/Debug-iphoneos/PaperFlowTests.build/PaperFlowTests-project-headers.hmap (in target 'PaperFlowTests' from project 'PaperFlow')
    cd /Users/long/github_space/good_ideas/pdf-file-workbench/PaperFlow
    write-file /Users/long/github_space/good_ideas/pdf-file-workbench/.native-build/DeviceQA/Build/Intermediates.noindex/PaperFlow.build/Debug-iphoneos/PaperFlowTests.build/PaperFlowTests-project-headers.hmap

WriteAuxiliaryFile /Users/long/github_space/good_ideas/pdf-file-workbench/.native-build/DeviceQA/Build/Intermediates.noindex/PaperFlow.build/Debug-iphoneos/PaperFlowTests.build/PaperFlowTests-own-target-headers.hmap (in target 'PaperFlowTests' from project 'PaperFlow')
    cd /Users/long/github_space/good_ideas/pdf-file-workbench/PaperFlow
    write-file /Users/long/github_space/good_ideas/pdf-file-workbench/.native-build/DeviceQA/Build/Intermediates.noindex/PaperFlow.build/Debug-iphoneos/PaperFlowTests.build/PaperFlowTests-own-target-headers.hmap

WriteAuxiliaryFile /Users/long/github_space/good_ideas/pdf-file-workbench/.native-build/DeviceQA/Build/Intermediates.noindex/PaperFlow.build/Debug-iphoneos/PaperFlowTests.build/PaperFlowTests-all-non-framework-target-headers.hmap (in target 'PaperFlowTests' from project 'PaperFlow')
    cd /Users/long/github_space/good_ideas/pdf-file-workbench/PaperFlow
    write-file /Users/long/github_space/good_ideas/pdf-file-workbench/.native-build/DeviceQA/Build/Intermediates.noindex/PaperFlow.build/Debug-iphoneos/PaperFlowTests.build/PaperFlowTests-all-non-framework-target-headers.hmap

WriteAuxiliaryFile /Users/long/github_space/good_ideas/pdf-file-workbench/.native-build/DeviceQA/Build/Intermediates.noindex/PaperFlow.build/Debug-iphoneos/PaperFlowTests.build/empty-PaperFlowTests.plist (in target 'PaperFlowTests' from project 'PaperFlow')
    cd /Users/long/github_space/good_ideas/pdf-file-workbench/PaperFlow
    write-file /Users/long/github_space/good_ideas/pdf-file-workbench/.native-build/DeviceQA/Build/Intermediates.noindex/PaperFlow.build/Debug-iphoneos/PaperFlowTests.build/empty-PaperFlowTests.plist

WriteAuxiliaryFile /Users/long/github_space/good_ideas/pdf-file-workbench/.native-build/DeviceQA/Build/Intermediates.noindex/PaperFlow.build/Debug-iphoneos/PaperFlowTests.build/PaperFlowTests-all-target-headers.hmap (in target 'PaperFlowTests' from project 'PaperFlow')
    cd /Users/long/github_space/good_ideas/pdf-file-workbench/PaperFlow
    write-file /Users/long/github_space/good_ideas/pdf-file-workbench/.native-build/DeviceQA/Build/Intermediates.noindex/PaperFlow.build/Debug-iphoneos/PaperFlowTests.build/PaperFlowTests-all-target-headers.hmap

WriteAuxiliaryFile /Users/long/github_space/good_ideas/pdf-file-workbench/.native-build/DeviceQA/Build/Intermediates.noindex/PaperFlow.build/Debug-iphoneos/PaperFlowTests.build/PaperFlowTests.DependencyStaticMetadataFileList (in target 'PaperFlowTests' from project 'PaperFlow')
    cd /Users/long/github_space/good_ideas/pdf-file-workbench/PaperFlow
    write-file /Users/long/github_space/good_ideas/pdf-file-workbench/.native-build/DeviceQA/Build/Intermediates.noindex/PaperFlow.build/Debug-iphoneos/PaperFlowTests.build/PaperFlowTests.DependencyStaticMetadataFileList

WriteAuxiliaryFile /Users/long/github_space/good_ideas/pdf-file-workbench/.native-build/DeviceQA/Build/Intermediates.noindex/PaperFlow.build/Debug-iphoneos/PaperFlowTests.build/PaperFlowTests-generated-files.hmap (in target 'PaperFlowTests' from project 'PaperFlow')
    cd /Users/long/github_space/good_ideas/pdf-file-workbench/PaperFlow
    write-file /Users/long/github_space/good_ideas/pdf-file-workbench/.native-build/DeviceQA/Build/Intermediates.noindex/PaperFlow.build/Debug-iphoneos/PaperFlowTests.build/PaperFlowTests-generated-files.hmap

WriteAuxiliaryFile /Users/long/github_space/good_ideas/pdf-file-workbench/.native-build/DeviceQA/Build/Intermediates.noindex/PaperFlow.build/Debug-iphoneos/PaperFlowTests.build/PaperFlowTests.hmap (in target 'PaperFlowTests' from project 'PaperFlow')
    cd /Users/long/github_space/good_ideas/pdf-file-workbench/PaperFlow
    write-file /Users/long/github_space/good_ideas/pdf-file-workbench/.native-build/DeviceQA/Build/Intermediates.noindex/PaperFlow.build/Debug-iphoneos/PaperFlowTests.build/PaperFlowTests.hmap

WriteAuxiliaryFile /Users/long/github_space/good_ideas/pdf-file-workbench/.native-build/DeviceQA/Build/Intermediates.noindex/PaperFlow.build/Debug-iphoneos/PaperFlowUITests.build/empty-PaperFlowUITests.plist (in target 'PaperFlowUITests' from project 'PaperFlow')
    cd /Users/long/github_space/good_ideas/pdf-file-workbench/PaperFlow
    write-file /Users/long/github_space/good_ideas/pdf-file-workbench/.native-build/DeviceQA/Build/Intermediates.noindex/PaperFlow.build/Debug-iphoneos/PaperFlowUITests.build/empty-PaperFlowUITests.plist

WriteAuxiliaryFile /Users/long/github_space/good_ideas/pdf-file-workbench/.native-build/DeviceQA/Build/Intermediates.noindex/PaperFlow.build/Debug-iphoneos/PaperFlowUITests.build/PaperFlowUITests.hmap (in target 'PaperFlowUITests' from project 'PaperFlow')
    cd /Users/long/github_space/good_ideas/pdf-file-workbench/PaperFlow
    write-file /Users/long/github_space/good_ideas/pdf-file-workbench/.native-build/DeviceQA/Build/Intermediates.noindex/PaperFlow.build/Debug-iphoneos/PaperFlowUITests.build/PaperFlowUITests.hmap

WriteAuxiliaryFile /Users/long/github_space/good_ideas/pdf-file-workbench/.native-build/DeviceQA/Build/Intermediates.noindex/PaperFlow.build/Debug-iphoneos/PaperFlowUITests.build/ProductTypeInfoPlistAdditions.plist (in target 'PaperFlowUITests' from project 'PaperFlow')
    cd /Users/long/github_space/good_ideas/pdf-file-workbench/PaperFlow
    write-file /Users/long/github_space/good_ideas/pdf-file-workbench/.native-build/DeviceQA/Build/Intermediates.noindex/PaperFlow.build/Debug-iphoneos/PaperFlowUITests.build/ProductTypeInfoPlistAdditions.plist

WriteAuxiliaryFile /Users/long/github_space/good_ideas/pdf-file-workbench/.native-build/DeviceQA/Build/Intermediates.noindex/PaperFlow.build/Debug-iphoneos/PaperFlowTests.build/Objects-normal/arm64/PaperFlowTests_const_extract_protocols.json (in target 'PaperFlowTests' from project 'PaperFlow')
    cd /Users/long/github_space/good_ideas/pdf-file-workbench/PaperFlow
    write-file /Users/long/github_space/good_ideas/pdf-file-workbench/.native-build/DeviceQA/Build/Intermediates.noindex/PaperFlow.build/Debug-iphoneos/PaperFlowTests.build/Objects-normal/arm64/PaperFlowTests_const_extract_protocols.json

WriteAuxiliaryFile /Users/long/github_space/good_ideas/pdf-file-workbench/.native-build/DeviceQA/Build/Intermediates.noindex/PaperFlow.build/Debug-iphoneos/PaperFlowTests.build/Objects-normal/arm64/PaperFlowTests.LinkFileList (in target 'PaperFlowTests' from project 'PaperFlow')
    cd /Users/long/github_space/good_ideas/pdf-file-workbench/PaperFlow
    write-file /Users/long/github_space/good_ideas/pdf-file-workbench/.native-build/DeviceQA/Build/Intermediates.noindex/PaperFlow.build/Debug-iphoneos/PaperFlowTests.build/Objects-normal/arm64/PaperFlowTests.LinkFileList

WriteAuxiliaryFile /Users/long/github_space/good_ideas/pdf-file-workbench/.native-build/DeviceQA/Build/Intermediates.noindex/PaperFlow.build/Debug-iphoneos/PaperFlowTests.build/Objects-normal/arm64/PaperFlowTests-OutputFileMap.json (in target 'PaperFlowTests' from project 'PaperFlow')
    cd /Users/long/github_space/good_ideas/pdf-file-workbench/PaperFlow
    write-file /Users/long/github_space/good_ideas/pdf-file-workbench/.native-build/DeviceQA/Build/Intermediates.noindex/PaperFlow.build/Debug-iphoneos/PaperFlowTests.build/Objects-normal/arm64/PaperFlowTests-OutputFileMap.json

WriteAuxiliaryFile /Users/long/github_space/good_ideas/pdf-file-workbench/.native-build/DeviceQA/Build/Intermediates.noindex/PaperFlow.build/Debug-iphoneos/PaperFlowUITests.build/PaperFlowUITests.DependencyStaticMetadataFileList (in target 'PaperFlowUITests' from project 'PaperFlow')
    cd /Users/long/github_space/good_ideas/pdf-file-workbench/PaperFlow
    write-file /Users/long/github_space/good_ideas/pdf-file-workbench/.native-build/DeviceQA/Build/Intermediates.noindex/PaperFlow.build/Debug-iphoneos/PaperFlowUITests.build/PaperFlowUITests.DependencyStaticMetadataFileList

WriteAuxiliaryFile /Users/long/github_space/good_ideas/pdf-file-workbench/.native-build/DeviceQA/Build/Intermediates.noindex/PaperFlow.build/Debug-iphoneos/PaperFlowUITests.build/PaperFlowUITests.DependencyMetadataFileList (in target 'PaperFlowUITests' from project 'PaperFlow')
    cd /Users/long/github_space/good_ideas/pdf-file-workbench/PaperFlow
    write-file /Users/long/github_space/good_ideas/pdf-file-workbench/.native-build/DeviceQA/Build/Intermediates.noindex/PaperFlow.build/Debug-iphoneos/PaperFlowUITests.build/PaperFlowUITests.DependencyMetadataFileList

WriteAuxiliaryFile /Users/long/github_space/good_ideas/pdf-file-workbench/.native-build/DeviceQA/Build/Intermediates.noindex/PaperFlow.build/Debug-iphoneos/PaperFlowUITests.build/PaperFlowUITests-project-headers.hmap (in target 'PaperFlowUITests' from project 'PaperFlow')
    cd /Users/long/github_space/good_ideas/pdf-file-workbench/PaperFlow
    write-file /Users/long/github_space/good_ideas/pdf-file-workbench/.native-build/DeviceQA/Build/Intermediates.noindex/PaperFlow.build/Debug-iphoneos/PaperFlowUITests.build/PaperFlowUITests-project-headers.hmap

WriteAuxiliaryFile /Users/long/github_space/good_ideas/pdf-file-workbench/.native-build/DeviceQA/Build/Intermediates.noindex/PaperFlow.build/Debug-iphoneos/PaperFlowUITests.build/PaperFlowUITests-own-target-headers.hmap (in target 'PaperFlowUITests' from project 'PaperFlow')
    cd /Users/long/github_space/good_ideas/pdf-file-workbench/PaperFlow
    write-file /Users/long/github_space/good_ideas/pdf-file-workbench/.native-build/DeviceQA/Build/Intermediates.noindex/PaperFlow.build/Debug-iphoneos/PaperFlowUITests.build/PaperFlowUITests-own-target-headers.hmap

WriteAuxiliaryFile /Users/long/github_space/good_ideas/pdf-file-workbench/.native-build/DeviceQA/Build/Intermediates.noindex/PaperFlow.build/Debug-iphoneos/PaperFlowUITests.build/PaperFlowUITests-all-target-headers.hmap (in target 'PaperFlowUITests' from project 'PaperFlow')
    cd /Users/long/github_space/good_ideas/pdf-file-workbench/PaperFlow
    write-file /Users/long/github_space/good_ideas/pdf-file-workbench/.native-build/DeviceQA/Build/Intermediates.noindex/PaperFlow.build/Debug-iphoneos/PaperFlowUITests.build/PaperFlowUITests-all-target-headers.hmap

WriteAuxiliaryFile /Users/long/github_space/good_ideas/pdf-file-workbench/.native-build/DeviceQA/Build/Intermediates.noindex/PaperFlow.build/Debug-iphoneos/PaperFlowUITests.build/PaperFlowUITests-generated-files.hmap (in target 'PaperFlowUITests' from project 'PaperFlow')
    cd /Users/long/github_space/good_ideas/pdf-file-workbench/PaperFlow
    write-file /Users/long/github_space/good_ideas/pdf-file-workbench/.native-build/DeviceQA/Build/Intermediates.noindex/PaperFlow.build/Debug-iphoneos/PaperFlowUITests.build/PaperFlowUITests-generated-files.hmap

WriteAuxiliaryFile /Users/long/github_space/good_ideas/pdf-file-workbench/.native-build/DeviceQA/Build/Intermediates.noindex/PaperFlow.build/Debug-iphoneos/PaperFlowUITests.build/PaperFlowUITests-all-non-framework-target-headers.hmap (in target 'PaperFlowUITests' from project 'PaperFlow')
    cd /Users/long/github_space/good_ideas/pdf-file-workbench/PaperFlow
    write-file /Users/long/github_space/good_ideas/pdf-file-workbench/.native-build/DeviceQA/Build/Intermediates.noindex/PaperFlow.build/Debug-iphoneos/PaperFlowUITests.build/PaperFlowUITests-all-non-framework-target-headers.hmap

WriteAuxiliaryFile /Users/long/github_space/good_ideas/pdf-file-workbench/.native-build/DeviceQA/Build/Intermediates.noindex/PaperFlow.build/Debug-iphoneos/PaperFlowTests.build/PaperFlowTests.DependencyMetadataFileList (in target 'PaperFlowTests' from project 'PaperFlow')
    cd /Users/long/github_space/good_ideas/pdf-file-workbench/PaperFlow
    write-file /Users/long/github_space/good_ideas/pdf-file-workbench/.native-build/DeviceQA/Build/Intermediates.noindex/PaperFlow.build/Debug-iphoneos/PaperFlowTests.build/PaperFlowTests.DependencyMetadataFileList

WriteAuxiliaryFile /Users/long/github_space/good_ideas/pdf-file-workbench/.native-build/DeviceQA/Build/Intermediates.noindex/PaperFlow.build/Debug-iphoneos/PaperFlowTests.build/Objects-normal/arm64/PaperFlowTests.SwiftFileList (in target 'PaperFlowTests' from project 'PaperFlow')
    cd /Users/long/github_space/good_ideas/pdf-file-workbench/PaperFlow
    write-file /Users/long/github_space/good_ideas/pdf-file-workbench/.native-build/DeviceQA/Build/Intermediates.noindex/PaperFlow.build/Debug-iphoneos/PaperFlowTests.build/Objects-normal/arm64/PaperFlowTests.SwiftFileList

WriteAuxiliaryFile /Users/long/github_space/good_ideas/pdf-file-workbench/.native-build/DeviceQA/Build/Intermediates.noindex/PaperFlow.build/Debug-iphoneos/PaperFlowTests.build/Objects-normal/arm64/PaperFlowTests.SwiftConstValuesFileList (in target 'PaperFlowTests' from project 'PaperFlow')
    cd /Users/long/github_space/good_ideas/pdf-file-workbench/PaperFlow
    write-file /Users/long/github_space/good_ideas/pdf-file-workbench/.native-build/DeviceQA/Build/Intermediates.noindex/PaperFlow.build/Debug-iphoneos/PaperFlowTests.build/Objects-normal/arm64/PaperFlowTests.SwiftConstValuesFileList

WriteAuxiliaryFile /Users/long/github_space/good_ideas/pdf-file-workbench/.native-build/DeviceQA/Build/Intermediates.noindex/PaperFlow.build/Debug-iphoneos/PaperFlowShare.build/PaperFlowShare.hmap (in target 'PaperFlowShare' from project 'PaperFlow')
    cd /Users/long/github_space/good_ideas/pdf-file-workbench/PaperFlow
    write-file /Users/long/github_space/good_ideas/pdf-file-workbench/.native-build/DeviceQA/Build/Intermediates.noindex/PaperFlow.build/Debug-iphoneos/PaperFlowShare.build/PaperFlowShare.hmap

WriteAuxiliaryFile /Users/long/github_space/good_ideas/pdf-file-workbench/.native-build/DeviceQA/Build/Intermediates.noindex/PaperFlow.build/Debug-iphoneos/PaperFlowUITests.build/Objects-normal/arm64/PaperFlowUITests.LinkFileList (in target 'PaperFlowUITests' from project 'PaperFlow')
    cd /Users/long/github_space/good_ideas/pdf-file-workbench/PaperFlow
    write-file /Users/long/github_space/good_ideas/pdf-file-workbench/.native-build/DeviceQA/Build/Intermediates.noindex/PaperFlow.build/Debug-iphoneos/PaperFlowUITests.build/Objects-normal/arm64/PaperFlowUITests.LinkFileList

WriteAuxiliaryFile /Users/long/github_space/good_ideas/pdf-file-workbench/.native-build/DeviceQA/Build/Intermediates.noindex/PaperFlow.build/Debug-iphoneos/PaperFlowUITests.build/Objects-normal/arm64/PaperFlowUITests.SwiftConstValuesFileList (in target 'PaperFlowUITests' from project 'PaperFlow')
    cd /Users/long/github_space/good_ideas/pdf-file-workbench/PaperFlow
    write-file /Users/long/github_space/good_ideas/pdf-file-workbench/.native-build/DeviceQA/Build/Intermediates.noindex/PaperFlow.build/Debug-iphoneos/PaperFlowUITests.build/Objects-normal/arm64/PaperFlowUITests.SwiftConstValuesFileList

WriteAuxiliaryFile /Users/long/github_space/good_ideas/pdf-file-workbench/.native-build/DeviceQA/Build/Intermediates.noindex/PaperFlow.build/Debug-iphoneos/PaperFlowUITests.build/Objects-normal/arm64/PaperFlowUITests_const_extract_protocols.json (in target 'PaperFlowUITests' from project 'PaperFlow')
    cd /Users/long/github_space/good_ideas/pdf-file-workbench/PaperFlow
    write-file /Users/long/github_space/good_ideas/pdf-file-workbench/.native-build/DeviceQA/Build/Intermediates.noindex/PaperFlow.build/Debug-iphoneos/PaperFlowUITests.build/Objects-normal/arm64/PaperFlowUITests_const_extract_protocols.json

WriteAuxiliaryFile /Users/long/github_space/good_ideas/pdf-file-workbench/.native-build/DeviceQA/Build/Intermediates.noindex/PaperFlow.build/Debug-iphoneos/PaperFlowUITests.build/Objects-normal/arm64/PaperFlowUITests.SwiftFileList (in target 'PaperFlowUITests' from project 'PaperFlow')
    cd /Users/long/github_space/good_ideas/pdf-file-workbench/PaperFlow
    write-file /Users/long/github_space/good_ideas/pdf-file-workbench/.native-build/DeviceQA/Build/Intermediates.noindex/PaperFlow.build/Debug-iphoneos/PaperFlowUITests.build/Objects-normal/arm64/PaperFlowUITests.SwiftFileList

WriteAuxiliaryFile /Users/long/github_space/good_ideas/pdf-file-workbench/.native-build/DeviceQA/Build/Intermediates.noindex/PaperFlow.build/Debug-iphoneos/PaperFlowUITests.build/Objects-normal/arm64/PaperFlowUITests-OutputFileMap.json (in target 'PaperFlowUITests' from project 'PaperFlow')
    cd /Users/long/github_space/good_ideas/pdf-file-workbench/PaperFlow
    write-file /Users/long/github_space/good_ideas/pdf-file-workbench/.native-build/DeviceQA/Build/Intermediates.noindex/PaperFlow.build/Debug-iphoneos/PaperFlowUITests.build/Objects-normal/arm64/PaperFlowUITests-OutputFileMap.json

WriteAuxiliaryFile /Users/long/github_space/good_ideas/pdf-file-workbench/.native-build/DeviceQA/Build/Intermediates.noindex/PaperFlow.build/Debug-iphoneos/PaperFlowUITests.build/DerivedSources/Entitlements.plist (in target 'PaperFlowUITests' from project 'PaperFlow')
    cd /Users/long/github_space/good_ideas/pdf-file-workbench/PaperFlow
    write-file /Users/long/github_space/good_ideas/pdf-file-workbench/.native-build/DeviceQA/Build/Intermediates.noindex/PaperFlow.build/Debug-iphoneos/PaperFlowUITests.build/DerivedSources/Entitlements.plist

WriteAuxiliaryFile /Users/long/github_space/good_ideas/pdf-file-workbench/.native-build/DeviceQA/Build/Intermediates.noindex/PaperFlow.build/Debug-iphoneos/PaperFlowShare.build/PaperFlowShare.DependencyStaticMetadataFileList (in target 'PaperFlowShare' from project 'PaperFlow')
    cd /Users/long/github_space/good_ideas/pdf-file-workbench/PaperFlow
    write-file /Users/long/github_space/good_ideas/pdf-file-workbench/.native-build/DeviceQA/Build/Intermediates.noindex/PaperFlow.build/Debug-iphoneos/PaperFlowShare.build/PaperFlowShare.DependencyStaticMetadataFileList

WriteAuxiliaryFile /Users/long/github_space/good_ideas/pdf-file-workbench/.native-build/DeviceQA/Build/Intermediates.noindex/PaperFlow.build/Debug-iphoneos/PaperFlowShare.build/PaperFlowShare.DependencyMetadataFileList (in target 'PaperFlowShare' from project 'PaperFlow')
    cd /Users/long/github_space/good_ideas/pdf-file-workbench/PaperFlow
    write-file /Users/long/github_space/good_ideas/pdf-file-workbench/.native-build/DeviceQA/Build/Intermediates.noindex/PaperFlow.build/Debug-iphoneos/PaperFlowShare.build/PaperFlowShare.DependencyMetadataFileList

WriteAuxiliaryFile /Users/long/github_space/good_ideas/pdf-file-workbench/.native-build/DeviceQA/Build/Intermediates.noindex/PaperFlow.build/Debug-iphoneos/PaperFlowShare.build/PaperFlowShare-project-headers.hmap (in target 'PaperFlowShare' from project 'PaperFlow')
    cd /Users/long/github_space/good_ideas/pdf-file-workbench/PaperFlow
    write-file /Users/long/github_space/good_ideas/pdf-file-workbench/.native-build/DeviceQA/Build/Intermediates.noindex/PaperFlow.build/Debug-iphoneos/PaperFlowShare.build/PaperFlowShare-project-headers.hmap

WriteAuxiliaryFile /Users/long/github_space/good_ideas/pdf-file-workbench/.native-build/DeviceQA/Build/Intermediates.noindex/PaperFlow.build/Debug-iphoneos/PaperFlowShare.build/PaperFlowShare-own-target-headers.hmap (in target 'PaperFlowShare' from project 'PaperFlow')
    cd /Users/long/github_space/good_ideas/pdf-file-workbench/PaperFlow
    write-file /Users/long/github_space/good_ideas/pdf-file-workbench/.native-build/DeviceQA/Build/Intermediates.noindex/PaperFlow.build/Debug-iphoneos/PaperFlowShare.build/PaperFlowShare-own-target-headers.hmap

WriteAuxiliaryFile /Users/long/github_space/good_ideas/pdf-file-workbench/.native-build/DeviceQA/Build/Intermediates.noindex/PaperFlow.build/Debug-iphoneos/PaperFlowShare.build/PaperFlowShare-generated-files.hmap (in target 'PaperFlowShare' from project 'PaperFlow')
    cd /Users/long/github_space/good_ideas/pdf-file-workbench/PaperFlow
    write-file /Users/long/github_space/good_ideas/pdf-file-workbench/.native-build/DeviceQA/Build/Intermediates.noindex/PaperFlow.build/Debug-iphoneos/PaperFlowShare.build/PaperFlowShare-generated-files.hmap

WriteAuxiliaryFile /Users/long/github_space/good_ideas/pdf-file-workbench/.native-build/DeviceQA/Build/Intermediates.noindex/PaperFlow.build/Debug-iphoneos/PaperFlowShare.build/PaperFlowShare-all-target-headers.hmap (in target 'PaperFlowShare' from project 'PaperFlow')
    cd /Users/long/github_space/good_ideas/pdf-file-workbench/PaperFlow
    write-file /Users/long/github_space/good_ideas/pdf-file-workbench/.native-build/DeviceQA/Build/Intermediates.noindex/PaperFlow.build/Debug-iphoneos/PaperFlowShare.build/PaperFlowShare-all-target-headers.hmap

WriteAuxiliaryFile /Users/long/github_space/good_ideas/pdf-file-workbench/.native-build/DeviceQA/Build/Intermediates.noindex/PaperFlow.build/Debug-iphoneos/PaperFlowShare.build/PaperFlowShare-all-non-framework-target-headers.hmap (in target 'PaperFlowShare' from project 'PaperFlow')
    cd /Users/long/github_space/good_ideas/pdf-file-workbench/PaperFlow
    write-file /Users/long/github_space/good_ideas/pdf-file-workbench/.native-build/DeviceQA/Build/Intermediates.noindex/PaperFlow.build/Debug-iphoneos/PaperFlowShare.build/PaperFlowShare-all-non-framework-target-headers.hmap

WriteAuxiliaryFile /Users/long/github_space/good_ideas/pdf-file-workbench/.native-build/DeviceQA/Build/Intermediates.noindex/PaperFlow.build/Debug-iphoneos/PaperFlowShare.build/PaperFlowShare-DebugDylibPath-normal-arm64.txt (in target 'PaperFlowShare' from project 'PaperFlow')
    cd /Users/long/github_space/good_ideas/pdf-file-workbench/PaperFlow
    write-file /Users/long/github_space/good_ideas/pdf-file-workbench/.native-build/DeviceQA/Build/Intermediates.noindex/PaperFlow.build/Debug-iphoneos/PaperFlowShare.build/PaperFlowShare-DebugDylibPath-normal-arm64.txt

WriteAuxiliaryFile /Users/long/github_space/good_ideas/pdf-file-workbench/.native-build/DeviceQA/Build/Intermediates.noindex/PaperFlow.build/Debug-iphoneos/PaperFlowShare.build/PaperFlowShare-DebugEntryPoint-normal-arm64.txt (in target 'PaperFlowShare' from project 'PaperFlow')
    cd /Users/long/github_space/good_ideas/pdf-file-workbench/PaperFlow
    write-file /Users/long/github_space/good_ideas/pdf-file-workbench/.native-build/DeviceQA/Build/Intermediates.noindex/PaperFlow.build/Debug-iphoneos/PaperFlowShare.build/PaperFlowShare-DebugEntryPoint-normal-arm64.txt

WriteAuxiliaryFile /Users/long/github_space/good_ideas/pdf-file-workbench/.native-build/DeviceQA/Build/Intermediates.noindex/PaperFlow.build/Debug-iphoneos/PaperFlowShare.build/PaperFlowShare-DebugDylibInstallName-normal-arm64.txt (in target 'PaperFlowShare' from project 'PaperFlow')
    cd /Users/long/github_space/good_ideas/pdf-file-workbench/PaperFlow
    write-file /Users/long/github_space/good_ideas/pdf-file-workbench/.native-build/DeviceQA/Build/Intermediates.noindex/PaperFlow.build/Debug-iphoneos/PaperFlowShare.build/PaperFlowShare-DebugDylibInstallName-normal-arm64.txt

WriteAuxiliaryFile /Users/long/github_space/good_ideas/pdf-file-workbench/.native-build/DeviceQA/Build/Intermediates.noindex/PaperFlow.build/Debug-iphoneos/PaperFlowShare.build/Objects-normal/arm64/PaperFlowShare_const_extract_protocols.json (in target 'PaperFlowShare' from project 'PaperFlow')
    cd /Users/long/github_space/good_ideas/pdf-file-workbench/PaperFlow
    write-file /Users/long/github_space/good_ideas/pdf-file-workbench/.native-build/DeviceQA/Build/Intermediates.noindex/PaperFlow.build/Debug-iphoneos/PaperFlowShare.build/Objects-normal/arm64/PaperFlowShare_const_extract_protocols.json

WriteAuxiliaryFile /Users/long/github_space/good_ideas/pdf-file-workbench/.native-build/DeviceQA/Build/Intermediates.noindex/PaperFlow.build/Debug-iphoneos/PaperFlowShare.build/Objects-normal/arm64/PaperFlowShare.SwiftFileList (in target 'PaperFlowShare' from project 'PaperFlow')
    cd /Users/long/github_space/good_ideas/pdf-file-workbench/PaperFlow
    write-file /Users/long/github_space/good_ideas/pdf-file-workbench/.native-build/DeviceQA/Build/Intermediates.noindex/PaperFlow.build/Debug-iphoneos/PaperFlowShare.build/Objects-normal/arm64/PaperFlowShare.SwiftFileList

WriteAuxiliaryFile /Users/long/github_space/good_ideas/pdf-file-workbench/.native-build/DeviceQA/Build/Intermediates.noindex/PaperFlow.build/Debug-iphoneos/PaperFlowShare.build/Objects-normal/arm64/PaperFlowShare.SwiftConstValuesFileList (in target 'PaperFlowShare' from project 'PaperFlow')
    cd /Users/long/github_space/good_ideas/pdf-file-workbench/PaperFlow
    write-file /Users/long/github_space/good_ideas/pdf-file-workbench/.native-build/DeviceQA/Build/Intermediates.noindex/PaperFlow.build/Debug-iphoneos/PaperFlowShare.build/Objects-normal/arm64/PaperFlowShare.SwiftConstValuesFileList

WriteAuxiliaryFile /Users/long/github_space/good_ideas/pdf-file-workbench/.native-build/DeviceQA/Build/Intermediates.noindex/PaperFlow.build/Debug-iphoneos/PaperFlowShare.build/Objects-normal/arm64/PaperFlowShare.LinkFileList (in target 'PaperFlowShare' from project 'PaperFlow')
    cd /Users/long/github_space/good_ideas/pdf-file-workbench/PaperFlow
    write-file /Users/long/github_space/good_ideas/pdf-file-workbench/.native-build/DeviceQA/Build/Intermediates.noindex/PaperFlow.build/Debug-iphoneos/PaperFlowShare.build/Objects-normal/arm64/PaperFlowShare.LinkFileList

WriteAuxiliaryFile /Users/long/github_space/good_ideas/pdf-file-workbench/.native-build/DeviceQA/Build/Intermediates.noindex/PaperFlow.build/Debug-iphoneos/PaperFlowShare.build/Objects-normal/arm64/PaperFlowShare-OutputFileMap.json (in target 'PaperFlowShare' from project 'PaperFlow')
    cd /Users/long/github_space/good_ideas/pdf-file-workbench/PaperFlow
    write-file /Users/long/github_space/good_ideas/pdf-file-workbench/.native-build/DeviceQA/Build/Intermediates.noindex/PaperFlow.build/Debug-iphoneos/PaperFlowShare.build/Objects-normal/arm64/PaperFlowShare-OutputFileMap.json

WriteAuxiliaryFile /Users/long/github_space/good_ideas/pdf-file-workbench/.native-build/DeviceQA/Build/Intermediates.noindex/PaperFlow.build/Debug-iphoneos/PaperFlowShare.build/DerivedSources/Entitlements.plist (in target 'PaperFlowShare' from project 'PaperFlow')
    cd /Users/long/github_space/good_ideas/pdf-file-workbench/PaperFlow
    write-file /Users/long/github_space/good_ideas/pdf-file-workbench/.native-build/DeviceQA/Build/Intermediates.noindex/PaperFlow.build/Debug-iphoneos/PaperFlowShare.build/DerivedSources/Entitlements.plist

WriteAuxiliaryFile /Users/long/github_space/good_ideas/pdf-file-workbench/.native-build/DeviceQA/Build/Intermediates.noindex/PaperFlowKit.build/Debug-iphoneos/PaperFlowPersistence-t.build/PaperFlowPersistence.DependencyStaticMetadataFileList (in target 'PaperFlowPersistence' from project 'PaperFlowKit')
    cd /Users/long/github_space/good_ideas/pdf-file-workbench/PaperFlow/Packages/PaperFlowKit
    write-file /Users/long/github_space/good_ideas/pdf-file-workbench/.native-build/DeviceQA/Build/Intermediates.noindex/PaperFlowKit.build/Debug-iphoneos/PaperFlowPersistence-t.build/PaperFlowPersistence.DependencyStaticMetadataFileList

WriteAuxiliaryFile /Users/long/github_space/good_ideas/pdf-file-workbench/.native-build/DeviceQA/Build/Intermediates.noindex/PaperFlowKit.build/Debug-iphoneos/PaperFlowPersistence-t.build/PaperFlowPersistence.modulemap (in target 'PaperFlowPersistence' from project 'PaperFlowKit')
    cd /Users/long/github_space/good_ideas/pdf-file-workbench/PaperFlow/Packages/PaperFlowKit
    write-file /Users/long/github_space/good_ideas/pdf-file-workbench/.native-build/DeviceQA/Build/Intermediates.noindex/PaperFlowKit.build/Debug-iphoneos/PaperFlowPersistence-t.build/PaperFlowPersistence.modulemap

WriteAuxiliaryFile /Users/long/github_space/good_ideas/pdf-file-workbench/.native-build/DeviceQA/Build/Intermediates.noindex/PaperFlowKit.build/Debug-iphoneos/PaperFlowPersistence-t.build/PaperFlowPersistence.DependencyMetadataFileList (in target 'PaperFlowPersistence' from project 'PaperFlowKit')
    cd /Users/long/github_space/good_ideas/pdf-file-workbench/PaperFlow/Packages/PaperFlowKit
    write-file /Users/long/github_space/good_ideas/pdf-file-workbench/.native-build/DeviceQA/Build/Intermediates.noindex/PaperFlowKit.build/Debug-iphoneos/PaperFlowPersistence-t.build/PaperFlowPersistence.DependencyMetadataFileList

WriteAuxiliaryFile /Users/long/github_space/good_ideas/pdf-file-workbench/.native-build/DeviceQA/Build/Intermediates.noindex/PaperFlowKit.build/Debug-iphoneos/PaperFlowPersistence-t.build/Objects-normal/arm64/PaperFlowPersistence.SwiftFileList (in target 'PaperFlowPersistence' from project 'PaperFlowKit')
    cd /Users/long/github_space/good_ideas/pdf-file-workbench/PaperFlow/Packages/PaperFlowKit
    write-file /Users/long/github_space/good_ideas/pdf-file-workbench/.native-build/DeviceQA/Build/Intermediates.noindex/PaperFlowKit.build/Debug-iphoneos/PaperFlowPersistence-t.build/Objects-normal/arm64/PaperFlowPersistence.SwiftFileList

WriteAuxiliaryFile /Users/long/github_space/good_ideas/pdf-file-workbench/.native-build/DeviceQA/Build/Intermediates.noindex/PaperFlowKit.build/Debug-iphoneos/PaperFlowPersistence-t.build/Objects-normal/arm64/PaperFlowPersistence_const_extract_protocols.json (in target 'PaperFlowPersistence' from project 'PaperFlowKit')
    cd /Users/long/github_space/good_ideas/pdf-file-workbench/PaperFlow/Packages/PaperFlowKit
    write-file /Users/long/github_space/good_ideas/pdf-file-workbench/.native-build/DeviceQA/Build/Intermediates.noindex/PaperFlowKit.build/Debug-iphoneos/PaperFlowPersistence-t.build/Objects-normal/arm64/PaperFlowPersistence_const_extract_protocols.json

WriteAuxiliaryFile /Users/long/github_space/good_ideas/pdf-file-workbench/.native-build/DeviceQA/Build/Intermediates.noindex/PaperFlowKit.build/Debug-iphoneos/PaperFlowPersistence-t.build/Objects-normal/arm64/PaperFlowPersistence.SwiftConstValuesFileList (in target 'PaperFlowPersistence' from project 'PaperFlowKit')
    cd /Users/long/github_space/good_ideas/pdf-file-workbench/PaperFlow/Packages/PaperFlowKit
    write-file /Users/long/github_space/good_ideas/pdf-file-workbench/.native-build/DeviceQA/Build/Intermediates.noindex/PaperFlowKit.build/Debug-iphoneos/PaperFlowPersistence-t.build/Objects-normal/arm64/PaperFlowPersistence.SwiftConstValuesFileList

WriteAuxiliaryFile /Users/long/github_space/good_ideas/pdf-file-workbench/.native-build/DeviceQA/Build/Intermediates.noindex/PaperFlowKit.build/Debug-iphoneos/PaperFlowPersistence-t.build/Objects-normal/arm64/PaperFlowPersistence.LinkFileList (in target 'PaperFlowPersistence' from project 'PaperFlowKit')
    cd /Users/long/github_space/good_ideas/pdf-file-workbench/PaperFlow/Packages/PaperFlowKit
    write-file /Users/long/github_space/good_ideas/pdf-file-workbench/.native-build/DeviceQA/Build/Intermediates.noindex/PaperFlowKit.build/Debug-iphoneos/PaperFlowPersistence-t.build/Objects-normal/arm64/PaperFlowPersistence.LinkFileList

WriteAuxiliaryFile /Users/long/github_space/good_ideas/pdf-file-workbench/.native-build/DeviceQA/Build/Intermediates.noindex/PaperFlowKit.build/Debug-iphoneos/PaperFlowPersistence-t.build/Objects-normal/arm64/PaperFlowPersistence-OutputFileMap.json (in target 'PaperFlowPersistence' from project 'PaperFlowKit')
    cd /Users/long/github_space/good_ideas/pdf-file-workbench/PaperFlow/Packages/PaperFlowKit
    write-file /Users/long/github_space/good_ideas/pdf-file-workbench/.native-build/DeviceQA/Build/Intermediates.noindex/PaperFlowKit.build/Debug-iphoneos/PaperFlowPersistence-t.build/Objects-normal/arm64/PaperFlowPersistence-OutputFileMap.json

WriteAuxiliaryFile /Users/long/github_space/good_ideas/pdf-file-workbench/.native-build/DeviceQA/Build/Intermediates.noindex/PaperFlowKit.build/Debug-iphoneos/PaperFlowDomain-t.build/PaperFlowDomain.modulemap (in target 'PaperFlowDomain' from project 'PaperFlowKit')
    cd /Users/long/github_space/good_ideas/pdf-file-workbench/PaperFlow/Packages/PaperFlowKit
    write-file /Users/long/github_space/good_ideas/pdf-file-workbench/.native-build/DeviceQA/Build/Intermediates.noindex/PaperFlowKit.build/Debug-iphoneos/PaperFlowDomain-t.build/PaperFlowDomain.modulemap

WriteAuxiliaryFile /Users/long/github_space/good_ideas/pdf-file-workbench/.native-build/DeviceQA/Build/Intermediates.noindex/PaperFlowKit.build/Debug-iphoneos/PaperFlowDomain-t.build/PaperFlowDomain.DependencyMetadataFileList (in target 'PaperFlowDomain' from project 'PaperFlowKit')
    cd /Users/long/github_space/good_ideas/pdf-file-workbench/PaperFlow/Packages/PaperFlowKit
    write-file /Users/long/github_space/good_ideas/pdf-file-workbench/.native-build/DeviceQA/Build/Intermediates.noindex/PaperFlowKit.build/Debug-iphoneos/PaperFlowDomain-t.build/PaperFlowDomain.DependencyMetadataFileList

WriteAuxiliaryFile /Users/long/github_space/good_ideas/pdf-file-workbench/.native-build/DeviceQA/Build/Intermediates.noindex/PaperFlowKit.build/Debug-iphoneos/PaperFlowDomain-t.build/PaperFlowDomain.DependencyStaticMetadataFileList (in target 'PaperFlowDomain' from project 'PaperFlowKit')
    cd /Users/long/github_space/good_ideas/pdf-file-workbench/PaperFlow/Packages/PaperFlowKit
    write-file /Users/long/github_space/good_ideas/pdf-file-workbench/.native-build/DeviceQA/Build/Intermediates.noindex/PaperFlowKit.build/Debug-iphoneos/PaperFlowDomain-t.build/PaperFlowDomain.DependencyStaticMetadataFileList

WriteAuxiliaryFile /Users/long/github_space/good_ideas/pdf-file-workbench/.native-build/DeviceQA/Build/Intermediates.noindex/PaperFlowKit.build/Debug-iphoneos/PaperFlowDomain-t.build/Objects-normal/arm64/PaperFlowDomain.SwiftFileList (in target 'PaperFlowDomain' from project 'PaperFlowKit')
    cd /Users/long/github_space/good_ideas/pdf-file-workbench/PaperFlow/Packages/PaperFlowKit
    write-file /Users/long/github_space/good_ideas/pdf-file-workbench/.native-build/DeviceQA/Build/Intermediates.noindex/PaperFlowKit.build/Debug-iphoneos/PaperFlowDomain-t.build/Objects-normal/arm64/PaperFlowDomain.SwiftFileList

WriteAuxiliaryFile /Users/long/github_space/good_ideas/pdf-file-workbench/.native-build/DeviceQA/Build/Intermediates.noindex/PaperFlowKit.build/Debug-iphoneos/PaperFlowDomain-t.build/Objects-normal/arm64/PaperFlowDomain_const_extract_protocols.json (in target 'PaperFlowDomain' from project 'PaperFlowKit')
    cd /Users/long/github_space/good_ideas/pdf-file-workbench/PaperFlow/Packages/PaperFlowKit
    write-file /Users/long/github_space/good_ideas/pdf-file-workbench/.native-build/DeviceQA/Build/Intermediates.noindex/PaperFlowKit.build/Debug-iphoneos/PaperFlowDomain-t.build/Objects-normal/arm64/PaperFlowDomain_const_extract_protocols.json

WriteAuxiliaryFile /Users/long/github_space/good_ideas/pdf-file-workbench/.native-build/DeviceQA/Build/Intermediates.noindex/PaperFlowKit.build/Debug-iphoneos/PaperFlowDomain-t.build/Objects-normal/arm64/PaperFlowDomain.SwiftConstValuesFileList (in target 'PaperFlowDomain' from project 'PaperFlowKit')
    cd /Users/long/github_space/good_ideas/pdf-file-workbench/PaperFlow/Packages/PaperFlowKit
    write-file /Users/long/github_space/good_ideas/pdf-file-workbench/.native-build/DeviceQA/Build/Intermediates.noindex/PaperFlowKit.build/Debug-iphoneos/PaperFlowDomain-t.build/Objects-normal/arm64/PaperFlowDomain.SwiftConstValuesFileList

WriteAuxiliaryFile /Users/long/github_space/good_ideas/pdf-file-workbench/.native-build/DeviceQA/Build/Intermediates.noindex/PaperFlowKit.build/Debug-iphoneos/PaperFlowDomain-t.build/Objects-normal/arm64/PaperFlowDomain-OutputFileMap.json (in target 'PaperFlowDomain' from project 'PaperFlowKit')
    cd /Users/long/github_space/good_ideas/pdf-file-workbench/PaperFlow/Packages/PaperFlowKit
    write-file /Users/long/github_space/good_ideas/pdf-file-workbench/.native-build/DeviceQA/Build/Intermediates.noindex/PaperFlowKit.build/Debug-iphoneos/PaperFlowDomain-t.build/Objects-normal/arm64/PaperFlowDomain-OutputFileMap.json

WriteAuxiliaryFile /Users/long/github_space/good_ideas/pdf-file-workbench/.native-build/DeviceQA/Build/Intermediates.noindex/PaperFlowKit.build/Debug-iphoneos/PaperFlowDomain-t.build/Objects-normal/arm64/PaperFlowDomain.LinkFileList (in target 'PaperFlowDomain' from project 'PaperFlowKit')
    cd /Users/long/github_space/good_ideas/pdf-file-workbench/PaperFlow/Packages/PaperFlowKit
    write-file /Users/long/github_space/good_ideas/pdf-file-workbench/.native-build/DeviceQA/Build/Intermediates.noindex/PaperFlowKit.build/Debug-iphoneos/PaperFlowDomain-t.build/Objects-normal/arm64/PaperFlowDomain.LinkFileList

MkDir /Users/long/github_space/good_ideas/pdf-file-workbench/.native-build/DeviceQA/Build/Products/Debug-iphoneos/PaperFlowUITests-Runner.app/PlugIns/PaperFlowUITests.xctest (in target 'PaperFlowUITests' from project 'PaperFlow')
    cd /Users/long/github_space/good_ideas/pdf-file-workbench/PaperFlow
    /bin/mkdir -p /Users/long/github_space/good_ideas/pdf-file-workbench/.native-build/DeviceQA/Build/Products/Debug-iphoneos/PaperFlowUITests-Runner.app/PlugIns/PaperFlowUITests.xctest

MkDir /Users/long/github_space/good_ideas/pdf-file-workbench/.native-build/DeviceQA/Build/Products/Debug-iphoneos/PaperFlowShare.appex (in target 'PaperFlowShare' from project 'PaperFlow')
    cd /Users/long/github_space/good_ideas/pdf-file-workbench/PaperFlow
    /bin/mkdir -p /Users/long/github_space/good_ideas/pdf-file-workbench/.native-build/DeviceQA/Build/Products/Debug-iphoneos/PaperFlowShare.appex

Copy /Users/long/github_space/good_ideas/pdf-file-workbench/.native-build/DeviceQA/Build/Intermediates.noindex/GeneratedModuleMaps-iphoneos/PaperFlowPersistence.modulemap /Users/long/github_space/good_ideas/pdf-file-workbench/.native-build/DeviceQA/Build/Intermediates.noindex/PaperFlowKit.build/Debug-iphoneos/PaperFlowPersistence-t.build/PaperFlowPersistence.modulemap (in target 'PaperFlowPersistence' from project 'PaperFlowKit')
    cd /Users/long/github_space/good_ideas/pdf-file-workbench/PaperFlow/Packages/PaperFlowKit
    builtin-copy -exclude .DS_Store -exclude CVS -exclude .svn -exclude .git -exclude .hg -resolve-src-symlinks /Users/long/github_space/good_ideas/pdf-file-workbench/.native-build/DeviceQA/Build/Intermediates.noindex/PaperFlowKit.build/Debug-iphoneos/PaperFlowPersistence-t.build/PaperFlowPersistence.modulemap /Users/long/github_space/good_ideas/pdf-file-workbench/.native-build/DeviceQA/Build/Intermediates.noindex/GeneratedModuleMaps-iphoneos

MkDir /Users/long/github_space/good_ideas/pdf-file-workbench/.native-build/DeviceQA/Build/Products/Debug-iphoneos/PaperFlow.app/PlugIns/PaperFlowTests.xctest (in target 'PaperFlowTests' from project 'PaperFlow')
    cd /Users/long/github_space/good_ideas/pdf-file-workbench/PaperFlow
    /bin/mkdir -p /Users/long/github_space/good_ideas/pdf-file-workbench/.native-build/DeviceQA/Build/Products/Debug-iphoneos/PaperFlow.app/PlugIns/PaperFlowTests.xctest

Copy /Users/long/github_space/good_ideas/pdf-file-workbench/.native-build/DeviceQA/Build/Intermediates.noindex/GeneratedModuleMaps-iphoneos/PaperFlowDomain.modulemap /Users/long/github_space/good_ideas/pdf-file-workbench/.native-build/DeviceQA/Build/Intermediates.noindex/PaperFlowKit.build/Debug-iphoneos/PaperFlowDomain-t.build/PaperFlowDomain.modulemap (in target 'PaperFlowDomain' from project 'PaperFlowKit')
    cd /Users/long/github_space/good_ideas/pdf-file-workbench/PaperFlow/Packages/PaperFlowKit
    builtin-copy -exclude .DS_Store -exclude CVS -exclude .svn -exclude .git -exclude .hg -resolve-src-symlinks /Users/long/github_space/good_ideas/pdf-file-workbench/.native-build/DeviceQA/Build/Intermediates.noindex/PaperFlowKit.build/Debug-iphoneos/PaperFlowDomain-t.build/PaperFlowDomain.modulemap /Users/long/github_space/good_ideas/pdf-file-workbench/.native-build/DeviceQA/Build/Intermediates.noindex/GeneratedModuleMaps-iphoneos

ProcessXCFramework /Users/long/github_space/good_ideas/pdf-file-workbench/PaperFlow/Packages/PaperFlowKit/Vendor/QPDF.xcframework /Users/long/github_space/good_ideas/pdf-file-workbench/.native-build/DeviceQA/Build/Products/Debug-iphoneos/libQPDF.a ios
    cd /Users/long/github_space/good_ideas/pdf-file-workbench/PaperFlow/PaperFlow.xcodeproj
    builtin-process-xcframework --xcframework /Users/long/github_space/good_ideas/pdf-file-workbench/PaperFlow/Packages/PaperFlowKit/Vendor/QPDF.xcframework --platform ios --target-path /Users/long/github_space/good_ideas/pdf-file-workbench/.native-build/DeviceQA/Build/Products/Debug-iphoneos

ProcessProductPackaging /Users/long/github_space/good_ideas/pdf-file-workbench/PaperFlow/PaperFlowShare/PaperFlowShare.entitlements /Users/long/github_space/good_ideas/pdf-file-workbench/.native-build/DeviceQA/Build/Intermediates.noindex/PaperFlow.build/Debug-iphoneos/PaperFlowShare.build/PaperFlowShare.appex.xcent (in target 'PaperFlowShare' from project 'PaperFlow')
    cd /Users/long/github_space/good_ideas/pdf-file-workbench/PaperFlow
    
    Entitlements:
    
    {
    "application-identifier" = "3LSP26D33P.com.xiaolongxu.PaperFlow.Share";
    "com.apple.developer.team-identifier" = 3LSP26D33P;
    "com.apple.security.application-groups" =     (
        "group.com.xiaolongxu.PaperFlow"
    );
    "get-task-allow" = 1;
}
    
    builtin-productPackagingUtility /Users/long/github_space/good_ideas/pdf-file-workbench/PaperFlow/PaperFlowShare/PaperFlowShare.entitlements -entitlements -format xml -o /Users/long/github_space/good_ideas/pdf-file-workbench/.native-build/DeviceQA/Build/Intermediates.noindex/PaperFlow.build/Debug-iphoneos/PaperFlowShare.build/PaperFlowShare.appex.xcent

ProcessProductPackaging /Users/long/Library/Developer/Xcode/UserData/Provisioning\ Profiles/93308076-7080-43f5-8fdc-5ba6a6fce96f.mobileprovision /Users/long/github_space/good_ideas/pdf-file-workbench/.native-build/DeviceQA/Build/Products/Debug-iphoneos/PaperFlowShare.appex/embedded.mobileprovision (in target 'PaperFlowShare' from project 'PaperFlow')
    cd /Users/long/github_space/good_ideas/pdf-file-workbench/PaperFlow
    builtin-productPackagingUtility /Users/long/Library/Developer/Xcode/UserData/Provisioning\ Profiles/93308076-7080-43f5-8fdc-5ba6a6fce96f.mobileprovision -o /Users/long/github_space/good_ideas/pdf-file-workbench/.native-build/DeviceQA/Build/Products/Debug-iphoneos/PaperFlowShare.appex/embedded.mobileprovision

ProcessProductPackagingDER /Users/long/github_space/good_ideas/pdf-file-workbench/.native-build/DeviceQA/Build/Intermediates.noindex/PaperFlow.build/Debug-iphoneos/PaperFlowShare.build/PaperFlowShare.appex.xcent /Users/long/github_space/good_ideas/pdf-file-workbench/.native-build/DeviceQA/Build/Intermediates.noindex/PaperFlow.build/Debug-iphoneos/PaperFlowShare.build/PaperFlowShare.appex.xcent.der (in target 'PaperFlowShare' from project 'PaperFlow')
    cd /Users/long/github_space/good_ideas/pdf-file-workbench/PaperFlow
    /usr/bin/derq query -f xml -i /Users/long/github_space/good_ideas/pdf-file-workbench/.native-build/DeviceQA/Build/Intermediates.noindex/PaperFlow.build/Debug-iphoneos/PaperFlowShare.build/PaperFlowShare.appex.xcent -o /Users/long/github_space/good_ideas/pdf-file-workbench/.native-build/DeviceQA/Build/Intermediates.noindex/PaperFlow.build/Debug-iphoneos/PaperFlowShare.build/PaperFlowShare.appex.xcent.der --raw

ProcessInfoPlistFile /Users/long/github_space/good_ideas/pdf-file-workbench/.native-build/DeviceQA/Build/Products/Debug-iphoneos/PaperFlowShare.appex/Info.plist /Users/long/github_space/good_ideas/pdf-file-workbench/PaperFlow/PaperFlowShare/Info.plist (in target 'PaperFlowShare' from project 'PaperFlow')
    cd /Users/long/github_space/good_ideas/pdf-file-workbench/PaperFlow
    builtin-infoPlistUtility /Users/long/github_space/good_ideas/pdf-file-workbench/PaperFlow/PaperFlowShare/Info.plist -producttype com.apple.product-type.app-extension -expandbuildsettings -format binary -platform iphoneos -requiredArchitecture arm64 -o /Users/long/github_space/good_ideas/pdf-file-workbench/.native-build/DeviceQA/Build/Products/Debug-iphoneos/PaperFlowShare.appex/Info.plist

Ld /Users/long/github_space/good_ideas/pdf-file-workbench/.native-build/DeviceQA/Build/Products/Debug-iphoneos/PaperFlowShare.appex/__preview.dylib normal (in target 'PaperFlowShare' from project 'PaperFlow')
    cd /Users/long/github_space/good_ideas/pdf-file-workbench/PaperFlow
    /Applications/Xcode.app/Contents/Developer/Toolchains/XcodeDefault.xctoolchain/usr/bin/clang -Xlinker -reproducible -target arm64-apple-ios18.0 -dynamiclib -isysroot /Applications/Xcode.app/Contents/Developer/Platforms/iPhoneOS.platform/Developer/SDKs/iPhoneOS27.0.sdk -O0 -Xlinker -no_warn_duplicate_libraries -L/Users/long/github_space/good_ideas/pdf-file-workbench/.native-build/DeviceQA/Build/Products/Debug-iphoneos -F/Users/long/github_space/good_ideas/pdf-file-workbench/.native-build/DeviceQA/Build/Products/Debug-iphoneos -install_name @rpath/PaperFlowShare.debug.dylib -Xlinker -dead_strip -rdynamic -Xlinker -no_deduplicate -Xlinker -dependency_info -Xlinker /Users/long/github_space/good_ideas/pdf-file-workbench/.native-build/DeviceQA/Build/Intermediates.noindex/PaperFlow.build/Debug-iphoneos/PaperFlowShare.build/Objects-normal/arm64/PaperFlowShare_dependency_info.dat -Xlinker -no_adhoc_codesign -o /Users/long/github_space/good_ideas/pdf-file-workbench/.native-build/DeviceQA/Build/Products/Debug-iphoneos/PaperFlowShare.appex/__preview.dylib

WriteAuxiliaryFile /Users/long/github_space/good_ideas/pdf-file-workbench/.native-build/DeviceQA/Build/Intermediates.noindex/PaperFlowKit.build/Debug-iphoneos/CQPDF-t.build/CQPDF.DependencyMetadataFileList (in target 'CQPDF' from project 'PaperFlowKit')
    cd /Users/long/github_space/good_ideas/pdf-file-workbench/PaperFlow/Packages/PaperFlowKit
    write-file /Users/long/github_space/good_ideas/pdf-file-workbench/.native-build/DeviceQA/Build/Intermediates.noindex/PaperFlowKit.build/Debug-iphoneos/CQPDF-t.build/CQPDF.DependencyMetadataFileList

WriteAuxiliaryFile /Users/long/github_space/good_ideas/pdf-file-workbench/.native-build/DeviceQA/Build/Intermediates.noindex/PaperFlowKit.build/Debug-iphoneos/CQPDF-t.build/CQPDF.modulemap (in target 'CQPDF' from project 'PaperFlowKit')
    cd /Users/long/github_space/good_ideas/pdf-file-workbench/PaperFlow/Packages/PaperFlowKit
    write-file /Users/long/github_space/good_ideas/pdf-file-workbench/.native-build/DeviceQA/Build/Intermediates.noindex/PaperFlowKit.build/Debug-iphoneos/CQPDF-t.build/CQPDF.modulemap

WriteAuxiliaryFile /Users/long/github_space/good_ideas/pdf-file-workbench/.native-build/DeviceQA/Build/Intermediates.noindex/PaperFlowKit.build/Debug-iphoneos/CQPDF-t.build/CQPDF.DependencyStaticMetadataFileList (in target 'CQPDF' from project 'PaperFlowKit')
    cd /Users/long/github_space/good_ideas/pdf-file-workbench/PaperFlow/Packages/PaperFlowKit
    write-file /Users/long/github_space/good_ideas/pdf-file-workbench/.native-build/DeviceQA/Build/Intermediates.noindex/PaperFlowKit.build/Debug-iphoneos/CQPDF-t.build/CQPDF.DependencyStaticMetadataFileList

WriteAuxiliaryFile /Users/long/github_space/good_ideas/pdf-file-workbench/.native-build/DeviceQA/Build/Intermediates.noindex/PaperFlow.build/Debug-iphoneos/PaperFlow.build/PaperFlow-generated-files.hmap (in target 'PaperFlow' from project 'PaperFlow')
    cd /Users/long/github_space/good_ideas/pdf-file-workbench/PaperFlow
    write-file /Users/long/github_space/good_ideas/pdf-file-workbench/.native-build/DeviceQA/Build/Intermediates.noindex/PaperFlow.build/Debug-iphoneos/PaperFlow.build/PaperFlow-generated-files.hmap

WriteAuxiliaryFile /Users/long/github_space/good_ideas/pdf-file-workbench/.native-build/DeviceQA/Build/Intermediates.noindex/PaperFlow.build/Debug-iphoneos/PaperFlow.build/PaperFlow-project-headers.hmap (in target 'PaperFlow' from project 'PaperFlow')
    cd /Users/long/github_space/good_ideas/pdf-file-workbench/PaperFlow
    write-file /Users/long/github_space/good_ideas/pdf-file-workbench/.native-build/DeviceQA/Build/Intermediates.noindex/PaperFlow.build/Debug-iphoneos/PaperFlow.build/PaperFlow-project-headers.hmap

WriteAuxiliaryFile /Users/long/github_space/good_ideas/pdf-file-workbench/.native-build/DeviceQA/Build/Intermediates.noindex/PaperFlow.build/Debug-iphoneos/PaperFlow.build/PaperFlow.hmap (in target 'PaperFlow' from project 'PaperFlow')
    cd /Users/long/github_space/good_ideas/pdf-file-workbench/PaperFlow
    write-file /Users/long/github_space/good_ideas/pdf-file-workbench/.native-build/DeviceQA/Build/Intermediates.noindex/PaperFlow.build/Debug-iphoneos/PaperFlow.build/PaperFlow.hmap

WriteAuxiliaryFile /Users/long/github_space/good_ideas/pdf-file-workbench/.native-build/DeviceQA/Build/Intermediates.noindex/PaperFlow.build/Debug-iphoneos/PaperFlow.build/PaperFlow-all-target-headers.hmap (in target 'PaperFlow' from project 'PaperFlow')
    cd /Users/long/github_space/good_ideas/pdf-file-workbench/PaperFlow
    write-file /Users/long/github_space/good_ideas/pdf-file-workbench/.native-build/DeviceQA/Build/Intermediates.noindex/PaperFlow.build/Debug-iphoneos/PaperFlow.build/PaperFlow-all-target-headers.hmap

WriteAuxiliaryFile /Users/long/github_space/good_ideas/pdf-file-workbench/.native-build/DeviceQA/Build/Intermediates.noindex/PaperFlow.build/Debug-iphoneos/PaperFlow.build/PaperFlow-own-target-headers.hmap (in target 'PaperFlow' from project 'PaperFlow')
    cd /Users/long/github_space/good_ideas/pdf-file-workbench/PaperFlow
    write-file /Users/long/github_space/good_ideas/pdf-file-workbench/.native-build/DeviceQA/Build/Intermediates.noindex/PaperFlow.build/Debug-iphoneos/PaperFlow.build/PaperFlow-own-target-headers.hmap

WriteAuxiliaryFile /Users/long/github_space/good_ideas/pdf-file-workbench/.native-build/DeviceQA/Build/Intermediates.noindex/PaperFlow.build/Debug-iphoneos/PaperFlow.build/PaperFlow-DebugDylibPath-normal-arm64.txt (in target 'PaperFlow' from project 'PaperFlow')
    cd /Users/long/github_space/good_ideas/pdf-file-workbench/PaperFlow
    write-file /Users/long/github_space/good_ideas/pdf-file-workbench/.native-build/DeviceQA/Build/Intermediates.noindex/PaperFlow.build/Debug-iphoneos/PaperFlow.build/PaperFlow-DebugDylibPath-normal-arm64.txt

WriteAuxiliaryFile /Users/long/github_space/good_ideas/pdf-file-workbench/.native-build/DeviceQA/Build/Intermediates.noindex/PaperFlow.build/Debug-iphoneos/PaperFlow.build/PaperFlow-all-non-framework-target-headers.hmap (in target 'PaperFlow' from project 'PaperFlow')
    cd /Users/long/github_space/good_ideas/pdf-file-workbench/PaperFlow
    write-file /Users/long/github_space/good_ideas/pdf-file-workbench/.native-build/DeviceQA/Build/Intermediates.noindex/PaperFlow.build/Debug-iphoneos/PaperFlow.build/PaperFlow-all-non-framework-target-headers.hmap

WriteAuxiliaryFile /Users/long/github_space/good_ideas/pdf-file-workbench/.native-build/DeviceQA/Build/Intermediates.noindex/PaperFlow.build/Debug-iphoneos/PaperFlow.build/PaperFlow-DebugDylibInstallName-normal-arm64.txt (in target 'PaperFlow' from project 'PaperFlow')
    cd /Users/long/github_space/good_ideas/pdf-file-workbench/PaperFlow
    write-file /Users/long/github_space/good_ideas/pdf-file-workbench/.native-build/DeviceQA/Build/Intermediates.noindex/PaperFlow.build/Debug-iphoneos/PaperFlow.build/PaperFlow-DebugDylibInstallName-normal-arm64.txt

WriteAuxiliaryFile /Users/long/github_space/good_ideas/pdf-file-workbench/.native-build/DeviceQA/Build/Intermediates.noindex/PaperFlowKit.build/Debug-iphoneos/CQPDF-t.build/Objects-normal/arm64/CQPDF.LinkFileList (in target 'CQPDF' from project 'PaperFlowKit')
    cd /Users/long/github_space/good_ideas/pdf-file-workbench/PaperFlow/Packages/PaperFlowKit
    write-file /Users/long/github_space/good_ideas/pdf-file-workbench/.native-build/DeviceQA/Build/Intermediates.noindex/PaperFlowKit.build/Debug-iphoneos/CQPDF-t.build/Objects-normal/arm64/CQPDF.LinkFileList

WriteAuxiliaryFile /Users/long/github_space/good_ideas/pdf-file-workbench/.native-build/DeviceQA/Build/Intermediates.noindex/PaperFlow.build/Debug-iphoneos/PaperFlow.build/Objects-normal/arm64/PaperFlow_const_extract_protocols.json (in target 'PaperFlow' from project 'PaperFlow')
    cd /Users/long/github_space/good_ideas/pdf-file-workbench/PaperFlow
    write-file /Users/long/github_space/good_ideas/pdf-file-workbench/.native-build/DeviceQA/Build/Intermediates.noindex/PaperFlow.build/Debug-iphoneos/PaperFlow.build/Objects-normal/arm64/PaperFlow_const_extract_protocols.json

WriteAuxiliaryFile /Users/long/github_space/good_ideas/pdf-file-workbench/.native-build/DeviceQA/Build/Intermediates.noindex/PaperFlowKit.build/Debug-iphoneos/CQPDF-t.build/Objects-normal/arm64/82b82416624d2658e5098eb0a28c15c5-common-args.resp (in target 'CQPDF' from project 'PaperFlowKit')
    cd /Users/long/github_space/good_ideas/pdf-file-workbench/PaperFlow/Packages/PaperFlowKit
    write-file /Users/long/github_space/good_ideas/pdf-file-workbench/.native-build/DeviceQA/Build/Intermediates.noindex/PaperFlowKit.build/Debug-iphoneos/CQPDF-t.build/Objects-normal/arm64/82b82416624d2658e5098eb0a28c15c5-common-args.resp
'-std=c++20' -fmodules -fno-cxx-modules -gmodules '-fmodules-cache-path=/Users/long/github_space/good_ideas/pdf-file-workbench/.native-build/DeviceQA/ModuleCache.noindex' '-fmodule-name=CQPDF' '-D_LIBCPP_HARDENING_MODE=_LIBCPP_HARDENING_MODE_DEBUG' -fpascal-strings -O0 -DSWIFT_PACKAGE '-DDEBUG=1' -g -fvisibility-inlines-hidden -I/Users/long/github_space/good_ideas/pdf-file-workbench/.native-build/DeviceQA/Build/Products/Debug-iphoneos/include -I/Users/long/github_space/good_ideas/pdf-file-workbench/PaperFlow/Packages/PaperFlowKit/Sources/CQPDF/include -I/Users/long/github_space/good_ideas/pdf-file-workbench/.native-build/DeviceQA/Build/Intermediates.noindex/PaperFlowKit.build/Debug-iphoneos/CQPDF-t.build/DerivedSources-normal/arm64 -I/Users/long/github_space/good_ideas/pdf-file-workbench/.native-build/DeviceQA/Build/Intermediates.noindex/PaperFlowKit.build/Debug-iphoneos/CQPDF-t.build/DerivedSources/arm64 -I/Users/long/github_space/good_ideas/pdf-file-workbench/.native-build/DeviceQA/Build/Intermediates.noindex/PaperFlowKit.build/Debug-iphoneos/CQPDF-t.build/DerivedSources -F/Users/long/github_space/good_ideas/pdf-file-workbench/.native-build/DeviceQA/Build/Products/Debug-iphoneos -iframework /Applications/Xcode.app/Contents/Developer/Platforms/iPhoneOS.platform/Developer/Library/Frameworks -iframework /Applications/Xcode.app/Contents/Developer/Platforms/iPhoneOS.platform/Developer/SDKs/iPhoneOS27.0.sdk/Developer/Library/Frameworks -DXcode

WriteAuxiliaryFile /Users/long/github_space/good_ideas/pdf-file-workbench/.native-build/DeviceQA/Build/Intermediates.noindex/PaperFlowKit.build/Debug-iphoneos/PaperFlowProcessing-t.build/PaperFlowProcessing.DependencyMetadataFileList (in target 'PaperFlowProcessing' from project 'PaperFlowKit')
    cd /Users/long/github_space/good_ideas/pdf-file-workbench/PaperFlow/Packages/PaperFlowKit
    write-file /Users/long/github_space/good_ideas/pdf-file-workbench/.native-build/DeviceQA/Build/Intermediates.noindex/PaperFlowKit.build/Debug-iphoneos/PaperFlowProcessing-t.build/PaperFlowProcessing.DependencyMetadataFileList

WriteAuxiliaryFile /Users/long/github_space/good_ideas/pdf-file-workbench/.native-build/DeviceQA/Build/Intermediates.noindex/PaperFlowKit.build/Debug-iphoneos/PaperFlowProcessing-t.build/PaperFlowProcessing.modulemap (in target 'PaperFlowProcessing' from project 'PaperFlowKit')
    cd /Users/long/github_space/good_ideas/pdf-file-workbench/PaperFlow/Packages/PaperFlowKit
    write-file /Users/long/github_space/good_ideas/pdf-file-workbench/.native-build/DeviceQA/Build/Intermediates.noindex/PaperFlowKit.build/Debug-iphoneos/PaperFlowProcessing-t.build/PaperFlowProcessing.modulemap

WriteAuxiliaryFile /Users/long/github_space/good_ideas/pdf-file-workbench/.native-build/DeviceQA/Build/Intermediates.noindex/PaperFlowKit.build/Debug-iphoneos/PaperFlowProcessing-t.build/PaperFlowProcessing.DependencyStaticMetadataFileList (in target 'PaperFlowProcessing' from project 'PaperFlowKit')
    cd /Users/long/github_space/good_ideas/pdf-file-workbench/PaperFlow/Packages/PaperFlowKit
    write-file /Users/long/github_space/good_ideas/pdf-file-workbench/.native-build/DeviceQA/Build/Intermediates.noindex/PaperFlowKit.build/Debug-iphoneos/PaperFlowProcessing-t.build/PaperFlowProcessing.DependencyStaticMetadataFileList

WriteAuxiliaryFile /Users/long/github_space/good_ideas/pdf-file-workbench/.native-build/DeviceQA/Build/Intermediates.noindex/PaperFlowKit.build/Debug-iphoneos/PaperFlowProcessing-t.build/Objects-normal/arm64/PaperFlowProcessing-OutputFileMap.json (in target 'PaperFlowProcessing' from project 'PaperFlowKit')
    cd /Users/long/github_space/good_ideas/pdf-file-workbench/PaperFlow/Packages/PaperFlowKit
    write-file /Users/long/github_space/good_ideas/pdf-file-workbench/.native-build/DeviceQA/Build/Intermediates.noindex/PaperFlowKit.build/Debug-iphoneos/PaperFlowProcessing-t.build/Objects-normal/arm64/PaperFlowProcessing-OutputFileMap.json

WriteAuxiliaryFile /Users/long/github_space/good_ideas/pdf-file-workbench/.native-build/DeviceQA/Build/Intermediates.noindex/PaperFlowKit.build/Debug-iphoneos/PaperFlowProcessing-t.build/Objects-normal/arm64/PaperFlowProcessing.SwiftConstValuesFileList (in target 'PaperFlowProcessing' from project 'PaperFlowKit')
    cd /Users/long/github_space/good_ideas/pdf-file-workbench/PaperFlow/Packages/PaperFlowKit
    write-file /Users/long/github_space/good_ideas/pdf-file-workbench/.native-build/DeviceQA/Build/Intermediates.noindex/PaperFlowKit.build/Debug-iphoneos/PaperFlowProcessing-t.build/Objects-normal/arm64/PaperFlowProcessing.SwiftConstValuesFileList

WriteAuxiliaryFile /Users/long/github_space/good_ideas/pdf-file-workbench/.native-build/DeviceQA/Build/Intermediates.noindex/PaperFlowKit.build/Debug-iphoneos/PaperFlowProcessing-t.build/Objects-normal/arm64/PaperFlowProcessing.SwiftFileList (in target 'PaperFlowProcessing' from project 'PaperFlowKit')
    cd /Users/long/github_space/good_ideas/pdf-file-workbench/PaperFlow/Packages/PaperFlowKit
    write-file /Users/long/github_space/good_ideas/pdf-file-workbench/.native-build/DeviceQA/Build/Intermediates.noindex/PaperFlowKit.build/Debug-iphoneos/PaperFlowProcessing-t.build/Objects-normal/arm64/PaperFlowProcessing.SwiftFileList

WriteAuxiliaryFile /Users/long/github_space/good_ideas/pdf-file-workbench/.native-build/DeviceQA/Build/Intermediates.noindex/PaperFlowKit.build/Debug-iphoneos/PaperFlowProcessing-t.build/Objects-normal/arm64/PaperFlowProcessing_const_extract_protocols.json (in target 'PaperFlowProcessing' from project 'PaperFlowKit')
    cd /Users/long/github_space/good_ideas/pdf-file-workbench/PaperFlow/Packages/PaperFlowKit
    write-file /Users/long/github_space/good_ideas/pdf-file-workbench/.native-build/DeviceQA/Build/Intermediates.noindex/PaperFlowKit.build/Debug-iphoneos/PaperFlowProcessing-t.build/Objects-normal/arm64/PaperFlowProcessing_const_extract_protocols.json

WriteAuxiliaryFile /Users/long/github_space/good_ideas/pdf-file-workbench/.native-build/DeviceQA/Build/Intermediates.noindex/PaperFlowKit.build/Debug-iphoneos/PaperFlowProcessing-t.build/Objects-normal/arm64/PaperFlowProcessing.LinkFileList (in target 'PaperFlowProcessing' from project 'PaperFlowKit')
    cd /Users/long/github_space/good_ideas/pdf-file-workbench/PaperFlow/Packages/PaperFlowKit
    write-file /Users/long/github_space/good_ideas/pdf-file-workbench/.native-build/DeviceQA/Build/Intermediates.noindex/PaperFlowKit.build/Debug-iphoneos/PaperFlowProcessing-t.build/Objects-normal/arm64/PaperFlowProcessing.LinkFileList

WriteAuxiliaryFile /Users/long/github_space/good_ideas/pdf-file-workbench/.native-build/DeviceQA/Build/Intermediates.noindex/PaperFlow.build/Debug-iphoneos/PaperFlow.build/PaperFlow.DependencyStaticMetadataFileList (in target 'PaperFlow' from project 'PaperFlow')
    cd /Users/long/github_space/good_ideas/pdf-file-workbench/PaperFlow
    write-file /Users/long/github_space/good_ideas/pdf-file-workbench/.native-build/DeviceQA/Build/Intermediates.noindex/PaperFlow.build/Debug-iphoneos/PaperFlow.build/PaperFlow.DependencyStaticMetadataFileList

WriteAuxiliaryFile /Users/long/github_space/good_ideas/pdf-file-workbench/.native-build/DeviceQA/Build/Intermediates.noindex/PaperFlow.build/Debug-iphoneos/PaperFlow.build/PaperFlow.DependencyMetadataFileList (in target 'PaperFlow' from project 'PaperFlow')
    cd /Users/long/github_space/good_ideas/pdf-file-workbench/PaperFlow
    write-file /Users/long/github_space/good_ideas/pdf-file-workbench/.native-build/DeviceQA/Build/Intermediates.noindex/PaperFlow.build/Debug-iphoneos/PaperFlow.build/PaperFlow.DependencyMetadataFileList

WriteAuxiliaryFile /Users/long/github_space/good_ideas/pdf-file-workbench/.native-build/DeviceQA/Build/Intermediates.noindex/PaperFlow.build/Debug-iphoneos/PaperFlow.build/Objects-normal/arm64/PaperFlow.SwiftFileList (in target 'PaperFlow' from project 'PaperFlow')
    cd /Users/long/github_space/good_ideas/pdf-file-workbench/PaperFlow
    write-file /Users/long/github_space/good_ideas/pdf-file-workbench/.native-build/DeviceQA/Build/Intermediates.noindex/PaperFlow.build/Debug-iphoneos/PaperFlow.build/Objects-normal/arm64/PaperFlow.SwiftFileList

WriteAuxiliaryFile /Users/long/github_space/good_ideas/pdf-file-workbench/.native-build/DeviceQA/Build/Intermediates.noindex/PaperFlow.build/Debug-iphoneos/PaperFlow.build/Objects-normal/arm64/PaperFlow.SwiftConstValuesFileList (in target 'PaperFlow' from project 'PaperFlow')
    cd /Users/long/github_space/good_ideas/pdf-file-workbench/PaperFlow
    write-file /Users/long/github_space/good_ideas/pdf-file-workbench/.native-build/DeviceQA/Build/Intermediates.noindex/PaperFlow.build/Debug-iphoneos/PaperFlow.build/Objects-normal/arm64/PaperFlow.SwiftConstValuesFileList

WriteAuxiliaryFile /Users/long/github_space/good_ideas/pdf-file-workbench/.native-build/DeviceQA/Build/Intermediates.noindex/PaperFlow.build/Debug-iphoneos/PaperFlow.build/Objects-normal/arm64/PaperFlow.LinkFileList (in target 'PaperFlow' from project 'PaperFlow')
    cd /Users/long/github_space/good_ideas/pdf-file-workbench/PaperFlow
    write-file /Users/long/github_space/good_ideas/pdf-file-workbench/.native-build/DeviceQA/Build/Intermediates.noindex/PaperFlow.build/Debug-iphoneos/PaperFlow.build/Objects-normal/arm64/PaperFlow.LinkFileList

WriteAuxiliaryFile /Users/long/github_space/good_ideas/pdf-file-workbench/.native-build/DeviceQA/Build/Intermediates.noindex/PaperFlow.build/Debug-iphoneos/PaperFlow.build/Objects-normal/arm64/PaperFlow-OutputFileMap.json (in target 'PaperFlow' from project 'PaperFlow')
    cd /Users/long/github_space/good_ideas/pdf-file-workbench/PaperFlow
    write-file /Users/long/github_space/good_ideas/pdf-file-workbench/.native-build/DeviceQA/Build/Intermediates.noindex/PaperFlow.build/Debug-iphoneos/PaperFlow.build/Objects-normal/arm64/PaperFlow-OutputFileMap.json

Copy /Users/long/github_space/good_ideas/pdf-file-workbench/.native-build/DeviceQA/Build/Intermediates.noindex/GeneratedModuleMaps-iphoneos/CQPDF.modulemap /Users/long/github_space/good_ideas/pdf-file-workbench/.native-build/DeviceQA/Build/Intermediates.noindex/PaperFlowKit.build/Debug-iphoneos/CQPDF-t.build/CQPDF.modulemap (in target 'CQPDF' from project 'PaperFlowKit')
    cd /Users/long/github_space/good_ideas/pdf-file-workbench/PaperFlow/Packages/PaperFlowKit
    builtin-copy -exclude .DS_Store -exclude CVS -exclude .svn -exclude .git -exclude .hg -resolve-src-symlinks /Users/long/github_space/good_ideas/pdf-file-workbench/.native-build/DeviceQA/Build/Intermediates.noindex/PaperFlowKit.build/Debug-iphoneos/CQPDF-t.build/CQPDF.modulemap /Users/long/github_space/good_ideas/pdf-file-workbench/.native-build/DeviceQA/Build/Intermediates.noindex/GeneratedModuleMaps-iphoneos

MkDir /Users/long/github_space/good_ideas/pdf-file-workbench/.native-build/DeviceQA/Build/Products/Debug-iphoneos/PaperFlow.app/PlugIns (in target 'PaperFlow' from project 'PaperFlow')
    cd /Users/long/github_space/good_ideas/pdf-file-workbench/PaperFlow
    /bin/mkdir -p /Users/long/github_space/good_ideas/pdf-file-workbench/.native-build/DeviceQA/Build/Products/Debug-iphoneos/PaperFlow.app/PlugIns

WriteAuxiliaryFile /Users/long/github_space/good_ideas/pdf-file-workbench/.native-build/DeviceQA/Build/Intermediates.noindex/PaperFlow.build/Debug-iphoneos/PaperFlow.build/DerivedSources/Entitlements.plist (in target 'PaperFlow' from project 'PaperFlow')
    cd /Users/long/github_space/good_ideas/pdf-file-workbench/PaperFlow
    write-file /Users/long/github_space/good_ideas/pdf-file-workbench/.native-build/DeviceQA/Build/Intermediates.noindex/PaperFlow.build/Debug-iphoneos/PaperFlow.build/DerivedSources/Entitlements.plist

Copy /Users/long/github_space/good_ideas/pdf-file-workbench/.native-build/DeviceQA/Build/Intermediates.noindex/GeneratedModuleMaps-iphoneos/PaperFlowProcessing.modulemap /Users/long/github_space/good_ideas/pdf-file-workbench/.native-build/DeviceQA/Build/Intermediates.noindex/PaperFlowKit.build/Debug-iphoneos/PaperFlowProcessing-t.build/PaperFlowProcessing.modulemap (in target 'PaperFlowProcessing' from project 'PaperFlowKit')
    cd /Users/long/github_space/good_ideas/pdf-file-workbench/PaperFlow/Packages/PaperFlowKit
    builtin-copy -exclude .DS_Store -exclude CVS -exclude .svn -exclude .git -exclude .hg -resolve-src-symlinks /Users/long/github_space/good_ideas/pdf-file-workbench/.native-build/DeviceQA/Build/Intermediates.noindex/PaperFlowKit.build/Debug-iphoneos/PaperFlowProcessing-t.build/PaperFlowProcessing.modulemap /Users/long/github_space/good_ideas/pdf-file-workbench/.native-build/DeviceQA/Build/Intermediates.noindex/GeneratedModuleMaps-iphoneos

MkDir /Users/long/github_space/good_ideas/pdf-file-workbench/.native-build/DeviceQA/Build/Products/Debug-iphoneos/PaperFlow.app (in target 'PaperFlow' from project 'PaperFlow')
    cd /Users/long/github_space/good_ideas/pdf-file-workbench/PaperFlow
    /bin/mkdir -p /Users/long/github_space/good_ideas/pdf-file-workbench/.native-build/DeviceQA/Build/Products/Debug-iphoneos/PaperFlow.app

CompileC /Users/long/github_space/good_ideas/pdf-file-workbench/.native-build/DeviceQA/Build/Intermediates.noindex/PaperFlowKit.build/Debug-iphoneos/CQPDF-t.build/Objects-normal/arm64/PFQPDF.o /Users/long/github_space/good_ideas/pdf-file-workbench/PaperFlow/Packages/PaperFlowKit/Sources/CQPDF/PFQPDF.cpp normal arm64 c++ com.apple.compilers.llvm.clang.1_0.compiler (in target 'CQPDF' from project 'PaperFlowKit')
    cd /Users/long/github_space/good_ideas/pdf-file-workbench/PaperFlow/PaperFlow.xcodeproj
    
    Using response file: /Users/long/github_space/good_ideas/pdf-file-workbench/.native-build/DeviceQA/Build/Intermediates.noindex/PaperFlowKit.build/Debug-iphoneos/CQPDF-t.build/Objects-normal/arm64/82b82416624d2658e5098eb0a28c15c5-common-args.resp
    
    /Applications/Xcode.app/Contents/Developer/Toolchains/XcodeDefault.xctoolchain/usr/bin/clang -x c++ -ivfsstatcache /Users/long/github_space/good_ideas/pdf-file-workbench/.native-build/DeviceQA/SDKStatCaches.noindex/iphoneos27.0-24A430-6c78b3cbc238196c85e1bf6c792c5915.sdkstatcache -target arm64-apple-ios18.0 -fmessage-length\=0 -fdiagnostics-show-note-include-stack -fmacro-backtrace-limit\=0 -fno-color-diagnostics -fmodules-prune-interval\=86400 -fmodules-prune-after\=345600 -fbuild-session-file\=/Users/long/github_space/good_ideas/pdf-file-workbench/.native-build/DeviceQA/ModuleCache.noindex/Session.modulevalidation -fmodules-validate-once-per-build-session -Wnon-modular-include-in-framework-module -Werror\=non-modular-include-in-framework-module -Wno-trigraphs -Wno-missing-field-initializers -Wno-missing-prototypes -Wno-return-type -Wno-non-virtual-dtor -Wno-overloaded-virtual -Wno-exit-time-destructors -Wno-missing-braces -Wparentheses -Wswitch -Wno-unused-function -Wno-unused-label -Wno-unused-parameter -Wno-unused-variable -Wunused-value -Wno-empty-body -Wno-uninitialized -Wno-unknown-pragmas -Wno-shadow -Wno-four-char-constants -Wno-conversion -Wno-constant-conversion -Wno-int-conversion -Wno-bool-conversion -Wno-enum-conversion -Wno-float-conversion -Wno-non-literal-null-conversion -Wno-objc-literal-conversion -Wshorten-64-to-32 -Wno-newline-eof -Wno-c++11-extensions -Wno-implicit-fallthrough -isysroot /Applications/Xcode.app/Contents/Developer/Platforms/iPhoneOS.platform/Developer/SDKs/iPhoneOS27.0.sdk -fstrict-aliasing -Wdeprecated-declarations -Winvalid-offsetof -Wno-sign-conversion -Wno-infinite-recursion -Wno-move -Wno-comma -Wno-block-capture-autoreleasing -Wno-strict-prototypes -Wno-range-loop-analysis -Wno-semicolon-before-method-body -index-store-path /Users/long/github_space/good_ideas/pdf-file-workbench/.native-build/DeviceQA/Index.noindex/DataStore @/Users/long/github_space/good_ideas/pdf-file-workbench/.native-build/DeviceQA/Build/Intermediates.noindex/PaperFlowKit.build/Debug-iphoneos/CQPDF-t.build/Objects-normal/arm64/82b82416624d2658e5098eb0a28c15c5-common-args.resp -MMD -MT dependencies -MF /Users/long/github_space/good_ideas/pdf-file-workbench/.native-build/DeviceQA/Build/Intermediates.noindex/PaperFlowKit.build/Debug-iphoneos/CQPDF-t.build/Objects-normal/arm64/PFQPDF.d --serialize-diagnostics /Users/long/github_space/good_ideas/pdf-file-workbench/.native-build/DeviceQA/Build/Intermediates.noindex/PaperFlowKit.build/Debug-iphoneos/CQPDF-t.build/Objects-normal/arm64/PFQPDF.dia -c /Users/long/github_space/good_ideas/pdf-file-workbench/PaperFlow/Packages/PaperFlowKit/Sources/CQPDF/PFQPDF.cpp -o /Users/long/github_space/good_ideas/pdf-file-workbench/.native-build/DeviceQA/Build/Intermediates.noindex/PaperFlowKit.build/Debug-iphoneos/CQPDF-t.build/Objects-normal/arm64/PFQPDF.o -index-unit-output-path /PaperFlowKit.build/Debug-iphoneos/CQPDF-t.build/Objects-normal/arm64/PFQPDF.o

SwiftDriver PaperFlowShare normal arm64 com.apple.xcode.tools.swift.compiler (in target 'PaperFlowShare' from project 'PaperFlow')
    cd /Users/long/github_space/good_ideas/pdf-file-workbench/PaperFlow
    builtin-SwiftDriver -- /Applications/Xcode.app/Contents/Developer/Toolchains/XcodeDefault.xctoolchain/usr/bin/swiftc -module-name PaperFlowShare -Onone @/Users/long/github_space/good_ideas/pdf-file-workbench/.native-build/DeviceQA/Build/Intermediates.noindex/PaperFlow.build/Debug-iphoneos/PaperFlowShare.build/Objects-normal/arm64/PaperFlowShare.SwiftFileList -DDEBUG -enable-experimental-feature DebugDescriptionMacro -sdk /Applications/Xcode.app/Contents/Developer/Platforms/iPhoneOS.platform/Developer/SDKs/iPhoneOS27.0.sdk -target arm64-apple-ios18.0 -g -module-cache-path /Users/long/github_space/good_ideas/pdf-file-workbench/.native-build/DeviceQA/ModuleCache.noindex -Xfrontend -serialize-debugging-options -application-extension -enable-testing -index-store-path /Users/long/github_space/good_ideas/pdf-file-workbench/.native-build/DeviceQA/Index.noindex/DataStore -Xcc -D_LIBCPP_HARDENING_MODE\=_LIBCPP_HARDENING_MODE_DEBUG -swift-version 6 -I /Users/long/github_space/good_ideas/pdf-file-workbench/.native-build/DeviceQA/Build/Products/Debug-iphoneos -F /Users/long/github_space/good_ideas/pdf-file-workbench/.native-build/DeviceQA/Build/Products/Debug-iphoneos -parse-as-library -c -j15 -enable-batch-mode -incremental -Xcc -ivfsstatcache -Xcc /Users/long/github_space/good_ideas/pdf-file-workbench/.native-build/DeviceQA/SDKStatCaches.noindex/iphoneos27.0-24A430-6c78b3cbc238196c85e1bf6c792c5915.sdkstatcache -output-file-map /Users/long/github_space/good_ideas/pdf-file-workbench/.native-build/DeviceQA/Build/Intermediates.noindex/PaperFlow.build/Debug-iphoneos/PaperFlowShare.build/Objects-normal/arm64/PaperFlowShare-OutputFileMap.json -save-temps -no-color-diagnostics -explicit-module-build -module-cache-path /Users/long/github_space/good_ideas/pdf-file-workbench/.native-build/DeviceQA/Build/Intermediates.noindex/SwiftExplicitPrecompiledModules -clang-scanner-module-cache-path /Users/long/github_space/good_ideas/pdf-file-workbench/.native-build/DeviceQA/ModuleCache.noindex -sdk-module-cache-path /Users/long/github_space/good_ideas/pdf-file-workbench/.native-build/DeviceQA/SDKExplicitPrecompiledModules -emit-dependencies -emit-module -emit-module-path /Users/long/github_space/good_ideas/pdf-file-workbench/.native-build/DeviceQA/Build/Intermediates.noindex/PaperFlow.build/Debug-iphoneos/PaperFlowShare.build/Objects-normal/arm64/PaperFlowShare.swiftmodule -serialize-diagnostics -dependency-scan-serialize-diagnostics-path /Users/long/github_space/good_ideas/pdf-file-workbench/.native-build/DeviceQA/Build/Intermediates.noindex/PaperFlow.build/Debug-iphoneos/PaperFlowShare.build/Objects-normal/arm64/PaperFlowShare-dependency-scan.dia -validate-clang-modules-once -clang-build-session-file /Users/long/github_space/good_ideas/pdf-file-workbench/.native-build/DeviceQA/ModuleCache.noindex/Session.modulevalidation -Xcc -fmodules-prune-interval\=86400 -Xcc -fmodules-prune-after\=345600 -emit-const-values -const-gather-protocols-list /Users/long/github_space/good_ideas/pdf-file-workbench/.native-build/DeviceQA/Build/Intermediates.noindex/PaperFlow.build/Debug-iphoneos/PaperFlowShare.build/Objects-normal/arm64/PaperFlowShare_const_extract_protocols.json -Xcc -iquote -Xcc /Users/long/github_space/good_ideas/pdf-file-workbench/.native-build/DeviceQA/Build/Intermediates.noindex/PaperFlow.build/Debug-iphoneos/PaperFlowShare.build/PaperFlowShare-generated-files.hmap -Xcc -I/Users/long/github_space/good_ideas/pdf-file-workbench/.native-build/DeviceQA/Build/Intermediates.noindex/PaperFlow.build/Debug-iphoneos/PaperFlowShare.build/PaperFlowShare-own-target-headers.hmap -Xcc -I/Users/long/github_space/good_ideas/pdf-file-workbench/.native-build/DeviceQA/Build/Intermediates.noindex/PaperFlow.build/Debug-iphoneos/PaperFlowShare.build/PaperFlowShare-all-non-framework-target-headers.hmap -Xcc -ivfsoverlay -Xcc /Users/long/github_space/good_ideas/pdf-file-workbench/.native-build/DeviceQA/Build/Intermediates.noindex/PaperFlow.build/Debug-iphoneos/PaperFlow-d6f1c4fb6a7914d8f9b156270d074f68-VFS-iphoneos/all-product-headers.yaml -Xcc -iquote -Xcc /Users/long/github_space/good_ideas/pdf-file-workbench/.native-build/DeviceQA/Build/Intermediates.noindex/PaperFlow.build/Debug-iphoneos/PaperFlowShare.build/PaperFlowShare-project-headers.hmap -Xcc -I/Users/long/github_space/good_ideas/pdf-file-workbench/.native-build/DeviceQA/Build/Products/Debug-iphoneos/include -Xcc -I/Users/long/github_space/good_ideas/pdf-file-workbench/.native-build/DeviceQA/Build/Intermediates.noindex/PaperFlow.build/Debug-iphoneos/PaperFlowShare.build/DerivedSources-normal/arm64 -Xcc -I/Users/long/github_space/good_ideas/pdf-file-workbench/.native-build/DeviceQA/Build/Intermediates.noindex/PaperFlow.build/Debug-iphoneos/PaperFlowShare.build/DerivedSources/arm64 -Xcc -I/Users/long/github_space/good_ideas/pdf-file-workbench/.native-build/DeviceQA/Build/Intermediates.noindex/PaperFlow.build/Debug-iphoneos/PaperFlowShare.build/DerivedSources -Xcc -DDEBUG\=1 -emit-objc-header -emit-objc-header-path /Users/long/github_space/good_ideas/pdf-file-workbench/.native-build/DeviceQA/Build/Intermediates.noindex/PaperFlow.build/Debug-iphoneos/PaperFlowShare.build/Objects-normal/arm64/PaperFlowShare-Swift.h -working-directory /Users/long/github_space/good_ideas/pdf-file-workbench/PaperFlow -experimental-emit-module-separately -disable-cmo

SwiftDriver PaperFlowDomain normal arm64 com.apple.xcode.tools.swift.compiler (in target 'PaperFlowDomain' from project 'PaperFlowKit')
    cd /Users/long/github_space/good_ideas/pdf-file-workbench/PaperFlow/PaperFlow.xcodeproj
    builtin-SwiftDriver -- /Applications/Xcode.app/Contents/Developer/Toolchains/XcodeDefault.xctoolchain/usr/bin/swiftc -parse-as-library -module-name PaperFlowDomain -Onone @/Users/long/github_space/good_ideas/pdf-file-workbench/.native-build/DeviceQA/Build/Intermediates.noindex/PaperFlowKit.build/Debug-iphoneos/PaperFlowDomain-t.build/Objects-normal/arm64/PaperFlowDomain.SwiftFileList -DSWIFT_PACKAGE -DDEBUG -DSWIFT_MODULE_RESOURCE_BUNDLE_UNAVAILABLE -DXcode -plugin-path /Applications/Xcode.app/Contents/Developer/Toolchains/XcodeDefault.xctoolchain/usr/lib/swift/host/plugins/testing -enable-experimental-feature DebugDescriptionMacro -sdk /Applications/Xcode.app/Contents/Developer/Platforms/iPhoneOS.platform/Developer/SDKs/iPhoneOS27.0.sdk -target arm64-apple-ios18.0 -g -module-cache-path /Users/long/github_space/good_ideas/pdf-file-workbench/.native-build/DeviceQA/ModuleCache.noindex -Xfrontend -serialize-debugging-options -enable-testing -index-store-path /Users/long/github_space/good_ideas/pdf-file-workbench/.native-build/DeviceQA/Index.noindex/DataStore -Xcc -D_LIBCPP_HARDENING_MODE\=_LIBCPP_HARDENING_MODE_DEBUG -swift-version 6 -I /Users/long/github_space/good_ideas/pdf-file-workbench/.native-build/DeviceQA/Build/Products/Debug-iphoneos -Isystem /Applications/Xcode.app/Contents/Developer/Platforms/iPhoneOS.platform/Developer/usr/lib -F /Users/long/github_space/good_ideas/pdf-file-workbench/.native-build/DeviceQA/Build/Products/Debug-iphoneos -F /Applications/Xcode.app/Contents/Developer/Platforms/iPhoneOS.platform/Developer/Library/Frameworks -F /Applications/Xcode.app/Contents/Developer/Platforms/iPhoneOS.platform/Developer/SDKs/iPhoneOS27.0.sdk/Developer/Library/Frameworks -c -j15 -enable-batch-mode -incremental -Xcc -ivfsstatcache -Xcc /Users/long/github_space/good_ideas/pdf-file-workbench/.native-build/DeviceQA/SDKStatCaches.noindex/iphoneos27.0-24A430-6c78b3cbc238196c85e1bf6c792c5915.sdkstatcache -output-file-map /Users/long/github_space/good_ideas/pdf-file-workbench/.native-build/DeviceQA/Build/Intermediates.noindex/PaperFlowKit.build/Debug-iphoneos/PaperFlowDomain-t.build/Objects-normal/arm64/PaperFlowDomain-OutputFileMap.json -save-temps -no-color-diagnostics -explicit-module-build -module-cache-path /Users/long/github_space/good_ideas/pdf-file-workbench/.native-build/DeviceQA/Build/Intermediates.noindex/SwiftExplicitPrecompiledModules -clang-scanner-module-cache-path /Users/long/github_space/good_ideas/pdf-file-workbench/.native-build/DeviceQA/ModuleCache.noindex -sdk-module-cache-path /Users/long/github_space/good_ideas/pdf-file-workbench/.native-build/DeviceQA/SDKExplicitPrecompiledModules -emit-dependencies -emit-module -emit-module-path /Users/long/github_space/good_ideas/pdf-file-workbench/.native-build/DeviceQA/Build/Intermediates.noindex/PaperFlowKit.build/Debug-iphoneos/PaperFlowDomain-t.build/Objects-normal/arm64/PaperFlowDomain.swiftmodule -serialize-diagnostics -dependency-scan-serialize-diagnostics-path /Users/long/github_space/good_ideas/pdf-file-workbench/.native-build/DeviceQA/Build/Intermediates.noindex/PaperFlowKit.build/Debug-iphoneos/PaperFlowDomain-t.build/Objects-normal/arm64/PaperFlowDomain-dependency-scan.dia -validate-clang-modules-once -clang-build-session-file /Users/long/github_space/good_ideas/pdf-file-workbench/.native-build/DeviceQA/ModuleCache.noindex/Session.modulevalidation -Xcc -fmodules-prune-interval\=86400 -Xcc -fmodules-prune-after\=345600 -package-name paperflowkit -emit-const-values -const-gather-protocols-list /Users/long/github_space/good_ideas/pdf-file-workbench/.native-build/DeviceQA/Build/Intermediates.noindex/PaperFlowKit.build/Debug-iphoneos/PaperFlowDomain-t.build/Objects-normal/arm64/PaperFlowDomain_const_extract_protocols.json -Xcc -I/Users/long/github_space/good_ideas/pdf-file-workbench/.native-build/DeviceQA/Build/Products/Debug-iphoneos/include -Xcc -I/Users/long/github_space/good_ideas/pdf-file-workbench/.native-build/DeviceQA/Build/Intermediates.noindex/PaperFlowKit.build/Debug-iphoneos/PaperFlowDomain-t.build/DerivedSources-normal/arm64 -Xcc -I/Users/long/github_space/good_ideas/pdf-file-workbench/.native-build/DeviceQA/Build/Intermediates.noindex/PaperFlowKit.build/Debug-iphoneos/PaperFlowDomain-t.build/DerivedSources/arm64 -Xcc -I/Users/long/github_space/good_ideas/pdf-file-workbench/.native-build/DeviceQA/Build/Intermediates.noindex/PaperFlowKit.build/Debug-iphoneos/PaperFlowDomain-t.build/DerivedSources -Xcc -DSWIFT_PACKAGE -Xcc -DDEBUG\=1 -emit-objc-header -emit-objc-header-path /Users/long/github_space/good_ideas/pdf-file-workbench/.native-build/DeviceQA/Build/Intermediates.noindex/PaperFlowKit.build/Debug-iphoneos/PaperFlowDomain-t.build/Objects-normal/arm64/PaperFlowDomain-Swift.h -working-directory /Users/long/github_space/good_ideas/pdf-file-workbench/PaperFlow/PaperFlow.xcodeproj -experimental-emit-module-separately -disable-cmo

SwiftExplicitDependencyGeneratePcm arm64 /Users/long/github_space/good_ideas/pdf-file-workbench/.native-build/DeviceQA/SDKExplicitPrecompiledModules/SwiftShims-2TYPI1ODIKSDCP51YDIA0MYPM.pcm

SwiftExplicitDependencyGeneratePcm arm64 /Users/long/github_space/good_ideas/pdf-file-workbench/.native-build/DeviceQA/SDKExplicitPrecompiledModules/_SwiftConcurrencyShims-EC8F29PZF7JT1QZLI6ED6QETL.pcm

SwiftExplicitDependencyGeneratePcm arm64 /Users/long/github_space/good_ideas/pdf-file-workbench/.native-build/DeviceQA/SDKExplicitPrecompiledModules/ptrauth-5SXHDNKFZV9OXFJJEV31FRFUH.pcm

SwiftExplicitDependencyGeneratePcm arm64 /Users/long/github_space/good_ideas/pdf-file-workbench/.native-build/DeviceQA/SDKExplicitPrecompiledModules/_Builtin_stdarg-E527QD0LFX7F0Z8ITWJYTM0FS.pcm

SwiftExplicitDependencyGeneratePcm arm64 /Users/long/github_space/good_ideas/pdf-file-workbench/.native-build/DeviceQA/SDKExplicitPrecompiledModules/ptrcheck-BON6Z5CMSL072LT9G3BIRF2QE.pcm

SwiftExplicitDependencyGeneratePcm arm64 /Users/long/github_space/good_ideas/pdf-file-workbench/.native-build/DeviceQA/SDKExplicitPrecompiledModules/_Builtin_stddef-6TE9ALH49UXI6DKJD8LAAM2J0.pcm

SwiftExplicitDependencyGeneratePcm arm64 /Users/long/github_space/good_ideas/pdf-file-workbench/.native-build/DeviceQA/SDKExplicitPrecompiledModules/_Builtin_stdbool-2DY4710FBDLIIQ0L0KNHIOIFE.pcm

SwiftExplicitDependencyGeneratePcm arm64 /Users/long/github_space/good_ideas/pdf-file-workbench/.native-build/DeviceQA/SDKExplicitPrecompiledModules/_AvailabilityInternal-317UKE2OVTTDBKRJDLOYEP62K.pcm

SwiftExplicitDependencyGeneratePcm arm64 /Users/long/github_space/good_ideas/pdf-file-workbench/.native-build/DeviceQA/SDKExplicitPrecompiledModules/_Builtin_float-23IYWN53JXCE471IJKXMILOQY.pcm

SwiftExplicitDependencyGeneratePcm arm64 /Users/long/github_space/good_ideas/pdf-file-workbench/.native-build/DeviceQA/SDKExplicitPrecompiledModules/_DarwinFoundation1-AUCF8P5MC4OYWJT5LQ2IPQMRK.pcm

SwiftExplicitDependencyGeneratePcm arm64 /Users/long/github_space/good_ideas/pdf-file-workbench/.native-build/DeviceQA/SDKExplicitPrecompiledModules/_Builtin_limits-8DJAC5GJOKHNQ3NY915X5SH8G.pcm

SwiftExplicitDependencyGeneratePcm arm64 /Users/long/github_space/good_ideas/pdf-file-workbench/.native-build/DeviceQA/SDKExplicitPrecompiledModules/_DarwinFoundation2-8JSMHYN2FG4XTL7DLKU2H2SRV.pcm

SwiftExplicitDependencyGeneratePcm arm64 /Users/long/github_space/good_ideas/pdf-file-workbench/.native-build/DeviceQA/SDKExplicitPrecompiledModules/string_h-13VWITX2ZVOT5R219RATCQJTI.pcm

SwiftExplicitDependencyGeneratePcm arm64 /Users/long/github_space/good_ideas/pdf-file-workbench/.native-build/DeviceQA/SDKExplicitPrecompiledModules/_Builtin_stdint-1M4ERNN03GPF5LS4CWSK3X8K0.pcm

SwiftExplicitDependencyGeneratePcm arm64 /Users/long/github_space/good_ideas/pdf-file-workbench/.native-build/DeviceQA/SDKExplicitPrecompiledModules/sys_types-1JYXV63U60RDVN3AVAXXHJN03.pcm

SwiftExplicitDependencyGeneratePcm arm64 /Users/long/github_space/good_ideas/pdf-file-workbench/.native-build/DeviceQA/SDKExplicitPrecompiledModules/_Builtin_stdarg-6ODAF58G5G2SFI07SDWS64D42.pcm

SwiftExplicitDependencyGeneratePcm arm64 /Users/long/github_space/good_ideas/pdf-file-workbench/.native-build/DeviceQA/SDKExplicitPrecompiledModules/_AvailabilityInternal-9F53740GJKI9SE3DS5RF4SW1P.pcm

SwiftExplicitDependencyGeneratePcm arm64 /Users/long/github_space/good_ideas/pdf-file-workbench/.native-build/DeviceQA/SDKExplicitPrecompiledModules/SwiftShims-5ZQ7VRPZHUXB36BWQMZJ7PWQF.pcm

SwiftExplicitDependencyGeneratePcm arm64 /Users/long/github_space/good_ideas/pdf-file-workbench/.native-build/DeviceQA/SDKExplicitPrecompiledModules/ptrcheck-3GN4C2TPYPSB4FU1MUVKRR054.pcm

SwiftExplicitDependencyGeneratePcm arm64 /Users/long/github_space/good_ideas/pdf-file-workbench/.native-build/DeviceQA/SDKExplicitPrecompiledModules/DeveloperToolsSupport-D99KFJBEGE1CC2VW4VBF24KON.pcm

SwiftExplicitDependencyGeneratePcm arm64 /Users/long/github_space/good_ideas/pdf-file-workbench/.native-build/DeviceQA/SDKExplicitPrecompiledModules/_Builtin_stdbool-1T0NH7JU3Z0AQCM52BF91LF2O.pcm

SwiftExplicitDependencyGeneratePcm arm64 /Users/long/github_space/good_ideas/pdf-file-workbench/.native-build/DeviceQA/SDKExplicitPrecompiledModules/_SwiftConcurrencyShims-44PCE44B1FJ1RZ3CARSSDFAOY.pcm

SwiftExplicitDependencyGeneratePcm arm64 /Users/long/github_space/good_ideas/pdf-file-workbench/.native-build/DeviceQA/SDKExplicitPrecompiledModules/ptrauth-89SEKTSF6H0ZZ2FSSXEKEC7FV.pcm

SwiftExplicitDependencyGeneratePcm arm64 /Users/long/github_space/good_ideas/pdf-file-workbench/.native-build/DeviceQA/SDKExplicitPrecompiledModules/_Builtin_stddef-Z60EP7U8SW9AAO7F3LF787U.pcm

SwiftExplicitDependencyGeneratePcm arm64 /Users/long/github_space/good_ideas/pdf-file-workbench/.native-build/DeviceQA/SDKExplicitPrecompiledModules/_DarwinFoundation3-26GG6GCDVJJGAJP8IQPYOGPWZ.pcm

SwiftExplicitDependencyGeneratePcm arm64 /Users/long/github_space/good_ideas/pdf-file-workbench/.native-build/DeviceQA/SDKExplicitPrecompiledModules/_Builtin_float-9VZINNTRGDOL8H4TTCXH2GC3O.pcm

SwiftExplicitDependencyGeneratePcm arm64 /Users/long/github_space/good_ideas/pdf-file-workbench/.native-build/DeviceQA/SDKExplicitPrecompiledModules/_DarwinFoundation1-C47JJ5FQZCPY0J2D4WEEAFS1T.pcm

SwiftExplicitDependencyGeneratePcm arm64 /Users/long/github_space/good_ideas/pdf-file-workbench/.native-build/DeviceQA/SDKExplicitPrecompiledModules/_Builtin_inttypes-7ABEQ3RUO81SI96WSUFSA0O96.pcm

SwiftExplicitDependencyGeneratePcm arm64 /Users/long/github_space/good_ideas/pdf-file-workbench/.native-build/DeviceQA/SDKExplicitPrecompiledModules/_DarwinFoundation2-9YMTHFF8PLQVQAXDQK7D210I1.pcm

SwiftExplicitDependencyGeneratePcm arm64 /Users/long/github_space/good_ideas/pdf-file-workbench/.native-build/DeviceQA/SDKExplicitPrecompiledModules/_Builtin_limits-9BXVQCYV2PEMDVH1C7OAPIGGL.pcm

SwiftExplicitDependencyGeneratePcm arm64 /Users/long/github_space/good_ideas/pdf-file-workbench/.native-build/DeviceQA/SDKExplicitPrecompiledModules/Darwin-DPJZL5HHU77JLRW1J1J9UNBQQ.pcm

SwiftExplicitDependencyGeneratePcm arm64 /Users/long/github_space/good_ideas/pdf-file-workbench/.native-build/DeviceQA/SDKExplicitPrecompiledModules/_Builtin_tgmath-7KSMF6EON4CBL23ZEXULOQ44N.pcm

SwiftExplicitDependencyGeneratePcm arm64 /Users/long/github_space/good_ideas/pdf-file-workbench/.native-build/DeviceQA/SDKExplicitPrecompiledModules/string_h-L5LCF3C2K42RQK2917YICYA2.pcm

SwiftExplicitDependencyGeneratePcm arm64 /Users/long/github_space/good_ideas/pdf-file-workbench/.native-build/DeviceQA/SDKExplicitPrecompiledModules/sys_types-CW2BOM95C8AEAN861J7E8HWUY.pcm

SwiftExplicitDependencyGeneratePcm arm64 /Users/long/github_space/good_ideas/pdf-file-workbench/.native-build/DeviceQA/SDKExplicitPrecompiledModules/_Builtin_stdint-C3QASQNNNCSJ2DWVSHHPFATSI.pcm

SwiftExplicitDependencyGeneratePcm arm64 /Users/long/github_space/good_ideas/pdf-file-workbench/.native-build/DeviceQA/SDKExplicitPrecompiledModules/_Builtin_stdatomic-9IA15WHFJ0UVQFLH4CPGV8GKE.pcm

SwiftExplicitDependencyGeneratePcm arm64 /Users/long/github_space/good_ideas/pdf-file-workbench/.native-build/DeviceQA/SDKExplicitPrecompiledModules/_Builtin_intrinsics-5TKVI9Q258UHI93TC61A3ESYQ.pcm

SwiftExplicitDependencyGeneratePcm arm64 /Users/long/github_space/good_ideas/pdf-file-workbench/.native-build/DeviceQA/SDKExplicitPrecompiledModules/_DarwinFoundation3-DQQYJSO60DY6R8KZO8L1RA7QK.pcm

SwiftExplicitDependencyGeneratePcm arm64 /Users/long/github_space/good_ideas/pdf-file-workbench/.native-build/DeviceQA/SDKExplicitPrecompiledModules/_Builtin_inttypes-AUINCSY9VX15AIJBOK5CTJOLU.pcm

SwiftExplicitDependencyGeneratePcm arm64 /Users/long/github_space/good_ideas/pdf-file-workbench/.native-build/DeviceQA/SDKExplicitPrecompiledModules/Darwin-3ALQFIZ9ZWPIOU6B0ZMIW1UB0.pcm

SwiftExplicitDependencyGeneratePcm arm64 /Users/long/github_space/good_ideas/pdf-file-workbench/.native-build/DeviceQA/SDKExplicitPrecompiledModules/ObjectiveC-9CV8WSE6R60YRRXN2M65X90K2.pcm

SwiftExplicitDependencyGeneratePcm arm64 /Users/long/github_space/good_ideas/pdf-file-workbench/.native-build/DeviceQA/SDKExplicitPrecompiledModules/simd-36BRJPYR9Q1VM8JEPZL4CMDXE.pcm

SwiftExplicitDependencyGeneratePcm arm64 /Users/long/github_space/good_ideas/pdf-file-workbench/.native-build/DeviceQA/SDKExplicitPrecompiledModules/os_object-BXXZSEDTP7DWZUL4W4DLQQWAP.pcm

SwiftExplicitDependencyGeneratePcm arm64 /Users/long/github_space/good_ideas/pdf-file-workbench/.native-build/DeviceQA/SDKExplicitPrecompiledModules/os_workgroup-8YYQ6XESUTPQ4EJQYQOYKLGK.pcm

SwiftExplicitDependencyGeneratePcm arm64 /Users/long/github_space/good_ideas/pdf-file-workbench/.native-build/DeviceQA/SDKExplicitPrecompiledModules/Dispatch-DTG33URIENAX1WDY57EJ5TNQ3.pcm

SwiftExplicitDependencyGeneratePcm arm64 /Users/long/github_space/good_ideas/pdf-file-workbench/.native-build/DeviceQA/SDKExplicitPrecompiledModules/MachO-EP4RHCLRI9SNHB4JZ9VCPCIKI.pcm

SwiftExplicitDependencyGeneratePcm arm64 /Users/long/github_space/good_ideas/pdf-file-workbench/.native-build/DeviceQA/SDKExplicitPrecompiledModules/ObjectiveC-65FN19A25DZKNOL34YNOD3FTQ.pcm

SwiftExplicitDependencyGeneratePcm arm64 /Users/long/github_space/good_ideas/pdf-file-workbench/.native-build/DeviceQA/SDKExplicitPrecompiledModules/XPC-9VRF93NAYLIYJYIA0SCO2T560.pcm

SwiftExplicitDependencyGeneratePcm arm64 /Users/long/github_space/good_ideas/pdf-file-workbench/.native-build/DeviceQA/SDKExplicitPrecompiledModules/CoreFoundation-ECET5HY9HCXA9NAMO2AACHDS3.pcm

Ld /Users/long/github_space/good_ideas/pdf-file-workbench/.native-build/DeviceQA/Build/Products/Debug-iphoneos/CQPDF.o normal (in target 'CQPDF' from project 'PaperFlowKit')
    cd /Users/long/github_space/good_ideas/pdf-file-workbench/PaperFlow/Packages/PaperFlowKit
    /Applications/Xcode.app/Contents/Developer/Toolchains/XcodeDefault.xctoolchain/usr/bin/clang++ -Xlinker -reproducible -target arm64-apple-ios18.0 -r -isysroot /Applications/Xcode.app/Contents/Developer/Platforms/iPhoneOS.platform/Developer/SDKs/iPhoneOS27.0.sdk -O0 -Xlinker -no_warn_duplicate_libraries -F/Users/long/github_space/good_ideas/pdf-file-workbench/.native-build/DeviceQA/Build/Intermediates.noindex/EagerLinkingTBDs/Debug-iphoneos -F/Users/long/github_space/good_ideas/pdf-file-workbench/.native-build/DeviceQA/Build/Products/Debug-iphoneos -iframework /Applications/Xcode.app/Contents/Developer/Platforms/iPhoneOS.platform/Developer/Library/Frameworks -iframework /Applications/Xcode.app/Contents/Developer/Platforms/iPhoneOS.platform/Developer/SDKs/iPhoneOS27.0.sdk/Developer/Library/Frameworks -filelist /Users/long/github_space/good_ideas/pdf-file-workbench/.native-build/DeviceQA/Build/Intermediates.noindex/PaperFlowKit.build/Debug-iphoneos/CQPDF-t.build/Objects-normal/arm64/CQPDF.LinkFileList -nostdlib -Xlinker -object_path_lto -Xlinker /Users/long/github_space/good_ideas/pdf-file-workbench/.native-build/DeviceQA/Build/Intermediates.noindex/PaperFlowKit.build/Debug-iphoneos/CQPDF-t.build/Objects-normal/arm64/CQPDF_lto.o -Xlinker -no_deduplicate -Xlinker -dependency_info -Xlinker /Users/long/github_space/good_ideas/pdf-file-workbench/.native-build/DeviceQA/Build/Intermediates.noindex/PaperFlowKit.build/Debug-iphoneos/CQPDF-t.build/Objects-normal/arm64/CQPDF_dependency_info.dat -o /Users/long/github_space/good_ideas/pdf-file-workbench/.native-build/DeviceQA/Build/Products/Debug-iphoneos/CQPDF.o

SwiftExplicitDependencyGeneratePcm arm64 /Users/long/github_space/good_ideas/pdf-file-workbench/.native-build/DeviceQA/SDKExplicitPrecompiledModules/Spatial-DISI4THGUBTAH9CSGRLZFPVM.pcm

SwiftExplicitDependencyGeneratePcm arm64 /Users/long/github_space/good_ideas/pdf-file-workbench/.native-build/DeviceQA/SDKExplicitPrecompiledModules/os_object-5YTUWCVDQD245XIH8SMPNO2OV.pcm

SwiftExplicitDependencyGeneratePcm arm64 /Users/long/github_space/good_ideas/pdf-file-workbench/.native-build/DeviceQA/SDKExplicitPrecompiledModules/os_workgroup-69JP11RVIQFVBZ4GS1WCJ6MPF.pcm

SwiftExplicitDependencyGeneratePcm arm64 /Users/long/github_space/good_ideas/pdf-file-workbench/.native-build/DeviceQA/SDKExplicitPrecompiledModules/CFNetwork-8AALSOXBPIM0H2S2TDWYNRY2O.pcm

SwiftExplicitDependencyGeneratePcm arm64 /Users/long/github_space/good_ideas/pdf-file-workbench/.native-build/DeviceQA/SDKExplicitPrecompiledModules/Security-8WDA7FKF4A5GQNYSF3OECVGUX.pcm

SwiftExplicitDependencyGeneratePcm arm64 /Users/long/github_space/good_ideas/pdf-file-workbench/.native-build/DeviceQA/SDKExplicitPrecompiledModules/Dispatch-C1QEMSNUZDC73SS8AFL25U2O4.pcm

SwiftExplicitDependencyGeneratePcm arm64 /Users/long/github_space/good_ideas/pdf-file-workbench/.native-build/DeviceQA/SDKExplicitPrecompiledModules/Foundation-9XM875RKKZ4PV6ASFUNZE6W81.pcm

SwiftExplicitDependencyGeneratePcm arm64 /Users/long/github_space/good_ideas/pdf-file-workbench/.native-build/DeviceQA/SDKExplicitPrecompiledModules/XPC-AC4GNSOFOEVGZXQOCPWRC8JI9.pcm

SwiftExplicitDependencyGeneratePcm arm64 /Users/long/github_space/good_ideas/pdf-file-workbench/.native-build/DeviceQA/SDKExplicitPrecompiledModules/CoreFoundation-35EYY89OLQN6GYY0NSTJINBP4.pcm

SwiftExplicitDependencyGeneratePcm arm64 /Users/long/github_space/good_ideas/pdf-file-workbench/.native-build/DeviceQA/SDKExplicitPrecompiledModules/os-1BVE610I9D7WPEFIH2V0I31FR.pcm

SwiftExplicitDependencyGeneratePcm arm64 /Users/long/github_space/good_ideas/pdf-file-workbench/.native-build/DeviceQA/SDKExplicitPrecompiledModules/CFNetwork-A3UNYUOM3HTUX39WWA59GFP91.pcm

SwiftExplicitDependencyGeneratePcm arm64 /Users/long/github_space/good_ideas/pdf-file-workbench/.native-build/DeviceQA/SDKExplicitPrecompiledModules/Security-97R4LTBT5CY5E9O4GLEVMFFIG.pcm

SwiftExplicitDependencyGeneratePcm arm64 /Users/long/github_space/good_ideas/pdf-file-workbench/.native-build/DeviceQA/SDKExplicitPrecompiledModules/CoreGraphics-64YD8QE87R5MP8CBD8ANRCXY3.pcm

SwiftExplicitDependencyGeneratePcm arm64 /Users/long/github_space/good_ideas/pdf-file-workbench/.native-build/DeviceQA/SDKExplicitPrecompiledModules/Foundation-AHCZZ6C6EXRY63L8LXMLRNSCZ.pcm

SwiftExplicitDependencyGeneratePcm arm64 /Users/long/github_space/good_ideas/pdf-file-workbench/.native-build/DeviceQA/SDKExplicitPrecompiledModules/CoreText-DCO78U75BSHJE7P22RIG7DJXS.pcm

SwiftExplicitDependencyGeneratePcm arm64 /Users/long/github_space/good_ideas/pdf-file-workbench/.native-build/DeviceQA/SDKExplicitPrecompiledModules/ImageIO-9HQBTL7VVZWIQYG9YZKMXPNHB.pcm

SwiftEmitModule normal arm64 Emitting\ module\ for\ PaperFlowDomain (in target 'PaperFlowDomain' from project 'PaperFlowKit')

SwiftCompile normal arm64 (in target 'PaperFlowDomain' from project 'PaperFlowKit')
    cd /Users/long/github_space/good_ideas/pdf-file-workbench/PaperFlow/PaperFlow.xcodeproj
    

SwiftCompile normal arm64 Compiling\ Models.swift /Users/long/github_space/good_ideas/pdf-file-workbench/PaperFlow/Packages/PaperFlowKit/Sources/PaperFlowDomain/Models.swift (in target 'PaperFlowDomain' from project 'PaperFlowKit')

SwiftCompile normal arm64 /Users/long/github_space/good_ideas/pdf-file-workbench/PaperFlow/Packages/PaperFlowKit/Sources/PaperFlowDomain/Models.swift (in target 'PaperFlowDomain' from project 'PaperFlowKit')
    cd /Users/long/github_space/good_ideas/pdf-file-workbench/PaperFlow/PaperFlow.xcodeproj
    builtin-SwiftPerFileCompile Models.swift

SwiftExplicitDependencyGeneratePcm arm64 /Users/long/github_space/good_ideas/pdf-file-workbench/.native-build/DeviceQA/SDKExplicitPrecompiledModules/UIUtilities-3IPLC2BT3UL5TQZVRV30SMUZ3.pcm

SwiftExplicitDependencyGeneratePcm arm64 /Users/long/github_space/good_ideas/pdf-file-workbench/.native-build/DeviceQA/SDKExplicitPrecompiledModules/DataDetection-ENCF2UIDFLZ8BV3B2VUTPDK6I.pcm

SwiftExplicitDependencyGeneratePcm arm64 /Users/long/github_space/good_ideas/pdf-file-workbench/.native-build/DeviceQA/SDKExplicitPrecompiledModules/IOSurface-2U51NVTITVFR9RVFEYHIYQ7AZ.pcm

SwiftExplicitDependencyGeneratePcm arm64 /Users/long/github_space/good_ideas/pdf-file-workbench/.native-build/DeviceQA/SDKExplicitPrecompiledModules/OSLog-6L1XJ00HVZY4Z1VF68OGYERT9.pcm

SwiftExplicitDependencyGeneratePcm arm64 /Users/long/github_space/good_ideas/pdf-file-workbench/.native-build/DeviceQA/SDKExplicitPrecompiledModules/Symbols-62GSR6N05J1PBVTK1YZHKWG1Q.pcm

SwiftExplicitDependencyGeneratePcm arm64 /Users/long/github_space/good_ideas/pdf-file-workbench/.native-build/DeviceQA/SDKExplicitPrecompiledModules/FileProvider-2URVRE7HV24O1XBH2N3I4OUA.pcm

SwiftExplicitDependencyGeneratePcm arm64 /Users/long/github_space/good_ideas/pdf-file-workbench/.native-build/DeviceQA/SDKExplicitPrecompiledModules/CoreTransferable-7ODMDLH2A7HFY6R7QF4O75JWK.pcm

SwiftExplicitDependencyGeneratePcm arm64 /Users/long/github_space/good_ideas/pdf-file-workbench/.native-build/DeviceQA/SDKExplicitPrecompiledModules/Accessibility-6FDZDXGO2P1H3AO44G9BB5Q62.pcm

SwiftExplicitDependencyGeneratePcm arm64 /Users/long/github_space/good_ideas/pdf-file-workbench/.native-build/DeviceQA/SDKExplicitPrecompiledModules/_LocationEssentials-CGPMKVP3Q2SM1KI74NL8ZJQAL.pcm

SwiftExplicitDependencyGeneratePcm arm64 /Users/long/github_space/good_ideas/pdf-file-workbench/.native-build/DeviceQA/SDKExplicitPrecompiledModules/UniformTypeIdentifiers-9O3IJ3PT2C2CRPJXW88EAFKIS.pcm

SwiftExplicitDependencyGeneratePcm arm64 /Users/long/github_space/good_ideas/pdf-file-workbench/.native-build/DeviceQA/SDKExplicitPrecompiledModules/UserNotifications-9NUER9AGPAA1YEQK5PIL6PQKM.pcm

SwiftExplicitDependencyGeneratePcm arm64 /Users/long/github_space/good_ideas/pdf-file-workbench/.native-build/DeviceQA/SDKExplicitPrecompiledModules/CoreLocation-7K84E4MIZB6PMR0XBOCUUEUKV.pcm

SwiftExplicitDependencyGeneratePcm arm64 /Users/long/github_space/good_ideas/pdf-file-workbench/.native-build/DeviceQA/SDKExplicitPrecompiledModules/Metal-9T8UOMG4L023PO81491005IEQ.pcm

SwiftExplicitDependencyGeneratePcm arm64 /Users/long/github_space/good_ideas/pdf-file-workbench/.native-build/DeviceQA/SDKExplicitPrecompiledModules/OpenGLES-E8LCVOMVQF28AWI1Q9WKMCUD8.pcm

SwiftExplicitDependencyGeneratePcm arm64 /Users/long/github_space/good_ideas/pdf-file-workbench/.native-build/DeviceQA/SDKExplicitPrecompiledModules/CoreMotion-B9K8IWLCYRLGG88V51ZZLT8Z3.pcm

SwiftDriverJobDiscovery normal arm64 Emitting module for PaperFlowDomain (in target 'PaperFlowDomain' from project 'PaperFlowKit')

SwiftDriver\ Compilation\ Requirements PaperFlowDomain normal arm64 com.apple.xcode.tools.swift.compiler (in target 'PaperFlowDomain' from project 'PaperFlowKit')
    cd /Users/long/github_space/good_ideas/pdf-file-workbench/PaperFlow/PaperFlow.xcodeproj
    builtin-Swift-Compilation-Requirements -- /Applications/Xcode.app/Contents/Developer/Toolchains/XcodeDefault.xctoolchain/usr/bin/swiftc -parse-as-library -module-name PaperFlowDomain -Onone @/Users/long/github_space/good_ideas/pdf-file-workbench/.native-build/DeviceQA/Build/Intermediates.noindex/PaperFlowKit.build/Debug-iphoneos/PaperFlowDomain-t.build/Objects-normal/arm64/PaperFlowDomain.SwiftFileList -DSWIFT_PACKAGE -DDEBUG -DSWIFT_MODULE_RESOURCE_BUNDLE_UNAVAILABLE -DXcode -plugin-path /Applications/Xcode.app/Contents/Developer/Toolchains/XcodeDefault.xctoolchain/usr/lib/swift/host/plugins/testing -enable-experimental-feature DebugDescriptionMacro -sdk /Applications/Xcode.app/Contents/Developer/Platforms/iPhoneOS.platform/Developer/SDKs/iPhoneOS27.0.sdk -target arm64-apple-ios18.0 -g -module-cache-path /Users/long/github_space/good_ideas/pdf-file-workbench/.native-build/DeviceQA/ModuleCache.noindex -Xfrontend -serialize-debugging-options -enable-testing -index-store-path /Users/long/github_space/good_ideas/pdf-file-workbench/.native-build/DeviceQA/Index.noindex/DataStore -Xcc -D_LIBCPP_HARDENING_MODE\=_LIBCPP_HARDENING_MODE_DEBUG -swift-version 6 -I /Users/long/github_space/good_ideas/pdf-file-workbench/.native-build/DeviceQA/Build/Products/Debug-iphoneos -Isystem /Applications/Xcode.app/Contents/Developer/Platforms/iPhoneOS.platform/Developer/usr/lib -F /Users/long/github_space/good_ideas/pdf-file-workbench/.native-build/DeviceQA/Build/Products/Debug-iphoneos -F /Applications/Xcode.app/Contents/Developer/Platforms/iPhoneOS.platform/Developer/Library/Frameworks -F /Applications/Xcode.app/Contents/Developer/Platforms/iPhoneOS.platform/Developer/SDKs/iPhoneOS27.0.sdk/Developer/Library/Frameworks -c -j15 -enable-batch-mode -incremental -Xcc -ivfsstatcache -Xcc /Users/long/github_space/good_ideas/pdf-file-workbench/.native-build/DeviceQA/SDKStatCaches.noindex/iphoneos27.0-24A430-6c78b3cbc238196c85e1bf6c792c5915.sdkstatcache -output-file-map /Users/long/github_space/good_ideas/pdf-file-workbench/.native-build/DeviceQA/Build/Intermediates.noindex/PaperFlowKit.build/Debug-iphoneos/PaperFlowDomain-t.build/Objects-normal/arm64/PaperFlowDomain-OutputFileMap.json -save-temps -no-color-diagnostics -explicit-module-build -module-cache-path /Users/long/github_space/good_ideas/pdf-file-workbench/.native-build/DeviceQA/Build/Intermediates.noindex/SwiftExplicitPrecompiledModules -clang-scanner-module-cache-path /Users/long/github_space/good_ideas/pdf-file-workbench/.native-build/DeviceQA/ModuleCache.noindex -sdk-module-cache-path /Users/long/github_space/good_ideas/pdf-file-workbench/.native-build/DeviceQA/SDKExplicitPrecompiledModules -emit-dependencies -emit-module -emit-module-path /Users/long/github_space/good_ideas/pdf-file-workbench/.native-build/DeviceQA/Build/Intermediates.noindex/PaperFlowKit.build/Debug-iphoneos/PaperFlowDomain-t.build/Objects-normal/arm64/PaperFlowDomain.swiftmodule -serialize-diagnostics -dependency-scan-serialize-diagnostics-path /Users/long/github_space/good_ideas/pdf-file-workbench/.native-build/DeviceQA/Build/Intermediates.noindex/PaperFlowKit.build/Debug-iphoneos/PaperFlowDomain-t.build/Objects-normal/arm64/PaperFlowDomain-dependency-scan.dia -validate-clang-modules-once -clang-build-session-file /Users/long/github_space/good_ideas/pdf-file-workbench/.native-build/DeviceQA/ModuleCache.noindex/Session.modulevalidation -Xcc -fmodules-prune-interval\=86400 -Xcc -fmodules-prune-after\=345600 -package-name paperflowkit -emit-const-values -const-gather-protocols-list /Users/long/github_space/good_ideas/pdf-file-workbench/.native-build/DeviceQA/Build/Intermediates.noindex/PaperFlowKit.build/Debug-iphoneos/PaperFlowDomain-t.build/Objects-normal/arm64/PaperFlowDomain_const_extract_protocols.json -Xcc -I/Users/long/github_space/good_ideas/pdf-file-workbench/.native-build/DeviceQA/Build/Products/Debug-iphoneos/include -Xcc -I/Users/long/github_space/good_ideas/pdf-file-workbench/.native-build/DeviceQA/Build/Intermediates.noindex/PaperFlowKit.build/Debug-iphoneos/PaperFlowDomain-t.build/DerivedSources-normal/arm64 -Xcc -I/Users/long/github_space/good_ideas/pdf-file-workbench/.native-build/DeviceQA/Build/Intermediates.noindex/PaperFlowKit.build/Debug-iphoneos/PaperFlowDomain-t.build/DerivedSources/arm64 -Xcc -I/Users/long/github_space/good_ideas/pdf-file-workbench/.native-build/DeviceQA/Build/Intermediates.noindex/PaperFlowKit.build/Debug-iphoneos/PaperFlowDomain-t.build/DerivedSources -Xcc -DSWIFT_PACKAGE -Xcc -DDEBUG\=1 -emit-objc-header -emit-objc-header-path /Users/long/github_space/good_ideas/pdf-file-workbench/.native-build/DeviceQA/Build/Intermediates.noindex/PaperFlowKit.build/Debug-iphoneos/PaperFlowDomain-t.build/Objects-normal/arm64/PaperFlowDomain-Swift.h -working-directory /Users/long/github_space/good_ideas/pdf-file-workbench/PaperFlow/PaperFlow.xcodeproj -experimental-emit-module-separately -disable-cmo

SwiftMergeGeneratedHeaders /Users/long/github_space/good_ideas/pdf-file-workbench/.native-build/DeviceQA/Build/Intermediates.noindex/GeneratedModuleMaps-iphoneos/PaperFlowDomain-Swift.h /Users/long/github_space/good_ideas/pdf-file-workbench/.native-build/DeviceQA/Build/Intermediates.noindex/PaperFlowKit.build/Debug-iphoneos/PaperFlowDomain-t.build/Objects-normal/arm64/PaperFlowDomain-Swift.h (in target 'PaperFlowDomain' from project 'PaperFlowKit')
    cd /Users/long/github_space/good_ideas/pdf-file-workbench/PaperFlow/Packages/PaperFlowKit
    builtin-swiftHeaderTool -arch arm64 /Users/long/github_space/good_ideas/pdf-file-workbench/.native-build/DeviceQA/Build/Intermediates.noindex/PaperFlowKit.build/Debug-iphoneos/PaperFlowDomain-t.build/Objects-normal/arm64/PaperFlowDomain-Swift.h -o /Users/long/github_space/good_ideas/pdf-file-workbench/.native-build/DeviceQA/Build/Intermediates.noindex/GeneratedModuleMaps-iphoneos/PaperFlowDomain-Swift.h

Copy /Users/long/github_space/good_ideas/pdf-file-workbench/.native-build/DeviceQA/Build/Products/Debug-iphoneos/PaperFlowDomain.swiftmodule/arm64-apple-ios.swiftdoc /Users/long/github_space/good_ideas/pdf-file-workbench/.native-build/DeviceQA/Build/Intermediates.noindex/PaperFlowKit.build/Debug-iphoneos/PaperFlowDomain-t.build/Objects-normal/arm64/PaperFlowDomain.swiftdoc (in target 'PaperFlowDomain' from project 'PaperFlowKit')
    cd /Users/long/github_space/good_ideas/pdf-file-workbench/PaperFlow/Packages/PaperFlowKit
    builtin-copy -exclude .DS_Store -exclude CVS -exclude .svn -exclude .git -exclude .hg -resolve-src-symlinks -rename /Users/long/github_space/good_ideas/pdf-file-workbench/.native-build/DeviceQA/Build/Intermediates.noindex/PaperFlowKit.build/Debug-iphoneos/PaperFlowDomain-t.build/Objects-normal/arm64/PaperFlowDomain.swiftdoc /Users/long/github_space/good_ideas/pdf-file-workbench/.native-build/DeviceQA/Build/Products/Debug-iphoneos/PaperFlowDomain.swiftmodule/arm64-apple-ios.swiftdoc

Copy /Users/long/github_space/good_ideas/pdf-file-workbench/.native-build/DeviceQA/Build/Products/Debug-iphoneos/PaperFlowDomain.swiftmodule/arm64-apple-ios.swiftmodule /Users/long/github_space/good_ideas/pdf-file-workbench/.native-build/DeviceQA/Build/Intermediates.noindex/PaperFlowKit.build/Debug-iphoneos/PaperFlowDomain-t.build/Objects-normal/arm64/PaperFlowDomain.swiftmodule (in target 'PaperFlowDomain' from project 'PaperFlowKit')
    cd /Users/long/github_space/good_ideas/pdf-file-workbench/PaperFlow/Packages/PaperFlowKit
    builtin-copy -exclude .DS_Store -exclude CVS -exclude .svn -exclude .git -exclude .hg -resolve-src-symlinks -rename /Users/long/github_space/good_ideas/pdf-file-workbench/.native-build/DeviceQA/Build/Intermediates.noindex/PaperFlowKit.build/Debug-iphoneos/PaperFlowDomain-t.build/Objects-normal/arm64/PaperFlowDomain.swiftmodule /Users/long/github_space/good_ideas/pdf-file-workbench/.native-build/DeviceQA/Build/Products/Debug-iphoneos/PaperFlowDomain.swiftmodule/arm64-apple-ios.swiftmodule

Copy /Users/long/github_space/good_ideas/pdf-file-workbench/.native-build/DeviceQA/Build/Products/Debug-iphoneos/PaperFlowDomain.swiftmodule/Project/arm64-apple-ios.swiftsourceinfo /Users/long/github_space/good_ideas/pdf-file-workbench/.native-build/DeviceQA/Build/Intermediates.noindex/PaperFlowKit.build/Debug-iphoneos/PaperFlowDomain-t.build/Objects-normal/arm64/PaperFlowDomain.swiftsourceinfo (in target 'PaperFlowDomain' from project 'PaperFlowKit')
    cd /Users/long/github_space/good_ideas/pdf-file-workbench/PaperFlow/Packages/PaperFlowKit
    builtin-copy -exclude .DS_Store -exclude CVS -exclude .svn -exclude .git -exclude .hg -resolve-src-symlinks -rename /Users/long/github_space/good_ideas/pdf-file-workbench/.native-build/DeviceQA/Build/Intermediates.noindex/PaperFlowKit.build/Debug-iphoneos/PaperFlowDomain-t.build/Objects-normal/arm64/PaperFlowDomain.swiftsourceinfo /Users/long/github_space/good_ideas/pdf-file-workbench/.native-build/DeviceQA/Build/Products/Debug-iphoneos/PaperFlowDomain.swiftmodule/Project/arm64-apple-ios.swiftsourceinfo

Copy /Users/long/github_space/good_ideas/pdf-file-workbench/.native-build/DeviceQA/Build/Products/Debug-iphoneos/PaperFlowDomain.swiftmodule/arm64-apple-ios.abi.json /Users/long/github_space/good_ideas/pdf-file-workbench/.native-build/DeviceQA/Build/Intermediates.noindex/PaperFlowKit.build/Debug-iphoneos/PaperFlowDomain-t.build/Objects-normal/arm64/PaperFlowDomain.abi.json (in target 'PaperFlowDomain' from project 'PaperFlowKit')
    cd /Users/long/github_space/good_ideas/pdf-file-workbench/PaperFlow/Packages/PaperFlowKit
    builtin-copy -exclude .DS_Store -exclude CVS -exclude .svn -exclude .git -exclude .hg -resolve-src-symlinks -rename /Users/long/github_space/good_ideas/pdf-file-workbench/.native-build/DeviceQA/Build/Intermediates.noindex/PaperFlowKit.build/Debug-iphoneos/PaperFlowDomain-t.build/Objects-normal/arm64/PaperFlowDomain.abi.json /Users/long/github_space/good_ideas/pdf-file-workbench/.native-build/DeviceQA/Build/Products/Debug-iphoneos/PaperFlowDomain.swiftmodule/arm64-apple-ios.abi.json

SwiftDriver PaperFlowProcessing normal arm64 com.apple.xcode.tools.swift.compiler (in target 'PaperFlowProcessing' from project 'PaperFlowKit')
    cd /Users/long/github_space/good_ideas/pdf-file-workbench/PaperFlow/PaperFlow.xcodeproj
    builtin-SwiftDriver -- /Applications/Xcode.app/Contents/Developer/Toolchains/XcodeDefault.xctoolchain/usr/bin/swiftc -parse-as-library -module-name PaperFlowProcessing -Onone @/Users/long/github_space/good_ideas/pdf-file-workbench/.native-build/DeviceQA/Build/Intermediates.noindex/PaperFlowKit.build/Debug-iphoneos/PaperFlowProcessing-t.build/Objects-normal/arm64/PaperFlowProcessing.SwiftFileList -DSWIFT_PACKAGE -DDEBUG -DSWIFT_MODULE_RESOURCE_BUNDLE_UNAVAILABLE -Xcc -fmodule-map-file\=/Users/long/github_space/good_ideas/pdf-file-workbench/.native-build/DeviceQA/Build/Intermediates.noindex/GeneratedModuleMaps-iphoneos/CQPDF.modulemap -DXcode -plugin-path /Applications/Xcode.app/Contents/Developer/Toolchains/XcodeDefault.xctoolchain/usr/lib/swift/host/plugins/testing -enable-experimental-feature DebugDescriptionMacro -sdk /Applications/Xcode.app/Contents/Developer/Platforms/iPhoneOS.platform/Developer/SDKs/iPhoneOS27.0.sdk -target arm64-apple-ios18.0 -g -module-cache-path /Users/long/github_space/good_ideas/pdf-file-workbench/.native-build/DeviceQA/ModuleCache.noindex -Xfrontend -serialize-debugging-options -enable-testing -index-store-path /Users/long/github_space/good_ideas/pdf-file-workbench/.native-build/DeviceQA/Index.noindex/DataStore -Xcc -D_LIBCPP_HARDENING_MODE\=_LIBCPP_HARDENING_MODE_DEBUG -swift-version 6 -I /Users/long/github_space/good_ideas/pdf-file-workbench/.native-build/DeviceQA/Build/Products/Debug-iphoneos -Isystem /Applications/Xcode.app/Contents/Developer/Platforms/iPhoneOS.platform/Developer/usr/lib -F /Users/long/github_space/good_ideas/pdf-file-workbench/.native-build/DeviceQA/Build/Products/Debug-iphoneos/PackageFrameworks -F /Users/long/github_space/good_ideas/pdf-file-workbench/.native-build/DeviceQA/Build/Products/Debug-iphoneos -F /Applications/Xcode.app/Contents/Developer/Platforms/iPhoneOS.platform/Developer/Library/Frameworks -F /Applications/Xcode.app/Contents/Developer/Platforms/iPhoneOS.platform/Developer/SDKs/iPhoneOS27.0.sdk/Developer/Library/Frameworks -c -j15 -enable-batch-mode -incremental -Xcc -ivfsstatcache -Xcc /Users/long/github_space/good_ideas/pdf-file-workbench/.native-build/DeviceQA/SDKStatCaches.noindex/iphoneos27.0-24A430-6c78b3cbc238196c85e1bf6c792c5915.sdkstatcache -output-file-map /Users/long/github_space/good_ideas/pdf-file-workbench/.native-build/DeviceQA/Build/Intermediates.noindex/PaperFlowKit.build/Debug-iphoneos/PaperFlowProcessing-t.build/Objects-normal/arm64/PaperFlowProcessing-OutputFileMap.json -save-temps -no-color-diagnostics -explicit-module-build -module-cache-path /Users/long/github_space/good_ideas/pdf-file-workbench/.native-build/DeviceQA/Build/Intermediates.noindex/SwiftExplicitPrecompiledModules -clang-scanner-module-cache-path /Users/long/github_space/good_ideas/pdf-file-workbench/.native-build/DeviceQA/ModuleCache.noindex -sdk-module-cache-path /Users/long/github_space/good_ideas/pdf-file-workbench/.native-build/DeviceQA/SDKExplicitPrecompiledModules -emit-dependencies -emit-module -emit-module-path /Users/long/github_space/good_ideas/pdf-file-workbench/.native-build/DeviceQA/Build/Intermediates.noindex/PaperFlowKit.build/Debug-iphoneos/PaperFlowProcessing-t.build/Objects-normal/arm64/PaperFlowProcessing.swiftmodule -serialize-diagnostics -dependency-scan-serialize-diagnostics-path /Users/long/github_space/good_ideas/pdf-file-workbench/.native-build/DeviceQA/Build/Intermediates.noindex/PaperFlowKit.build/Debug-iphoneos/PaperFlowProcessing-t.build/Objects-normal/arm64/PaperFlowProcessing-dependency-scan.dia -validate-clang-modules-once -clang-build-session-file /Users/long/github_space/good_ideas/pdf-file-workbench/.native-build/DeviceQA/ModuleCache.noindex/Session.modulevalidation -Xcc -fmodules-prune-interval\=86400 -Xcc -fmodules-prune-after\=345600 -package-name paperflowkit -emit-const-values -const-gather-protocols-list /Users/long/github_space/good_ideas/pdf-file-workbench/.native-build/DeviceQA/Build/Intermediates.noindex/PaperFlowKit.build/Debug-iphoneos/PaperFlowProcessing-t.build/Objects-normal/arm64/PaperFlowProcessing_const_extract_protocols.json -Xcc -I/Users/long/github_space/good_ideas/pdf-file-workbench/PaperFlow/Packages/PaperFlowKit/Sources/CQPDF/include -Xcc -I/Users/long/github_space/good_ideas/pdf-file-workbench/.native-build/DeviceQA/Build/Products/Debug-iphoneos/include -Xcc -I/Users/long/github_space/good_ideas/pdf-file-workbench/.native-build/DeviceQA/Build/Intermediates.noindex/PaperFlowKit.build/Debug-iphoneos/PaperFlowProcessing-t.build/DerivedSources-normal/arm64 -Xcc -I/Users/long/github_space/good_ideas/pdf-file-workbench/.native-build/DeviceQA/Build/Intermediates.noindex/PaperFlowKit.build/Debug-iphoneos/PaperFlowProcessing-t.build/DerivedSources/arm64 -Xcc -I/Users/long/github_space/good_ideas/pdf-file-workbench/.native-build/DeviceQA/Build/Intermediates.noindex/PaperFlowKit.build/Debug-iphoneos/PaperFlowProcessing-t.build/DerivedSources -Xcc -DSWIFT_PACKAGE -Xcc -DDEBUG\=1 -emit-objc-header -emit-objc-header-path /Users/long/github_space/good_ideas/pdf-file-workbench/.native-build/DeviceQA/Build/Intermediates.noindex/PaperFlowKit.build/Debug-iphoneos/PaperFlowProcessing-t.build/Objects-normal/arm64/PaperFlowProcessing-Swift.h -working-directory /Users/long/github_space/good_ideas/pdf-file-workbench/PaperFlow/PaperFlow.xcodeproj -experimental-emit-module-separately -disable-cmo

SwiftDriver PaperFlowPersistence normal arm64 com.apple.xcode.tools.swift.compiler (in target 'PaperFlowPersistence' from project 'PaperFlowKit')
    cd /Users/long/github_space/good_ideas/pdf-file-workbench/PaperFlow/PaperFlow.xcodeproj
    builtin-SwiftDriver -- /Applications/Xcode.app/Contents/Developer/Toolchains/XcodeDefault.xctoolchain/usr/bin/swiftc -parse-as-library -module-name PaperFlowPersistence -Onone @/Users/long/github_space/good_ideas/pdf-file-workbench/.native-build/DeviceQA/Build/Intermediates.noindex/PaperFlowKit.build/Debug-iphoneos/PaperFlowPersistence-t.build/Objects-normal/arm64/PaperFlowPersistence.SwiftFileList -DSWIFT_PACKAGE -DDEBUG -DSWIFT_MODULE_RESOURCE_BUNDLE_UNAVAILABLE -DXcode -plugin-path /Applications/Xcode.app/Contents/Developer/Toolchains/XcodeDefault.xctoolchain/usr/lib/swift/host/plugins/testing -enable-experimental-feature DebugDescriptionMacro -sdk /Applications/Xcode.app/Contents/Developer/Platforms/iPhoneOS.platform/Developer/SDKs/iPhoneOS27.0.sdk -target arm64-apple-ios18.0 -g -module-cache-path /Users/long/github_space/good_ideas/pdf-file-workbench/.native-build/DeviceQA/ModuleCache.noindex -Xfrontend -serialize-debugging-options -enable-testing -index-store-path /Users/long/github_space/good_ideas/pdf-file-workbench/.native-build/DeviceQA/Index.noindex/DataStore -Xcc -D_LIBCPP_HARDENING_MODE\=_LIBCPP_HARDENING_MODE_DEBUG -swift-version 6 -I /Users/long/github_space/good_ideas/pdf-file-workbench/.native-build/DeviceQA/Build/Products/Debug-iphoneos -Isystem /Applications/Xcode.app/Contents/Developer/Platforms/iPhoneOS.platform/Developer/usr/lib -F /Users/long/github_space/good_ideas/pdf-file-workbench/.native-build/DeviceQA/Build/Products/Debug-iphoneos/PackageFrameworks -F /Users/long/github_space/good_ideas/pdf-file-workbench/.native-build/DeviceQA/Build/Products/Debug-iphoneos -F /Applications/Xcode.app/Contents/Developer/Platforms/iPhoneOS.platform/Developer/Library/Frameworks -F /Applications/Xcode.app/Contents/Developer/Platforms/iPhoneOS.platform/Developer/SDKs/iPhoneOS27.0.sdk/Developer/Library/Frameworks -c -j15 -enable-batch-mode -incremental -Xcc -ivfsstatcache -Xcc /Users/long/github_space/good_ideas/pdf-file-workbench/.native-build/DeviceQA/SDKStatCaches.noindex/iphoneos27.0-24A430-6c78b3cbc238196c85e1bf6c792c5915.sdkstatcache -output-file-map /Users/long/github_space/good_ideas/pdf-file-workbench/.native-build/DeviceQA/Build/Intermediates.noindex/PaperFlowKit.build/Debug-iphoneos/PaperFlowPersistence-t.build/Objects-normal/arm64/PaperFlowPersistence-OutputFileMap.json -save-temps -no-color-diagnostics -explicit-module-build -module-cache-path /Users/long/github_space/good_ideas/pdf-file-workbench/.native-build/DeviceQA/Build/Intermediates.noindex/SwiftExplicitPrecompiledModules -clang-scanner-module-cache-path /Users/long/github_space/good_ideas/pdf-file-workbench/.native-build/DeviceQA/ModuleCache.noindex -sdk-module-cache-path /Users/long/github_space/good_ideas/pdf-file-workbench/.native-build/DeviceQA/SDKExplicitPrecompiledModules -emit-dependencies -emit-module -emit-module-path /Users/long/github_space/good_ideas/pdf-file-workbench/.native-build/DeviceQA/Build/Intermediates.noindex/PaperFlowKit.build/Debug-iphoneos/PaperFlowPersistence-t.build/Objects-normal/arm64/PaperFlowPersistence.swiftmodule -serialize-diagnostics -dependency-scan-serialize-diagnostics-path /Users/long/github_space/good_ideas/pdf-file-workbench/.native-build/DeviceQA/Build/Intermediates.noindex/PaperFlowKit.build/Debug-iphoneos/PaperFlowPersistence-t.build/Objects-normal/arm64/PaperFlowPersistence-dependency-scan.dia -validate-clang-modules-once -clang-build-session-file /Users/long/github_space/good_ideas/pdf-file-workbench/.native-build/DeviceQA/ModuleCache.noindex/Session.modulevalidation -Xcc -fmodules-prune-interval\=86400 -Xcc -fmodules-prune-after\=345600 -package-name paperflowkit -emit-const-values -const-gather-protocols-list /Users/long/github_space/good_ideas/pdf-file-workbench/.native-build/DeviceQA/Build/Intermediates.noindex/PaperFlowKit.build/Debug-iphoneos/PaperFlowPersistence-t.build/Objects-normal/arm64/PaperFlowPersistence_const_extract_protocols.json -Xcc -I/Users/long/github_space/good_ideas/pdf-file-workbench/.native-build/DeviceQA/Build/Products/Debug-iphoneos/include -Xcc -I/Users/long/github_space/good_ideas/pdf-file-workbench/.native-build/DeviceQA/Build/Intermediates.noindex/PaperFlowKit.build/Debug-iphoneos/PaperFlowPersistence-t.build/DerivedSources-normal/arm64 -Xcc -I/Users/long/github_space/good_ideas/pdf-file-workbench/.native-build/DeviceQA/Build/Intermediates.noindex/PaperFlowKit.build/Debug-iphoneos/PaperFlowPersistence-t.build/DerivedSources/arm64 -Xcc -I/Users/long/github_space/good_ideas/pdf-file-workbench/.native-build/DeviceQA/Build/Intermediates.noindex/PaperFlowKit.build/Debug-iphoneos/PaperFlowPersistence-t.build/DerivedSources -Xcc -DSWIFT_PACKAGE -Xcc -DDEBUG\=1 -emit-objc-header -emit-objc-header-path /Users/long/github_space/good_ideas/pdf-file-workbench/.native-build/DeviceQA/Build/Intermediates.noindex/PaperFlowKit.build/Debug-iphoneos/PaperFlowPersistence-t.build/Objects-normal/arm64/PaperFlowPersistence-Swift.h -working-directory /Users/long/github_space/good_ideas/pdf-file-workbench/PaperFlow/PaperFlow.xcodeproj -experimental-emit-module-separately -disable-cmo

SwiftExplicitDependencyGeneratePcm arm64 /Users/long/github_space/good_ideas/pdf-file-workbench/.native-build/DeviceQA/SDKExplicitPrecompiledModules/CoreVideo-5R5MPNXFVJUN6ZTBOOYZ0IBK3.pcm

SwiftExplicitDependencyGeneratePcm arm64 /Users/long/github_space/good_ideas/pdf-file-workbench/.native-build/DeviceQA/SDKExplicitPrecompiledModules/QuartzCore-1L3IJK3LWSSZ7Q5SRSRPRZGXE.pcm

SwiftExplicitDependencyGeneratePcm arm64 /Users/long/github_space/good_ideas/pdf-file-workbench/.native-build/DeviceQA/SDKExplicitPrecompiledModules/CoreImage-AAGQQ7OQP3QYOF8P7W34HCGMP.pcm

SwiftExplicitDependencyGeneratePcm arm64 /Users/long/github_space/good_ideas/pdf-file-workbench/.native-build/DeviceQA/SDKExplicitPrecompiledModules/SwiftUICore-A2SPTERVC4TGVEEUG2HPN4IB.pcm

SwiftExplicitDependencyGeneratePcm arm64 /Users/long/github_space/good_ideas/pdf-file-workbench/.native-build/DeviceQA/SDKExplicitPrecompiledModules/UIKit-5KVP3BBOH5I5FRPKCB6NQ8Q2E.pcm

SwiftExplicitDependencyGeneratePcm arm64 /Users/long/github_space/good_ideas/pdf-file-workbench/.native-build/DeviceQA/SDKExplicitPrecompiledModules/LocalAuthentication-F45M01VALVEOQV0VM5W54NG6Z.pcm

SwiftCompile normal arm64 Compiling\ LocalFiles.swift /Users/long/github_space/good_ideas/pdf-file-workbench/PaperFlow/Packages/PaperFlowKit/Sources/PaperFlowPersistence/LocalFiles.swift (in target 'PaperFlowPersistence' from project 'PaperFlowKit')

SwiftCompile normal arm64 /Users/long/github_space/good_ideas/pdf-file-workbench/PaperFlow/Packages/PaperFlowKit/Sources/PaperFlowPersistence/LocalFiles.swift (in target 'PaperFlowPersistence' from project 'PaperFlowKit')
    cd /Users/long/github_space/good_ideas/pdf-file-workbench/PaperFlow/PaperFlow.xcodeproj
    builtin-SwiftPerFileCompile LocalFiles.swift

SwiftCompile normal arm64 Compiling\ LocalRepository.swift /Users/long/github_space/good_ideas/pdf-file-workbench/PaperFlow/Packages/PaperFlowKit/Sources/PaperFlowPersistence/LocalRepository.swift (in target 'PaperFlowPersistence' from project 'PaperFlowKit')

SwiftCompile normal arm64 /Users/long/github_space/good_ideas/pdf-file-workbench/PaperFlow/Packages/PaperFlowKit/Sources/PaperFlowPersistence/LocalRepository.swift (in target 'PaperFlowPersistence' from project 'PaperFlowKit')
    cd /Users/long/github_space/good_ideas/pdf-file-workbench/PaperFlow/PaperFlow.xcodeproj
    builtin-SwiftPerFileCompile LocalRepository.swift

SwiftCompile normal arm64 Compiling\ QuotaLedger.swift /Users/long/github_space/good_ideas/pdf-file-workbench/PaperFlow/Packages/PaperFlowKit/Sources/PaperFlowPersistence/QuotaLedger.swift (in target 'PaperFlowPersistence' from project 'PaperFlowKit')

SwiftCompile normal arm64 /Users/long/github_space/good_ideas/pdf-file-workbench/PaperFlow/Packages/PaperFlowKit/Sources/PaperFlowPersistence/QuotaLedger.swift (in target 'PaperFlowPersistence' from project 'PaperFlowKit')
    cd /Users/long/github_space/good_ideas/pdf-file-workbench/PaperFlow/PaperFlow.xcodeproj
    builtin-SwiftPerFileCompile QuotaLedger.swift

SwiftEmitModule normal arm64 Emitting\ module\ for\ PaperFlowPersistence (in target 'PaperFlowPersistence' from project 'PaperFlowKit')

SwiftCompile normal arm64 (in target 'PaperFlowPersistence' from project 'PaperFlowKit')
    cd /Users/long/github_space/good_ideas/pdf-file-workbench/PaperFlow/PaperFlow.xcodeproj
    

SwiftExplicitDependencyGeneratePcm arm64 /Users/long/github_space/good_ideas/pdf-file-workbench/.native-build/DeviceQA/SDKExplicitPrecompiledModules/UniformTypeIdentifiers-CUKFOWFC2K15O8YBN9PLOSK9Q.pcm

SwiftExplicitDependencyGeneratePcm arm64 /Users/long/github_space/good_ideas/pdf-file-workbench/.native-build/DeviceQA/SDKExplicitPrecompiledModules/MachO-DIS4L83YJG7BQQX5Y0SJPD2HN.pcm

SwiftExplicitDependencyGeneratePcm arm64 /Users/long/github_space/good_ideas/pdf-file-workbench/.native-build/DeviceQA/SDKExplicitPrecompiledModules/DataDetection-EWNNDLBO60FDX2AU1DVKWN6AN.pcm

SwiftExplicitDependencyGeneratePcm arm64 /Users/long/github_space/good_ideas/pdf-file-workbench/.native-build/DeviceQA/SDKExplicitPrecompiledModules/Symbols-CA8CHQBVQEZ397KN6F7VW70W4.pcm

SwiftExplicitDependencyGeneratePcm arm64 /Users/long/github_space/good_ideas/pdf-file-workbench/.native-build/DeviceQA/SDKExplicitPrecompiledModules/dnssd-5N5HY6W5N3V6JXPKTSDFMUS7P.pcm

SwiftExplicitDependencyGeneratePcm arm64 /Users/long/github_space/good_ideas/pdf-file-workbench/.native-build/DeviceQA/Build/Intermediates.noindex/SwiftExplicitPrecompiledModules/CQPDF-6HZU2Z8Y0FED2T495JU5MAQLP.pcm

SwiftExplicitDependencyGeneratePcm arm64 /Users/long/github_space/good_ideas/pdf-file-workbench/.native-build/DeviceQA/SDKExplicitPrecompiledModules/Compression-1ZQD6H16H1RRG3G6SPKG8FKEW.pcm

SwiftExplicitDependencyGeneratePcm arm64 /Users/long/github_space/good_ideas/pdf-file-workbench/.native-build/DeviceQA/SDKExplicitPrecompiledModules/UIUtilities-BH2UGVLOE1P8DIXH7U1AFEN4A.pcm

SwiftExplicitDependencyGeneratePcm arm64 /Users/long/github_space/good_ideas/pdf-file-workbench/.native-build/DeviceQA/SDKExplicitPrecompiledModules/UserNotifications-190I64694NFPPUUE2MS43APJY.pcm

SwiftExplicitDependencyGeneratePcm arm64 /Users/long/github_space/good_ideas/pdf-file-workbench/.native-build/DeviceQA/SDKExplicitPrecompiledModules/CoreGraphics-7Q88FQRFXY2VSE99XQ5N3RVO3.pcm

SwiftDriverJobDiscovery normal arm64 Emitting module for PaperFlowPersistence (in target 'PaperFlowPersistence' from project 'PaperFlowKit')

SwiftDriver\ Compilation\ Requirements PaperFlowPersistence normal arm64 com.apple.xcode.tools.swift.compiler (in target 'PaperFlowPersistence' from project 'PaperFlowKit')
    cd /Users/long/github_space/good_ideas/pdf-file-workbench/PaperFlow/PaperFlow.xcodeproj
    builtin-Swift-Compilation-Requirements -- /Applications/Xcode.app/Contents/Developer/Toolchains/XcodeDefault.xctoolchain/usr/bin/swiftc -parse-as-library -module-name PaperFlowPersistence -Onone @/Users/long/github_space/good_ideas/pdf-file-workbench/.native-build/DeviceQA/Build/Intermediates.noindex/PaperFlowKit.build/Debug-iphoneos/PaperFlowPersistence-t.build/Objects-normal/arm64/PaperFlowPersistence.SwiftFileList -DSWIFT_PACKAGE -DDEBUG -DSWIFT_MODULE_RESOURCE_BUNDLE_UNAVAILABLE -DXcode -plugin-path /Applications/Xcode.app/Contents/Developer/Toolchains/XcodeDefault.xctoolchain/usr/lib/swift/host/plugins/testing -enable-experimental-feature DebugDescriptionMacro -sdk /Applications/Xcode.app/Contents/Developer/Platforms/iPhoneOS.platform/Developer/SDKs/iPhoneOS27.0.sdk -target arm64-apple-ios18.0 -g -module-cache-path /Users/long/github_space/good_ideas/pdf-file-workbench/.native-build/DeviceQA/ModuleCache.noindex -Xfrontend -serialize-debugging-options -enable-testing -index-store-path /Users/long/github_space/good_ideas/pdf-file-workbench/.native-build/DeviceQA/Index.noindex/DataStore -Xcc -D_LIBCPP_HARDENING_MODE\=_LIBCPP_HARDENING_MODE_DEBUG -swift-version 6 -I /Users/long/github_space/good_ideas/pdf-file-workbench/.native-build/DeviceQA/Build/Products/Debug-iphoneos -Isystem /Applications/Xcode.app/Contents/Developer/Platforms/iPhoneOS.platform/Developer/usr/lib -F /Users/long/github_space/good_ideas/pdf-file-workbench/.native-build/DeviceQA/Build/Products/Debug-iphoneos/PackageFrameworks -F /Users/long/github_space/good_ideas/pdf-file-workbench/.native-build/DeviceQA/Build/Products/Debug-iphoneos -F /Applications/Xcode.app/Contents/Developer/Platforms/iPhoneOS.platform/Developer/Library/Frameworks -F /Applications/Xcode.app/Contents/Developer/Platforms/iPhoneOS.platform/Developer/SDKs/iPhoneOS27.0.sdk/Developer/Library/Frameworks -c -j15 -enable-batch-mode -incremental -Xcc -ivfsstatcache -Xcc /Users/long/github_space/good_ideas/pdf-file-workbench/.native-build/DeviceQA/SDKStatCaches.noindex/iphoneos27.0-24A430-6c78b3cbc238196c85e1bf6c792c5915.sdkstatcache -output-file-map /Users/long/github_space/good_ideas/pdf-file-workbench/.native-build/DeviceQA/Build/Intermediates.noindex/PaperFlowKit.build/Debug-iphoneos/PaperFlowPersistence-t.build/Objects-normal/arm64/PaperFlowPersistence-OutputFileMap.json -save-temps -no-color-diagnostics -explicit-module-build -module-cache-path /Users/long/github_space/good_ideas/pdf-file-workbench/.native-build/DeviceQA/Build/Intermediates.noindex/SwiftExplicitPrecompiledModules -clang-scanner-module-cache-path /Users/long/github_space/good_ideas/pdf-file-workbench/.native-build/DeviceQA/ModuleCache.noindex -sdk-module-cache-path /Users/long/github_space/good_ideas/pdf-file-workbench/.native-build/DeviceQA/SDKExplicitPrecompiledModules -emit-dependencies -emit-module -emit-module-path /Users/long/github_space/good_ideas/pdf-file-workbench/.native-build/DeviceQA/Build/Intermediates.noindex/PaperFlowKit.build/Debug-iphoneos/PaperFlowPersistence-t.build/Objects-normal/arm64/PaperFlowPersistence.swiftmodule -serialize-diagnostics -dependency-scan-serialize-diagnostics-path /Users/long/github_space/good_ideas/pdf-file-workbench/.native-build/DeviceQA/Build/Intermediates.noindex/PaperFlowKit.build/Debug-iphoneos/PaperFlowPersistence-t.build/Objects-normal/arm64/PaperFlowPersistence-dependency-scan.dia -validate-clang-modules-once -clang-build-session-file /Users/long/github_space/good_ideas/pdf-file-workbench/.native-build/DeviceQA/ModuleCache.noindex/Session.modulevalidation -Xcc -fmodules-prune-interval\=86400 -Xcc -fmodules-prune-after\=345600 -package-name paperflowkit -emit-const-values -const-gather-protocols-list /Users/long/github_space/good_ideas/pdf-file-workbench/.native-build/DeviceQA/Build/Intermediates.noindex/PaperFlowKit.build/Debug-iphoneos/PaperFlowPersistence-t.build/Objects-normal/arm64/PaperFlowPersistence_const_extract_protocols.json -Xcc -I/Users/long/github_space/good_ideas/pdf-file-workbench/.native-build/DeviceQA/Build/Products/Debug-iphoneos/include -Xcc -I/Users/long/github_space/good_ideas/pdf-file-workbench/.native-build/DeviceQA/Build/Intermediates.noindex/PaperFlowKit.build/Debug-iphoneos/PaperFlowPersistence-t.build/DerivedSources-normal/arm64 -Xcc -I/Users/long/github_space/good_ideas/pdf-file-workbench/.native-build/DeviceQA/Build/Intermediates.noindex/PaperFlowKit.build/Debug-iphoneos/PaperFlowPersistence-t.build/DerivedSources/arm64 -Xcc -I/Users/long/github_space/good_ideas/pdf-file-workbench/.native-build/DeviceQA/Build/Intermediates.noindex/PaperFlowKit.build/Debug-iphoneos/PaperFlowPersistence-t.build/DerivedSources -Xcc -DSWIFT_PACKAGE -Xcc -DDEBUG\=1 -emit-objc-header -emit-objc-header-path /Users/long/github_space/good_ideas/pdf-file-workbench/.native-build/DeviceQA/Build/Intermediates.noindex/PaperFlowKit.build/Debug-iphoneos/PaperFlowPersistence-t.build/Objects-normal/arm64/PaperFlowPersistence-Swift.h -working-directory /Users/long/github_space/good_ideas/pdf-file-workbench/PaperFlow/PaperFlow.xcodeproj -experimental-emit-module-separately -disable-cmo

SwiftExplicitDependencyGeneratePcm arm64 /Users/long/github_space/good_ideas/pdf-file-workbench/.native-build/DeviceQA/SDKExplicitPrecompiledModules/IOSurface-TEA2KVTXK86DY9H4TXVPDPK2.pcm

SwiftExplicitDependencyGeneratePcm arm64 /Users/long/github_space/good_ideas/pdf-file-workbench/.native-build/DeviceQA/SDKExplicitPrecompiledModules/DeveloperToolsSupport-EWB3O09CTCQ8RZQRQQSNA5IRP.pcm

SwiftExplicitDependencyGeneratePcm arm64 /Users/long/github_space/good_ideas/pdf-file-workbench/.native-build/DeviceQA/SDKExplicitPrecompiledModules/CoreMIDI-BUCDZTBAHXBV1DO8P153WGGKI.pcm

SwiftMergeGeneratedHeaders /Users/long/github_space/good_ideas/pdf-file-workbench/.native-build/DeviceQA/Build/Intermediates.noindex/GeneratedModuleMaps-iphoneos/PaperFlowPersistence-Swift.h /Users/long/github_space/good_ideas/pdf-file-workbench/.native-build/DeviceQA/Build/Intermediates.noindex/PaperFlowKit.build/Debug-iphoneos/PaperFlowPersistence-t.build/Objects-normal/arm64/PaperFlowPersistence-Swift.h (in target 'PaperFlowPersistence' from project 'PaperFlowKit')
    cd /Users/long/github_space/good_ideas/pdf-file-workbench/PaperFlow/Packages/PaperFlowKit
    builtin-swiftHeaderTool -arch arm64 /Users/long/github_space/good_ideas/pdf-file-workbench/.native-build/DeviceQA/Build/Intermediates.noindex/PaperFlowKit.build/Debug-iphoneos/PaperFlowPersistence-t.build/Objects-normal/arm64/PaperFlowPersistence-Swift.h -o /Users/long/github_space/good_ideas/pdf-file-workbench/.native-build/DeviceQA/Build/Intermediates.noindex/GeneratedModuleMaps-iphoneos/PaperFlowPersistence-Swift.h

Copy /Users/long/github_space/good_ideas/pdf-file-workbench/.native-build/DeviceQA/Build/Products/Debug-iphoneos/PaperFlowPersistence.swiftmodule/arm64-apple-ios.swiftmodule /Users/long/github_space/good_ideas/pdf-file-workbench/.native-build/DeviceQA/Build/Intermediates.noindex/PaperFlowKit.build/Debug-iphoneos/PaperFlowPersistence-t.build/Objects-normal/arm64/PaperFlowPersistence.swiftmodule (in target 'PaperFlowPersistence' from project 'PaperFlowKit')
    cd /Users/long/github_space/good_ideas/pdf-file-workbench/PaperFlow/Packages/PaperFlowKit
    builtin-copy -exclude .DS_Store -exclude CVS -exclude .svn -exclude .git -exclude .hg -resolve-src-symlinks -rename /Users/long/github_space/good_ideas/pdf-file-workbench/.native-build/DeviceQA/Build/Intermediates.noindex/PaperFlowKit.build/Debug-iphoneos/PaperFlowPersistence-t.build/Objects-normal/arm64/PaperFlowPersistence.swiftmodule /Users/long/github_space/good_ideas/pdf-file-workbench/.native-build/DeviceQA/Build/Products/Debug-iphoneos/PaperFlowPersistence.swiftmodule/arm64-apple-ios.swiftmodule

Copy /Users/long/github_space/good_ideas/pdf-file-workbench/.native-build/DeviceQA/Build/Products/Debug-iphoneos/PaperFlowPersistence.swiftmodule/arm64-apple-ios.swiftdoc /Users/long/github_space/good_ideas/pdf-file-workbench/.native-build/DeviceQA/Build/Intermediates.noindex/PaperFlowKit.build/Debug-iphoneos/PaperFlowPersistence-t.build/Objects-normal/arm64/PaperFlowPersistence.swiftdoc (in target 'PaperFlowPersistence' from project 'PaperFlowKit')
    cd /Users/long/github_space/good_ideas/pdf-file-workbench/PaperFlow/Packages/PaperFlowKit
    builtin-copy -exclude .DS_Store -exclude CVS -exclude .svn -exclude .git -exclude .hg -resolve-src-symlinks -rename /Users/long/github_space/good_ideas/pdf-file-workbench/.native-build/DeviceQA/Build/Intermediates.noindex/PaperFlowKit.build/Debug-iphoneos/PaperFlowPersistence-t.build/Objects-normal/arm64/PaperFlowPersistence.swiftdoc /Users/long/github_space/good_ideas/pdf-file-workbench/.native-build/DeviceQA/Build/Products/Debug-iphoneos/PaperFlowPersistence.swiftmodule/arm64-apple-ios.swiftdoc

Copy /Users/long/github_space/good_ideas/pdf-file-workbench/.native-build/DeviceQA/Build/Products/Debug-iphoneos/PaperFlowPersistence.swiftmodule/arm64-apple-ios.abi.json /Users/long/github_space/good_ideas/pdf-file-workbench/.native-build/DeviceQA/Build/Intermediates.noindex/PaperFlowKit.build/Debug-iphoneos/PaperFlowPersistence-t.build/Objects-normal/arm64/PaperFlowPersistence.abi.json (in target 'PaperFlowPersistence' from project 'PaperFlowKit')
    cd /Users/long/github_space/good_ideas/pdf-file-workbench/PaperFlow/Packages/PaperFlowKit
    builtin-copy -exclude .DS_Store -exclude CVS -exclude .svn -exclude .git -exclude .hg -resolve-src-symlinks -rename /Users/long/github_space/good_ideas/pdf-file-workbench/.native-build/DeviceQA/Build/Intermediates.noindex/PaperFlowKit.build/Debug-iphoneos/PaperFlowPersistence-t.build/Objects-normal/arm64/PaperFlowPersistence.abi.json /Users/long/github_space/good_ideas/pdf-file-workbench/.native-build/DeviceQA/Build/Products/Debug-iphoneos/PaperFlowPersistence.swiftmodule/arm64-apple-ios.abi.json

Copy /Users/long/github_space/good_ideas/pdf-file-workbench/.native-build/DeviceQA/Build/Products/Debug-iphoneos/PaperFlowPersistence.swiftmodule/Project/arm64-apple-ios.swiftsourceinfo /Users/long/github_space/good_ideas/pdf-file-workbench/.native-build/DeviceQA/Build/Intermediates.noindex/PaperFlowKit.build/Debug-iphoneos/PaperFlowPersistence-t.build/Objects-normal/arm64/PaperFlowPersistence.swiftsourceinfo (in target 'PaperFlowPersistence' from project 'PaperFlowKit')
    cd /Users/long/github_space/good_ideas/pdf-file-workbench/PaperFlow/Packages/PaperFlowKit
    builtin-copy -exclude .DS_Store -exclude CVS -exclude .svn -exclude .git -exclude .hg -resolve-src-symlinks -rename /Users/long/github_space/good_ideas/pdf-file-workbench/.native-build/DeviceQA/Build/Intermediates.noindex/PaperFlowKit.build/Debug-iphoneos/PaperFlowPersistence-t.build/Objects-normal/arm64/PaperFlowPersistence.swiftsourceinfo /Users/long/github_space/good_ideas/pdf-file-workbench/.native-build/DeviceQA/Build/Products/Debug-iphoneos/PaperFlowPersistence.swiftmodule/Project/arm64-apple-ios.swiftsourceinfo

SwiftExplicitDependencyGeneratePcm arm64 /Users/long/github_space/good_ideas/pdf-file-workbench/.native-build/DeviceQA/SDKExplicitPrecompiledModules/Network-10Q7SL4499W60HCCM1O0CFOPG.pcm

SwiftExplicitDependencyGeneratePcm arm64 /Users/long/github_space/good_ideas/pdf-file-workbench/.native-build/DeviceQA/SDKExplicitPrecompiledModules/CoreAudioTypes-WLGVLCS1N58T7PA671Q7JI1T.pcm

SwiftExplicitDependencyGeneratePcm arm64 /Users/long/github_space/good_ideas/pdf-file-workbench/.native-build/DeviceQA/SDKExplicitPrecompiledModules/_LocationEssentials-45V3UK4HDK4RSGB1CHF2LHKN0.pcm

SwiftExplicitDependencyGeneratePcm arm64 /Users/long/github_space/good_ideas/pdf-file-workbench/.native-build/DeviceQA/SDKExplicitPrecompiledModules/CoreTransferable-8S8UFJU5FYEKQB2F9AUEJG590.pcm

SwiftExplicitDependencyGeneratePcm arm64 /Users/long/github_space/good_ideas/pdf-file-workbench/.native-build/DeviceQA/SDKExplicitPrecompiledModules/_Builtin_stdatomic-A8GCJM7OC66LPEGR9DVKU02AQ.pcm

SwiftExplicitDependencyGeneratePcm arm64 /Users/long/github_space/good_ideas/pdf-file-workbench/.native-build/DeviceQA/SDKExplicitPrecompiledModules/_Builtin_tgmath-B3PM1KD27NQ4IO3W5UFADG0M5.pcm

SwiftExplicitDependencyGeneratePcm arm64 /Users/long/github_space/good_ideas/pdf-file-workbench/.native-build/DeviceQA/SDKExplicitPrecompiledModules/_Builtin_intrinsics-D545405UV8CQ2GIHI581HDVFE.pcm

SwiftExplicitDependencyGeneratePcm arm64 /Users/long/github_space/good_ideas/pdf-file-workbench/.native-build/DeviceQA/SDKExplicitPrecompiledModules/OpenGLES-BO52CUXXE3DTUKNUVST4HJFM.pcm

SwiftExplicitDependencyGeneratePcm arm64 /Users/long/github_space/good_ideas/pdf-file-workbench/.native-build/DeviceQA/SDKExplicitPrecompiledModules/Metal-DQIA5HIDPSGSOID170317ASYE.pcm

SwiftExplicitDependencyGeneratePcm arm64 /Users/long/github_space/good_ideas/pdf-file-workbench/.native-build/DeviceQA/SDKExplicitPrecompiledModules/os-70MMC0MOH8JF0YHV9VY6BQ1NJ.pcm

SwiftExplicitDependencyGeneratePcm arm64 /Users/long/github_space/good_ideas/pdf-file-workbench/.native-build/DeviceQA/SDKExplicitPrecompiledModules/CoreAudio-REFCUMNLXPQH0TF7A2TJBA46.pcm

SwiftExplicitDependencyGeneratePcm arm64 /Users/long/github_space/good_ideas/pdf-file-workbench/.native-build/DeviceQA/SDKExplicitPrecompiledModules/CoreLocation-EPQO80QY9R80KXGWKYVAHKK1O.pcm

SwiftExplicitDependencyGeneratePcm arm64 /Users/long/github_space/good_ideas/pdf-file-workbench/.native-build/DeviceQA/SDKExplicitPrecompiledModules/Accessibility-6TH31BMNG0QD9GEK9MM1SKD17.pcm

SwiftExplicitDependencyGeneratePcm arm64 /Users/long/github_space/good_ideas/pdf-file-workbench/.native-build/DeviceQA/SDKExplicitPrecompiledModules/FileProvider-BXRRD2SAOAUYQTV880QEN2JMR.pcm

SwiftExplicitDependencyGeneratePcm arm64 /Users/long/github_space/good_ideas/pdf-file-workbench/.native-build/DeviceQA/SDKExplicitPrecompiledModules/ImageIO-ABVU5S54AL4WBNZOJPX3DQC5J.pcm

SwiftExplicitDependencyGeneratePcm arm64 /Users/long/github_space/good_ideas/pdf-file-workbench/.native-build/DeviceQA/SDKExplicitPrecompiledModules/AudioToolbox-1SAWQLFPWELWSXK863HNFZGLA.pcm

SwiftExplicitDependencyGeneratePcm arm64 /Users/long/github_space/good_ideas/pdf-file-workbench/.native-build/DeviceQA/SDKExplicitPrecompiledModules/CoreText-3H3243600PRBDTY9WUYZUQKB7.pcm

SwiftExplicitDependencyGeneratePcm arm64 /Users/long/github_space/good_ideas/pdf-file-workbench/.native-build/DeviceQA/SDKExplicitPrecompiledModules/AVRouting-9ZLEO21TE056R95NWSXKFJM14.pcm

SwiftExplicitDependencyGeneratePcm arm64 /Users/long/github_space/good_ideas/pdf-file-workbench/.native-build/DeviceQA/SDKExplicitPrecompiledModules/OSLog-EC2UQ89AGA9BCDE7YP6LZ9GGQ.pcm

SwiftExplicitDependencyGeneratePcm arm64 /Users/long/github_space/good_ideas/pdf-file-workbench/.native-build/DeviceQA/SDKExplicitPrecompiledModules/CoreMotion-EYMPLC90DHTF44VWT7BTSJ9LV.pcm

SwiftExplicitDependencyGeneratePcm arm64 /Users/long/github_space/good_ideas/pdf-file-workbench/.native-build/DeviceQA/SDKExplicitPrecompiledModules/simd-7U4DAEKIPUQOP979ID7UG0L0J.pcm

SwiftExplicitDependencyGeneratePcm arm64 /Users/long/github_space/good_ideas/pdf-file-workbench/.native-build/DeviceQA/SDKExplicitPrecompiledModules/CoreVideo-26KMOU1WW80GIQIQTH5ICC4Y.pcm

SwiftCompile normal arm64 Compiling\ ShareViewController.swift /Users/long/github_space/good_ideas/pdf-file-workbench/PaperFlow/PaperFlowShare/ShareViewController.swift (in target 'PaperFlowShare' from project 'PaperFlow')

SwiftCompile normal arm64 /Users/long/github_space/good_ideas/pdf-file-workbench/PaperFlow/PaperFlowShare/ShareViewController.swift (in target 'PaperFlowShare' from project 'PaperFlow')
    cd /Users/long/github_space/good_ideas/pdf-file-workbench/PaperFlow
    builtin-SwiftPerFileCompile ShareViewController.swift

SwiftEmitModule normal arm64 Emitting\ module\ for\ PaperFlowShare (in target 'PaperFlowShare' from project 'PaperFlow')

SwiftCompile normal arm64 (in target 'PaperFlowShare' from project 'PaperFlow')
    cd /Users/long/github_space/good_ideas/pdf-file-workbench/PaperFlow
    

SwiftExplicitDependencyGeneratePcm arm64 /Users/long/github_space/good_ideas/pdf-file-workbench/.native-build/DeviceQA/SDKExplicitPrecompiledModules/CoreML-CM1ZJTM1MA6XBRCC7ZWQGU8E7.pcm

SwiftExplicitDependencyGeneratePcm arm64 /Users/long/github_space/good_ideas/pdf-file-workbench/.native-build/DeviceQA/SDKExplicitPrecompiledModules/CoreMedia-CKDBA2VRZNOP7H3FYP4XO0E9M.pcm

SwiftExplicitDependencyGeneratePcm arm64 /Users/long/github_space/good_ideas/pdf-file-workbench/.native-build/DeviceQA/SDKExplicitPrecompiledModules/QuartzCore-65D3N8QZ97IIKQC6N867G5SMA.pcm

SwiftExplicitDependencyGeneratePcm arm64 /Users/long/github_space/good_ideas/pdf-file-workbench/.native-build/DeviceQA/SDKExplicitPrecompiledModules/Accelerate-DPYQLDUYQ3268D2MR5FQQQFAW.pcm

SwiftExplicitDependencyGeneratePcm arm64 /Users/long/github_space/good_ideas/pdf-file-workbench/.native-build/DeviceQA/SDKExplicitPrecompiledModules/CoreImage-BYOHDR67XVCUCZ4NZ78XUZDVI.pcm

SwiftExplicitDependencyGeneratePcm arm64 /Users/long/github_space/good_ideas/pdf-file-workbench/.native-build/DeviceQA/SDKExplicitPrecompiledModules/SwiftUICore-9HFNNLHBNIKYZ2F8NV91J6U13.pcm

SwiftDriverJobDiscovery normal arm64 Emitting module for PaperFlowShare (in target 'PaperFlowShare' from project 'PaperFlow')

SwiftDriver\ Compilation\ Requirements PaperFlowShare normal arm64 com.apple.xcode.tools.swift.compiler (in target 'PaperFlowShare' from project 'PaperFlow')
    cd /Users/long/github_space/good_ideas/pdf-file-workbench/PaperFlow
    builtin-Swift-Compilation-Requirements -- /Applications/Xcode.app/Contents/Developer/Toolchains/XcodeDefault.xctoolchain/usr/bin/swiftc -module-name PaperFlowShare -Onone @/Users/long/github_space/good_ideas/pdf-file-workbench/.native-build/DeviceQA/Build/Intermediates.noindex/PaperFlow.build/Debug-iphoneos/PaperFlowShare.build/Objects-normal/arm64/PaperFlowShare.SwiftFileList -DDEBUG -enable-experimental-feature DebugDescriptionMacro -sdk /Applications/Xcode.app/Contents/Developer/Platforms/iPhoneOS.platform/Developer/SDKs/iPhoneOS27.0.sdk -target arm64-apple-ios18.0 -g -module-cache-path /Users/long/github_space/good_ideas/pdf-file-workbench/.native-build/DeviceQA/ModuleCache.noindex -Xfrontend -serialize-debugging-options -application-extension -enable-testing -index-store-path /Users/long/github_space/good_ideas/pdf-file-workbench/.native-build/DeviceQA/Index.noindex/DataStore -Xcc -D_LIBCPP_HARDENING_MODE\=_LIBCPP_HARDENING_MODE_DEBUG -swift-version 6 -I /Users/long/github_space/good_ideas/pdf-file-workbench/.native-build/DeviceQA/Build/Products/Debug-iphoneos -F /Users/long/github_space/good_ideas/pdf-file-workbench/.native-build/DeviceQA/Build/Products/Debug-iphoneos -parse-as-library -c -j15 -enable-batch-mode -incremental -Xcc -ivfsstatcache -Xcc /Users/long/github_space/good_ideas/pdf-file-workbench/.native-build/DeviceQA/SDKStatCaches.noindex/iphoneos27.0-24A430-6c78b3cbc238196c85e1bf6c792c5915.sdkstatcache -output-file-map /Users/long/github_space/good_ideas/pdf-file-workbench/.native-build/DeviceQA/Build/Intermediates.noindex/PaperFlow.build/Debug-iphoneos/PaperFlowShare.build/Objects-normal/arm64/PaperFlowShare-OutputFileMap.json -save-temps -no-color-diagnostics -explicit-module-build -module-cache-path /Users/long/github_space/good_ideas/pdf-file-workbench/.native-build/DeviceQA/Build/Intermediates.noindex/SwiftExplicitPrecompiledModules -clang-scanner-module-cache-path /Users/long/github_space/good_ideas/pdf-file-workbench/.native-build/DeviceQA/ModuleCache.noindex -sdk-module-cache-path /Users/long/github_space/good_ideas/pdf-file-workbench/.native-build/DeviceQA/SDKExplicitPrecompiledModules -emit-dependencies -emit-module -emit-module-path /Users/long/github_space/good_ideas/pdf-file-workbench/.native-build/DeviceQA/Build/Intermediates.noindex/PaperFlow.build/Debug-iphoneos/PaperFlowShare.build/Objects-normal/arm64/PaperFlowShare.swiftmodule -serialize-diagnostics -dependency-scan-serialize-diagnostics-path /Users/long/github_space/good_ideas/pdf-file-workbench/.native-build/DeviceQA/Build/Intermediates.noindex/PaperFlow.build/Debug-iphoneos/PaperFlowShare.build/Objects-normal/arm64/PaperFlowShare-dependency-scan.dia -validate-clang-modules-once -clang-build-session-file /Users/long/github_space/good_ideas/pdf-file-workbench/.native-build/DeviceQA/ModuleCache.noindex/Session.modulevalidation -Xcc -fmodules-prune-interval\=86400 -Xcc -fmodules-prune-after\=345600 -emit-const-values -const-gather-protocols-list /Users/long/github_space/good_ideas/pdf-file-workbench/.native-build/DeviceQA/Build/Intermediates.noindex/PaperFlow.build/Debug-iphoneos/PaperFlowShare.build/Objects-normal/arm64/PaperFlowShare_const_extract_protocols.json -Xcc -iquote -Xcc /Users/long/github_space/good_ideas/pdf-file-workbench/.native-build/DeviceQA/Build/Intermediates.noindex/PaperFlow.build/Debug-iphoneos/PaperFlowShare.build/PaperFlowShare-generated-files.hmap -Xcc -I/Users/long/github_space/good_ideas/pdf-file-workbench/.native-build/DeviceQA/Build/Intermediates.noindex/PaperFlow.build/Debug-iphoneos/PaperFlowShare.build/PaperFlowShare-own-target-headers.hmap -Xcc -I/Users/long/github_space/good_ideas/pdf-file-workbench/.native-build/DeviceQA/Build/Intermediates.noindex/PaperFlow.build/Debug-iphoneos/PaperFlowShare.build/PaperFlowShare-all-non-framework-target-headers.hmap -Xcc -ivfsoverlay -Xcc /Users/long/github_space/good_ideas/pdf-file-workbench/.native-build/DeviceQA/Build/Intermediates.noindex/PaperFlow.build/Debug-iphoneos/PaperFlow-d6f1c4fb6a7914d8f9b156270d074f68-VFS-iphoneos/all-product-headers.yaml -Xcc -iquote -Xcc /Users/long/github_space/good_ideas/pdf-file-workbench/.native-build/DeviceQA/Build/Intermediates.noindex/PaperFlow.build/Debug-iphoneos/PaperFlowShare.build/PaperFlowShare-project-headers.hmap -Xcc -I/Users/long/github_space/good_ideas/pdf-file-workbench/.native-build/DeviceQA/Build/Products/Debug-iphoneos/include -Xcc -I/Users/long/github_space/good_ideas/pdf-file-workbench/.native-build/DeviceQA/Build/Intermediates.noindex/PaperFlow.build/Debug-iphoneos/PaperFlowShare.build/DerivedSources-normal/arm64 -Xcc -I/Users/long/github_space/good_ideas/pdf-file-workbench/.native-build/DeviceQA/Build/Intermediates.noindex/PaperFlow.build/Debug-iphoneos/PaperFlowShare.build/DerivedSources/arm64 -Xcc -I/Users/long/github_space/good_ideas/pdf-file-workbench/.native-build/DeviceQA/Build/Intermediates.noindex/PaperFlow.build/Debug-iphoneos/PaperFlowShare.build/DerivedSources -Xcc -DDEBUG\=1 -emit-objc-header -emit-objc-header-path /Users/long/github_space/good_ideas/pdf-file-workbench/.native-build/DeviceQA/Build/Intermediates.noindex/PaperFlow.build/Debug-iphoneos/PaperFlowShare.build/Objects-normal/arm64/PaperFlowShare-Swift.h -working-directory /Users/long/github_space/good_ideas/pdf-file-workbench/PaperFlow -experimental-emit-module-separately -disable-cmo

SwiftMergeGeneratedHeaders /Users/long/github_space/good_ideas/pdf-file-workbench/.native-build/DeviceQA/Build/Intermediates.noindex/PaperFlow.build/Debug-iphoneos/PaperFlowShare.build/DerivedSources/PaperFlowShare-Swift.h /Users/long/github_space/good_ideas/pdf-file-workbench/.native-build/DeviceQA/Build/Intermediates.noindex/PaperFlow.build/Debug-iphoneos/PaperFlowShare.build/Objects-normal/arm64/PaperFlowShare-Swift.h (in target 'PaperFlowShare' from project 'PaperFlow')
    cd /Users/long/github_space/good_ideas/pdf-file-workbench/PaperFlow
    builtin-swiftHeaderTool -arch arm64 /Users/long/github_space/good_ideas/pdf-file-workbench/.native-build/DeviceQA/Build/Intermediates.noindex/PaperFlow.build/Debug-iphoneos/PaperFlowShare.build/Objects-normal/arm64/PaperFlowShare-Swift.h -o /Users/long/github_space/good_ideas/pdf-file-workbench/.native-build/DeviceQA/Build/Intermediates.noindex/PaperFlow.build/Debug-iphoneos/PaperFlowShare.build/DerivedSources/PaperFlowShare-Swift.h

Copy /Users/long/github_space/good_ideas/pdf-file-workbench/.native-build/DeviceQA/Build/Products/Debug-iphoneos/PaperFlowShare.swiftmodule/arm64-apple-ios.swiftmodule /Users/long/github_space/good_ideas/pdf-file-workbench/.native-build/DeviceQA/Build/Intermediates.noindex/PaperFlow.build/Debug-iphoneos/PaperFlowShare.build/Objects-normal/arm64/PaperFlowShare.swiftmodule (in target 'PaperFlowShare' from project 'PaperFlow')
    cd /Users/long/github_space/good_ideas/pdf-file-workbench/PaperFlow
    builtin-copy -exclude .DS_Store -exclude CVS -exclude .svn -exclude .git -exclude .hg -resolve-src-symlinks -rename /Users/long/github_space/good_ideas/pdf-file-workbench/.native-build/DeviceQA/Build/Intermediates.noindex/PaperFlow.build/Debug-iphoneos/PaperFlowShare.build/Objects-normal/arm64/PaperFlowShare.swiftmodule /Users/long/github_space/good_ideas/pdf-file-workbench/.native-build/DeviceQA/Build/Products/Debug-iphoneos/PaperFlowShare.swiftmodule/arm64-apple-ios.swiftmodule

Copy /Users/long/github_space/good_ideas/pdf-file-workbench/.native-build/DeviceQA/Build/Products/Debug-iphoneos/PaperFlowShare.swiftmodule/arm64-apple-ios.swiftdoc /Users/long/github_space/good_ideas/pdf-file-workbench/.native-build/DeviceQA/Build/Intermediates.noindex/PaperFlow.build/Debug-iphoneos/PaperFlowShare.build/Objects-normal/arm64/PaperFlowShare.swiftdoc (in target 'PaperFlowShare' from project 'PaperFlow')
    cd /Users/long/github_space/good_ideas/pdf-file-workbench/PaperFlow
    builtin-copy -exclude .DS_Store -exclude CVS -exclude .svn -exclude .git -exclude .hg -resolve-src-symlinks -rename /Users/long/github_space/good_ideas/pdf-file-workbench/.native-build/DeviceQA/Build/Intermediates.noindex/PaperFlow.build/Debug-iphoneos/PaperFlowShare.build/Objects-normal/arm64/PaperFlowShare.swiftdoc /Users/long/github_space/good_ideas/pdf-file-workbench/.native-build/DeviceQA/Build/Products/Debug-iphoneos/PaperFlowShare.swiftmodule/arm64-apple-ios.swiftdoc

Copy /Users/long/github_space/good_ideas/pdf-file-workbench/.native-build/DeviceQA/Build/Products/Debug-iphoneos/PaperFlowShare.swiftmodule/arm64-apple-ios.abi.json /Users/long/github_space/good_ideas/pdf-file-workbench/.native-build/DeviceQA/Build/Intermediates.noindex/PaperFlow.build/Debug-iphoneos/PaperFlowShare.build/Objects-normal/arm64/PaperFlowShare.abi.json (in target 'PaperFlowShare' from project 'PaperFlow')
    cd /Users/long/github_space/good_ideas/pdf-file-workbench/PaperFlow
    builtin-copy -exclude .DS_Store -exclude CVS -exclude .svn -exclude .git -exclude .hg -resolve-src-symlinks -rename /Users/long/github_space/good_ideas/pdf-file-workbench/.native-build/DeviceQA/Build/Intermediates.noindex/PaperFlow.build/Debug-iphoneos/PaperFlowShare.build/Objects-normal/arm64/PaperFlowShare.abi.json /Users/long/github_space/good_ideas/pdf-file-workbench/.native-build/DeviceQA/Build/Products/Debug-iphoneos/PaperFlowShare.swiftmodule/arm64-apple-ios.abi.json

Copy /Users/long/github_space/good_ideas/pdf-file-workbench/.native-build/DeviceQA/Build/Products/Debug-iphoneos/PaperFlowShare.swiftmodule/Project/arm64-apple-ios.swiftsourceinfo /Users/long/github_space/good_ideas/pdf-file-workbench/.native-build/DeviceQA/Build/Intermediates.noindex/PaperFlow.build/Debug-iphoneos/PaperFlowShare.build/Objects-normal/arm64/PaperFlowShare.swiftsourceinfo (in target 'PaperFlowShare' from project 'PaperFlow')
    cd /Users/long/github_space/good_ideas/pdf-file-workbench/PaperFlow
    builtin-copy -exclude .DS_Store -exclude CVS -exclude .svn -exclude .git -exclude .hg -resolve-src-symlinks -rename /Users/long/github_space/good_ideas/pdf-file-workbench/.native-build/DeviceQA/Build/Intermediates.noindex/PaperFlow.build/Debug-iphoneos/PaperFlowShare.build/Objects-normal/arm64/PaperFlowShare.swiftsourceinfo /Users/long/github_space/good_ideas/pdf-file-workbench/.native-build/DeviceQA/Build/Products/Debug-iphoneos/PaperFlowShare.swiftmodule/Project/arm64-apple-ios.swiftsourceinfo

SwiftExplicitDependencyGeneratePcm arm64 /Users/long/github_space/good_ideas/pdf-file-workbench/.native-build/DeviceQA/SDKExplicitPrecompiledModules/AVFAudio-1GZQF9U47G9VKM5YBRPJ5355C.pcm

SwiftExplicitDependencyGeneratePcm arm64 /Users/long/github_space/good_ideas/pdf-file-workbench/.native-build/DeviceQA/SDKExplicitPrecompiledModules/VideoToolbox-3ZNTXC1G06CJZ4JFV2JJVT3S5.pcm

SwiftExplicitDependencyGeneratePcm arm64 /Users/long/github_space/good_ideas/pdf-file-workbench/.native-build/DeviceQA/SDKExplicitPrecompiledModules/MediaToolbox-7CR015HE7KOK166VKID9OJVXJ.pcm

SwiftExplicitDependencyGeneratePcm arm64 /Users/long/github_space/good_ideas/pdf-file-workbench/.native-build/DeviceQA/SDKExplicitPrecompiledModules/UIKit-1XBHP777SMBVUWV54536YWZJZ.pcm

SwiftExplicitDependencyGeneratePcm arm64 /Users/long/github_space/good_ideas/pdf-file-workbench/.native-build/DeviceQA/SDKExplicitPrecompiledModules/Spatial-C4FSMWBMG7NJ9NVCYH6DDX5LW.pcm

SwiftExplicitDependencyGeneratePcm arm64 /Users/long/github_space/good_ideas/pdf-file-workbench/.native-build/DeviceQA/SDKExplicitPrecompiledModules/Vision-DH7KSV7J9YENC1PDH14EBG288.pcm

SwiftExplicitDependencyGeneratePcm arm64 /Users/long/github_space/good_ideas/pdf-file-workbench/.native-build/DeviceQA/SDKExplicitPrecompiledModules/AVFoundation-13VR6CUQ7U9S4D7SF4H9R899J.pcm

SwiftDriverJobDiscovery normal arm64 Compiling QuotaLedger.swift (in target 'PaperFlowPersistence' from project 'PaperFlowKit')

SwiftDriverJobDiscovery normal arm64 Compiling LocalRepository.swift (in target 'PaperFlowPersistence' from project 'PaperFlowKit')

SwiftExplicitDependencyGeneratePcm arm64 /Users/long/github_space/good_ideas/pdf-file-workbench/.native-build/DeviceQA/SDKExplicitPrecompiledModules/PDFKit-CIPN2KDUUKCFBX3IRBLBHWZV.pcm

SwiftDriverJobDiscovery normal arm64 Compiling LocalFiles.swift (in target 'PaperFlowPersistence' from project 'PaperFlowKit')

SwiftDriver\ Compilation PaperFlowPersistence normal arm64 com.apple.xcode.tools.swift.compiler (in target 'PaperFlowPersistence' from project 'PaperFlowKit')
    cd /Users/long/github_space/good_ideas/pdf-file-workbench/PaperFlow/PaperFlow.xcodeproj
    builtin-Swift-Compilation -- /Applications/Xcode.app/Contents/Developer/Toolchains/XcodeDefault.xctoolchain/usr/bin/swiftc -parse-as-library -module-name PaperFlowPersistence -Onone @/Users/long/github_space/good_ideas/pdf-file-workbench/.native-build/DeviceQA/Build/Intermediates.noindex/PaperFlowKit.build/Debug-iphoneos/PaperFlowPersistence-t.build/Objects-normal/arm64/PaperFlowPersistence.SwiftFileList -DSWIFT_PACKAGE -DDEBUG -DSWIFT_MODULE_RESOURCE_BUNDLE_UNAVAILABLE -DXcode -plugin-path /Applications/Xcode.app/Contents/Developer/Toolchains/XcodeDefault.xctoolchain/usr/lib/swift/host/plugins/testing -enable-experimental-feature DebugDescriptionMacro -sdk /Applications/Xcode.app/Contents/Developer/Platforms/iPhoneOS.platform/Developer/SDKs/iPhoneOS27.0.sdk -target arm64-apple-ios18.0 -g -module-cache-path /Users/long/github_space/good_ideas/pdf-file-workbench/.native-build/DeviceQA/ModuleCache.noindex -Xfrontend -serialize-debugging-options -enable-testing -index-store-path /Users/long/github_space/good_ideas/pdf-file-workbench/.native-build/DeviceQA/Index.noindex/DataStore -Xcc -D_LIBCPP_HARDENING_MODE\=_LIBCPP_HARDENING_MODE_DEBUG -swift-version 6 -I /Users/long/github_space/good_ideas/pdf-file-workbench/.native-build/DeviceQA/Build/Products/Debug-iphoneos -Isystem /Applications/Xcode.app/Contents/Developer/Platforms/iPhoneOS.platform/Developer/usr/lib -F /Users/long/github_space/good_ideas/pdf-file-workbench/.native-build/DeviceQA/Build/Products/Debug-iphoneos/PackageFrameworks -F /Users/long/github_space/good_ideas/pdf-file-workbench/.native-build/DeviceQA/Build/Products/Debug-iphoneos -F /Applications/Xcode.app/Contents/Developer/Platforms/iPhoneOS.platform/Developer/Library/Frameworks -F /Applications/Xcode.app/Contents/Developer/Platforms/iPhoneOS.platform/Developer/SDKs/iPhoneOS27.0.sdk/Developer/Library/Frameworks -c -j15 -enable-batch-mode -incremental -Xcc -ivfsstatcache -Xcc /Users/long/github_space/good_ideas/pdf-file-workbench/.native-build/DeviceQA/SDKStatCaches.noindex/iphoneos27.0-24A430-6c78b3cbc238196c85e1bf6c792c5915.sdkstatcache -output-file-map /Users/long/github_space/good_ideas/pdf-file-workbench/.native-build/DeviceQA/Build/Intermediates.noindex/PaperFlowKit.build/Debug-iphoneos/PaperFlowPersistence-t.build/Objects-normal/arm64/PaperFlowPersistence-OutputFileMap.json -save-temps -no-color-diagnostics -explicit-module-build -module-cache-path /Users/long/github_space/good_ideas/pdf-file-workbench/.native-build/DeviceQA/Build/Intermediates.noindex/SwiftExplicitPrecompiledModules -clang-scanner-module-cache-path /Users/long/github_space/good_ideas/pdf-file-workbench/.native-build/DeviceQA/ModuleCache.noindex -sdk-module-cache-path /Users/long/github_space/good_ideas/pdf-file-workbench/.native-build/DeviceQA/SDKExplicitPrecompiledModules -emit-dependencies -emit-module -emit-module-path /Users/long/github_space/good_ideas/pdf-file-workbench/.native-build/DeviceQA/Build/Intermediates.noindex/PaperFlowKit.build/Debug-iphoneos/PaperFlowPersistence-t.build/Objects-normal/arm64/PaperFlowPersistence.swiftmodule -serialize-diagnostics -dependency-scan-serialize-diagnostics-path /Users/long/github_space/good_ideas/pdf-file-workbench/.native-build/DeviceQA/Build/Intermediates.noindex/PaperFlowKit.build/Debug-iphoneos/PaperFlowPersistence-t.build/Objects-normal/arm64/PaperFlowPersistence-dependency-scan.dia -validate-clang-modules-once -clang-build-session-file /Users/long/github_space/good_ideas/pdf-file-workbench/.native-build/DeviceQA/ModuleCache.noindex/Session.modulevalidation -Xcc -fmodules-prune-interval\=86400 -Xcc -fmodules-prune-after\=345600 -package-name paperflowkit -emit-const-values -const-gather-protocols-list /Users/long/github_space/good_ideas/pdf-file-workbench/.native-build/DeviceQA/Build/Intermediates.noindex/PaperFlowKit.build/Debug-iphoneos/PaperFlowPersistence-t.build/Objects-normal/arm64/PaperFlowPersistence_const_extract_protocols.json -Xcc -I/Users/long/github_space/good_ideas/pdf-file-workbench/.native-build/DeviceQA/Build/Products/Debug-iphoneos/include -Xcc -I/Users/long/github_space/good_ideas/pdf-file-workbench/.native-build/DeviceQA/Build/Intermediates.noindex/PaperFlowKit.build/Debug-iphoneos/PaperFlowPersistence-t.build/DerivedSources-normal/arm64 -Xcc -I/Users/long/github_space/good_ideas/pdf-file-workbench/.native-build/DeviceQA/Build/Intermediates.noindex/PaperFlowKit.build/Debug-iphoneos/PaperFlowPersistence-t.build/DerivedSources/arm64 -Xcc -I/Users/long/github_space/good_ideas/pdf-file-workbench/.native-build/DeviceQA/Build/Intermediates.noindex/PaperFlowKit.build/Debug-iphoneos/PaperFlowPersistence-t.build/DerivedSources -Xcc -DSWIFT_PACKAGE -Xcc -DDEBUG\=1 -emit-objc-header -emit-objc-header-path /Users/long/github_space/good_ideas/pdf-file-workbench/.native-build/DeviceQA/Build/Intermediates.noindex/PaperFlowKit.build/Debug-iphoneos/PaperFlowPersistence-t.build/Objects-normal/arm64/PaperFlowPersistence-Swift.h -working-directory /Users/long/github_space/good_ideas/pdf-file-workbench/PaperFlow/PaperFlow.xcodeproj -experimental-emit-module-separately -disable-cmo

SwiftEmitModule normal arm64 Emitting\ module\ for\ PaperFlowProcessing (in target 'PaperFlowProcessing' from project 'PaperFlowKit')

SwiftCompile normal arm64 (in target 'PaperFlowProcessing' from project 'PaperFlowKit')
    cd /Users/long/github_space/good_ideas/pdf-file-workbench/PaperFlow/PaperFlow.xcodeproj
    

SwiftCompile normal arm64 Compiling\ ProcessingEngine.swift /Users/long/github_space/good_ideas/pdf-file-workbench/PaperFlow/Packages/PaperFlowKit/Sources/PaperFlowProcessing/ProcessingEngine.swift (in target 'PaperFlowProcessing' from project 'PaperFlowKit')

SwiftCompile normal arm64 /Users/long/github_space/good_ideas/pdf-file-workbench/PaperFlow/Packages/PaperFlowKit/Sources/PaperFlowProcessing/ProcessingEngine.swift (in target 'PaperFlowProcessing' from project 'PaperFlowKit')
    cd /Users/long/github_space/good_ideas/pdf-file-workbench/PaperFlow/PaperFlow.xcodeproj
    builtin-SwiftPerFileCompile ProcessingEngine.swift

SwiftCompile normal arm64 Compiling\ ImageTools.swift /Users/long/github_space/good_ideas/pdf-file-workbench/PaperFlow/Packages/PaperFlowKit/Sources/PaperFlowProcessing/ImageTools.swift (in target 'PaperFlowProcessing' from project 'PaperFlowKit')

SwiftCompile normal arm64 /Users/long/github_space/good_ideas/pdf-file-workbench/PaperFlow/Packages/PaperFlowKit/Sources/PaperFlowProcessing/ImageTools.swift (in target 'PaperFlowProcessing' from project 'PaperFlowKit')
    cd /Users/long/github_space/good_ideas/pdf-file-workbench/PaperFlow/PaperFlow.xcodeproj
    builtin-SwiftPerFileCompile ImageTools.swift

SwiftCompile normal arm64 Compiling\ PDFDrawing.swift /Users/long/github_space/good_ideas/pdf-file-workbench/PaperFlow/Packages/PaperFlowKit/Sources/PaperFlowProcessing/PDFDrawing.swift (in target 'PaperFlowProcessing' from project 'PaperFlowKit')

SwiftCompile normal arm64 /Users/long/github_space/good_ideas/pdf-file-workbench/PaperFlow/Packages/PaperFlowKit/Sources/PaperFlowProcessing/PDFDrawing.swift (in target 'PaperFlowProcessing' from project 'PaperFlowKit')
    cd /Users/long/github_space/good_ideas/pdf-file-workbench/PaperFlow/PaperFlow.xcodeproj
    builtin-SwiftPerFileCompile PDFDrawing.swift

SwiftDriverJobDiscovery normal arm64 Emitting module for PaperFlowProcessing (in target 'PaperFlowProcessing' from project 'PaperFlowKit')

SwiftDriver\ Compilation\ Requirements PaperFlowProcessing normal arm64 com.apple.xcode.tools.swift.compiler (in target 'PaperFlowProcessing' from project 'PaperFlowKit')
    cd /Users/long/github_space/good_ideas/pdf-file-workbench/PaperFlow/PaperFlow.xcodeproj
    builtin-Swift-Compilation-Requirements -- /Applications/Xcode.app/Contents/Developer/Toolchains/XcodeDefault.xctoolchain/usr/bin/swiftc -parse-as-library -module-name PaperFlowProcessing -Onone @/Users/long/github_space/good_ideas/pdf-file-workbench/.native-build/DeviceQA/Build/Intermediates.noindex/PaperFlowKit.build/Debug-iphoneos/PaperFlowProcessing-t.build/Objects-normal/arm64/PaperFlowProcessing.SwiftFileList -DSWIFT_PACKAGE -DDEBUG -DSWIFT_MODULE_RESOURCE_BUNDLE_UNAVAILABLE -Xcc -fmodule-map-file\=/Users/long/github_space/good_ideas/pdf-file-workbench/.native-build/DeviceQA/Build/Intermediates.noindex/GeneratedModuleMaps-iphoneos/CQPDF.modulemap -DXcode -plugin-path /Applications/Xcode.app/Contents/Developer/Toolchains/XcodeDefault.xctoolchain/usr/lib/swift/host/plugins/testing -enable-experimental-feature DebugDescriptionMacro -sdk /Applications/Xcode.app/Contents/Developer/Platforms/iPhoneOS.platform/Developer/SDKs/iPhoneOS27.0.sdk -target arm64-apple-ios18.0 -g -module-cache-path /Users/long/github_space/good_ideas/pdf-file-workbench/.native-build/DeviceQA/ModuleCache.noindex -Xfrontend -serialize-debugging-options -enable-testing -index-store-path /Users/long/github_space/good_ideas/pdf-file-workbench/.native-build/DeviceQA/Index.noindex/DataStore -Xcc -D_LIBCPP_HARDENING_MODE\=_LIBCPP_HARDENING_MODE_DEBUG -swift-version 6 -I /Users/long/github_space/good_ideas/pdf-file-workbench/.native-build/DeviceQA/Build/Products/Debug-iphoneos -Isystem /Applications/Xcode.app/Contents/Developer/Platforms/iPhoneOS.platform/Developer/usr/lib -F /Users/long/github_space/good_ideas/pdf-file-workbench/.native-build/DeviceQA/Build/Products/Debug-iphoneos/PackageFrameworks -F /Users/long/github_space/good_ideas/pdf-file-workbench/.native-build/DeviceQA/Build/Products/Debug-iphoneos -F /Applications/Xcode.app/Contents/Developer/Platforms/iPhoneOS.platform/Developer/Library/Frameworks -F /Applications/Xcode.app/Contents/Developer/Platforms/iPhoneOS.platform/Developer/SDKs/iPhoneOS27.0.sdk/Developer/Library/Frameworks -c -j15 -enable-batch-mode -incremental -Xcc -ivfsstatcache -Xcc /Users/long/github_space/good_ideas/pdf-file-workbench/.native-build/DeviceQA/SDKStatCaches.noindex/iphoneos27.0-24A430-6c78b3cbc238196c85e1bf6c792c5915.sdkstatcache -output-file-map /Users/long/github_space/good_ideas/pdf-file-workbench/.native-build/DeviceQA/Build/Intermediates.noindex/PaperFlowKit.build/Debug-iphoneos/PaperFlowProcessing-t.build/Objects-normal/arm64/PaperFlowProcessing-OutputFileMap.json -save-temps -no-color-diagnostics -explicit-module-build -module-cache-path /Users/long/github_space/good_ideas/pdf-file-workbench/.native-build/DeviceQA/Build/Intermediates.noindex/SwiftExplicitPrecompiledModules -clang-scanner-module-cache-path /Users/long/github_space/good_ideas/pdf-file-workbench/.native-build/DeviceQA/ModuleCache.noindex -sdk-module-cache-path /Users/long/github_space/good_ideas/pdf-file-workbench/.native-build/DeviceQA/SDKExplicitPrecompiledModules -emit-dependencies -emit-module -emit-module-path /Users/long/github_space/good_ideas/pdf-file-workbench/.native-build/DeviceQA/Build/Intermediates.noindex/PaperFlowKit.build/Debug-iphoneos/PaperFlowProcessing-t.build/Objects-normal/arm64/PaperFlowProcessing.swiftmodule -serialize-diagnostics -dependency-scan-serialize-diagnostics-path /Users/long/github_space/good_ideas/pdf-file-workbench/.native-build/DeviceQA/Build/Intermediates.noindex/PaperFlowKit.build/Debug-iphoneos/PaperFlowProcessing-t.build/Objects-normal/arm64/PaperFlowProcessing-dependency-scan.dia -validate-clang-modules-once -clang-build-session-file /Users/long/github_space/good_ideas/pdf-file-workbench/.native-build/DeviceQA/ModuleCache.noindex/Session.modulevalidation -Xcc -fmodules-prune-interval\=86400 -Xcc -fmodules-prune-after\=345600 -package-name paperflowkit -emit-const-values -const-gather-protocols-list /Users/long/github_space/good_ideas/pdf-file-workbench/.native-build/DeviceQA/Build/Intermediates.noindex/PaperFlowKit.build/Debug-iphoneos/PaperFlowProcessing-t.build/Objects-normal/arm64/PaperFlowProcessing_const_extract_protocols.json -Xcc -I/Users/long/github_space/good_ideas/pdf-file-workbench/PaperFlow/Packages/PaperFlowKit/Sources/CQPDF/include -Xcc -I/Users/long/github_space/good_ideas/pdf-file-workbench/.native-build/DeviceQA/Build/Products/Debug-iphoneos/include -Xcc -I/Users/long/github_space/good_ideas/pdf-file-workbench/.native-build/DeviceQA/Build/Intermediates.noindex/PaperFlowKit.build/Debug-iphoneos/PaperFlowProcessing-t.build/DerivedSources-normal/arm64 -Xcc -I/Users/long/github_space/good_ideas/pdf-file-workbench/.native-build/DeviceQA/Build/Intermediates.noindex/PaperFlowKit.build/Debug-iphoneos/PaperFlowProcessing-t.build/DerivedSources/arm64 -Xcc -I/Users/long/github_space/good_ideas/pdf-file-workbench/.native-build/DeviceQA/Build/Intermediates.noindex/PaperFlowKit.build/Debug-iphoneos/PaperFlowProcessing-t.build/DerivedSources -Xcc -DSWIFT_PACKAGE -Xcc -DDEBUG\=1 -emit-objc-header -emit-objc-header-path /Users/long/github_space/good_ideas/pdf-file-workbench/.native-build/DeviceQA/Build/Intermediates.noindex/PaperFlowKit.build/Debug-iphoneos/PaperFlowProcessing-t.build/Objects-normal/arm64/PaperFlowProcessing-Swift.h -working-directory /Users/long/github_space/good_ideas/pdf-file-workbench/PaperFlow/PaperFlow.xcodeproj -experimental-emit-module-separately -disable-cmo

SwiftMergeGeneratedHeaders /Users/long/github_space/good_ideas/pdf-file-workbench/.native-build/DeviceQA/Build/Intermediates.noindex/GeneratedModuleMaps-iphoneos/PaperFlowProcessing-Swift.h /Users/long/github_space/good_ideas/pdf-file-workbench/.native-build/DeviceQA/Build/Intermediates.noindex/PaperFlowKit.build/Debug-iphoneos/PaperFlowProcessing-t.build/Objects-normal/arm64/PaperFlowProcessing-Swift.h (in target 'PaperFlowProcessing' from project 'PaperFlowKit')
    cd /Users/long/github_space/good_ideas/pdf-file-workbench/PaperFlow/Packages/PaperFlowKit
    builtin-swiftHeaderTool -arch arm64 /Users/long/github_space/good_ideas/pdf-file-workbench/.native-build/DeviceQA/Build/Intermediates.noindex/PaperFlowKit.build/Debug-iphoneos/PaperFlowProcessing-t.build/Objects-normal/arm64/PaperFlowProcessing-Swift.h -o /Users/long/github_space/good_ideas/pdf-file-workbench/.native-build/DeviceQA/Build/Intermediates.noindex/GeneratedModuleMaps-iphoneos/PaperFlowProcessing-Swift.h

Copy /Users/long/github_space/good_ideas/pdf-file-workbench/.native-build/DeviceQA/Build/Products/Debug-iphoneos/PaperFlowProcessing.swiftmodule/arm64-apple-ios.swiftmodule /Users/long/github_space/good_ideas/pdf-file-workbench/.native-build/DeviceQA/Build/Intermediates.noindex/PaperFlowKit.build/Debug-iphoneos/PaperFlowProcessing-t.build/Objects-normal/arm64/PaperFlowProcessing.swiftmodule (in target 'PaperFlowProcessing' from project 'PaperFlowKit')
    cd /Users/long/github_space/good_ideas/pdf-file-workbench/PaperFlow/Packages/PaperFlowKit
    builtin-copy -exclude .DS_Store -exclude CVS -exclude .svn -exclude .git -exclude .hg -resolve-src-symlinks -rename /Users/long/github_space/good_ideas/pdf-file-workbench/.native-build/DeviceQA/Build/Intermediates.noindex/PaperFlowKit.build/Debug-iphoneos/PaperFlowProcessing-t.build/Objects-normal/arm64/PaperFlowProcessing.swiftmodule /Users/long/github_space/good_ideas/pdf-file-workbench/.native-build/DeviceQA/Build/Products/Debug-iphoneos/PaperFlowProcessing.swiftmodule/arm64-apple-ios.swiftmodule

Copy /Users/long/github_space/good_ideas/pdf-file-workbench/.native-build/DeviceQA/Build/Products/Debug-iphoneos/PaperFlowProcessing.swiftmodule/arm64-apple-ios.abi.json /Users/long/github_space/good_ideas/pdf-file-workbench/.native-build/DeviceQA/Build/Intermediates.noindex/PaperFlowKit.build/Debug-iphoneos/PaperFlowProcessing-t.build/Objects-normal/arm64/PaperFlowProcessing.abi.json (in target 'PaperFlowProcessing' from project 'PaperFlowKit')
    cd /Users/long/github_space/good_ideas/pdf-file-workbench/PaperFlow/Packages/PaperFlowKit
    builtin-copy -exclude .DS_Store -exclude CVS -exclude .svn -exclude .git -exclude .hg -resolve-src-symlinks -rename /Users/long/github_space/good_ideas/pdf-file-workbench/.native-build/DeviceQA/Build/Intermediates.noindex/PaperFlowKit.build/Debug-iphoneos/PaperFlowProcessing-t.build/Objects-normal/arm64/PaperFlowProcessing.abi.json /Users/long/github_space/good_ideas/pdf-file-workbench/.native-build/DeviceQA/Build/Products/Debug-iphoneos/PaperFlowProcessing.swiftmodule/arm64-apple-ios.abi.json

Copy /Users/long/github_space/good_ideas/pdf-file-workbench/.native-build/DeviceQA/Build/Products/Debug-iphoneos/PaperFlowProcessing.swiftmodule/arm64-apple-ios.swiftdoc /Users/long/github_space/good_ideas/pdf-file-workbench/.native-build/DeviceQA/Build/Intermediates.noindex/PaperFlowKit.build/Debug-iphoneos/PaperFlowProcessing-t.build/Objects-normal/arm64/PaperFlowProcessing.swiftdoc (in target 'PaperFlowProcessing' from project 'PaperFlowKit')
    cd /Users/long/github_space/good_ideas/pdf-file-workbench/PaperFlow/Packages/PaperFlowKit
    builtin-copy -exclude .DS_Store -exclude CVS -exclude .svn -exclude .git -exclude .hg -resolve-src-symlinks -rename /Users/long/github_space/good_ideas/pdf-file-workbench/.native-build/DeviceQA/Build/Intermediates.noindex/PaperFlowKit.build/Debug-iphoneos/PaperFlowProcessing-t.build/Objects-normal/arm64/PaperFlowProcessing.swiftdoc /Users/long/github_space/good_ideas/pdf-file-workbench/.native-build/DeviceQA/Build/Products/Debug-iphoneos/PaperFlowProcessing.swiftmodule/arm64-apple-ios.swiftdoc

Copy /Users/long/github_space/good_ideas/pdf-file-workbench/.native-build/DeviceQA/Build/Products/Debug-iphoneos/PaperFlowProcessing.swiftmodule/Project/arm64-apple-ios.swiftsourceinfo /Users/long/github_space/good_ideas/pdf-file-workbench/.native-build/DeviceQA/Build/Intermediates.noindex/PaperFlowKit.build/Debug-iphoneos/PaperFlowProcessing-t.build/Objects-normal/arm64/PaperFlowProcessing.swiftsourceinfo (in target 'PaperFlowProcessing' from project 'PaperFlowKit')
    cd /Users/long/github_space/good_ideas/pdf-file-workbench/PaperFlow/Packages/PaperFlowKit
    builtin-copy -exclude .DS_Store -exclude CVS -exclude .svn -exclude .git -exclude .hg -resolve-src-symlinks -rename /Users/long/github_space/good_ideas/pdf-file-workbench/.native-build/DeviceQA/Build/Intermediates.noindex/PaperFlowKit.build/Debug-iphoneos/PaperFlowProcessing-t.build/Objects-normal/arm64/PaperFlowProcessing.swiftsourceinfo /Users/long/github_space/good_ideas/pdf-file-workbench/.native-build/DeviceQA/Build/Products/Debug-iphoneos/PaperFlowProcessing.swiftmodule/Project/arm64-apple-ios.swiftsourceinfo

ProcessProductPackaging /Users/long/Library/Developer/Xcode/UserData/Provisioning\ Profiles/a87608cb-e36d-41b7-86ac-7d97c5586e2d.mobileprovision /Users/long/github_space/good_ideas/pdf-file-workbench/.native-build/DeviceQA/Build/Products/Debug-iphoneos/PaperFlow.app/embedded.mobileprovision (in target 'PaperFlow' from project 'PaperFlow')
    cd /Users/long/github_space/good_ideas/pdf-file-workbench/PaperFlow
    builtin-productPackagingUtility /Users/long/Library/Developer/Xcode/UserData/Provisioning\ Profiles/a87608cb-e36d-41b7-86ac-7d97c5586e2d.mobileprovision -o /Users/long/github_space/good_ideas/pdf-file-workbench/.native-build/DeviceQA/Build/Products/Debug-iphoneos/PaperFlow.app/embedded.mobileprovision

ProcessProductPackaging /Users/long/github_space/good_ideas/pdf-file-workbench/PaperFlow/PaperFlow/PaperFlow.entitlements /Users/long/github_space/good_ideas/pdf-file-workbench/.native-build/DeviceQA/Build/Intermediates.noindex/PaperFlow.build/Debug-iphoneos/PaperFlow.build/PaperFlow.app.xcent (in target 'PaperFlow' from project 'PaperFlow')
    cd /Users/long/github_space/good_ideas/pdf-file-workbench/PaperFlow
    
    Entitlements:
    
    {
    "application-identifier" = "3LSP26D33P.com.xiaolongxu.PaperFlow";
    "com.apple.developer.team-identifier" = 3LSP26D33P;
    "com.apple.security.application-groups" =     (
        "group.com.xiaolongxu.PaperFlow"
    );
    "get-task-allow" = 1;
}
    
    builtin-productPackagingUtility /Users/long/github_space/good_ideas/pdf-file-workbench/PaperFlow/PaperFlow/PaperFlow.entitlements -entitlements -format xml -o /Users/long/github_space/good_ideas/pdf-file-workbench/.native-build/DeviceQA/Build/Intermediates.noindex/PaperFlow.build/Debug-iphoneos/PaperFlow.build/PaperFlow.app.xcent

ProcessProductPackagingDER /Users/long/github_space/good_ideas/pdf-file-workbench/.native-build/DeviceQA/Build/Intermediates.noindex/PaperFlow.build/Debug-iphoneos/PaperFlow.build/PaperFlow.app.xcent /Users/long/github_space/good_ideas/pdf-file-workbench/.native-build/DeviceQA/Build/Intermediates.noindex/PaperFlow.build/Debug-iphoneos/PaperFlow.build/PaperFlow.app.xcent.der (in target 'PaperFlow' from project 'PaperFlow')
    cd /Users/long/github_space/good_ideas/pdf-file-workbench/PaperFlow
    /usr/bin/derq query -f xml -i /Users/long/github_space/good_ideas/pdf-file-workbench/.native-build/DeviceQA/Build/Intermediates.noindex/PaperFlow.build/Debug-iphoneos/PaperFlow.build/PaperFlow.app.xcent -o /Users/long/github_space/good_ideas/pdf-file-workbench/.native-build/DeviceQA/Build/Intermediates.noindex/PaperFlow.build/Debug-iphoneos/PaperFlow.build/PaperFlow.app.xcent.der --raw

GenerateAssetSymbols /Users/long/github_space/good_ideas/pdf-file-workbench/PaperFlow/PaperFlow/Assets.xcassets (in target 'PaperFlow' from project 'PaperFlow')
    cd /Users/long/github_space/good_ideas/pdf-file-workbench/PaperFlow
    /Applications/Xcode.app/Contents/Developer/usr/bin/actool /Users/long/github_space/good_ideas/pdf-file-workbench/PaperFlow/PaperFlow/Assets.xcassets --compile /Users/long/github_space/good_ideas/pdf-file-workbench/.native-build/DeviceQA/Build/Products/Debug-iphoneos/PaperFlow.app --output-format human-readable-text --notices --warnings --export-dependency-info /Users/long/github_space/good_ideas/pdf-file-workbench/.native-build/DeviceQA/Build/Intermediates.noindex/PaperFlow.build/Debug-iphoneos/PaperFlow.build/assetcatalog_dependencies --output-partial-info-plist /Users/long/github_space/good_ideas/pdf-file-workbench/.native-build/DeviceQA/Build/Intermediates.noindex/PaperFlow.build/Debug-iphoneos/PaperFlow.build/assetcatalog_generated_info.plist --app-icon AppIcon --accent-color AccentColor --compress-pngs --enable-on-demand-resources YES --development-region en --target-device iphone --target-device ipad --minimum-deployment-target 18.0 --platform iphoneos --bundle-identifier com.xiaolongxu.PaperFlow --generate-swift-asset-symbols /Users/long/github_space/good_ideas/pdf-file-workbench/.native-build/DeviceQA/Build/Intermediates.noindex/PaperFlow.build/Debug-iphoneos/PaperFlow.build/DerivedSources/GeneratedAssetSymbols.swift --generate-objc-asset-symbols /Users/long/github_space/good_ideas/pdf-file-workbench/.native-build/DeviceQA/Build/Intermediates.noindex/PaperFlow.build/Debug-iphoneos/PaperFlow.build/DerivedSources/GeneratedAssetSymbols.h --generate-asset-symbol-index /Users/long/github_space/good_ideas/pdf-file-workbench/.native-build/DeviceQA/Build/Intermediates.noindex/PaperFlow.build/Debug-iphoneos/PaperFlow.build/DerivedSources/GeneratedAssetSymbols-Index.plist
/* com.apple.actool.document.warnings */
/Users/long/github_space/good_ideas/pdf-file-workbench/PaperFlow/PaperFlow/Assets.xcassets:./AppIcon.appiconset/(null)[2d][AppIcon-legacy.png]: warning: The app icon set "AppIcon" has 2 unassigned children.
/Users/long/github_space/good_ideas/pdf-file-workbench/PaperFlow/PaperFlow/Assets.xcassets:./AppIcon.appiconset/(null)[2d][AppIcon-legacy.png]: warning: The app icon set "AppIcon" has 2 unassigned children.
/* com.apple.actool.compilation-results */
/Users/long/github_space/good_ideas/pdf-file-workbench/.native-build/DeviceQA/Build/Intermediates.noindex/PaperFlow.build/Debug-iphoneos/PaperFlow.build/DerivedSources/GeneratedAssetSymbols-Index.plist
/Users/long/github_space/good_ideas/pdf-file-workbench/.native-build/DeviceQA/Build/Intermediates.noindex/PaperFlow.build/Debug-iphoneos/PaperFlow.build/DerivedSources/GeneratedAssetSymbols.h
/Users/long/github_space/good_ideas/pdf-file-workbench/.native-build/DeviceQA/Build/Intermediates.noindex/PaperFlow.build/Debug-iphoneos/PaperFlow.build/DerivedSources/GeneratedAssetSymbols.swift


MkDir /Users/long/github_space/good_ideas/pdf-file-workbench/.native-build/DeviceQA/Build/Intermediates.noindex/PaperFlow.build/Debug-iphoneos/PaperFlow.build/assetcatalog_output/unthinned (in target 'PaperFlow' from project 'PaperFlow')
    cd /Users/long/github_space/good_ideas/pdf-file-workbench/PaperFlow
    /bin/mkdir -p /Users/long/github_space/good_ideas/pdf-file-workbench/.native-build/DeviceQA/Build/Intermediates.noindex/PaperFlow.build/Debug-iphoneos/PaperFlow.build/assetcatalog_output/unthinned

MkDir /Users/long/github_space/good_ideas/pdf-file-workbench/.native-build/DeviceQA/Build/Intermediates.noindex/PaperFlow.build/Debug-iphoneos/PaperFlow.build/assetcatalog_output/thinned (in target 'PaperFlow' from project 'PaperFlow')
    cd /Users/long/github_space/good_ideas/pdf-file-workbench/PaperFlow
    /bin/mkdir -p /Users/long/github_space/good_ideas/pdf-file-workbench/.native-build/DeviceQA/Build/Intermediates.noindex/PaperFlow.build/Debug-iphoneos/PaperFlow.build/assetcatalog_output/thinned

CompileAssetCatalogVariant thinned /Users/long/github_space/good_ideas/pdf-file-workbench/.native-build/DeviceQA/Build/Products/Debug-iphoneos/PaperFlow.app /Users/long/github_space/good_ideas/pdf-file-workbench/PaperFlow/PaperFlow/Assets.xcassets (in target 'PaperFlow' from project 'PaperFlow')
    cd /Users/long/github_space/good_ideas/pdf-file-workbench/PaperFlow
    /Applications/Xcode.app/Contents/Developer/usr/bin/actool /Users/long/github_space/good_ideas/pdf-file-workbench/PaperFlow/PaperFlow/Assets.xcassets --compile /Users/long/github_space/good_ideas/pdf-file-workbench/.native-build/DeviceQA/Build/Intermediates.noindex/PaperFlow.build/Debug-iphoneos/PaperFlow.build/assetcatalog_output/thinned --output-format human-readable-text --notices --warnings --export-dependency-info /Users/long/github_space/good_ideas/pdf-file-workbench/.native-build/DeviceQA/Build/Intermediates.noindex/PaperFlow.build/Debug-iphoneos/PaperFlow.build/assetcatalog_dependencies_thinned --output-partial-info-plist /Users/long/github_space/good_ideas/pdf-file-workbench/.native-build/DeviceQA/Build/Intermediates.noindex/PaperFlow.build/Debug-iphoneos/PaperFlow.build/assetcatalog_generated_info.plist_thinned --app-icon AppIcon --accent-color AccentColor --compress-pngs --enable-on-demand-resources YES --filter-for-thinning-device-configuration iPhone14,7 --filter-for-device-os-version 27.0 --development-region en --target-device iphone --target-device ipad --minimum-deployment-target 18.0 --platform iphoneos
/* com.apple.actool.document.warnings */
/Users/long/github_space/good_ideas/pdf-file-workbench/PaperFlow/PaperFlow/Assets.xcassets:./AppIcon.appiconset/(null)[2d][AppIcon-legacy.png]: warning: The app icon set "AppIcon" has 2 unassigned children.
/Users/long/github_space/good_ideas/pdf-file-workbench/PaperFlow/PaperFlow/Assets.xcassets:./AppIcon.appiconset/(null)[2d][AppIcon-legacy.png]: warning: The app icon set "AppIcon" has 2 unassigned children.
/Users/long/github_space/good_ideas/pdf-file-workbench/PaperFlow/PaperFlow/Assets.xcassets:./AppIcon.appiconset/(null)[2d][AppIcon-legacy.png]: warning: The app icon set "AppIcon" has 2 unassigned children.
/* com.apple.actool.compilation-results */
/Users/long/github_space/good_ideas/pdf-file-workbench/.native-build/DeviceQA/Build/Intermediates.noindex/PaperFlow.build/Debug-iphoneos/PaperFlow.build/assetcatalog_generated_info.plist_thinned
/Users/long/github_space/good_ideas/pdf-file-workbench/.native-build/DeviceQA/Build/Intermediates.noindex/PaperFlow.build/Debug-iphoneos/PaperFlow.build/assetcatalog_output/thinned/AppIcon60x60@2x.png
/Users/long/github_space/good_ideas/pdf-file-workbench/.native-build/DeviceQA/Build/Intermediates.noindex/PaperFlow.build/Debug-iphoneos/PaperFlow.build/assetcatalog_output/thinned/AppIcon76x76@2x~ipad.png
/Users/long/github_space/good_ideas/pdf-file-workbench/.native-build/DeviceQA/Build/Intermediates.noindex/PaperFlow.build/Debug-iphoneos/PaperFlow.build/assetcatalog_output/thinned/Assets.car


SwiftDriver PaperFlow normal arm64 com.apple.xcode.tools.swift.compiler (in target 'PaperFlow' from project 'PaperFlow')
    cd /Users/long/github_space/good_ideas/pdf-file-workbench/PaperFlow
    builtin-SwiftDriver -- /Applications/Xcode.app/Contents/Developer/Toolchains/XcodeDefault.xctoolchain/usr/bin/swiftc -module-name PaperFlow -Onone @/Users/long/github_space/good_ideas/pdf-file-workbench/.native-build/DeviceQA/Build/Intermediates.noindex/PaperFlow.build/Debug-iphoneos/PaperFlow.build/Objects-normal/arm64/PaperFlow.SwiftFileList -DDEBUG -Xcc -fmodule-map-file\=/Users/long/github_space/good_ideas/pdf-file-workbench/.native-build/DeviceQA/Build/Intermediates.noindex/GeneratedModuleMaps-iphoneos/CQPDF.modulemap -enable-experimental-feature DebugDescriptionMacro -sdk /Applications/Xcode.app/Contents/Developer/Platforms/iPhoneOS.platform/Developer/SDKs/iPhoneOS27.0.sdk -target arm64-apple-ios18.0 -g -module-cache-path /Users/long/github_space/good_ideas/pdf-file-workbench/.native-build/DeviceQA/ModuleCache.noindex -Xfrontend -serialize-debugging-options -enable-testing -index-store-path /Users/long/github_space/good_ideas/pdf-file-workbench/.native-build/DeviceQA/Index.noindex/DataStore -Xcc -D_LIBCPP_HARDENING_MODE\=_LIBCPP_HARDENING_MODE_DEBUG -swift-version 6 -I /Users/long/github_space/good_ideas/pdf-file-workbench/.native-build/DeviceQA/Build/Products/Debug-iphoneos -F /Users/long/github_space/good_ideas/pdf-file-workbench/.native-build/DeviceQA/Build/Products/Debug-iphoneos/PackageFrameworks -F /Users/long/github_space/good_ideas/pdf-file-workbench/.native-build/DeviceQA/Build/Products/Debug-iphoneos -emit-localized-strings -emit-localized-strings-path /Users/long/github_space/good_ideas/pdf-file-workbench/.native-build/DeviceQA/Build/Intermediates.noindex/PaperFlow.build/Debug-iphoneos/PaperFlow.build/Objects-normal/arm64 -c -j15 -enable-batch-mode -incremental -Xcc -ivfsstatcache -Xcc /Users/long/github_space/good_ideas/pdf-file-workbench/.native-build/DeviceQA/SDKStatCaches.noindex/iphoneos27.0-24A430-6c78b3cbc238196c85e1bf6c792c5915.sdkstatcache -output-file-map /Users/long/github_space/good_ideas/pdf-file-workbench/.native-build/DeviceQA/Build/Intermediates.noindex/PaperFlow.build/Debug-iphoneos/PaperFlow.build/Objects-normal/arm64/PaperFlow-OutputFileMap.json -save-temps -no-color-diagnostics -explicit-module-build -module-cache-path /Users/long/github_space/good_ideas/pdf-file-workbench/.native-build/DeviceQA/Build/Intermediates.noindex/SwiftExplicitPrecompiledModules -clang-scanner-module-cache-path /Users/long/github_space/good_ideas/pdf-file-workbench/.native-build/DeviceQA/ModuleCache.noindex -sdk-module-cache-path /Users/long/github_space/good_ideas/pdf-file-workbench/.native-build/DeviceQA/SDKExplicitPrecompiledModules -emit-dependencies -emit-module -emit-module-path /Users/long/github_space/good_ideas/pdf-file-workbench/.native-build/DeviceQA/Build/Intermediates.noindex/PaperFlow.build/Debug-iphoneos/PaperFlow.build/Objects-normal/arm64/PaperFlow.swiftmodule -serialize-diagnostics -dependency-scan-serialize-diagnostics-path /Users/long/github_space/good_ideas/pdf-file-workbench/.native-build/DeviceQA/Build/Intermediates.noindex/PaperFlow.build/Debug-iphoneos/PaperFlow.build/Objects-normal/arm64/PaperFlow-dependency-scan.dia -validate-clang-modules-once -clang-build-session-file /Users/long/github_space/good_ideas/pdf-file-workbench/.native-build/DeviceQA/ModuleCache.noindex/Session.modulevalidation -Xcc -fmodules-prune-interval\=86400 -Xcc -fmodules-prune-after\=345600 -emit-const-values -const-gather-protocols-list /Users/long/github_space/good_ideas/pdf-file-workbench/.native-build/DeviceQA/Build/Intermediates.noindex/PaperFlow.build/Debug-iphoneos/PaperFlow.build/Objects-normal/arm64/PaperFlow_const_extract_protocols.json -Xcc -iquote -Xcc /Users/long/github_space/good_ideas/pdf-file-workbench/.native-build/DeviceQA/Build/Intermediates.noindex/PaperFlow.build/Debug-iphoneos/PaperFlow.build/PaperFlow-generated-files.hmap -Xcc -I/Users/long/github_space/good_ideas/pdf-file-workbench/.native-build/DeviceQA/Build/Intermediates.noindex/PaperFlow.build/Debug-iphoneos/PaperFlow.build/PaperFlow-own-target-headers.hmap -Xcc -I/Users/long/github_space/good_ideas/pdf-file-workbench/.native-build/DeviceQA/Build/Intermediates.noindex/PaperFlow.build/Debug-iphoneos/PaperFlow.build/PaperFlow-all-non-framework-target-headers.hmap -Xcc -ivfsoverlay -Xcc /Users/long/github_space/good_ideas/pdf-file-workbench/.native-build/DeviceQA/Build/Intermediates.noindex/PaperFlow.build/Debug-iphoneos/PaperFlow-d6f1c4fb6a7914d8f9b156270d074f68-VFS-iphoneos/all-product-headers.yaml -Xcc -iquote -Xcc /Users/long/github_space/good_ideas/pdf-file-workbench/.native-build/DeviceQA/Build/Intermediates.noindex/PaperFlow.build/Debug-iphoneos/PaperFlow.build/PaperFlow-project-headers.hmap -Xcc -I/Users/long/github_space/good_ideas/pdf-file-workbench/PaperFlow/Packages/PaperFlowKit/Sources/CQPDF/include -Xcc -I/Users/long/github_space/good_ideas/pdf-file-workbench/.native-build/DeviceQA/Build/Products/Debug-iphoneos/include -Xcc -I/Users/long/github_space/good_ideas/pdf-file-workbench/.native-build/DeviceQA/Build/Intermediates.noindex/PaperFlow.build/Debug-iphoneos/PaperFlow.build/DerivedSources-normal/arm64 -Xcc -I/Users/long/github_space/good_ideas/pdf-file-workbench/.native-build/DeviceQA/Build/Intermediates.noindex/PaperFlow.build/Debug-iphoneos/PaperFlow.build/DerivedSources/arm64 -Xcc -I/Users/long/github_space/good_ideas/pdf-file-workbench/.native-build/DeviceQA/Build/Intermediates.noindex/PaperFlow.build/Debug-iphoneos/PaperFlow.build/DerivedSources -Xcc -DDEBUG\=1 -emit-objc-header -emit-objc-header-path /Users/long/github_space/good_ideas/pdf-file-workbench/.native-build/DeviceQA/Build/Intermediates.noindex/PaperFlow.build/Debug-iphoneos/PaperFlow.build/Objects-normal/arm64/PaperFlow-Swift.h -working-directory /Users/long/github_space/good_ideas/pdf-file-workbench/PaperFlow -experimental-emit-module-separately -disable-cmo

SwiftDriverJobDiscovery normal arm64 Compiling PDFDrawing.swift (in target 'PaperFlowProcessing' from project 'PaperFlowKit')

SwiftDriverJobDiscovery normal arm64 Compiling Models.swift (in target 'PaperFlowDomain' from project 'PaperFlowKit')

SwiftDriver\ Compilation PaperFlowDomain normal arm64 com.apple.xcode.tools.swift.compiler (in target 'PaperFlowDomain' from project 'PaperFlowKit')
    cd /Users/long/github_space/good_ideas/pdf-file-workbench/PaperFlow/PaperFlow.xcodeproj
    builtin-Swift-Compilation -- /Applications/Xcode.app/Contents/Developer/Toolchains/XcodeDefault.xctoolchain/usr/bin/swiftc -parse-as-library -module-name PaperFlowDomain -Onone @/Users/long/github_space/good_ideas/pdf-file-workbench/.native-build/DeviceQA/Build/Intermediates.noindex/PaperFlowKit.build/Debug-iphoneos/PaperFlowDomain-t.build/Objects-normal/arm64/PaperFlowDomain.SwiftFileList -DSWIFT_PACKAGE -DDEBUG -DSWIFT_MODULE_RESOURCE_BUNDLE_UNAVAILABLE -DXcode -plugin-path /Applications/Xcode.app/Contents/Developer/Toolchains/XcodeDefault.xctoolchain/usr/lib/swift/host/plugins/testing -enable-experimental-feature DebugDescriptionMacro -sdk /Applications/Xcode.app/Contents/Developer/Platforms/iPhoneOS.platform/Developer/SDKs/iPhoneOS27.0.sdk -target arm64-apple-ios18.0 -g -module-cache-path /Users/long/github_space/good_ideas/pdf-file-workbench/.native-build/DeviceQA/ModuleCache.noindex -Xfrontend -serialize-debugging-options -enable-testing -index-store-path /Users/long/github_space/good_ideas/pdf-file-workbench/.native-build/DeviceQA/Index.noindex/DataStore -Xcc -D_LIBCPP_HARDENING_MODE\=_LIBCPP_HARDENING_MODE_DEBUG -swift-version 6 -I /Users/long/github_space/good_ideas/pdf-file-workbench/.native-build/DeviceQA/Build/Products/Debug-iphoneos -Isystem /Applications/Xcode.app/Contents/Developer/Platforms/iPhoneOS.platform/Developer/usr/lib -F /Users/long/github_space/good_ideas/pdf-file-workbench/.native-build/DeviceQA/Build/Products/Debug-iphoneos -F /Applications/Xcode.app/Contents/Developer/Platforms/iPhoneOS.platform/Developer/Library/Frameworks -F /Applications/Xcode.app/Contents/Developer/Platforms/iPhoneOS.platform/Developer/SDKs/iPhoneOS27.0.sdk/Developer/Library/Frameworks -c -j15 -enable-batch-mode -incremental -Xcc -ivfsstatcache -Xcc /Users/long/github_space/good_ideas/pdf-file-workbench/.native-build/DeviceQA/SDKStatCaches.noindex/iphoneos27.0-24A430-6c78b3cbc238196c85e1bf6c792c5915.sdkstatcache -output-file-map /Users/long/github_space/good_ideas/pdf-file-workbench/.native-build/DeviceQA/Build/Intermediates.noindex/PaperFlowKit.build/Debug-iphoneos/PaperFlowDomain-t.build/Objects-normal/arm64/PaperFlowDomain-OutputFileMap.json -save-temps -no-color-diagnostics -explicit-module-build -module-cache-path /Users/long/github_space/good_ideas/pdf-file-workbench/.native-build/DeviceQA/Build/Intermediates.noindex/SwiftExplicitPrecompiledModules -clang-scanner-module-cache-path /Users/long/github_space/good_ideas/pdf-file-workbench/.native-build/DeviceQA/ModuleCache.noindex -sdk-module-cache-path /Users/long/github_space/good_ideas/pdf-file-workbench/.native-build/DeviceQA/SDKExplicitPrecompiledModules -emit-dependencies -emit-module -emit-module-path /Users/long/github_space/good_ideas/pdf-file-workbench/.native-build/DeviceQA/Build/Intermediates.noindex/PaperFlowKit.build/Debug-iphoneos/PaperFlowDomain-t.build/Objects-normal/arm64/PaperFlowDomain.swiftmodule -serialize-diagnostics -dependency-scan-serialize-diagnostics-path /Users/long/github_space/good_ideas/pdf-file-workbench/.native-build/DeviceQA/Build/Intermediates.noindex/PaperFlowKit.build/Debug-iphoneos/PaperFlowDomain-t.build/Objects-normal/arm64/PaperFlowDomain-dependency-scan.dia -validate-clang-modules-once -clang-build-session-file /Users/long/github_space/good_ideas/pdf-file-workbench/.native-build/DeviceQA/ModuleCache.noindex/Session.modulevalidation -Xcc -fmodules-prune-interval\=86400 -Xcc -fmodules-prune-after\=345600 -package-name paperflowkit -emit-const-values -const-gather-protocols-list /Users/long/github_space/good_ideas/pdf-file-workbench/.native-build/DeviceQA/Build/Intermediates.noindex/PaperFlowKit.build/Debug-iphoneos/PaperFlowDomain-t.build/Objects-normal/arm64/PaperFlowDomain_const_extract_protocols.json -Xcc -I/Users/long/github_space/good_ideas/pdf-file-workbench/.native-build/DeviceQA/Build/Products/Debug-iphoneos/include -Xcc -I/Users/long/github_space/good_ideas/pdf-file-workbench/.native-build/DeviceQA/Build/Intermediates.noindex/PaperFlowKit.build/Debug-iphoneos/PaperFlowDomain-t.build/DerivedSources-normal/arm64 -Xcc -I/Users/long/github_space/good_ideas/pdf-file-workbench/.native-build/DeviceQA/Build/Intermediates.noindex/PaperFlowKit.build/Debug-iphoneos/PaperFlowDomain-t.build/DerivedSources/arm64 -Xcc -I/Users/long/github_space/good_ideas/pdf-file-workbench/.native-build/DeviceQA/Build/Intermediates.noindex/PaperFlowKit.build/Debug-iphoneos/PaperFlowDomain-t.build/DerivedSources -Xcc -DSWIFT_PACKAGE -Xcc -DDEBUG\=1 -emit-objc-header -emit-objc-header-path /Users/long/github_space/good_ideas/pdf-file-workbench/.native-build/DeviceQA/Build/Intermediates.noindex/PaperFlowKit.build/Debug-iphoneos/PaperFlowDomain-t.build/Objects-normal/arm64/PaperFlowDomain-Swift.h -working-directory /Users/long/github_space/good_ideas/pdf-file-workbench/PaperFlow/PaperFlow.xcodeproj -experimental-emit-module-separately -disable-cmo

Ld /Users/long/github_space/good_ideas/pdf-file-workbench/.native-build/DeviceQA/Build/Products/Debug-iphoneos/PaperFlowDomain.o normal (in target 'PaperFlowDomain' from project 'PaperFlowKit')
    cd /Users/long/github_space/good_ideas/pdf-file-workbench/PaperFlow/Packages/PaperFlowKit
    /Applications/Xcode.app/Contents/Developer/Toolchains/XcodeDefault.xctoolchain/usr/bin/clang -Xlinker -reproducible -target arm64-apple-ios18.0 -r -isysroot /Applications/Xcode.app/Contents/Developer/Platforms/iPhoneOS.platform/Developer/SDKs/iPhoneOS27.0.sdk -O0 -Xlinker -no_warn_duplicate_libraries -F/Users/long/github_space/good_ideas/pdf-file-workbench/.native-build/DeviceQA/Build/Intermediates.noindex/EagerLinkingTBDs/Debug-iphoneos -F/Users/long/github_space/good_ideas/pdf-file-workbench/.native-build/DeviceQA/Build/Products/Debug-iphoneos -iframework /Applications/Xcode.app/Contents/Developer/Platforms/iPhoneOS.platform/Developer/Library/Frameworks -iframework /Applications/Xcode.app/Contents/Developer/Platforms/iPhoneOS.platform/Developer/SDKs/iPhoneOS27.0.sdk/Developer/Library/Frameworks -filelist /Users/long/github_space/good_ideas/pdf-file-workbench/.native-build/DeviceQA/Build/Intermediates.noindex/PaperFlowKit.build/Debug-iphoneos/PaperFlowDomain-t.build/Objects-normal/arm64/PaperFlowDomain.LinkFileList -nostdlib -Xlinker -object_path_lto -Xlinker /Users/long/github_space/good_ideas/pdf-file-workbench/.native-build/DeviceQA/Build/Intermediates.noindex/PaperFlowKit.build/Debug-iphoneos/PaperFlowDomain-t.build/Objects-normal/arm64/PaperFlowDomain_lto.o -Xlinker -no_deduplicate -Xlinker -dependency_info -Xlinker /Users/long/github_space/good_ideas/pdf-file-workbench/.native-build/DeviceQA/Build/Intermediates.noindex/PaperFlowKit.build/Debug-iphoneos/PaperFlowDomain-t.build/Objects-normal/arm64/PaperFlowDomain_dependency_info.dat -fobjc-link-runtime -L/Applications/Xcode.app/Contents/Developer/Toolchains/XcodeDefault.xctoolchain/usr/lib/swift/iphoneos -L/usr/lib/swift -Xlinker -add_ast_path -Xlinker /Users/long/github_space/good_ideas/pdf-file-workbench/.native-build/DeviceQA/Build/Intermediates.noindex/PaperFlowKit.build/Debug-iphoneos/PaperFlowDomain-t.build/Objects-normal/arm64/PaperFlowDomain.swiftmodule -o /Users/long/github_space/good_ideas/pdf-file-workbench/.native-build/DeviceQA/Build/Products/Debug-iphoneos/PaperFlowDomain.o

ExtractAppIntentsMetadata (in target 'PaperFlowDomain' from project 'PaperFlowKit')
    cd /Users/long/github_space/good_ideas/pdf-file-workbench/PaperFlow/Packages/PaperFlowKit
    /Applications/Xcode.app/Contents/Developer/Toolchains/XcodeDefault.xctoolchain/usr/bin/appintentsmetadataprocessor --toolchain-dir /Applications/Xcode.app/Contents/Developer/Toolchains/XcodeDefault.xctoolchain --module-name PaperFlowDomain --sdk-root /Applications/Xcode.app/Contents/Developer/Platforms/iPhoneOS.platform/Developer/SDKs/iPhoneOS27.0.sdk --xcode-version 27A266a --platform-family iOS --deployment-target 18.0 --bundle-identifier paperflowkit.PaperFlowDomain --output /Users/long/github_space/good_ideas/pdf-file-workbench/.native-build/DeviceQA/Build/Products/Debug-iphoneos/PaperFlowDomain.appintents --target-triple arm64-apple-ios18.0 --binary-file /Users/long/github_space/good_ideas/pdf-file-workbench/.native-build/DeviceQA/Build/Products/Debug-iphoneos/PaperFlowDomain.o --dependency-file /Users/long/github_space/good_ideas/pdf-file-workbench/.native-build/DeviceQA/Build/Intermediates.noindex/PaperFlowKit.build/Debug-iphoneos/PaperFlowDomain-t.build/Objects-normal/arm64/PaperFlowDomain_dependency_info.dat --stringsdata-file /Users/long/github_space/good_ideas/pdf-file-workbench/.native-build/DeviceQA/Build/Intermediates.noindex/PaperFlowKit.build/Debug-iphoneos/PaperFlowDomain-t.build/Objects-normal/arm64/ExtractedAppShortcutsMetadata.stringsdata --source-file-list /Users/long/github_space/good_ideas/pdf-file-workbench/.native-build/DeviceQA/Build/Intermediates.noindex/PaperFlowKit.build/Debug-iphoneos/PaperFlowDomain-t.build/Objects-normal/arm64/PaperFlowDomain.SwiftFileList --metadata-file-list /Users/long/github_space/good_ideas/pdf-file-workbench/.native-build/DeviceQA/Build/Intermediates.noindex/PaperFlowKit.build/Debug-iphoneos/PaperFlowDomain-t.build/PaperFlowDomain.DependencyMetadataFileList --static-metadata-file-list /Users/long/github_space/good_ideas/pdf-file-workbench/.native-build/DeviceQA/Build/Intermediates.noindex/PaperFlowKit.build/Debug-iphoneos/PaperFlowDomain-t.build/PaperFlowDomain.DependencyStaticMetadataFileList --swift-const-vals-list /Users/long/github_space/good_ideas/pdf-file-workbench/.native-build/DeviceQA/Build/Intermediates.noindex/PaperFlowKit.build/Debug-iphoneos/PaperFlowDomain-t.build/Objects-normal/arm64/PaperFlowDomain.SwiftConstValuesFileList --force --compile-time-extraction --deployment-aware-processing --no-app-shortcuts-localization
2026-10-04 14:18:54.614 appintentsmetadataprocessor[99700:5651384] Starting appintentsmetadataprocessor export
2026-10-04 14:18:54.679 appintentsmetadataprocessor[99700:5651384] Extracted no relevant App Intents symbols, skipping writing output

SwiftDriverJobDiscovery normal arm64 Compiling ImageTools.swift (in target 'PaperFlowProcessing' from project 'PaperFlowKit')

Ld /Users/long/github_space/good_ideas/pdf-file-workbench/.native-build/DeviceQA/Build/Products/Debug-iphoneos/PaperFlowPersistence.o normal (in target 'PaperFlowPersistence' from project 'PaperFlowKit')
    cd /Users/long/github_space/good_ideas/pdf-file-workbench/PaperFlow/Packages/PaperFlowKit
    /Applications/Xcode.app/Contents/Developer/Toolchains/XcodeDefault.xctoolchain/usr/bin/clang -Xlinker -reproducible -target arm64-apple-ios18.0 -r -isysroot /Applications/Xcode.app/Contents/Developer/Platforms/iPhoneOS.platform/Developer/SDKs/iPhoneOS27.0.sdk -O0 -Xlinker -no_warn_duplicate_libraries -F/Users/long/github_space/good_ideas/pdf-file-workbench/.native-build/DeviceQA/Build/Intermediates.noindex/EagerLinkingTBDs/Debug-iphoneos -F/Users/long/github_space/good_ideas/pdf-file-workbench/.native-build/DeviceQA/Build/Products/Debug-iphoneos/PackageFrameworks -F/Users/long/github_space/good_ideas/pdf-file-workbench/.native-build/DeviceQA/Build/Products/Debug-iphoneos -iframework /Applications/Xcode.app/Contents/Developer/Platforms/iPhoneOS.platform/Developer/Library/Frameworks -iframework /Applications/Xcode.app/Contents/Developer/Platforms/iPhoneOS.platform/Developer/SDKs/iPhoneOS27.0.sdk/Developer/Library/Frameworks -filelist /Users/long/github_space/good_ideas/pdf-file-workbench/.native-build/DeviceQA/Build/Intermediates.noindex/PaperFlowKit.build/Debug-iphoneos/PaperFlowPersistence-t.build/Objects-normal/arm64/PaperFlowPersistence.LinkFileList -nostdlib -Xlinker -object_path_lto -Xlinker /Users/long/github_space/good_ideas/pdf-file-workbench/.native-build/DeviceQA/Build/Intermediates.noindex/PaperFlowKit.build/Debug-iphoneos/PaperFlowPersistence-t.build/Objects-normal/arm64/PaperFlowPersistence_lto.o -Xlinker -no_deduplicate -Xlinker -dependency_info -Xlinker /Users/long/github_space/good_ideas/pdf-file-workbench/.native-build/DeviceQA/Build/Intermediates.noindex/PaperFlowKit.build/Debug-iphoneos/PaperFlowPersistence-t.build/Objects-normal/arm64/PaperFlowPersistence_dependency_info.dat -fobjc-link-runtime -L/Applications/Xcode.app/Contents/Developer/Toolchains/XcodeDefault.xctoolchain/usr/lib/swift/iphoneos -L/usr/lib/swift -Xlinker -add_ast_path -Xlinker /Users/long/github_space/good_ideas/pdf-file-workbench/.native-build/DeviceQA/Build/Intermediates.noindex/PaperFlowKit.build/Debug-iphoneos/PaperFlowPersistence-t.build/Objects-normal/arm64/PaperFlowPersistence.swiftmodule -o /Users/long/github_space/good_ideas/pdf-file-workbench/.native-build/DeviceQA/Build/Products/Debug-iphoneos/PaperFlowPersistence.o

ExtractAppIntentsMetadata (in target 'PaperFlowPersistence' from project 'PaperFlowKit')
    cd /Users/long/github_space/good_ideas/pdf-file-workbench/PaperFlow/Packages/PaperFlowKit
    /Applications/Xcode.app/Contents/Developer/Toolchains/XcodeDefault.xctoolchain/usr/bin/appintentsmetadataprocessor --toolchain-dir /Applications/Xcode.app/Contents/Developer/Toolchains/XcodeDefault.xctoolchain --module-name PaperFlowPersistence --sdk-root /Applications/Xcode.app/Contents/Developer/Platforms/iPhoneOS.platform/Developer/SDKs/iPhoneOS27.0.sdk --xcode-version 27A266a --platform-family iOS --deployment-target 18.0 --bundle-identifier paperflowkit.PaperFlowPersistence --output /Users/long/github_space/good_ideas/pdf-file-workbench/.native-build/DeviceQA/Build/Products/Debug-iphoneos/PaperFlowPersistence.appintents --target-triple arm64-apple-ios18.0 --binary-file /Users/long/github_space/good_ideas/pdf-file-workbench/.native-build/DeviceQA/Build/Products/Debug-iphoneos/PaperFlowPersistence.o --dependency-file /Users/long/github_space/good_ideas/pdf-file-workbench/.native-build/DeviceQA/Build/Intermediates.noindex/PaperFlowKit.build/Debug-iphoneos/PaperFlowPersistence-t.build/Objects-normal/arm64/PaperFlowPersistence_dependency_info.dat --stringsdata-file /Users/long/github_space/good_ideas/pdf-file-workbench/.native-build/DeviceQA/Build/Intermediates.noindex/PaperFlowKit.build/Debug-iphoneos/PaperFlowPersistence-t.build/Objects-normal/arm64/ExtractedAppShortcutsMetadata.stringsdata --source-file-list /Users/long/github_space/good_ideas/pdf-file-workbench/.native-build/DeviceQA/Build/Intermediates.noindex/PaperFlowKit.build/Debug-iphoneos/PaperFlowPersistence-t.build/Objects-normal/arm64/PaperFlowPersistence.SwiftFileList --metadata-file-list /Users/long/github_space/good_ideas/pdf-file-workbench/.native-build/DeviceQA/Build/Intermediates.noindex/PaperFlowKit.build/Debug-iphoneos/PaperFlowPersistence-t.build/PaperFlowPersistence.DependencyMetadataFileList --static-metadata-file-list /Users/long/github_space/good_ideas/pdf-file-workbench/.native-build/DeviceQA/Build/Intermediates.noindex/PaperFlowKit.build/Debug-iphoneos/PaperFlowPersistence-t.build/PaperFlowPersistence.DependencyStaticMetadataFileList --swift-const-vals-list /Users/long/github_space/good_ideas/pdf-file-workbench/.native-build/DeviceQA/Build/Intermediates.noindex/PaperFlowKit.build/Debug-iphoneos/PaperFlowPersistence-t.build/Objects-normal/arm64/PaperFlowPersistence.SwiftConstValuesFileList --force --compile-time-extraction --deployment-aware-processing --no-app-shortcuts-localization
2026-10-04 14:18:54.714 appintentsmetadataprocessor[99711:5651415] Starting appintentsmetadataprocessor export
2026-10-04 14:18:54.760 appintentsmetadataprocessor[99711:5651415] Extracted no relevant App Intents symbols, skipping writing output

SwiftExplicitDependencyGeneratePcm arm64 /Users/long/github_space/good_ideas/pdf-file-workbench/.native-build/DeviceQA/SDKExplicitPrecompiledModules/_AvailabilityInternal-8ZS9MEBFB234K92YQMMTHAAPZ.pcm

SwiftExplicitDependencyGeneratePcm arm64 /Users/long/github_space/good_ideas/pdf-file-workbench/.native-build/DeviceQA/SDKExplicitPrecompiledModules/_Builtin_stdbool-B7QTIWBAGQ0P9SMQO14VXQZJO.pcm

SwiftExplicitDependencyGeneratePcm arm64 /Users/long/github_space/good_ideas/pdf-file-workbench/.native-build/DeviceQA/SDKExplicitPrecompiledModules/_Builtin_float-390JI4VTZL2T2NMZRFYA7EOQ9.pcm

SwiftExplicitDependencyGeneratePcm arm64 /Users/long/github_space/good_ideas/pdf-file-workbench/.native-build/DeviceQA/SDKExplicitPrecompiledModules/DeveloperToolsSupport-B7ZVM484N0VKQ3XGDQUBJ13M2.pcm

SwiftExplicitDependencyGeneratePcm arm64 /Users/long/github_space/good_ideas/pdf-file-workbench/.native-build/DeviceQA/SDKExplicitPrecompiledModules/ptrcheck-32E0SLECJEOOS4AZYLDPT014X.pcm

SwiftExplicitDependencyGeneratePcm arm64 /Users/long/github_space/good_ideas/pdf-file-workbench/.native-build/DeviceQA/SDKExplicitPrecompiledModules/_SwiftConcurrencyShims-28QMKN81LDTJCGSZMF9CZ0UF2.pcm

SwiftExplicitDependencyGeneratePcm arm64 /Users/long/github_space/good_ideas/pdf-file-workbench/.native-build/DeviceQA/SDKExplicitPrecompiledModules/SwiftShims-2NX2BVFBD9UVMEK70ECMKBZ6X.pcm

SwiftExplicitDependencyGeneratePcm arm64 /Users/long/github_space/good_ideas/pdf-file-workbench/.native-build/DeviceQA/SDKExplicitPrecompiledModules/_Builtin_stdarg-96OZH3CPRMSIFIIYWC1XY6OBB.pcm

SwiftExplicitDependencyGeneratePcm arm64 /Users/long/github_space/good_ideas/pdf-file-workbench/.native-build/DeviceQA/SDKExplicitPrecompiledModules/_Builtin_stddef-9S3Z4B91R142FPAWNAMASUO2Z.pcm

SwiftExplicitDependencyGeneratePcm arm64 /Users/long/github_space/good_ideas/pdf-file-workbench/.native-build/DeviceQA/SDKExplicitPrecompiledModules/ptrauth-B9HYKTRAXPLYI4YM63J4KR1IT.pcm

SwiftDriverJobDiscovery normal arm64 Compiling ShareViewController.swift (in target 'PaperFlowShare' from project 'PaperFlow')

SwiftDriver\ Compilation PaperFlowShare normal arm64 com.apple.xcode.tools.swift.compiler (in target 'PaperFlowShare' from project 'PaperFlow')
    cd /Users/long/github_space/good_ideas/pdf-file-workbench/PaperFlow
    builtin-Swift-Compilation -- /Applications/Xcode.app/Contents/Developer/Toolchains/XcodeDefault.xctoolchain/usr/bin/swiftc -module-name PaperFlowShare -Onone @/Users/long/github_space/good_ideas/pdf-file-workbench/.native-build/DeviceQA/Build/Intermediates.noindex/PaperFlow.build/Debug-iphoneos/PaperFlowShare.build/Objects-normal/arm64/PaperFlowShare.SwiftFileList -DDEBUG -enable-experimental-feature DebugDescriptionMacro -sdk /Applications/Xcode.app/Contents/Developer/Platforms/iPhoneOS.platform/Developer/SDKs/iPhoneOS27.0.sdk -target arm64-apple-ios18.0 -g -module-cache-path /Users/long/github_space/good_ideas/pdf-file-workbench/.native-build/DeviceQA/ModuleCache.noindex -Xfrontend -serialize-debugging-options -application-extension -enable-testing -index-store-path /Users/long/github_space/good_ideas/pdf-file-workbench/.native-build/DeviceQA/Index.noindex/DataStore -Xcc -D_LIBCPP_HARDENING_MODE\=_LIBCPP_HARDENING_MODE_DEBUG -swift-version 6 -I /Users/long/github_space/good_ideas/pdf-file-workbench/.native-build/DeviceQA/Build/Products/Debug-iphoneos -F /Users/long/github_space/good_ideas/pdf-file-workbench/.native-build/DeviceQA/Build/Products/Debug-iphoneos -parse-as-library -c -j15 -enable-batch-mode -incremental -Xcc -ivfsstatcache -Xcc /Users/long/github_space/good_ideas/pdf-file-workbench/.native-build/DeviceQA/SDKStatCaches.noindex/iphoneos27.0-24A430-6c78b3cbc238196c85e1bf6c792c5915.sdkstatcache -output-file-map /Users/long/github_space/good_ideas/pdf-file-workbench/.native-build/DeviceQA/Build/Intermediates.noindex/PaperFlow.build/Debug-iphoneos/PaperFlowShare.build/Objects-normal/arm64/PaperFlowShare-OutputFileMap.json -save-temps -no-color-diagnostics -explicit-module-build -module-cache-path /Users/long/github_space/good_ideas/pdf-file-workbench/.native-build/DeviceQA/Build/Intermediates.noindex/SwiftExplicitPrecompiledModules -clang-scanner-module-cache-path /Users/long/github_space/good_ideas/pdf-file-workbench/.native-build/DeviceQA/ModuleCache.noindex -sdk-module-cache-path /Users/long/github_space/good_ideas/pdf-file-workbench/.native-build/DeviceQA/SDKExplicitPrecompiledModules -emit-dependencies -emit-module -emit-module-path /Users/long/github_space/good_ideas/pdf-file-workbench/.native-build/DeviceQA/Build/Intermediates.noindex/PaperFlow.build/Debug-iphoneos/PaperFlowShare.build/Objects-normal/arm64/PaperFlowShare.swiftmodule -serialize-diagnostics -dependency-scan-serialize-diagnostics-path /Users/long/github_space/good_ideas/pdf-file-workbench/.native-build/DeviceQA/Build/Intermediates.noindex/PaperFlow.build/Debug-iphoneos/PaperFlowShare.build/Objects-normal/arm64/PaperFlowShare-dependency-scan.dia -validate-clang-modules-once -clang-build-session-file /Users/long/github_space/good_ideas/pdf-file-workbench/.native-build/DeviceQA/ModuleCache.noindex/Session.modulevalidation -Xcc -fmodules-prune-interval\=86400 -Xcc -fmodules-prune-after\=345600 -emit-const-values -const-gather-protocols-list /Users/long/github_space/good_ideas/pdf-file-workbench/.native-build/DeviceQA/Build/Intermediates.noindex/PaperFlow.build/Debug-iphoneos/PaperFlowShare.build/Objects-normal/arm64/PaperFlowShare_const_extract_protocols.json -Xcc -iquote -Xcc /Users/long/github_space/good_ideas/pdf-file-workbench/.native-build/DeviceQA/Build/Intermediates.noindex/PaperFlow.build/Debug-iphoneos/PaperFlowShare.build/PaperFlowShare-generated-files.hmap -Xcc -I/Users/long/github_space/good_ideas/pdf-file-workbench/.native-build/DeviceQA/Build/Intermediates.noindex/PaperFlow.build/Debug-iphoneos/PaperFlowShare.build/PaperFlowShare-own-target-headers.hmap -Xcc -I/Users/long/github_space/good_ideas/pdf-file-workbench/.native-build/DeviceQA/Build/Intermediates.noindex/PaperFlow.build/Debug-iphoneos/PaperFlowShare.build/PaperFlowShare-all-non-framework-target-headers.hmap -Xcc -ivfsoverlay -Xcc /Users/long/github_space/good_ideas/pdf-file-workbench/.native-build/DeviceQA/Build/Intermediates.noindex/PaperFlow.build/Debug-iphoneos/PaperFlow-d6f1c4fb6a7914d8f9b156270d074f68-VFS-iphoneos/all-product-headers.yaml -Xcc -iquote -Xcc /Users/long/github_space/good_ideas/pdf-file-workbench/.native-build/DeviceQA/Build/Intermediates.noindex/PaperFlow.build/Debug-iphoneos/PaperFlowShare.build/PaperFlowShare-project-headers.hmap -Xcc -I/Users/long/github_space/good_ideas/pdf-file-workbench/.native-build/DeviceQA/Build/Products/Debug-iphoneos/include -Xcc -I/Users/long/github_space/good_ideas/pdf-file-workbench/.native-build/DeviceQA/Build/Intermediates.noindex/PaperFlow.build/Debug-iphoneos/PaperFlowShare.build/DerivedSources-normal/arm64 -Xcc -I/Users/long/github_space/good_ideas/pdf-file-workbench/.native-build/DeviceQA/Build/Intermediates.noindex/PaperFlow.build/Debug-iphoneos/PaperFlowShare.build/DerivedSources/arm64 -Xcc -I/Users/long/github_space/good_ideas/pdf-file-workbench/.native-build/DeviceQA/Build/Intermediates.noindex/PaperFlow.build/Debug-iphoneos/PaperFlowShare.build/DerivedSources -Xcc -DDEBUG\=1 -emit-objc-header -emit-objc-header-path /Users/long/github_space/good_ideas/pdf-file-workbench/.native-build/DeviceQA/Build/Intermediates.noindex/PaperFlow.build/Debug-iphoneos/PaperFlowShare.build/Objects-normal/arm64/PaperFlowShare-Swift.h -working-directory /Users/long/github_space/good_ideas/pdf-file-workbench/PaperFlow -experimental-emit-module-separately -disable-cmo

Ld /Users/long/github_space/good_ideas/pdf-file-workbench/.native-build/DeviceQA/Build/Products/Debug-iphoneos/PaperFlowShare.appex/PaperFlowShare.debug.dylib normal (in target 'PaperFlowShare' from project 'PaperFlow')
    cd /Users/long/github_space/good_ideas/pdf-file-workbench/PaperFlow
    /Applications/Xcode.app/Contents/Developer/Toolchains/XcodeDefault.xctoolchain/usr/bin/clang -Xlinker -reproducible -target arm64-apple-ios18.0 -dynamiclib -isysroot /Applications/Xcode.app/Contents/Developer/Platforms/iPhoneOS.platform/Developer/SDKs/iPhoneOS27.0.sdk -O0 -Xlinker -no_warn_duplicate_libraries -L/Users/long/github_space/good_ideas/pdf-file-workbench/.native-build/DeviceQA/Build/Intermediates.noindex/EagerLinkingTBDs/Debug-iphoneos -L/Users/long/github_space/good_ideas/pdf-file-workbench/.native-build/DeviceQA/Build/Products/Debug-iphoneos -F/Users/long/github_space/good_ideas/pdf-file-workbench/.native-build/DeviceQA/Build/Intermediates.noindex/EagerLinkingTBDs/Debug-iphoneos -F/Users/long/github_space/good_ideas/pdf-file-workbench/.native-build/DeviceQA/Build/Products/Debug-iphoneos -filelist /Users/long/github_space/good_ideas/pdf-file-workbench/.native-build/DeviceQA/Build/Intermediates.noindex/PaperFlow.build/Debug-iphoneos/PaperFlowShare.build/Objects-normal/arm64/PaperFlowShare.LinkFileList -install_name @rpath/PaperFlowShare.debug.dylib -Xlinker -rpath -Xlinker /usr/lib/swift -Xlinker -rpath -Xlinker @executable_path/Frameworks -Xlinker -rpath -Xlinker @executable_path/../../Frameworks -Xlinker -dead_strip -Xlinker -object_path_lto -Xlinker /Users/long/github_space/good_ideas/pdf-file-workbench/.native-build/DeviceQA/Build/Intermediates.noindex/PaperFlow.build/Debug-iphoneos/PaperFlowShare.build/Objects-normal/arm64/PaperFlowShare_lto.o -rdynamic -Xlinker -no_deduplicate -Xlinker -dependency_info -Xlinker /Users/long/github_space/good_ideas/pdf-file-workbench/.native-build/DeviceQA/Build/Intermediates.noindex/PaperFlow.build/Debug-iphoneos/PaperFlowShare.build/Objects-normal/arm64/PaperFlowShare_dependency_info.dat -fapplication-extension -fobjc-link-runtime -L/Applications/Xcode.app/Contents/Developer/Toolchains/XcodeDefault.xctoolchain/usr/lib/swift/iphoneos -L/usr/lib/swift -Xlinker -add_ast_path -Xlinker /Users/long/github_space/good_ideas/pdf-file-workbench/.native-build/DeviceQA/Build/Intermediates.noindex/PaperFlow.build/Debug-iphoneos/PaperFlowShare.build/Objects-normal/arm64/PaperFlowShare.swiftmodule -Xlinker -alias -Xlinker _NSExtensionMain -Xlinker ___debug_main_executable_dylib_entry_point -Xlinker -no_adhoc_codesign -o /Users/long/github_space/good_ideas/pdf-file-workbench/.native-build/DeviceQA/Build/Products/Debug-iphoneos/PaperFlowShare.appex/PaperFlowShare.debug.dylib

SwiftExplicitDependencyGeneratePcm arm64 /Users/long/github_space/good_ideas/pdf-file-workbench/.native-build/DeviceQA/Build/Intermediates.noindex/SwiftExplicitPrecompiledModules/CQPDF-BZY0SG1EQDUZPFQGT0VKQ6DQO.pcm

SwiftExplicitDependencyGeneratePcm arm64 /Users/long/github_space/good_ideas/pdf-file-workbench/.native-build/DeviceQA/SDKExplicitPrecompiledModules/_DarwinFoundation1-BAN6QGKMLSCOL9KAOTV9JGSKW.pcm

SwiftExplicitDependencyGeneratePcm arm64 /Users/long/github_space/good_ideas/pdf-file-workbench/.native-build/DeviceQA/SDKExplicitPrecompiledModules/_Builtin_limits-5SQD4YM3Z33QZMOXZZNYNLC0B.pcm

SwiftExplicitDependencyGeneratePcm arm64 /Users/long/github_space/good_ideas/pdf-file-workbench/.native-build/DeviceQA/SDKExplicitPrecompiledModules/ExtensionFoundation-D62B0SYWHD1BWMMSH3YKE0UG1.pcm

SwiftExplicitDependencyGeneratePcm arm64 /Users/long/github_space/good_ideas/pdf-file-workbench/.native-build/DeviceQA/SDKExplicitPrecompiledModules/_DarwinFoundation2-10RJEOSWEITQY64CWS452CZQW.pcm

SwiftExplicitDependencyGeneratePcm arm64 /Users/long/github_space/good_ideas/pdf-file-workbench/.native-build/DeviceQA/SDKExplicitPrecompiledModules/_Builtin_tgmath-9DR8ONVPGOXNSQXUSYQYUX0Q0.pcm

SwiftExplicitDependencyGeneratePcm arm64 /Users/long/github_space/good_ideas/pdf-file-workbench/.native-build/DeviceQA/SDKExplicitPrecompiledModules/sys_types-3MDH2J9ULNVJB5992NTIO66OD.pcm

SwiftExplicitDependencyGeneratePcm arm64 /Users/long/github_space/good_ideas/pdf-file-workbench/.native-build/DeviceQA/SDKExplicitPrecompiledModules/string_h-7RQISN46Z4565LWO4709R9WUX.pcm

SwiftExplicitDependencyGeneratePcm arm64 /Users/long/github_space/good_ideas/pdf-file-workbench/.native-build/DeviceQA/SDKExplicitPrecompiledModules/_Builtin_stdint-WHDVE85A0PBRHY11K1UJX5IS.pcm

SwiftExplicitDependencyGeneratePcm arm64 /Users/long/github_space/good_ideas/pdf-file-workbench/.native-build/DeviceQA/SDKExplicitPrecompiledModules/_Builtin_stdatomic-1QN4XEVIJR0DQ1TAVNL4RAK5P.pcm

SwiftExplicitDependencyGeneratePcm arm64 /Users/long/github_space/good_ideas/pdf-file-workbench/.native-build/DeviceQA/SDKExplicitPrecompiledModules/_DarwinFoundation3-BJX9NSXDHU4SBG0PY31KMQDKZ.pcm

SwiftExplicitDependencyGeneratePcm arm64 /Users/long/github_space/good_ideas/pdf-file-workbench/.native-build/DeviceQA/SDKExplicitPrecompiledModules/_Builtin_intrinsics-E722BCI01CGCE0298H3OR5R6D.pcm

ConstructStubExecutorLinkFileList /Users/long/github_space/good_ideas/pdf-file-workbench/.native-build/DeviceQA/Build/Intermediates.noindex/PaperFlow.build/Debug-iphoneos/PaperFlowShare.build/PaperFlowShare-ExecutorLinkFileList-normal-arm64.txt (in target 'PaperFlowShare' from project 'PaperFlow')
    cd /Users/long/github_space/good_ideas/pdf-file-workbench/PaperFlow
    construct-stub-executor-link-file-list /Users/long/github_space/good_ideas/pdf-file-workbench/.native-build/DeviceQA/Build/Products/Debug-iphoneos/PaperFlowShare.appex/PaperFlowShare.debug.dylib /Applications/Xcode.app/Contents/Developer/Platforms/iPhoneOS.platform/Developer/usr/lib/libPreviewsJITStubExecutor_no_swift_entry_point.a /Applications/Xcode.app/Contents/Developer/Platforms/iPhoneOS.platform/Developer/usr/lib/libPreviewsJITStubExecutor.a --output /Users/long/github_space/good_ideas/pdf-file-workbench/.native-build/DeviceQA/Build/Intermediates.noindex/PaperFlow.build/Debug-iphoneos/PaperFlowShare.build/PaperFlowShare-ExecutorLinkFileList-normal-arm64.txt
note: Using stub executor library without Swift entry point. (in target 'PaperFlowShare' from project 'PaperFlow')

Ld /Users/long/github_space/good_ideas/pdf-file-workbench/.native-build/DeviceQA/Build/Products/Debug-iphoneos/PaperFlowShare.appex/PaperFlowShare normal (in target 'PaperFlowShare' from project 'PaperFlow')
    cd /Users/long/github_space/good_ideas/pdf-file-workbench/PaperFlow
    /Applications/Xcode.app/Contents/Developer/Toolchains/XcodeDefault.xctoolchain/usr/bin/clang -Xlinker -reproducible -target arm64-apple-ios18.0 -isysroot /Applications/Xcode.app/Contents/Developer/Platforms/iPhoneOS.platform/Developer/SDKs/iPhoneOS27.0.sdk -O0 -Xlinker -no_warn_duplicate_libraries -L/Users/long/github_space/good_ideas/pdf-file-workbench/.native-build/DeviceQA/Build/Products/Debug-iphoneos -F/Users/long/github_space/good_ideas/pdf-file-workbench/.native-build/DeviceQA/Build/Products/Debug-iphoneos -Xlinker -rpath -Xlinker @executable_path -Xlinker -rpath -Xlinker @executable_path/Frameworks -Xlinker -rpath -Xlinker @executable_path/../../Frameworks -rdynamic -Xlinker -no_deduplicate -e ___debug_blank_executor_main -Xlinker -sectcreate -Xlinker __TEXT -Xlinker __debug_dylib -Xlinker /Users/long/github_space/good_ideas/pdf-file-workbench/.native-build/DeviceQA/Build/Intermediates.noindex/PaperFlow.build/Debug-iphoneos/PaperFlowShare.build/PaperFlowShare-DebugDylibPath-normal-arm64.txt -Xlinker -sectcreate -Xlinker __TEXT -Xlinker __debug_entry -Xlinker /Users/long/github_space/good_ideas/pdf-file-workbench/.native-build/DeviceQA/Build/Intermediates.noindex/PaperFlow.build/Debug-iphoneos/PaperFlowShare.build/PaperFlowShare-DebugEntryPoint-normal-arm64.txt -Xlinker -sectcreate -Xlinker __TEXT -Xlinker __debug_instlnm -Xlinker /Users/long/github_space/good_ideas/pdf-file-workbench/.native-build/DeviceQA/Build/Intermediates.noindex/PaperFlow.build/Debug-iphoneos/PaperFlowShare.build/PaperFlowShare-DebugDylibInstallName-normal-arm64.txt -Xlinker -filelist -Xlinker /Users/long/github_space/good_ideas/pdf-file-workbench/.native-build/DeviceQA/Build/Intermediates.noindex/PaperFlow.build/Debug-iphoneos/PaperFlowShare.build/PaperFlowShare-ExecutorLinkFileList-normal-arm64.txt /Users/long/github_space/good_ideas/pdf-file-workbench/.native-build/DeviceQA/Build/Products/Debug-iphoneos/PaperFlowShare.appex/PaperFlowShare.debug.dylib -Xlinker -no_adhoc_codesign -o /Users/long/github_space/good_ideas/pdf-file-workbench/.native-build/DeviceQA/Build/Products/Debug-iphoneos/PaperFlowShare.appex/PaperFlowShare

ExtractAppIntentsMetadata (in target 'PaperFlowShare' from project 'PaperFlow')
    cd /Users/long/github_space/good_ideas/pdf-file-workbench/PaperFlow
    /Applications/Xcode.app/Contents/Developer/Toolchains/XcodeDefault.xctoolchain/usr/bin/appintentsmetadataprocessor --toolchain-dir /Applications/Xcode.app/Contents/Developer/Toolchains/XcodeDefault.xctoolchain --module-name PaperFlowShare --sdk-root /Applications/Xcode.app/Contents/Developer/Platforms/iPhoneOS.platform/Developer/SDKs/iPhoneOS27.0.sdk --xcode-version 27A266a --platform-family iOS --deployment-target 18.0 --bundle-identifier com.xiaolongxu.PaperFlow.Share --output /Users/long/github_space/good_ideas/pdf-file-workbench/.native-build/DeviceQA/Build/Products/Debug-iphoneos/PaperFlowShare.appex --target-triple arm64-apple-ios18.0 --binary-file /Users/long/github_space/good_ideas/pdf-file-workbench/.native-build/DeviceQA/Build/Products/Debug-iphoneos/PaperFlowShare.appex/PaperFlowShare --dependency-file /Users/long/github_space/good_ideas/pdf-file-workbench/.native-build/DeviceQA/Build/Intermediates.noindex/PaperFlow.build/Debug-iphoneos/PaperFlowShare.build/Objects-normal/arm64/PaperFlowShare_dependency_info.dat --stringsdata-file /Users/long/github_space/good_ideas/pdf-file-workbench/.native-build/DeviceQA/Build/Intermediates.noindex/PaperFlow.build/Debug-iphoneos/PaperFlowShare.build/Objects-normal/arm64/ExtractedAppShortcutsMetadata.stringsdata --source-file-list /Users/long/github_space/good_ideas/pdf-file-workbench/.native-build/DeviceQA/Build/Intermediates.noindex/PaperFlow.build/Debug-iphoneos/PaperFlowShare.build/Objects-normal/arm64/PaperFlowShare.SwiftFileList --metadata-file-list /Users/long/github_space/good_ideas/pdf-file-workbench/.native-build/DeviceQA/Build/Intermediates.noindex/PaperFlow.build/Debug-iphoneos/PaperFlowShare.build/PaperFlowShare.DependencyMetadataFileList --static-metadata-file-list /Users/long/github_space/good_ideas/pdf-file-workbench/.native-build/DeviceQA/Build/Intermediates.noindex/PaperFlow.build/Debug-iphoneos/PaperFlowShare.build/PaperFlowShare.DependencyStaticMetadataFileList --swift-const-vals-list /Users/long/github_space/good_ideas/pdf-file-workbench/.native-build/DeviceQA/Build/Intermediates.noindex/PaperFlow.build/Debug-iphoneos/PaperFlowShare.build/Objects-normal/arm64/PaperFlowShare.SwiftConstValuesFileList --compile-time-extraction --deployment-aware-processing --no-app-shortcuts-localization
2026-10-04 14:18:55.015 appintentsmetadataprocessor[99754:5651514] Starting appintentsmetadataprocessor export
2026-10-04 14:18:55.016 appintentsmetadataprocessor[99754:5651514] warning: Metadata extraction skipped, no AppIntents.framework dependency found

AppIntentsSSUTraining (in target 'PaperFlowShare' from project 'PaperFlow')
    cd /Users/long/github_space/good_ideas/pdf-file-workbench/PaperFlow
    /Applications/Xcode.app/Contents/Developer/Toolchains/XcodeDefault.xctoolchain/usr/bin/appintentsnltrainingprocessor --infoplist-path /Users/long/github_space/good_ideas/pdf-file-workbench/.native-build/DeviceQA/Build/Products/Debug-iphoneos/PaperFlowShare.appex/Info.plist --temp-dir-path /Users/long/github_space/good_ideas/pdf-file-workbench/.native-build/DeviceQA/Build/Intermediates.noindex/PaperFlow.build/Debug-iphoneos/PaperFlowShare.build/ssu --bundle-id com.xiaolongxu.PaperFlow.Share --product-path /Users/long/github_space/good_ideas/pdf-file-workbench/.native-build/DeviceQA/Build/Products/Debug-iphoneos/PaperFlowShare.appex --extracted-metadata-path /Users/long/github_space/good_ideas/pdf-file-workbench/.native-build/DeviceQA/Build/Products/Debug-iphoneos/PaperFlowShare.appex/Metadata.appintents --metadata-file-list /Users/long/github_space/good_ideas/pdf-file-workbench/.native-build/DeviceQA/Build/Intermediates.noindex/PaperFlow.build/Debug-iphoneos/PaperFlowShare.build/PaperFlowShare.DependencyMetadataFileList --source-file /Users/long/github_space/good_ideas/pdf-file-workbench/.native-build/DeviceQA/Build/Products/Debug-iphoneos/PaperFlowShare.appex/Info.plist --archive-ssu-assets
2026-10-04 14:18:55.039 appintentsnltrainingprocessor[99756:5651521] Parsing options for appintentsnltrainingprocessor
2026-10-04 14:18:55.040 appintentsnltrainingprocessor[99756:5651521] Starting AppIntents SSU YAML Generation
2026-10-04 14:18:55.042 appintentsnltrainingprocessor[99756:5651521] No AppShortcuts found - Skipping.

SwiftExplicitDependencyGeneratePcm arm64 /Users/long/github_space/good_ideas/pdf-file-workbench/.native-build/DeviceQA/SDKExplicitPrecompiledModules/_Builtin_inttypes-DJP4725XG156V8TQ1W9B8VB1S.pcm

CodeSign /Users/long/github_space/good_ideas/pdf-file-workbench/.native-build/DeviceQA/Build/Products/Debug-iphoneos/PaperFlowShare.appex/PaperFlowShare.debug.dylib (in target 'PaperFlowShare' from project 'PaperFlow')
    cd /Users/long/github_space/good_ideas/pdf-file-workbench/PaperFlow
    
    Signing Identity:     "Apple Development: xiaolong xu (HY7V43DS7R)"
    Provisioning Profile: "iOS Team Provisioning Profile: com.xiaolongxu.PaperFlow.Share"
                          (93308076-7080-43f5-8fdc-5ba6a6fce96f)
    
    /usr/bin/codesign --force --sign FFD2AF526670F8DE3BED6017FCAE181F2157970F --timestamp\=none --generate-entitlement-der /Users/long/github_space/good_ideas/pdf-file-workbench/.native-build/DeviceQA/Build/Products/Debug-iphoneos/PaperFlowShare.appex/PaperFlowShare.debug.dylib

SwiftExplicitDependencyGeneratePcm arm64 /Users/long/github_space/good_ideas/pdf-file-workbench/.native-build/DeviceQA/SDKExplicitPrecompiledModules/Darwin-AC9BRTGGJYR6YNNVGNJ9YL0Y6.pcm

CodeSign /Users/long/github_space/good_ideas/pdf-file-workbench/.native-build/DeviceQA/Build/Products/Debug-iphoneos/PaperFlowShare.appex/__preview.dylib (in target 'PaperFlowShare' from project 'PaperFlow')
    cd /Users/long/github_space/good_ideas/pdf-file-workbench/PaperFlow
    
    Signing Identity:     "Apple Development: xiaolong xu (HY7V43DS7R)"
    Provisioning Profile: "iOS Team Provisioning Profile: com.xiaolongxu.PaperFlow.Share"
                          (93308076-7080-43f5-8fdc-5ba6a6fce96f)
    
    /usr/bin/codesign --force --sign FFD2AF526670F8DE3BED6017FCAE181F2157970F --timestamp\=none --generate-entitlement-der /Users/long/github_space/good_ideas/pdf-file-workbench/.native-build/DeviceQA/Build/Products/Debug-iphoneos/PaperFlowShare.appex/__preview.dylib

SwiftExplicitDependencyGeneratePcm arm64 /Users/long/github_space/good_ideas/pdf-file-workbench/.native-build/DeviceQA/SDKExplicitPrecompiledModules/simd-BIML35O39C7LQRQUYWWLHE7JI.pcm

CodeSign /Users/long/github_space/good_ideas/pdf-file-workbench/.native-build/DeviceQA/Build/Products/Debug-iphoneos/PaperFlowShare.appex (in target 'PaperFlowShare' from project 'PaperFlow')
    cd /Users/long/github_space/good_ideas/pdf-file-workbench/PaperFlow
    
    Signing Identity:     "Apple Development: xiaolong xu (HY7V43DS7R)"
    Provisioning Profile: "iOS Team Provisioning Profile: com.xiaolongxu.PaperFlow.Share"
                          (93308076-7080-43f5-8fdc-5ba6a6fce96f)
    
    /usr/bin/codesign --force --sign FFD2AF526670F8DE3BED6017FCAE181F2157970F --entitlements /Users/long/github_space/good_ideas/pdf-file-workbench/.native-build/DeviceQA/Build/Intermediates.noindex/PaperFlow.build/Debug-iphoneos/PaperFlowShare.build/PaperFlowShare.appex.xcent --timestamp\=none --generate-entitlement-der /Users/long/github_space/good_ideas/pdf-file-workbench/.native-build/DeviceQA/Build/Products/Debug-iphoneos/PaperFlowShare.appex

RegisterExecutionPolicyException /Users/long/github_space/good_ideas/pdf-file-workbench/.native-build/DeviceQA/Build/Products/Debug-iphoneos/PaperFlowShare.appex (in target 'PaperFlowShare' from project 'PaperFlow')
    cd /Users/long/github_space/good_ideas/pdf-file-workbench/PaperFlow
    builtin-RegisterExecutionPolicyException /Users/long/github_space/good_ideas/pdf-file-workbench/.native-build/DeviceQA/Build/Products/Debug-iphoneos/PaperFlowShare.appex

Touch /Users/long/github_space/good_ideas/pdf-file-workbench/.native-build/DeviceQA/Build/Products/Debug-iphoneos/PaperFlowShare.appex (in target 'PaperFlowShare' from project 'PaperFlow')
    cd /Users/long/github_space/good_ideas/pdf-file-workbench/PaperFlow
    /usr/bin/touch -c /Users/long/github_space/good_ideas/pdf-file-workbench/.native-build/DeviceQA/Build/Products/Debug-iphoneos/PaperFlowShare.appex

SwiftExplicitDependencyGeneratePcm arm64 /Users/long/github_space/good_ideas/pdf-file-workbench/.native-build/DeviceQA/SDKExplicitPrecompiledModules/ObjectiveC-6NPD83VNWW3LUBOVMDDSQPAAL.pcm

SwiftExplicitDependencyGeneratePcm arm64 /Users/long/github_space/good_ideas/pdf-file-workbench/.native-build/DeviceQA/SDKExplicitPrecompiledModules/Compression-9TT5YMZNA87KS9XTA020JAKPB.pcm

SwiftExplicitDependencyGeneratePcm arm64 /Users/long/github_space/good_ideas/pdf-file-workbench/.native-build/DeviceQA/SDKExplicitPrecompiledModules/MachO-16GJO81U70HCI9TWCCVCZLJHO.pcm

SwiftExplicitDependencyGeneratePcm arm64 /Users/long/github_space/good_ideas/pdf-file-workbench/.native-build/DeviceQA/SDKExplicitPrecompiledModules/os_object-21SFR1571YU4OIEC4Q92EHRH5.pcm

SwiftExplicitDependencyGeneratePcm arm64 /Users/long/github_space/good_ideas/pdf-file-workbench/.native-build/DeviceQA/SDKExplicitPrecompiledModules/os_workgroup-6GR9YXEOBK8LV75BHINLT4HLG.pcm

SwiftExplicitDependencyGeneratePcm arm64 /Users/long/github_space/good_ideas/pdf-file-workbench/.native-build/DeviceQA/SDKExplicitPrecompiledModules/Spatial-21OSB0A0F6YUJLOW4EDYFAAK0.pcm

SwiftExplicitDependencyGeneratePcm arm64 /Users/long/github_space/good_ideas/pdf-file-workbench/.native-build/DeviceQA/SDKExplicitPrecompiledModules/Dispatch-BFIVEV3P7X2PODDHW0AKRZK9U.pcm

SwiftExplicitDependencyGeneratePcm arm64 /Users/long/github_space/good_ideas/pdf-file-workbench/.native-build/DeviceQA/SDKExplicitPrecompiledModules/XPC-E8L71B1FZNZCQAGZ7WELUL3H0.pcm

SwiftExplicitDependencyGeneratePcm arm64 /Users/long/github_space/good_ideas/pdf-file-workbench/.native-build/DeviceQA/SDKExplicitPrecompiledModules/dnssd-B09KP4LOX5NDHI9K5J89Z1UYA.pcm

SwiftExplicitDependencyGeneratePcm arm64 /Users/long/github_space/good_ideas/pdf-file-workbench/.native-build/DeviceQA/SDKExplicitPrecompiledModules/CoreFoundation-OIS5U81G0LYI0O5UU1AL8G8U.pcm

SwiftExplicitDependencyGeneratePcm arm64 /Users/long/github_space/good_ideas/pdf-file-workbench/.native-build/DeviceQA/SDKExplicitPrecompiledModules/os-4ICYJG5SGH2T6VV9BD7WNOTYU.pcm

SwiftExplicitDependencyGeneratePcm arm64 /Users/long/github_space/good_ideas/pdf-file-workbench/.native-build/DeviceQA/SDKExplicitPrecompiledModules/CoreAudioTypes-5IB9RWJQ646CADCBFBQNUPP6I.pcm

SwiftExplicitDependencyGeneratePcm arm64 /Users/long/github_space/good_ideas/pdf-file-workbench/.native-build/DeviceQA/SDKExplicitPrecompiledModules/Security-1769EDVWL5FLU3AOMCMQ1YV94.pcm

SwiftExplicitDependencyGeneratePcm arm64 /Users/long/github_space/good_ideas/pdf-file-workbench/.native-build/DeviceQA/SDKExplicitPrecompiledModules/CFNetwork-7FPWURPJFES32VVRO9XA3A0L7.pcm

SwiftExplicitDependencyGeneratePcm arm64 /Users/long/github_space/good_ideas/pdf-file-workbench/.native-build/DeviceQA/SDKExplicitPrecompiledModules/CoreGraphics-I6GP3STQKJIZWCOZGCPA5PD0.pcm

SwiftExplicitDependencyGeneratePcm arm64 /Users/long/github_space/good_ideas/pdf-file-workbench/.native-build/DeviceQA/SDKExplicitPrecompiledModules/CoreAudio-ABMDHXNT5W05Y04DXX3WUVUW5.pcm

SwiftExplicitDependencyGeneratePcm arm64 /Users/long/github_space/good_ideas/pdf-file-workbench/.native-build/DeviceQA/SDKExplicitPrecompiledModules/Foundation-5LB1ILK0TDGZAM6B2A631OW7C.pcm

SwiftExplicitDependencyGeneratePcm arm64 /Users/long/github_space/good_ideas/pdf-file-workbench/.native-build/DeviceQA/SDKExplicitPrecompiledModules/ImageIO-849XMLTTKBG7GOOD789QAQSGH.pcm

SwiftExplicitDependencyGeneratePcm arm64 /Users/long/github_space/good_ideas/pdf-file-workbench/.native-build/DeviceQA/SDKExplicitPrecompiledModules/CoreText-E6X3I82PYABL64X3ULY7RB4EN.pcm

LinkAssetCatalog /Users/long/github_space/good_ideas/pdf-file-workbench/PaperFlow/PaperFlow/Assets.xcassets (in target 'PaperFlow' from project 'PaperFlow')
    cd /Users/long/github_space/good_ideas/pdf-file-workbench/PaperFlow
    builtin-linkAssetCatalog --thinned /Users/long/github_space/good_ideas/pdf-file-workbench/.native-build/DeviceQA/Build/Intermediates.noindex/PaperFlow.build/Debug-iphoneos/PaperFlow.build/assetcatalog_output/thinned --thinned-dependencies /Users/long/github_space/good_ideas/pdf-file-workbench/.native-build/DeviceQA/Build/Intermediates.noindex/PaperFlow.build/Debug-iphoneos/PaperFlow.build/assetcatalog_dependencies_thinned --thinned-info-plist-content /Users/long/github_space/good_ideas/pdf-file-workbench/.native-build/DeviceQA/Build/Intermediates.noindex/PaperFlow.build/Debug-iphoneos/PaperFlow.build/assetcatalog_generated_info.plist_thinned --unthinned /Users/long/github_space/good_ideas/pdf-file-workbench/.native-build/DeviceQA/Build/Intermediates.noindex/PaperFlow.build/Debug-iphoneos/PaperFlow.build/assetcatalog_output/unthinned --unthinned-dependencies /Users/long/github_space/good_ideas/pdf-file-workbench/.native-build/DeviceQA/Build/Intermediates.noindex/PaperFlow.build/Debug-iphoneos/PaperFlow.build/assetcatalog_dependencies_unthinned --unthinned-info-plist-content /Users/long/github_space/good_ideas/pdf-file-workbench/.native-build/DeviceQA/Build/Intermediates.noindex/PaperFlow.build/Debug-iphoneos/PaperFlow.build/assetcatalog_generated_info.plist_unthinned --output /Users/long/github_space/good_ideas/pdf-file-workbench/.native-build/DeviceQA/Build/Products/Debug-iphoneos/PaperFlow.app --plist-output /Users/long/github_space/good_ideas/pdf-file-workbench/.native-build/DeviceQA/Build/Intermediates.noindex/PaperFlow.build/Debug-iphoneos/PaperFlow.build/assetcatalog_generated_info.plist
note: Emplaced /Users/long/github_space/good_ideas/pdf-file-workbench/.native-build/DeviceQA/Build/Products/Debug-iphoneos/PaperFlow.app/AppIcon60x60@2x.png (in target 'PaperFlow' from project 'PaperFlow')
note: Emplaced /Users/long/github_space/good_ideas/pdf-file-workbench/.native-build/DeviceQA/Build/Products/Debug-iphoneos/PaperFlow.app/AppIcon76x76@2x~ipad.png (in target 'PaperFlow' from project 'PaperFlow')
note: Emplaced /Users/long/github_space/good_ideas/pdf-file-workbench/.native-build/DeviceQA/Build/Products/Debug-iphoneos/PaperFlow.app/Assets.car (in target 'PaperFlow' from project 'PaperFlow')

SwiftExplicitDependencyGeneratePcm arm64 /Users/long/github_space/good_ideas/pdf-file-workbench/.native-build/DeviceQA/SDKExplicitPrecompiledModules/OSLog-9U45FYUEIFWHVV5NGVN8B08MD.pcm

SwiftExplicitDependencyGeneratePcm arm64 /Users/long/github_space/good_ideas/pdf-file-workbench/.native-build/DeviceQA/SDKExplicitPrecompiledModules/UniformTypeIdentifiers-7GWYX9Q96ISCMKW24PHD2JKP.pcm

SwiftExplicitDependencyGeneratePcm arm64 /Users/long/github_space/good_ideas/pdf-file-workbench/.native-build/DeviceQA/SDKExplicitPrecompiledModules/AppIntents-QOD08SYBOTOLLTL20EG1QYYJ.pcm

SwiftExplicitDependencyGeneratePcm arm64 /Users/long/github_space/good_ideas/pdf-file-workbench/.native-build/DeviceQA/SDKExplicitPrecompiledModules/LocalAuthentication-6T0E2VGBIUP167O5QY0OI5XX6.pcm

SwiftExplicitDependencyGeneratePcm arm64 /Users/long/github_space/good_ideas/pdf-file-workbench/.native-build/DeviceQA/SDKExplicitPrecompiledModules/CoreTransferable-E9I2P2HQHKYGFI2PG28MWL87B.pcm

SwiftExplicitDependencyGeneratePcm arm64 /Users/long/github_space/good_ideas/pdf-file-workbench/.native-build/DeviceQA/SDKExplicitPrecompiledModules/_LocationEssentials-7F2HTF9SKMYHHFSLUGSI8KL4X.pcm

SwiftExplicitDependencyGeneratePcm arm64 /Users/long/github_space/good_ideas/pdf-file-workbench/.native-build/DeviceQA/SDKExplicitPrecompiledModules/BackgroundAssets-92XUTNKH3WE6ESG6SLCRFS3GK.pcm

SwiftExplicitDependencyGeneratePcm arm64 /Users/long/github_space/good_ideas/pdf-file-workbench/.native-build/DeviceQA/SDKExplicitPrecompiledModules/Symbols-5XCF34QYLCYETMKQ5IFCW0HWH.pcm

SwiftExplicitDependencyGeneratePcm arm64 /Users/long/github_space/good_ideas/pdf-file-workbench/.native-build/DeviceQA/SDKExplicitPrecompiledModules/Accessibility-4YWTIMW29XW4CVK7QJ2KXC1CJ.pcm

SwiftExplicitDependencyGeneratePcm arm64 /Users/long/github_space/good_ideas/pdf-file-workbench/.native-build/DeviceQA/SDKExplicitPrecompiledModules/IOSurface-3LHTUZ4GRBW60R4V9UV5D1GN6.pcm

SwiftExplicitDependencyGeneratePcm arm64 /Users/long/github_space/good_ideas/pdf-file-workbench/.native-build/DeviceQA/SDKExplicitPrecompiledModules/DataDetection-6YXTP8SB8X8IP1FVRGQ0Z5J3R.pcm

SwiftExplicitDependencyGeneratePcm arm64 /Users/long/github_space/good_ideas/pdf-file-workbench/.native-build/DeviceQA/SDKExplicitPrecompiledModules/CoreData-EEZQDZHY0TJ7QIWIV2U0ZFWBR.pcm

SwiftExplicitDependencyGeneratePcm arm64 /Users/long/github_space/good_ideas/pdf-file-workbench/.native-build/DeviceQA/SDKExplicitPrecompiledModules/Network-7C7JC5AVSCNUJ0KJ9O5IDUWZL.pcm

SwiftExplicitDependencyGeneratePcm arm64 /Users/long/github_space/good_ideas/pdf-file-workbench/.native-build/DeviceQA/SDKExplicitPrecompiledModules/AppIntentsTypeSupport-DF6LKC6LEV9DPTG92BDEY5O2O.pcm

SwiftExplicitDependencyGeneratePcm arm64 /Users/long/github_space/good_ideas/pdf-file-workbench/.native-build/DeviceQA/SDKExplicitPrecompiledModules/CoreMIDI-5H81FORA7EDY14NYG0CX8QLV5.pcm

SwiftExplicitDependencyGeneratePcm arm64 /Users/long/github_space/good_ideas/pdf-file-workbench/.native-build/DeviceQA/SDKExplicitPrecompiledModules/FileProvider-448JSY0VIS6XZ8U5FZHT5D0E.pcm

SwiftExplicitDependencyGeneratePcm arm64 /Users/long/github_space/good_ideas/pdf-file-workbench/.native-build/DeviceQA/SDKExplicitPrecompiledModules/UserNotifications-D8RCCDPB5PWE3G0S1ALDUP8ZF.pcm

SwiftExplicitDependencyGeneratePcm arm64 /Users/long/github_space/good_ideas/pdf-file-workbench/.native-build/DeviceQA/SDKExplicitPrecompiledModules/UIUtilities-B2XRLJA561FGOI7OD6M8F3CLX.pcm

SwiftExplicitDependencyGeneratePcm arm64 /Users/long/github_space/good_ideas/pdf-file-workbench/.native-build/DeviceQA/SDKExplicitPrecompiledModules/RelevanceKit-5UAW13OZ6HYER397Q61QJYZ2C.pcm

SwiftExplicitDependencyGeneratePcm arm64 /Users/long/github_space/good_ideas/pdf-file-workbench/.native-build/DeviceQA/SDKExplicitPrecompiledModules/CoreLocation-1S7ESE3RDR9T305Q9DM8X8S40.pcm

SwiftExplicitDependencyGeneratePcm arm64 /Users/long/github_space/good_ideas/pdf-file-workbench/.native-build/DeviceQA/SDKExplicitPrecompiledModules/ModelIO-2NZQZS0BI8IQCN8EOSQK8FYPC.pcm

SwiftExplicitDependencyGeneratePcm arm64 /Users/long/github_space/good_ideas/pdf-file-workbench/.native-build/DeviceQA/SDKExplicitPrecompiledModules/CoreSpotlight-4VIYGIDEOSHBTX61U0TTY3QCX.pcm

SwiftExplicitDependencyGeneratePcm arm64 /Users/long/github_space/good_ideas/pdf-file-workbench/.native-build/DeviceQA/SDKExplicitPrecompiledModules/OpenGLES-5TW2PXJQZ07M8IF63MZX20VWV.pcm

SwiftExplicitDependencyGeneratePcm arm64 /Users/long/github_space/good_ideas/pdf-file-workbench/.native-build/DeviceQA/SDKExplicitPrecompiledModules/Metal-CYIK5SEAFJISOTJ36TEEC5U1F.pcm

SwiftExplicitDependencyGeneratePcm arm64 /Users/long/github_space/good_ideas/pdf-file-workbench/.native-build/DeviceQA/SDKExplicitPrecompiledModules/AVRouting-4BP43AUNABCDL8ZHSTUK8PVZ2.pcm

SwiftExplicitDependencyGeneratePcm arm64 /Users/long/github_space/good_ideas/pdf-file-workbench/.native-build/DeviceQA/SDKExplicitPrecompiledModules/AudioToolbox-3L7B6M2Z9O5W6YCEHLQD1MFX.pcm

SwiftExplicitDependencyGeneratePcm arm64 /Users/long/github_space/good_ideas/pdf-file-workbench/.native-build/DeviceQA/SDKExplicitPrecompiledModules/CoreMotion-9XB4SK3WBSLTLUFIRY0A2O0C1.pcm

SwiftExplicitDependencyGeneratePcm arm64 /Users/long/github_space/good_ideas/pdf-file-workbench/.native-build/DeviceQA/SDKExplicitPrecompiledModules/CloudKit-CI587K7ROEKWXL8BP4PJWE85B.pcm

SwiftExplicitDependencyGeneratePcm arm64 /Users/long/github_space/good_ideas/pdf-file-workbench/.native-build/DeviceQA/SDKExplicitPrecompiledModules/CoreVideo-83V1ZEEQJHPVFCA8SNFMR5VGS.pcm

SwiftExplicitDependencyGeneratePcm arm64 /Users/long/github_space/good_ideas/pdf-file-workbench/.native-build/DeviceQA/SDKExplicitPrecompiledModules/CoreImage-7JCCMDP1ZN3H0OVUJ9JVUSCUV.pcm

SwiftExplicitDependencyGeneratePcm arm64 /Users/long/github_space/good_ideas/pdf-file-workbench/.native-build/DeviceQA/SDKExplicitPrecompiledModules/CoreMedia-5W3FBHOVV3KGY6CQKLAF31C2Q.pcm

SwiftExplicitDependencyGeneratePcm arm64 /Users/long/github_space/good_ideas/pdf-file-workbench/.native-build/DeviceQA/SDKExplicitPrecompiledModules/CoreML-3RJQFUQ3D9AS39INVWRYUY48O.pcm

SwiftExplicitDependencyGeneratePcm arm64 /Users/long/github_space/good_ideas/pdf-file-workbench/.native-build/DeviceQA/SDKExplicitPrecompiledModules/Accelerate-B3AKCOBF2XLI49AT1NSKP26U0.pcm

SwiftExplicitDependencyGeneratePcm arm64 /Users/long/github_space/good_ideas/pdf-file-workbench/.native-build/DeviceQA/SDKExplicitPrecompiledModules/QuartzCore-3NRQNCIJ80QCYAQZPVPYDQZ2V.pcm

SwiftExplicitDependencyGeneratePcm arm64 /Users/long/github_space/good_ideas/pdf-file-workbench/.native-build/DeviceQA/SDKExplicitPrecompiledModules/SwiftUICore-BQ4ZVXQXM2AWL39NRN7SUHNJN.pcm

SwiftExplicitDependencyGeneratePcm arm64 /Users/long/github_space/good_ideas/pdf-file-workbench/.native-build/DeviceQA/SDKExplicitPrecompiledModules/Vision-44FDGDML785BE62SNBCLBI4AQ.pcm

SwiftExplicitDependencyGeneratePcm arm64 /Users/long/github_space/good_ideas/pdf-file-workbench/.native-build/DeviceQA/SDKExplicitPrecompiledModules/AVFAudio-6WOX0U3PDJS3MZCESXY4RNBW1.pcm

SwiftExplicitDependencyGeneratePcm arm64 /Users/long/github_space/good_ideas/pdf-file-workbench/.native-build/DeviceQA/SDKExplicitPrecompiledModules/MediaToolbox-4KRDLYK92HBUTUI64Z3RQVY2T.pcm

SwiftExplicitDependencyGeneratePcm arm64 /Users/long/github_space/good_ideas/pdf-file-workbench/.native-build/DeviceQA/SDKExplicitPrecompiledModules/VideoToolbox-8N94FEBT64K3O1BL1WS2TLN14.pcm

SwiftExplicitDependencyGeneratePcm arm64 /Users/long/github_space/good_ideas/pdf-file-workbench/.native-build/DeviceQA/SDKExplicitPrecompiledModules/UIKit-946OB90JWVJFS150BEG8QWKP6.pcm

SwiftDriverJobDiscovery normal arm64 Compiling ProcessingEngine.swift (in target 'PaperFlowProcessing' from project 'PaperFlowKit')

SwiftDriver\ Compilation PaperFlowProcessing normal arm64 com.apple.xcode.tools.swift.compiler (in target 'PaperFlowProcessing' from project 'PaperFlowKit')
    cd /Users/long/github_space/good_ideas/pdf-file-workbench/PaperFlow/PaperFlow.xcodeproj
    builtin-Swift-Compilation -- /Applications/Xcode.app/Contents/Developer/Toolchains/XcodeDefault.xctoolchain/usr/bin/swiftc -parse-as-library -module-name PaperFlowProcessing -Onone @/Users/long/github_space/good_ideas/pdf-file-workbench/.native-build/DeviceQA/Build/Intermediates.noindex/PaperFlowKit.build/Debug-iphoneos/PaperFlowProcessing-t.build/Objects-normal/arm64/PaperFlowProcessing.SwiftFileList -DSWIFT_PACKAGE -DDEBUG -DSWIFT_MODULE_RESOURCE_BUNDLE_UNAVAILABLE -Xcc -fmodule-map-file\=/Users/long/github_space/good_ideas/pdf-file-workbench/.native-build/DeviceQA/Build/Intermediates.noindex/GeneratedModuleMaps-iphoneos/CQPDF.modulemap -DXcode -plugin-path /Applications/Xcode.app/Contents/Developer/Toolchains/XcodeDefault.xctoolchain/usr/lib/swift/host/plugins/testing -enable-experimental-feature DebugDescriptionMacro -sdk /Applications/Xcode.app/Contents/Developer/Platforms/iPhoneOS.platform/Developer/SDKs/iPhoneOS27.0.sdk -target arm64-apple-ios18.0 -g -module-cache-path /Users/long/github_space/good_ideas/pdf-file-workbench/.native-build/DeviceQA/ModuleCache.noindex -Xfrontend -serialize-debugging-options -enable-testing -index-store-path /Users/long/github_space/good_ideas/pdf-file-workbench/.native-build/DeviceQA/Index.noindex/DataStore -Xcc -D_LIBCPP_HARDENING_MODE\=_LIBCPP_HARDENING_MODE_DEBUG -swift-version 6 -I /Users/long/github_space/good_ideas/pdf-file-workbench/.native-build/DeviceQA/Build/Products/Debug-iphoneos -Isystem /Applications/Xcode.app/Contents/Developer/Platforms/iPhoneOS.platform/Developer/usr/lib -F /Users/long/github_space/good_ideas/pdf-file-workbench/.native-build/DeviceQA/Build/Products/Debug-iphoneos/PackageFrameworks -F /Users/long/github_space/good_ideas/pdf-file-workbench/.native-build/DeviceQA/Build/Products/Debug-iphoneos -F /Applications/Xcode.app/Contents/Developer/Platforms/iPhoneOS.platform/Developer/Library/Frameworks -F /Applications/Xcode.app/Contents/Developer/Platforms/iPhoneOS.platform/Developer/SDKs/iPhoneOS27.0.sdk/Developer/Library/Frameworks -c -j15 -enable-batch-mode -incremental -Xcc -ivfsstatcache -Xcc /Users/long/github_space/good_ideas/pdf-file-workbench/.native-build/DeviceQA/SDKStatCaches.noindex/iphoneos27.0-24A430-6c78b3cbc238196c85e1bf6c792c5915.sdkstatcache -output-file-map /Users/long/github_space/good_ideas/pdf-file-workbench/.native-build/DeviceQA/Build/Intermediates.noindex/PaperFlowKit.build/Debug-iphoneos/PaperFlowProcessing-t.build/Objects-normal/arm64/PaperFlowProcessing-OutputFileMap.json -save-temps -no-color-diagnostics -explicit-module-build -module-cache-path /Users/long/github_space/good_ideas/pdf-file-workbench/.native-build/DeviceQA/Build/Intermediates.noindex/SwiftExplicitPrecompiledModules -clang-scanner-module-cache-path /Users/long/github_space/good_ideas/pdf-file-workbench/.native-build/DeviceQA/ModuleCache.noindex -sdk-module-cache-path /Users/long/github_space/good_ideas/pdf-file-workbench/.native-build/DeviceQA/SDKExplicitPrecompiledModules -emit-dependencies -emit-module -emit-module-path /Users/long/github_space/good_ideas/pdf-file-workbench/.native-build/DeviceQA/Build/Intermediates.noindex/PaperFlowKit.build/Debug-iphoneos/PaperFlowProcessing-t.build/Objects-normal/arm64/PaperFlowProcessing.swiftmodule -serialize-diagnostics -dependency-scan-serialize-diagnostics-path /Users/long/github_space/good_ideas/pdf-file-workbench/.native-build/DeviceQA/Build/Intermediates.noindex/PaperFlowKit.build/Debug-iphoneos/PaperFlowProcessing-t.build/Objects-normal/arm64/PaperFlowProcessing-dependency-scan.dia -validate-clang-modules-once -clang-build-session-file /Users/long/github_space/good_ideas/pdf-file-workbench/.native-build/DeviceQA/ModuleCache.noindex/Session.modulevalidation -Xcc -fmodules-prune-interval\=86400 -Xcc -fmodules-prune-after\=345600 -package-name paperflowkit -emit-const-values -const-gather-protocols-list /Users/long/github_space/good_ideas/pdf-file-workbench/.native-build/DeviceQA/Build/Intermediates.noindex/PaperFlowKit.build/Debug-iphoneos/PaperFlowProcessing-t.build/Objects-normal/arm64/PaperFlowProcessing_const_extract_protocols.json -Xcc -I/Users/long/github_space/good_ideas/pdf-file-workbench/PaperFlow/Packages/PaperFlowKit/Sources/CQPDF/include -Xcc -I/Users/long/github_space/good_ideas/pdf-file-workbench/.native-build/DeviceQA/Build/Products/Debug-iphoneos/include -Xcc -I/Users/long/github_space/good_ideas/pdf-file-workbench/.native-build/DeviceQA/Build/Intermediates.noindex/PaperFlowKit.build/Debug-iphoneos/PaperFlowProcessing-t.build/DerivedSources-normal/arm64 -Xcc -I/Users/long/github_space/good_ideas/pdf-file-workbench/.native-build/DeviceQA/Build/Intermediates.noindex/PaperFlowKit.build/Debug-iphoneos/PaperFlowProcessing-t.build/DerivedSources/arm64 -Xcc -I/Users/long/github_space/good_ideas/pdf-file-workbench/.native-build/DeviceQA/Build/Intermediates.noindex/PaperFlowKit.build/Debug-iphoneos/PaperFlowProcessing-t.build/DerivedSources -Xcc -DSWIFT_PACKAGE -Xcc -DDEBUG\=1 -emit-objc-header -emit-objc-header-path /Users/long/github_space/good_ideas/pdf-file-workbench/.native-build/DeviceQA/Build/Intermediates.noindex/PaperFlowKit.build/Debug-iphoneos/PaperFlowProcessing-t.build/Objects-normal/arm64/PaperFlowProcessing-Swift.h -working-directory /Users/long/github_space/good_ideas/pdf-file-workbench/PaperFlow/PaperFlow.xcodeproj -experimental-emit-module-separately -disable-cmo

Ld /Users/long/github_space/good_ideas/pdf-file-workbench/.native-build/DeviceQA/Build/Products/Debug-iphoneos/PaperFlowProcessing.o normal (in target 'PaperFlowProcessing' from project 'PaperFlowKit')
    cd /Users/long/github_space/good_ideas/pdf-file-workbench/PaperFlow/Packages/PaperFlowKit
    /Applications/Xcode.app/Contents/Developer/Toolchains/XcodeDefault.xctoolchain/usr/bin/clang -Xlinker -reproducible -target arm64-apple-ios18.0 -r -isysroot /Applications/Xcode.app/Contents/Developer/Platforms/iPhoneOS.platform/Developer/SDKs/iPhoneOS27.0.sdk -O0 -Xlinker -no_warn_duplicate_libraries -F/Users/long/github_space/good_ideas/pdf-file-workbench/.native-build/DeviceQA/Build/Intermediates.noindex/EagerLinkingTBDs/Debug-iphoneos -F/Users/long/github_space/good_ideas/pdf-file-workbench/.native-build/DeviceQA/Build/Products/Debug-iphoneos/PackageFrameworks -F/Users/long/github_space/good_ideas/pdf-file-workbench/.native-build/DeviceQA/Build/Products/Debug-iphoneos -iframework /Applications/Xcode.app/Contents/Developer/Platforms/iPhoneOS.platform/Developer/Library/Frameworks -iframework /Applications/Xcode.app/Contents/Developer/Platforms/iPhoneOS.platform/Developer/SDKs/iPhoneOS27.0.sdk/Developer/Library/Frameworks -filelist /Users/long/github_space/good_ideas/pdf-file-workbench/.native-build/DeviceQA/Build/Intermediates.noindex/PaperFlowKit.build/Debug-iphoneos/PaperFlowProcessing-t.build/Objects-normal/arm64/PaperFlowProcessing.LinkFileList -nostdlib -Xlinker -object_path_lto -Xlinker /Users/long/github_space/good_ideas/pdf-file-workbench/.native-build/DeviceQA/Build/Intermediates.noindex/PaperFlowKit.build/Debug-iphoneos/PaperFlowProcessing-t.build/Objects-normal/arm64/PaperFlowProcessing_lto.o -Xlinker -no_deduplicate -Xlinker -dependency_info -Xlinker /Users/long/github_space/good_ideas/pdf-file-workbench/.native-build/DeviceQA/Build/Intermediates.noindex/PaperFlowKit.build/Debug-iphoneos/PaperFlowProcessing-t.build/Objects-normal/arm64/PaperFlowProcessing_dependency_info.dat -fobjc-link-runtime -L/Applications/Xcode.app/Contents/Developer/Toolchains/XcodeDefault.xctoolchain/usr/lib/swift/iphoneos -L/usr/lib/swift -Xlinker -add_ast_path -Xlinker /Users/long/github_space/good_ideas/pdf-file-workbench/.native-build/DeviceQA/Build/Intermediates.noindex/PaperFlowKit.build/Debug-iphoneos/PaperFlowProcessing-t.build/Objects-normal/arm64/PaperFlowProcessing.swiftmodule -o /Users/long/github_space/good_ideas/pdf-file-workbench/.native-build/DeviceQA/Build/Products/Debug-iphoneos/PaperFlowProcessing.o

ExtractAppIntentsMetadata (in target 'PaperFlowProcessing' from project 'PaperFlowKit')
    cd /Users/long/github_space/good_ideas/pdf-file-workbench/PaperFlow/Packages/PaperFlowKit
    /Applications/Xcode.app/Contents/Developer/Toolchains/XcodeDefault.xctoolchain/usr/bin/appintentsmetadataprocessor --toolchain-dir /Applications/Xcode.app/Contents/Developer/Toolchains/XcodeDefault.xctoolchain --module-name PaperFlowProcessing --sdk-root /Applications/Xcode.app/Contents/Developer/Platforms/iPhoneOS.platform/Developer/SDKs/iPhoneOS27.0.sdk --xcode-version 27A266a --platform-family iOS --deployment-target 18.0 --bundle-identifier paperflowkit.PaperFlowProcessing --output /Users/long/github_space/good_ideas/pdf-file-workbench/.native-build/DeviceQA/Build/Products/Debug-iphoneos/PaperFlowProcessing.appintents --target-triple arm64-apple-ios18.0 --binary-file /Users/long/github_space/good_ideas/pdf-file-workbench/.native-build/DeviceQA/Build/Products/Debug-iphoneos/PaperFlowProcessing.o --dependency-file /Users/long/github_space/good_ideas/pdf-file-workbench/.native-build/DeviceQA/Build/Intermediates.noindex/PaperFlowKit.build/Debug-iphoneos/PaperFlowProcessing-t.build/Objects-normal/arm64/PaperFlowProcessing_dependency_info.dat --stringsdata-file /Users/long/github_space/good_ideas/pdf-file-workbench/.native-build/DeviceQA/Build/Intermediates.noindex/PaperFlowKit.build/Debug-iphoneos/PaperFlowProcessing-t.build/Objects-normal/arm64/ExtractedAppShortcutsMetadata.stringsdata --source-file-list /Users/long/github_space/good_ideas/pdf-file-workbench/.native-build/DeviceQA/Build/Intermediates.noindex/PaperFlowKit.build/Debug-iphoneos/PaperFlowProcessing-t.build/Objects-normal/arm64/PaperFlowProcessing.SwiftFileList --metadata-file-list /Users/long/github_space/good_ideas/pdf-file-workbench/.native-build/DeviceQA/Build/Intermediates.noindex/PaperFlowKit.build/Debug-iphoneos/PaperFlowProcessing-t.build/PaperFlowProcessing.DependencyMetadataFileList --static-metadata-file-list /Users/long/github_space/good_ideas/pdf-file-workbench/.native-build/DeviceQA/Build/Intermediates.noindex/PaperFlowKit.build/Debug-iphoneos/PaperFlowProcessing-t.build/PaperFlowProcessing.DependencyStaticMetadataFileList --swift-const-vals-list /Users/long/github_space/good_ideas/pdf-file-workbench/.native-build/DeviceQA/Build/Intermediates.noindex/PaperFlowKit.build/Debug-iphoneos/PaperFlowProcessing-t.build/Objects-normal/arm64/PaperFlowProcessing.SwiftConstValuesFileList --force --compile-time-extraction --deployment-aware-processing --no-app-shortcuts-localization
2026-10-04 14:18:56.231 appintentsmetadataprocessor[99871:5651751] Starting appintentsmetadataprocessor export
2026-10-04 14:18:56.273 appintentsmetadataprocessor[99871:5651751] Extracted no relevant App Intents symbols, skipping writing output

SwiftExplicitDependencyGeneratePcm arm64 /Users/long/github_space/good_ideas/pdf-file-workbench/.native-build/DeviceQA/SDKExplicitPrecompiledModules/AVFoundation-16OIAOWZIDNHQZ9OFRRT84V27.pcm

CpResource /Users/long/github_space/good_ideas/pdf-file-workbench/.native-build/DeviceQA/Build/Products/Debug-iphoneos/PaperFlow.app/sample-report.pdf /Users/long/github_space/good_ideas/pdf-file-workbench/PaperFlow/PaperFlow/Resources/sample-report.pdf (in target 'PaperFlow' from project 'PaperFlow')
    cd /Users/long/github_space/good_ideas/pdf-file-workbench/PaperFlow
    builtin-copy -exclude .DS_Store -exclude CVS -exclude .svn -exclude .git -exclude .hg -resolve-src-symlinks /Users/long/github_space/good_ideas/pdf-file-workbench/PaperFlow/PaperFlow/Resources/sample-report.pdf /Users/long/github_space/good_ideas/pdf-file-workbench/.native-build/DeviceQA/Build/Products/Debug-iphoneos/PaperFlow.app

CpResource /Users/long/github_space/good_ideas/pdf-file-workbench/.native-build/DeviceQA/Build/Products/Debug-iphoneos/PaperFlow.app/sample-invoice.pdf /Users/long/github_space/good_ideas/pdf-file-workbench/PaperFlow/PaperFlow/Resources/sample-invoice.pdf (in target 'PaperFlow' from project 'PaperFlow')
    cd /Users/long/github_space/good_ideas/pdf-file-workbench/PaperFlow
    builtin-copy -exclude .DS_Store -exclude CVS -exclude .svn -exclude .git -exclude .hg -resolve-src-symlinks /Users/long/github_space/good_ideas/pdf-file-workbench/PaperFlow/PaperFlow/Resources/sample-invoice.pdf /Users/long/github_space/good_ideas/pdf-file-workbench/.native-build/DeviceQA/Build/Products/Debug-iphoneos/PaperFlow.app

CpResource /Users/long/github_space/good_ideas/pdf-file-workbench/.native-build/DeviceQA/Build/Products/Debug-iphoneos/PaperFlow.app/sample-receipt.pdf /Users/long/github_space/good_ideas/pdf-file-workbench/PaperFlow/PaperFlow/Resources/sample-receipt.pdf (in target 'PaperFlow' from project 'PaperFlow')
    cd /Users/long/github_space/good_ideas/pdf-file-workbench/PaperFlow
    builtin-copy -exclude .DS_Store -exclude CVS -exclude .svn -exclude .git -exclude .hg -resolve-src-symlinks /Users/long/github_space/good_ideas/pdf-file-workbench/PaperFlow/PaperFlow/Resources/sample-receipt.pdf /Users/long/github_space/good_ideas/pdf-file-workbench/.native-build/DeviceQA/Build/Products/Debug-iphoneos/PaperFlow.app

CpResource /Users/long/github_space/good_ideas/pdf-file-workbench/.native-build/DeviceQA/Build/Products/Debug-iphoneos/PaperFlow.app/sample-contract.pdf /Users/long/github_space/good_ideas/pdf-file-workbench/PaperFlow/PaperFlow/Resources/sample-contract.pdf (in target 'PaperFlow' from project 'PaperFlow')
    cd /Users/long/github_space/good_ideas/pdf-file-workbench/PaperFlow
    builtin-copy -exclude .DS_Store -exclude CVS -exclude .svn -exclude .git -exclude .hg -resolve-src-symlinks /Users/long/github_space/good_ideas/pdf-file-workbench/PaperFlow/PaperFlow/Resources/sample-contract.pdf /Users/long/github_space/good_ideas/pdf-file-workbench/.native-build/DeviceQA/Build/Products/Debug-iphoneos/PaperFlow.app

CpResource /Users/long/github_space/good_ideas/pdf-file-workbench/.native-build/DeviceQA/Build/Products/Debug-iphoneos/PaperFlow.app/QPDF-LICENSE.txt /Users/long/github_space/good_ideas/pdf-file-workbench/PaperFlow/PaperFlow/Resources/QPDF-LICENSE.txt (in target 'PaperFlow' from project 'PaperFlow')
    cd /Users/long/github_space/good_ideas/pdf-file-workbench/PaperFlow
    builtin-copy -exclude .DS_Store -exclude CVS -exclude .svn -exclude .git -exclude .hg -resolve-src-symlinks /Users/long/github_space/good_ideas/pdf-file-workbench/PaperFlow/PaperFlow/Resources/QPDF-LICENSE.txt /Users/long/github_space/good_ideas/pdf-file-workbench/.native-build/DeviceQA/Build/Products/Debug-iphoneos/PaperFlow.app

CpResource /Users/long/github_space/good_ideas/pdf-file-workbench/.native-build/DeviceQA/Build/Products/Debug-iphoneos/PaperFlow.app/lucide.json /Users/long/github_space/good_ideas/pdf-file-workbench/PaperFlow/PaperFlow/Resources/lucide.json (in target 'PaperFlow' from project 'PaperFlow')
    cd /Users/long/github_space/good_ideas/pdf-file-workbench/PaperFlow
    builtin-copy -exclude .DS_Store -exclude CVS -exclude .svn -exclude .git -exclude .hg -resolve-src-symlinks /Users/long/github_space/good_ideas/pdf-file-workbench/PaperFlow/PaperFlow/Resources/lucide.json /Users/long/github_space/good_ideas/pdf-file-workbench/.native-build/DeviceQA/Build/Products/Debug-iphoneos/PaperFlow.app

CpResource /Users/long/github_space/good_ideas/pdf-file-workbench/.native-build/DeviceQA/Build/Products/Debug-iphoneos/PaperFlow.app/LUCIDE-LICENSE.txt /Users/long/github_space/good_ideas/pdf-file-workbench/PaperFlow/PaperFlow/Resources/LUCIDE-LICENSE.txt (in target 'PaperFlow' from project 'PaperFlow')
    cd /Users/long/github_space/good_ideas/pdf-file-workbench/PaperFlow
    builtin-copy -exclude .DS_Store -exclude CVS -exclude .svn -exclude .git -exclude .hg -resolve-src-symlinks /Users/long/github_space/good_ideas/pdf-file-workbench/PaperFlow/PaperFlow/Resources/LUCIDE-LICENSE.txt /Users/long/github_space/good_ideas/pdf-file-workbench/.native-build/DeviceQA/Build/Products/Debug-iphoneos/PaperFlow.app

CpResource /Users/long/github_space/good_ideas/pdf-file-workbench/.native-build/DeviceQA/Build/Products/Debug-iphoneos/PaperFlow.app/JPEG-LICENSE.txt /Users/long/github_space/good_ideas/pdf-file-workbench/PaperFlow/PaperFlow/Resources/JPEG-LICENSE.txt (in target 'PaperFlow' from project 'PaperFlow')
    cd /Users/long/github_space/good_ideas/pdf-file-workbench/PaperFlow
    builtin-copy -exclude .DS_Store -exclude CVS -exclude .svn -exclude .git -exclude .hg -resolve-src-symlinks /Users/long/github_space/good_ideas/pdf-file-workbench/PaperFlow/PaperFlow/Resources/JPEG-LICENSE.txt /Users/long/github_space/good_ideas/pdf-file-workbench/.native-build/DeviceQA/Build/Products/Debug-iphoneos/PaperFlow.app

Ld /Users/long/github_space/good_ideas/pdf-file-workbench/.native-build/DeviceQA/Build/Products/Debug-iphoneos/PaperFlow.app/__preview.dylib normal (in target 'PaperFlow' from project 'PaperFlow')
    cd /Users/long/github_space/good_ideas/pdf-file-workbench/PaperFlow
    /Applications/Xcode.app/Contents/Developer/Toolchains/XcodeDefault.xctoolchain/usr/bin/clang -Xlinker -reproducible -target arm64-apple-ios18.0 -dynamiclib -isysroot /Applications/Xcode.app/Contents/Developer/Platforms/iPhoneOS.platform/Developer/SDKs/iPhoneOS27.0.sdk -O0 -Xlinker -no_warn_duplicate_libraries -L/Users/long/github_space/good_ideas/pdf-file-workbench/.native-build/DeviceQA/Build/Products/Debug-iphoneos -F/Users/long/github_space/good_ideas/pdf-file-workbench/.native-build/DeviceQA/Build/Products/Debug-iphoneos/PackageFrameworks -F/Users/long/github_space/good_ideas/pdf-file-workbench/.native-build/DeviceQA/Build/Products/Debug-iphoneos -install_name @rpath/PaperFlow.debug.dylib -Xlinker -dead_strip -rdynamic -Xlinker -no_deduplicate -Xlinker -dependency_info -Xlinker /Users/long/github_space/good_ideas/pdf-file-workbench/.native-build/DeviceQA/Build/Intermediates.noindex/PaperFlow.build/Debug-iphoneos/PaperFlow.build/Objects-normal/arm64/PaperFlow_dependency_info.dat -Xlinker -no_adhoc_codesign -o /Users/long/github_space/good_ideas/pdf-file-workbench/.native-build/DeviceQA/Build/Products/Debug-iphoneos/PaperFlow.app/__preview.dylib

CpResource /Users/long/github_space/good_ideas/pdf-file-workbench/.native-build/DeviceQA/Build/Products/Debug-iphoneos/PaperFlow.app/PrivacyInfo.xcprivacy /Users/long/github_space/good_ideas/pdf-file-workbench/PaperFlow/PaperFlow/Resources/PrivacyInfo.xcprivacy (in target 'PaperFlow' from project 'PaperFlow')
    cd /Users/long/github_space/good_ideas/pdf-file-workbench/PaperFlow
    builtin-copy -exclude .DS_Store -exclude CVS -exclude .svn -exclude .git -exclude .hg -resolve-src-symlinks /Users/long/github_space/good_ideas/pdf-file-workbench/PaperFlow/PaperFlow/Resources/PrivacyInfo.xcprivacy /Users/long/github_space/good_ideas/pdf-file-workbench/.native-build/DeviceQA/Build/Products/Debug-iphoneos/PaperFlow.app

CpResource /Users/long/github_space/good_ideas/pdf-file-workbench/.native-build/DeviceQA/Build/Products/Debug-iphoneos/PaperFlow.app/PaperFlow.storekit /Users/long/github_space/good_ideas/pdf-file-workbench/PaperFlow/PaperFlow/Resources/PaperFlow.storekit (in target 'PaperFlow' from project 'PaperFlow')
    cd /Users/long/github_space/good_ideas/pdf-file-workbench/PaperFlow
    builtin-copy -exclude .DS_Store -exclude CVS -exclude .svn -exclude .git -exclude .hg -resolve-src-symlinks /Users/long/github_space/good_ideas/pdf-file-workbench/PaperFlow/PaperFlow/Resources/PaperFlow.storekit /Users/long/github_space/good_ideas/pdf-file-workbench/.native-build/DeviceQA/Build/Products/Debug-iphoneos/PaperFlow.app

SwiftExplicitDependencyGeneratePcm arm64 /Users/long/github_space/good_ideas/pdf-file-workbench/.native-build/DeviceQA/SDKExplicitPrecompiledModules/Photos-79R9KHAOKJ1N9REJ11BOVYQXY.pcm

SwiftExplicitDependencyGeneratePcm arm64 /Users/long/github_space/good_ideas/pdf-file-workbench/.native-build/DeviceQA/SDKExplicitPrecompiledModules/SwiftUI-DSSNIW5TTN2MOP45MYR5QPDF8.pcm

SwiftExplicitDependencyGeneratePcm arm64 /Users/long/github_space/good_ideas/pdf-file-workbench/.native-build/DeviceQA/SDKExplicitPrecompiledModules/PencilKit-CRR7W2GLFBNAHZ52Y46YXNWF.pcm

SwiftExplicitDependencyGeneratePcm arm64 /Users/long/github_space/good_ideas/pdf-file-workbench/.native-build/DeviceQA/SDKExplicitPrecompiledModules/MetalKit-4WX0EOL3P4GPTXU1ZUKPI3BYF.pcm

SwiftExplicitDependencyGeneratePcm arm64 /Users/long/github_space/good_ideas/pdf-file-workbench/.native-build/DeviceQA/SDKExplicitPrecompiledModules/StoreKit-8T6OAF5B10W3KESAM4BWWEFIB.pcm

SwiftExplicitDependencyGeneratePcm arm64 /Users/long/github_space/good_ideas/pdf-file-workbench/.native-build/DeviceQA/SDKExplicitPrecompiledModules/PhotosUI-BWG2YE3L4LS2YD20SDIH9UTPM.pcm

SwiftExplicitDependencyGeneratePcm arm64 /Users/long/github_space/good_ideas/pdf-file-workbench/.native-build/DeviceQA/SDKExplicitPrecompiledModules/PDFKit-D3QNCNJIHN0BJ3JMXYEBQ1OSE.pcm

SwiftCompile normal arm64 Compiling\ ContentView.swift /Users/long/github_space/good_ideas/pdf-file-workbench/PaperFlow/PaperFlow/ContentView.swift (in target 'PaperFlow' from project 'PaperFlow')

SwiftCompile normal arm64 /Users/long/github_space/good_ideas/pdf-file-workbench/PaperFlow/PaperFlow/ContentView.swift (in target 'PaperFlow' from project 'PaperFlow')
    cd /Users/long/github_space/good_ideas/pdf-file-workbench/PaperFlow
    builtin-SwiftPerFileCompile ContentView.swift

SwiftEmitModule normal arm64 Emitting\ module\ for\ PaperFlow (in target 'PaperFlow' from project 'PaperFlow')

SwiftCompile normal arm64 (in target 'PaperFlow' from project 'PaperFlow')
    cd /Users/long/github_space/good_ideas/pdf-file-workbench/PaperFlow
    

SwiftCompile normal arm64 Compiling\ SystemBridges.swift /Users/long/github_space/good_ideas/pdf-file-workbench/PaperFlow/PaperFlow/Platform/SystemBridges.swift (in target 'PaperFlow' from project 'PaperFlow')

SwiftCompile normal arm64 /Users/long/github_space/good_ideas/pdf-file-workbench/PaperFlow/PaperFlow/Platform/SystemBridges.swift (in target 'PaperFlow' from project 'PaperFlow')
    cd /Users/long/github_space/good_ideas/pdf-file-workbench/PaperFlow
    builtin-SwiftPerFileCompile SystemBridges.swift

SwiftCompile normal arm64 Compiling\ PaperFlowIntents.swift /Users/long/github_space/good_ideas/pdf-file-workbench/PaperFlow/PaperFlow/Platform/PaperFlowIntents.swift (in target 'PaperFlow' from project 'PaperFlow')

SwiftCompile normal arm64 /Users/long/github_space/good_ideas/pdf-file-workbench/PaperFlow/PaperFlow/Platform/PaperFlowIntents.swift (in target 'PaperFlow' from project 'PaperFlow')
    cd /Users/long/github_space/good_ideas/pdf-file-workbench/PaperFlow
    builtin-SwiftPerFileCompile PaperFlowIntents.swift

SwiftCompile normal arm64 Compiling\ GeneratedAssetSymbols.swift /Users/long/github_space/good_ideas/pdf-file-workbench/.native-build/DeviceQA/Build/Intermediates.noindex/PaperFlow.build/Debug-iphoneos/PaperFlow.build/DerivedSources/GeneratedAssetSymbols.swift (in target 'PaperFlow' from project 'PaperFlow')

SwiftCompile normal arm64 /Users/long/github_space/good_ideas/pdf-file-workbench/.native-build/DeviceQA/Build/Intermediates.noindex/PaperFlow.build/Debug-iphoneos/PaperFlow.build/DerivedSources/GeneratedAssetSymbols.swift (in target 'PaperFlow' from project 'PaperFlow')
    cd /Users/long/github_space/good_ideas/pdf-file-workbench/PaperFlow
    builtin-SwiftPerFileCompile GeneratedAssetSymbols.swift

SwiftCompile normal arm64 Compiling\ PaperFlowApp.swift /Users/long/github_space/good_ideas/pdf-file-workbench/PaperFlow/PaperFlow/PaperFlowApp.swift (in target 'PaperFlow' from project 'PaperFlow')

SwiftCompile normal arm64 /Users/long/github_space/good_ideas/pdf-file-workbench/PaperFlow/PaperFlow/PaperFlowApp.swift (in target 'PaperFlow' from project 'PaperFlow')
    cd /Users/long/github_space/good_ideas/pdf-file-workbench/PaperFlow
    builtin-SwiftPerFileCompile PaperFlowApp.swift

SwiftCompile normal arm64 Compiling\ WorkflowEditorSheet.swift /Users/long/github_space/good_ideas/pdf-file-workbench/PaperFlow/PaperFlow/Features/WorkflowEditorSheet.swift (in target 'PaperFlow' from project 'PaperFlow')

SwiftCompile normal arm64 /Users/long/github_space/good_ideas/pdf-file-workbench/PaperFlow/PaperFlow/Features/WorkflowEditorSheet.swift (in target 'PaperFlow' from project 'PaperFlow')
    cd /Users/long/github_space/good_ideas/pdf-file-workbench/PaperFlow
    builtin-SwiftPerFileCompile WorkflowEditorSheet.swift

SwiftCompile normal arm64 Compiling\ TaskCommandBar.swift /Users/long/github_space/good_ideas/pdf-file-workbench/PaperFlow/PaperFlow/Features/TaskCommandBar.swift (in target 'PaperFlow' from project 'PaperFlow')

SwiftCompile normal arm64 /Users/long/github_space/good_ideas/pdf-file-workbench/PaperFlow/PaperFlow/Features/TaskCommandBar.swift (in target 'PaperFlow' from project 'PaperFlow')
    cd /Users/long/github_space/good_ideas/pdf-file-workbench/PaperFlow
    builtin-SwiftPerFileCompile TaskCommandBar.swift

SwiftCompile normal arm64 Compiling\ TaskOptionsViews.swift /Users/long/github_space/good_ideas/pdf-file-workbench/PaperFlow/PaperFlow/Features/TaskOptionsViews.swift (in target 'PaperFlow' from project 'PaperFlow')

SwiftCompile normal arm64 /Users/long/github_space/good_ideas/pdf-file-workbench/PaperFlow/PaperFlow/Features/TaskOptionsViews.swift (in target 'PaperFlow' from project 'PaperFlow')
    cd /Users/long/github_space/good_ideas/pdf-file-workbench/PaperFlow
    builtin-SwiftPerFileCompile TaskOptionsViews.swift

SwiftCompile normal arm64 Compiling\ BackgroundExecution.swift /Users/long/github_space/good_ideas/pdf-file-workbench/PaperFlow/PaperFlow/Platform/BackgroundExecution.swift (in target 'PaperFlow' from project 'PaperFlow')

SwiftCompile normal arm64 /Users/long/github_space/good_ideas/pdf-file-workbench/PaperFlow/PaperFlow/Platform/BackgroundExecution.swift (in target 'PaperFlow' from project 'PaperFlow')
    cd /Users/long/github_space/good_ideas/pdf-file-workbench/PaperFlow
    builtin-SwiftPerFileCompile BackgroundExecution.swift

SwiftCompile normal arm64 Compiling\ ScanPageView.swift /Users/long/github_space/good_ideas/pdf-file-workbench/PaperFlow/PaperFlow/Features/ScanPageView.swift (in target 'PaperFlow' from project 'PaperFlow')

SwiftCompile normal arm64 /Users/long/github_space/good_ideas/pdf-file-workbench/PaperFlow/PaperFlow/Features/ScanPageView.swift (in target 'PaperFlow' from project 'PaperFlow')
    cd /Users/long/github_space/good_ideas/pdf-file-workbench/PaperFlow
    builtin-SwiftPerFileCompile ScanPageView.swift

SwiftCompile normal arm64 Compiling\ WorkspaceModel.swift,\ DocumentViews.swift /Users/long/github_space/good_ideas/pdf-file-workbench/PaperFlow/PaperFlow/App/WorkspaceModel.swift /Users/long/github_space/good_ideas/pdf-file-workbench/PaperFlow/PaperFlow/Design/DocumentViews.swift (in target 'PaperFlow' from project 'PaperFlow')

SwiftCompile normal arm64 /Users/long/github_space/good_ideas/pdf-file-workbench/PaperFlow/PaperFlow/App/WorkspaceModel.swift (in target 'PaperFlow' from project 'PaperFlow')
    cd /Users/long/github_space/good_ideas/pdf-file-workbench/PaperFlow
    builtin-SwiftPerFileCompile WorkspaceModel.swift

SwiftCompile normal arm64 /Users/long/github_space/good_ideas/pdf-file-workbench/PaperFlow/PaperFlow/Design/DocumentViews.swift (in target 'PaperFlow' from project 'PaperFlow')
    cd /Users/long/github_space/good_ideas/pdf-file-workbench/PaperFlow
    builtin-SwiftPerFileCompile DocumentViews.swift

SwiftCompile normal arm64 Compiling\ LucideIcon.swift,\ Theme.swift /Users/long/github_space/good_ideas/pdf-file-workbench/PaperFlow/PaperFlow/Design/LucideIcon.swift /Users/long/github_space/good_ideas/pdf-file-workbench/PaperFlow/PaperFlow/Design/Theme.swift (in target 'PaperFlow' from project 'PaperFlow')

SwiftCompile normal arm64 /Users/long/github_space/good_ideas/pdf-file-workbench/PaperFlow/PaperFlow/Design/LucideIcon.swift (in target 'PaperFlow' from project 'PaperFlow')
    cd /Users/long/github_space/good_ideas/pdf-file-workbench/PaperFlow
    builtin-SwiftPerFileCompile LucideIcon.swift

SwiftCompile normal arm64 /Users/long/github_space/good_ideas/pdf-file-workbench/PaperFlow/PaperFlow/Design/Theme.swift (in target 'PaperFlow' from project 'PaperFlow')
    cd /Users/long/github_space/good_ideas/pdf-file-workbench/PaperFlow
    builtin-SwiftPerFileCompile Theme.swift

SwiftCompile normal arm64 Compiling\ InteractionModel.swift,\ ProStore.swift /Users/long/github_space/good_ideas/pdf-file-workbench/PaperFlow/PaperFlow/App/InteractionModel.swift /Users/long/github_space/good_ideas/pdf-file-workbench/PaperFlow/PaperFlow/App/ProStore.swift (in target 'PaperFlow' from project 'PaperFlow')

SwiftCompile normal arm64 /Users/long/github_space/good_ideas/pdf-file-workbench/PaperFlow/PaperFlow/App/InteractionModel.swift (in target 'PaperFlow' from project 'PaperFlow')
    cd /Users/long/github_space/good_ideas/pdf-file-workbench/PaperFlow
    builtin-SwiftPerFileCompile InteractionModel.swift

SwiftCompile normal arm64 /Users/long/github_space/good_ideas/pdf-file-workbench/PaperFlow/PaperFlow/App/ProStore.swift (in target 'PaperFlow' from project 'PaperFlow')
    cd /Users/long/github_space/good_ideas/pdf-file-workbench/PaperFlow
    builtin-SwiftPerFileCompile ProStore.swift

SwiftCompile normal arm64 Compiling\ EditorPages.swift,\ FeaturePage.swift /Users/long/github_space/good_ideas/pdf-file-workbench/PaperFlow/PaperFlow/Features/EditorPages.swift /Users/long/github_space/good_ideas/pdf-file-workbench/PaperFlow/PaperFlow/Features/FeaturePage.swift (in target 'PaperFlow' from project 'PaperFlow')

SwiftCompile normal arm64 /Users/long/github_space/good_ideas/pdf-file-workbench/PaperFlow/PaperFlow/Features/EditorPages.swift (in target 'PaperFlow' from project 'PaperFlow')
    cd /Users/long/github_space/good_ideas/pdf-file-workbench/PaperFlow
    builtin-SwiftPerFileCompile EditorPages.swift

SwiftCompile normal arm64 /Users/long/github_space/good_ideas/pdf-file-workbench/PaperFlow/PaperFlow/Features/FeaturePage.swift (in target 'PaperFlow' from project 'PaperFlow')
    cd /Users/long/github_space/good_ideas/pdf-file-workbench/PaperFlow
    builtin-SwiftPerFileCompile FeaturePage.swift

SwiftCompile normal arm64 Compiling\ ModalHost.swift,\ ProcessingPages.swift /Users/long/github_space/good_ideas/pdf-file-workbench/PaperFlow/PaperFlow/Features/ModalHost.swift /Users/long/github_space/good_ideas/pdf-file-workbench/PaperFlow/PaperFlow/Features/ProcessingPages.swift (in target 'PaperFlow' from project 'PaperFlow')

SwiftCompile normal arm64 /Users/long/github_space/good_ideas/pdf-file-workbench/PaperFlow/PaperFlow/Features/ModalHost.swift (in target 'PaperFlow' from project 'PaperFlow')
    cd /Users/long/github_space/good_ideas/pdf-file-workbench/PaperFlow
    builtin-SwiftPerFileCompile ModalHost.swift

SwiftCompile normal arm64 /Users/long/github_space/good_ideas/pdf-file-workbench/PaperFlow/PaperFlow/Features/ProcessingPages.swift (in target 'PaperFlow' from project 'PaperFlow')
    cd /Users/long/github_space/good_ideas/pdf-file-workbench/PaperFlow
    builtin-SwiftPerFileCompile ProcessingPages.swift

SwiftDriverJobDiscovery normal arm64 Compiling BackgroundExecution.swift (in target 'PaperFlow' from project 'PaperFlow')

SwiftDriverJobDiscovery normal arm64 Compiling LucideIcon.swift, Theme.swift (in target 'PaperFlow' from project 'PaperFlow')

SwiftDriverJobDiscovery normal arm64 Compiling GeneratedAssetSymbols.swift (in target 'PaperFlow' from project 'PaperFlow')

SwiftDriverJobDiscovery normal arm64 Compiling PaperFlowApp.swift (in target 'PaperFlow' from project 'PaperFlow')

SwiftDriverJobDiscovery normal arm64 Compiling WorkflowEditorSheet.swift (in target 'PaperFlow' from project 'PaperFlow')

SwiftDriverJobDiscovery normal arm64 Compiling TaskOptionsViews.swift (in target 'PaperFlow' from project 'PaperFlow')

SwiftDriverJobDiscovery normal arm64 Compiling InteractionModel.swift, ProStore.swift (in target 'PaperFlow' from project 'PaperFlow')

SwiftDriverJobDiscovery normal arm64 Compiling PaperFlowIntents.swift (in target 'PaperFlow' from project 'PaperFlow')

SwiftDriverJobDiscovery normal arm64 Compiling TaskCommandBar.swift (in target 'PaperFlow' from project 'PaperFlow')

SwiftDriverJobDiscovery normal arm64 Compiling SystemBridges.swift (in target 'PaperFlow' from project 'PaperFlow')

SwiftDriverJobDiscovery normal arm64 Emitting module for PaperFlow (in target 'PaperFlow' from project 'PaperFlow')

SwiftDriver\ Compilation\ Requirements PaperFlow normal arm64 com.apple.xcode.tools.swift.compiler (in target 'PaperFlow' from project 'PaperFlow')
    cd /Users/long/github_space/good_ideas/pdf-file-workbench/PaperFlow
    builtin-Swift-Compilation-Requirements -- /Applications/Xcode.app/Contents/Developer/Toolchains/XcodeDefault.xctoolchain/usr/bin/swiftc -module-name PaperFlow -Onone @/Users/long/github_space/good_ideas/pdf-file-workbench/.native-build/DeviceQA/Build/Intermediates.noindex/PaperFlow.build/Debug-iphoneos/PaperFlow.build/Objects-normal/arm64/PaperFlow.SwiftFileList -DDEBUG -Xcc -fmodule-map-file\=/Users/long/github_space/good_ideas/pdf-file-workbench/.native-build/DeviceQA/Build/Intermediates.noindex/GeneratedModuleMaps-iphoneos/CQPDF.modulemap -enable-experimental-feature DebugDescriptionMacro -sdk /Applications/Xcode.app/Contents/Developer/Platforms/iPhoneOS.platform/Developer/SDKs/iPhoneOS27.0.sdk -target arm64-apple-ios18.0 -g -module-cache-path /Users/long/github_space/good_ideas/pdf-file-workbench/.native-build/DeviceQA/ModuleCache.noindex -Xfrontend -serialize-debugging-options -enable-testing -index-store-path /Users/long/github_space/good_ideas/pdf-file-workbench/.native-build/DeviceQA/Index.noindex/DataStore -Xcc -D_LIBCPP_HARDENING_MODE\=_LIBCPP_HARDENING_MODE_DEBUG -swift-version 6 -I /Users/long/github_space/good_ideas/pdf-file-workbench/.native-build/DeviceQA/Build/Products/Debug-iphoneos -F /Users/long/github_space/good_ideas/pdf-file-workbench/.native-build/DeviceQA/Build/Products/Debug-iphoneos/PackageFrameworks -F /Users/long/github_space/good_ideas/pdf-file-workbench/.native-build/DeviceQA/Build/Products/Debug-iphoneos -emit-localized-strings -emit-localized-strings-path /Users/long/github_space/good_ideas/pdf-file-workbench/.native-build/DeviceQA/Build/Intermediates.noindex/PaperFlow.build/Debug-iphoneos/PaperFlow.build/Objects-normal/arm64 -c -j15 -enable-batch-mode -incremental -Xcc -ivfsstatcache -Xcc /Users/long/github_space/good_ideas/pdf-file-workbench/.native-build/DeviceQA/SDKStatCaches.noindex/iphoneos27.0-24A430-6c78b3cbc238196c85e1bf6c792c5915.sdkstatcache -output-file-map /Users/long/github_space/good_ideas/pdf-file-workbench/.native-build/DeviceQA/Build/Intermediates.noindex/PaperFlow.build/Debug-iphoneos/PaperFlow.build/Objects-normal/arm64/PaperFlow-OutputFileMap.json -save-temps -no-color-diagnostics -explicit-module-build -module-cache-path /Users/long/github_space/good_ideas/pdf-file-workbench/.native-build/DeviceQA/Build/Intermediates.noindex/SwiftExplicitPrecompiledModules -clang-scanner-module-cache-path /Users/long/github_space/good_ideas/pdf-file-workbench/.native-build/DeviceQA/ModuleCache.noindex -sdk-module-cache-path /Users/long/github_space/good_ideas/pdf-file-workbench/.native-build/DeviceQA/SDKExplicitPrecompiledModules -emit-dependencies -emit-module -emit-module-path /Users/long/github_space/good_ideas/pdf-file-workbench/.native-build/DeviceQA/Build/Intermediates.noindex/PaperFlow.build/Debug-iphoneos/PaperFlow.build/Objects-normal/arm64/PaperFlow.swiftmodule -serialize-diagnostics -dependency-scan-serialize-diagnostics-path /Users/long/github_space/good_ideas/pdf-file-workbench/.native-build/DeviceQA/Build/Intermediates.noindex/PaperFlow.build/Debug-iphoneos/PaperFlow.build/Objects-normal/arm64/PaperFlow-dependency-scan.dia -validate-clang-modules-once -clang-build-session-file /Users/long/github_space/good_ideas/pdf-file-workbench/.native-build/DeviceQA/ModuleCache.noindex/Session.modulevalidation -Xcc -fmodules-prune-interval\=86400 -Xcc -fmodules-prune-after\=345600 -emit-const-values -const-gather-protocols-list /Users/long/github_space/good_ideas/pdf-file-workbench/.native-build/DeviceQA/Build/Intermediates.noindex/PaperFlow.build/Debug-iphoneos/PaperFlow.build/Objects-normal/arm64/PaperFlow_const_extract_protocols.json -Xcc -iquote -Xcc /Users/long/github_space/good_ideas/pdf-file-workbench/.native-build/DeviceQA/Build/Intermediates.noindex/PaperFlow.build/Debug-iphoneos/PaperFlow.build/PaperFlow-generated-files.hmap -Xcc -I/Users/long/github_space/good_ideas/pdf-file-workbench/.native-build/DeviceQA/Build/Intermediates.noindex/PaperFlow.build/Debug-iphoneos/PaperFlow.build/PaperFlow-own-target-headers.hmap -Xcc -I/Users/long/github_space/good_ideas/pdf-file-workbench/.native-build/DeviceQA/Build/Intermediates.noindex/PaperFlow.build/Debug-iphoneos/PaperFlow.build/PaperFlow-all-non-framework-target-headers.hmap -Xcc -ivfsoverlay -Xcc /Users/long/github_space/good_ideas/pdf-file-workbench/.native-build/DeviceQA/Build/Intermediates.noindex/PaperFlow.build/Debug-iphoneos/PaperFlow-d6f1c4fb6a7914d8f9b156270d074f68-VFS-iphoneos/all-product-headers.yaml -Xcc -iquote -Xcc /Users/long/github_space/good_ideas/pdf-file-workbench/.native-build/DeviceQA/Build/Intermediates.noindex/PaperFlow.build/Debug-iphoneos/PaperFlow.build/PaperFlow-project-headers.hmap -Xcc -I/Users/long/github_space/good_ideas/pdf-file-workbench/PaperFlow/Packages/PaperFlowKit/Sources/CQPDF/include -Xcc -I/Users/long/github_space/good_ideas/pdf-file-workbench/.native-build/DeviceQA/Build/Products/Debug-iphoneos/include -Xcc -I/Users/long/github_space/good_ideas/pdf-file-workbench/.native-build/DeviceQA/Build/Intermediates.noindex/PaperFlow.build/Debug-iphoneos/PaperFlow.build/DerivedSources-normal/arm64 -Xcc -I/Users/long/github_space/good_ideas/pdf-file-workbench/.native-build/DeviceQA/Build/Intermediates.noindex/PaperFlow.build/Debug-iphoneos/PaperFlow.build/DerivedSources/arm64 -Xcc -I/Users/long/github_space/good_ideas/pdf-file-workbench/.native-build/DeviceQA/Build/Intermediates.noindex/PaperFlow.build/Debug-iphoneos/PaperFlow.build/DerivedSources -Xcc -DDEBUG\=1 -emit-objc-header -emit-objc-header-path /Users/long/github_space/good_ideas/pdf-file-workbench/.native-build/DeviceQA/Build/Intermediates.noindex/PaperFlow.build/Debug-iphoneos/PaperFlow.build/Objects-normal/arm64/PaperFlow-Swift.h -working-directory /Users/long/github_space/good_ideas/pdf-file-workbench/PaperFlow -experimental-emit-module-separately -disable-cmo

SwiftMergeGeneratedHeaders /Users/long/github_space/good_ideas/pdf-file-workbench/.native-build/DeviceQA/Build/Intermediates.noindex/PaperFlow.build/Debug-iphoneos/PaperFlow.build/DerivedSources/PaperFlow-Swift.h /Users/long/github_space/good_ideas/pdf-file-workbench/.native-build/DeviceQA/Build/Intermediates.noindex/PaperFlow.build/Debug-iphoneos/PaperFlow.build/Objects-normal/arm64/PaperFlow-Swift.h (in target 'PaperFlow' from project 'PaperFlow')
    cd /Users/long/github_space/good_ideas/pdf-file-workbench/PaperFlow
    builtin-swiftHeaderTool -arch arm64 /Users/long/github_space/good_ideas/pdf-file-workbench/.native-build/DeviceQA/Build/Intermediates.noindex/PaperFlow.build/Debug-iphoneos/PaperFlow.build/Objects-normal/arm64/PaperFlow-Swift.h -o /Users/long/github_space/good_ideas/pdf-file-workbench/.native-build/DeviceQA/Build/Intermediates.noindex/PaperFlow.build/Debug-iphoneos/PaperFlow.build/DerivedSources/PaperFlow-Swift.h

Copy /Users/long/github_space/good_ideas/pdf-file-workbench/.native-build/DeviceQA/Build/Products/Debug-iphoneos/PaperFlow.swiftmodule/arm64-apple-ios.abi.json /Users/long/github_space/good_ideas/pdf-file-workbench/.native-build/DeviceQA/Build/Intermediates.noindex/PaperFlow.build/Debug-iphoneos/PaperFlow.build/Objects-normal/arm64/PaperFlow.abi.json (in target 'PaperFlow' from project 'PaperFlow')
    cd /Users/long/github_space/good_ideas/pdf-file-workbench/PaperFlow
    builtin-copy -exclude .DS_Store -exclude CVS -exclude .svn -exclude .git -exclude .hg -resolve-src-symlinks -rename /Users/long/github_space/good_ideas/pdf-file-workbench/.native-build/DeviceQA/Build/Intermediates.noindex/PaperFlow.build/Debug-iphoneos/PaperFlow.build/Objects-normal/arm64/PaperFlow.abi.json /Users/long/github_space/good_ideas/pdf-file-workbench/.native-build/DeviceQA/Build/Products/Debug-iphoneos/PaperFlow.swiftmodule/arm64-apple-ios.abi.json

Copy /Users/long/github_space/good_ideas/pdf-file-workbench/.native-build/DeviceQA/Build/Products/Debug-iphoneos/PaperFlow.swiftmodule/arm64-apple-ios.swiftdoc /Users/long/github_space/good_ideas/pdf-file-workbench/.native-build/DeviceQA/Build/Intermediates.noindex/PaperFlow.build/Debug-iphoneos/PaperFlow.build/Objects-normal/arm64/PaperFlow.swiftdoc (in target 'PaperFlow' from project 'PaperFlow')
    cd /Users/long/github_space/good_ideas/pdf-file-workbench/PaperFlow
    builtin-copy -exclude .DS_Store -exclude CVS -exclude .svn -exclude .git -exclude .hg -resolve-src-symlinks -rename /Users/long/github_space/good_ideas/pdf-file-workbench/.native-build/DeviceQA/Build/Intermediates.noindex/PaperFlow.build/Debug-iphoneos/PaperFlow.build/Objects-normal/arm64/PaperFlow.swiftdoc /Users/long/github_space/good_ideas/pdf-file-workbench/.native-build/DeviceQA/Build/Products/Debug-iphoneos/PaperFlow.swiftmodule/arm64-apple-ios.swiftdoc

Copy /Users/long/github_space/good_ideas/pdf-file-workbench/.native-build/DeviceQA/Build/Products/Debug-iphoneos/PaperFlow.swiftmodule/arm64-apple-ios.swiftmodule /Users/long/github_space/good_ideas/pdf-file-workbench/.native-build/DeviceQA/Build/Intermediates.noindex/PaperFlow.build/Debug-iphoneos/PaperFlow.build/Objects-normal/arm64/PaperFlow.swiftmodule (in target 'PaperFlow' from project 'PaperFlow')
    cd /Users/long/github_space/good_ideas/pdf-file-workbench/PaperFlow
    builtin-copy -exclude .DS_Store -exclude CVS -exclude .svn -exclude .git -exclude .hg -resolve-src-symlinks -rename /Users/long/github_space/good_ideas/pdf-file-workbench/.native-build/DeviceQA/Build/Intermediates.noindex/PaperFlow.build/Debug-iphoneos/PaperFlow.build/Objects-normal/arm64/PaperFlow.swiftmodule /Users/long/github_space/good_ideas/pdf-file-workbench/.native-build/DeviceQA/Build/Products/Debug-iphoneos/PaperFlow.swiftmodule/arm64-apple-ios.swiftmodule

Copy /Users/long/github_space/good_ideas/pdf-file-workbench/.native-build/DeviceQA/Build/Products/Debug-iphoneos/PaperFlow.swiftmodule/Project/arm64-apple-ios.swiftsourceinfo /Users/long/github_space/good_ideas/pdf-file-workbench/.native-build/DeviceQA/Build/Intermediates.noindex/PaperFlow.build/Debug-iphoneos/PaperFlow.build/Objects-normal/arm64/PaperFlow.swiftsourceinfo (in target 'PaperFlow' from project 'PaperFlow')
    cd /Users/long/github_space/good_ideas/pdf-file-workbench/PaperFlow
    builtin-copy -exclude .DS_Store -exclude CVS -exclude .svn -exclude .git -exclude .hg -resolve-src-symlinks -rename /Users/long/github_space/good_ideas/pdf-file-workbench/.native-build/DeviceQA/Build/Intermediates.noindex/PaperFlow.build/Debug-iphoneos/PaperFlow.build/Objects-normal/arm64/PaperFlow.swiftsourceinfo /Users/long/github_space/good_ideas/pdf-file-workbench/.native-build/DeviceQA/Build/Products/Debug-iphoneos/PaperFlow.swiftmodule/Project/arm64-apple-ios.swiftsourceinfo

ProcessProductPackaging "" /Users/long/github_space/good_ideas/pdf-file-workbench/.native-build/DeviceQA/Build/Intermediates.noindex/PaperFlow.build/Debug-iphoneos/PaperFlowUITests.build/PaperFlowUITests.xctest.xcent (in target 'PaperFlowUITests' from project 'PaperFlow')
    cd /Users/long/github_space/good_ideas/pdf-file-workbench/PaperFlow
    
    Entitlements:
    
    {
    "application-identifier" = "3LSP26D33P.com.xiaolongxu.PaperFlowUITests.xctrunner";
    "com.apple.developer.team-identifier" = 3LSP26D33P;
    "get-task-allow" = 1;
    "keychain-access-groups" =     (
        "3LSP26D33P.com.xiaolongxu.PaperFlowUITests.xctrunner"
    );
}
    
    builtin-productPackagingUtility -entitlements -format xml -o /Users/long/github_space/good_ideas/pdf-file-workbench/.native-build/DeviceQA/Build/Intermediates.noindex/PaperFlow.build/Debug-iphoneos/PaperFlowUITests.build/PaperFlowUITests.xctest.xcent

ProcessProductPackaging /Users/long/Library/Developer/Xcode/UserData/Provisioning\ Profiles/63dd1084-944d-4fc2-ba15-f1a3f72c90a3.mobileprovision /Users/long/github_space/good_ideas/pdf-file-workbench/.native-build/DeviceQA/Build/Products/Debug-iphoneos/PaperFlowUITests-Runner.app/embedded.mobileprovision (in target 'PaperFlowUITests' from project 'PaperFlow')
    cd /Users/long/github_space/good_ideas/pdf-file-workbench/PaperFlow
    builtin-productPackagingUtility /Users/long/Library/Developer/Xcode/UserData/Provisioning\ Profiles/63dd1084-944d-4fc2-ba15-f1a3f72c90a3.mobileprovision -o /Users/long/github_space/good_ideas/pdf-file-workbench/.native-build/DeviceQA/Build/Products/Debug-iphoneos/PaperFlowUITests-Runner.app/embedded.mobileprovision

SwiftDriver PaperFlowTests normal arm64 com.apple.xcode.tools.swift.compiler (in target 'PaperFlowTests' from project 'PaperFlow')
    cd /Users/long/github_space/good_ideas/pdf-file-workbench/PaperFlow
    builtin-SwiftDriver -- /Applications/Xcode.app/Contents/Developer/Toolchains/XcodeDefault.xctoolchain/usr/bin/swiftc -module-name PaperFlowTests -Onone @/Users/long/github_space/good_ideas/pdf-file-workbench/.native-build/DeviceQA/Build/Intermediates.noindex/PaperFlow.build/Debug-iphoneos/PaperFlowTests.build/Objects-normal/arm64/PaperFlowTests.SwiftFileList -DDEBUG -Xcc -fmodule-map-file\=/Users/long/github_space/good_ideas/pdf-file-workbench/.native-build/DeviceQA/Build/Intermediates.noindex/GeneratedModuleMaps-iphoneos/CQPDF.modulemap -plugin-path /Applications/Xcode.app/Contents/Developer/Toolchains/XcodeDefault.xctoolchain/usr/lib/swift/host/plugins/testing -enable-experimental-feature DebugDescriptionMacro -sdk /Applications/Xcode.app/Contents/Developer/Platforms/iPhoneOS.platform/Developer/SDKs/iPhoneOS27.0.sdk -target arm64-apple-ios18.0 -g -module-cache-path /Users/long/github_space/good_ideas/pdf-file-workbench/.native-build/DeviceQA/ModuleCache.noindex -Xfrontend -serialize-debugging-options -enable-testing -index-store-path /Users/long/github_space/good_ideas/pdf-file-workbench/.native-build/DeviceQA/Index.noindex/DataStore -Xcc -D_LIBCPP_HARDENING_MODE\=_LIBCPP_HARDENING_MODE_DEBUG -swift-version 6 -I /Users/long/github_space/good_ideas/pdf-file-workbench/.native-build/DeviceQA/Build/Products/Debug-iphoneos -Isystem /Applications/Xcode.app/Contents/Developer/Platforms/iPhoneOS.platform/Developer/usr/lib -F /Users/long/github_space/good_ideas/pdf-file-workbench/.native-build/DeviceQA/Build/Products/Debug-iphoneos/PackageFrameworks -F /Users/long/github_space/good_ideas/pdf-file-workbench/.native-build/DeviceQA/Build/Products/Debug-iphoneos -F /Applications/Xcode.app/Contents/Developer/Platforms/iPhoneOS.platform/Developer/Library/Frameworks -F /Applications/Xcode.app/Contents/Developer/Platforms/iPhoneOS.platform/Developer/SDKs/iPhoneOS27.0.sdk/Developer/Library/Frameworks -c -j15 -enable-batch-mode -incremental -Xcc -ivfsstatcache -Xcc /Users/long/github_space/good_ideas/pdf-file-workbench/.native-build/DeviceQA/SDKStatCaches.noindex/iphoneos27.0-24A430-6c78b3cbc238196c85e1bf6c792c5915.sdkstatcache -output-file-map /Users/long/github_space/good_ideas/pdf-file-workbench/.native-build/DeviceQA/Build/Intermediates.noindex/PaperFlow.build/Debug-iphoneos/PaperFlowTests.build/Objects-normal/arm64/PaperFlowTests-OutputFileMap.json -save-temps -no-color-diagnostics -explicit-module-build -module-cache-path /Users/long/github_space/good_ideas/pdf-file-workbench/.native-build/DeviceQA/Build/Intermediates.noindex/SwiftExplicitPrecompiledModules -clang-scanner-module-cache-path /Users/long/github_space/good_ideas/pdf-file-workbench/.native-build/DeviceQA/ModuleCache.noindex -sdk-module-cache-path /Users/long/github_space/good_ideas/pdf-file-workbench/.native-build/DeviceQA/SDKExplicitPrecompiledModules -emit-dependencies -emit-module -emit-module-path /Users/long/github_space/good_ideas/pdf-file-workbench/.native-build/DeviceQA/Build/Intermediates.noindex/PaperFlow.build/Debug-iphoneos/PaperFlowTests.build/Objects-normal/arm64/PaperFlowTests.swiftmodule -serialize-diagnostics -dependency-scan-serialize-diagnostics-path /Users/long/github_space/good_ideas/pdf-file-workbench/.native-build/DeviceQA/Build/Intermediates.noindex/PaperFlow.build/Debug-iphoneos/PaperFlowTests.build/Objects-normal/arm64/PaperFlowTests-dependency-scan.dia -validate-clang-modules-once -clang-build-session-file /Users/long/github_space/good_ideas/pdf-file-workbench/.native-build/DeviceQA/ModuleCache.noindex/Session.modulevalidation -Xcc -fmodules-prune-interval\=86400 -Xcc -fmodules-prune-after\=345600 -emit-const-values -const-gather-protocols-list /Users/long/github_space/good_ideas/pdf-file-workbench/.native-build/DeviceQA/Build/Intermediates.noindex/PaperFlow.build/Debug-iphoneos/PaperFlowTests.build/Objects-normal/arm64/PaperFlowTests_const_extract_protocols.json -Xcc -iquote -Xcc /Users/long/github_space/good_ideas/pdf-file-workbench/.native-build/DeviceQA/Build/Intermediates.noindex/PaperFlow.build/Debug-iphoneos/PaperFlowTests.build/PaperFlowTests-generated-files.hmap -Xcc -I/Users/long/github_space/good_ideas/pdf-file-workbench/.native-build/DeviceQA/Build/Intermediates.noindex/PaperFlow.build/Debug-iphoneos/PaperFlowTests.build/PaperFlowTests-own-target-headers.hmap -Xcc -I/Users/long/github_space/good_ideas/pdf-file-workbench/.native-build/DeviceQA/Build/Intermediates.noindex/PaperFlow.build/Debug-iphoneos/PaperFlowTests.build/PaperFlowTests-all-non-framework-target-headers.hmap -Xcc -ivfsoverlay -Xcc /Users/long/github_space/good_ideas/pdf-file-workbench/.native-build/DeviceQA/Build/Intermediates.noindex/PaperFlow.build/Debug-iphoneos/PaperFlow-d6f1c4fb6a7914d8f9b156270d074f68-VFS-iphoneos/all-product-headers.yaml -Xcc -iquote -Xcc /Users/long/github_space/good_ideas/pdf-file-workbench/.native-build/DeviceQA/Build/Intermediates.noindex/PaperFlow.build/Debug-iphoneos/PaperFlowTests.build/PaperFlowTests-project-headers.hmap -Xcc -I/Users/long/github_space/good_ideas/pdf-file-workbench/PaperFlow/Packages/PaperFlowKit/Sources/CQPDF/include -Xcc -I/Users/long/github_space/good_ideas/pdf-file-workbench/.native-build/DeviceQA/Build/Products/Debug-iphoneos/include -Xcc -I/Users/long/github_space/good_ideas/pdf-file-workbench/.native-build/DeviceQA/Build/Intermediates.noindex/PaperFlow.build/Debug-iphoneos/PaperFlowTests.build/DerivedSources-normal/arm64 -Xcc -I/Users/long/github_space/good_ideas/pdf-file-workbench/.native-build/DeviceQA/Build/Intermediates.noindex/PaperFlow.build/Debug-iphoneos/PaperFlowTests.build/DerivedSources/arm64 -Xcc -I/Users/long/github_space/good_ideas/pdf-file-workbench/.native-build/DeviceQA/Build/Intermediates.noindex/PaperFlow.build/Debug-iphoneos/PaperFlowTests.build/DerivedSources -Xcc -DDEBUG\=1 -emit-objc-header -emit-objc-header-path /Users/long/github_space/good_ideas/pdf-file-workbench/.native-build/DeviceQA/Build/Intermediates.noindex/PaperFlow.build/Debug-iphoneos/PaperFlowTests.build/Objects-normal/arm64/PaperFlowTests-Swift.h -working-directory /Users/long/github_space/good_ideas/pdf-file-workbench/PaperFlow -experimental-emit-module-separately -disable-cmo

ProcessProductPackagingDER /Users/long/github_space/good_ideas/pdf-file-workbench/.native-build/DeviceQA/Build/Intermediates.noindex/PaperFlow.build/Debug-iphoneos/PaperFlowUITests.build/PaperFlowUITests.xctest.xcent /Users/long/github_space/good_ideas/pdf-file-workbench/.native-build/DeviceQA/Build/Intermediates.noindex/PaperFlow.build/Debug-iphoneos/PaperFlowUITests.build/PaperFlowUITests.xctest.xcent.der (in target 'PaperFlowUITests' from project 'PaperFlow')
    cd /Users/long/github_space/good_ideas/pdf-file-workbench/PaperFlow
    /usr/bin/derq query -f xml -i /Users/long/github_space/good_ideas/pdf-file-workbench/.native-build/DeviceQA/Build/Intermediates.noindex/PaperFlow.build/Debug-iphoneos/PaperFlowUITests.build/PaperFlowUITests.xctest.xcent -o /Users/long/github_space/good_ideas/pdf-file-workbench/.native-build/DeviceQA/Build/Intermediates.noindex/PaperFlow.build/Debug-iphoneos/PaperFlowUITests.build/PaperFlowUITests.xctest.xcent.der --raw

SwiftDriver PaperFlowUITests normal arm64 com.apple.xcode.tools.swift.compiler (in target 'PaperFlowUITests' from project 'PaperFlow')
    cd /Users/long/github_space/good_ideas/pdf-file-workbench/PaperFlow
    builtin-SwiftDriver -- /Applications/Xcode.app/Contents/Developer/Toolchains/XcodeDefault.xctoolchain/usr/bin/swiftc -module-name PaperFlowUITests -Onone @/Users/long/github_space/good_ideas/pdf-file-workbench/.native-build/DeviceQA/Build/Intermediates.noindex/PaperFlow.build/Debug-iphoneos/PaperFlowUITests.build/Objects-normal/arm64/PaperFlowUITests.SwiftFileList -DDEBUG -module-alias Testing\=_Testing_Unavailable -plugin-path /Applications/Xcode.app/Contents/Developer/Toolchains/XcodeDefault.xctoolchain/usr/lib/swift/host/plugins/testing -enable-experimental-feature DebugDescriptionMacro -sdk /Applications/Xcode.app/Contents/Developer/Platforms/iPhoneOS.platform/Developer/SDKs/iPhoneOS27.0.sdk -target arm64-apple-ios18.0 -g -module-cache-path /Users/long/github_space/good_ideas/pdf-file-workbench/.native-build/DeviceQA/ModuleCache.noindex -Xfrontend -serialize-debugging-options -enable-testing -index-store-path /Users/long/github_space/good_ideas/pdf-file-workbench/.native-build/DeviceQA/Index.noindex/DataStore -Xcc -D_LIBCPP_HARDENING_MODE\=_LIBCPP_HARDENING_MODE_DEBUG -swift-version 6 -I /Users/long/github_space/good_ideas/pdf-file-workbench/.native-build/DeviceQA/Build/Products/Debug-iphoneos -Isystem /Applications/Xcode.app/Contents/Developer/Platforms/iPhoneOS.platform/Developer/usr/lib -F /Users/long/github_space/good_ideas/pdf-file-workbench/.native-build/DeviceQA/Build/Products/Debug-iphoneos -F /Applications/Xcode.app/Contents/Developer/Platforms/iPhoneOS.platform/Developer/Library/Frameworks -F /Applications/Xcode.app/Contents/Developer/Platforms/iPhoneOS.platform/Developer/SDKs/iPhoneOS27.0.sdk/Developer/Library/Frameworks -parse-as-library -c -j15 -enable-batch-mode -incremental -Xcc -ivfsstatcache -Xcc /Users/long/github_space/good_ideas/pdf-file-workbench/.native-build/DeviceQA/SDKStatCaches.noindex/iphoneos27.0-24A430-6c78b3cbc238196c85e1bf6c792c5915.sdkstatcache -output-file-map /Users/long/github_space/good_ideas/pdf-file-workbench/.native-build/DeviceQA/Build/Intermediates.noindex/PaperFlow.build/Debug-iphoneos/PaperFlowUITests.build/Objects-normal/arm64/PaperFlowUITests-OutputFileMap.json -save-temps -no-color-diagnostics -explicit-module-build -module-cache-path /Users/long/github_space/good_ideas/pdf-file-workbench/.native-build/DeviceQA/Build/Intermediates.noindex/SwiftExplicitPrecompiledModules -clang-scanner-module-cache-path /Users/long/github_space/good_ideas/pdf-file-workbench/.native-build/DeviceQA/ModuleCache.noindex -sdk-module-cache-path /Users/long/github_space/good_ideas/pdf-file-workbench/.native-build/DeviceQA/SDKExplicitPrecompiledModules -emit-dependencies -emit-module -emit-module-path /Users/long/github_space/good_ideas/pdf-file-workbench/.native-build/DeviceQA/Build/Intermediates.noindex/PaperFlow.build/Debug-iphoneos/PaperFlowUITests.build/Objects-normal/arm64/PaperFlowUITests.swiftmodule -serialize-diagnostics -dependency-scan-serialize-diagnostics-path /Users/long/github_space/good_ideas/pdf-file-workbench/.native-build/DeviceQA/Build/Intermediates.noindex/PaperFlow.build/Debug-iphoneos/PaperFlowUITests.build/Objects-normal/arm64/PaperFlowUITests-dependency-scan.dia -validate-clang-modules-once -clang-build-session-file /Users/long/github_space/good_ideas/pdf-file-workbench/.native-build/DeviceQA/ModuleCache.noindex/Session.modulevalidation -Xcc -fmodules-prune-interval\=86400 -Xcc -fmodules-prune-after\=345600 -emit-const-values -const-gather-protocols-list /Users/long/github_space/good_ideas/pdf-file-workbench/.native-build/DeviceQA/Build/Intermediates.noindex/PaperFlow.build/Debug-iphoneos/PaperFlowUITests.build/Objects-normal/arm64/PaperFlowUITests_const_extract_protocols.json -Xcc -iquote -Xcc /Users/long/github_space/good_ideas/pdf-file-workbench/.native-build/DeviceQA/Build/Intermediates.noindex/PaperFlow.build/Debug-iphoneos/PaperFlowUITests.build/PaperFlowUITests-generated-files.hmap -Xcc -I/Users/long/github_space/good_ideas/pdf-file-workbench/.native-build/DeviceQA/Build/Intermediates.noindex/PaperFlow.build/Debug-iphoneos/PaperFlowUITests.build/PaperFlowUITests-own-target-headers.hmap -Xcc -I/Users/long/github_space/good_ideas/pdf-file-workbench/.native-build/DeviceQA/Build/Intermediates.noindex/PaperFlow.build/Debug-iphoneos/PaperFlowUITests.build/PaperFlowUITests-all-non-framework-target-headers.hmap -Xcc -ivfsoverlay -Xcc /Users/long/github_space/good_ideas/pdf-file-workbench/.native-build/DeviceQA/Build/Intermediates.noindex/PaperFlow.build/Debug-iphoneos/PaperFlow-d6f1c4fb6a7914d8f9b156270d074f68-VFS-iphoneos/all-product-headers.yaml -Xcc -iquote -Xcc /Users/long/github_space/good_ideas/pdf-file-workbench/.native-build/DeviceQA/Build/Intermediates.noindex/PaperFlow.build/Debug-iphoneos/PaperFlowUITests.build/PaperFlowUITests-project-headers.hmap -Xcc -I/Users/long/github_space/good_ideas/pdf-file-workbench/.native-build/DeviceQA/Build/Products/Debug-iphoneos/include -Xcc -I/Users/long/github_space/good_ideas/pdf-file-workbench/.native-build/DeviceQA/Build/Intermediates.noindex/PaperFlow.build/Debug-iphoneos/PaperFlowUITests.build/DerivedSources-normal/arm64 -Xcc -I/Users/long/github_space/good_ideas/pdf-file-workbench/.native-build/DeviceQA/Build/Intermediates.noindex/PaperFlow.build/Debug-iphoneos/PaperFlowUITests.build/DerivedSources/arm64 -Xcc -I/Users/long/github_space/good_ideas/pdf-file-workbench/.native-build/DeviceQA/Build/Intermediates.noindex/PaperFlow.build/Debug-iphoneos/PaperFlowUITests.build/DerivedSources -Xcc -DDEBUG\=1 -emit-objc-header -emit-objc-header-path /Users/long/github_space/good_ideas/pdf-file-workbench/.native-build/DeviceQA/Build/Intermediates.noindex/PaperFlow.build/Debug-iphoneos/PaperFlowUITests.build/Objects-normal/arm64/PaperFlowUITests-Swift.h -working-directory /Users/long/github_space/good_ideas/pdf-file-workbench/PaperFlow -experimental-emit-module-separately -disable-cmo

SwiftDriverJobDiscovery normal arm64 Compiling ScanPageView.swift (in target 'PaperFlow' from project 'PaperFlow')

SwiftExplicitDependencyGeneratePcm arm64 /Users/long/github_space/good_ideas/pdf-file-workbench/.native-build/DeviceQA/Build/Intermediates.noindex/SwiftExplicitPrecompiledModules/XCUIAutomation-EBURCXPQP35KX5KFMO3MGSPN.pcm

SwiftExplicitDependencyCompileModuleFromInterface arm64 /Users/long/github_space/good_ideas/pdf-file-workbench/.native-build/DeviceQA/Build/Intermediates.noindex/SwiftExplicitPrecompiledModules/Testing-1YI6LPM3L8M7Z.swiftmodule

SwiftExplicitDependencyGeneratePcm arm64 /Users/long/github_space/good_ideas/pdf-file-workbench/.native-build/DeviceQA/Build/Intermediates.noindex/SwiftExplicitPrecompiledModules/StoreKitTest-59T7C0NU5MK6RPP4JRRST0ART.pcm
<module-includes>:1:9: note: in file included from <module-includes>:1:
1 | #import "Headers/StoreKitTest.h"
  |         `- note: in file included from <module-includes>:1:
2 | 

/Applications/Xcode.app/Contents/Developer/Platforms/iPhoneOS.platform/Developer/Library/Frameworks/StoreKitTest.framework/Headers/StoreKitTest.h:14:9: note: in file included from /Applications/Xcode.app/Contents/Developer/Platforms/iPhoneOS.platform/Developer/Library/Frameworks/StoreKitTest.framework/Headers/StoreKitTest.h:14:
12 | #import <StoreKitTest/SKTestError.h>
13 | #import <StoreKitTest/SKTestSession.h>
14 | #import <StoreKitTest/SKTestTransaction.h>
   |         `- note: in file included from /Applications/Xcode.app/Contents/Developer/Platforms/iPhoneOS.platform/Developer/Library/Frameworks/StoreKitTest.framework/Headers/StoreKitTest.h:14:
15 | 
16 | 

1 warning generated.
/Applications/Xcode.app/Contents/Developer/Platforms/iPhoneOS.platform/Developer/Library/Frameworks/StoreKitTest.framework/Headers/SKTestTransaction.h:34:32: warning: 'SKPaymentTransactionState' is deprecated: first deprecated in iOS 18.0 - Use PurchaseResult from Product.purchase(confirmIn:options:).
32 | @property(nonatomic, readonly) NSDate *purchaseDate;
33 | 
34 | @property(nonatomic, readonly) SKPaymentTransactionState state;
   |                                `- warning: 'SKPaymentTransactionState' is deprecated: first deprecated in iOS 18.0 - Use PurchaseResult from Product.purchase(confirmIn:options:).
35 | 
36 | @property(nonatomic, readonly) BOOL pendingPriceIncreaseConsent API_AVAILABLE(ios(15.4), macos(12.3), tvos(15.4), watchos(8.5), visionos(1.0)) NS_SWIFT_NAME(isPendingPriceIncreaseConsent);

/Applications/Xcode.app/Contents/Developer/Platforms/iPhoneOS.platform/Developer/SDKs/iPhoneOS27.0.sdk/System/Library/Frameworks/StoreKit.framework/Headers/SKPaymentTransaction.h:14:28: note: 'SKPaymentTransactionState' has been explicitly marked deprecated here
12 | @class SKPayment;
13 | 
14 | typedef NS_ENUM(NSInteger, SKPaymentTransactionState) {
   |                            `- note: 'SKPaymentTransactionState' has been explicitly marked deprecated here
15 |     SKPaymentTransactionStatePurchasing,    // Transaction is being added to the server queue.
16 |     SKPaymentTransactionStatePurchased,     // Transaction is in queue, user has been charged.  Client should complete the transaction.

SwiftExplicitDependencyCompileModuleFromInterface arm64 /Users/long/github_space/good_ideas/pdf-file-workbench/.native-build/DeviceQA/Build/Intermediates.noindex/SwiftExplicitPrecompiledModules/XCUIAutomation-1NE0XG0V5B0G.swiftmodule

SwiftExplicitDependencyGeneratePcm arm64 /Users/long/github_space/good_ideas/pdf-file-workbench/.native-build/DeviceQA/Build/Intermediates.noindex/SwiftExplicitPrecompiledModules/XCTest-CMQQ7GPOUHNMBG9ICP24JS369.pcm

SwiftDriverJobDiscovery normal arm64 Compiling ContentView.swift (in target 'PaperFlow' from project 'PaperFlow')

SwiftExplicitDependencyCompileModuleFromInterface arm64 /Users/long/github_space/good_ideas/pdf-file-workbench/.native-build/DeviceQA/Build/Intermediates.noindex/SwiftExplicitPrecompiledModules/StoreKitTest-B3XFE72ENRJQ.swiftmodule

SwiftExplicitDependencyCompileModuleFromInterface arm64 /Users/long/github_space/good_ideas/pdf-file-workbench/.native-build/DeviceQA/Build/Intermediates.noindex/SwiftExplicitPrecompiledModules/XCTest-3BEVMX5E47LC8.swiftmodule

SwiftExplicitDependencyCompileModuleFromInterface arm64 /Users/long/github_space/good_ideas/pdf-file-workbench/.native-build/DeviceQA/Build/Intermediates.noindex/SwiftExplicitPrecompiledModules/_Testing_Foundation-345B6WDLY507Z.swiftmodule

SwiftExplicitDependencyCompileModuleFromInterface arm64 /Users/long/github_space/good_ideas/pdf-file-workbench/.native-build/DeviceQA/Build/Intermediates.noindex/SwiftExplicitPrecompiledModules/_Testing_CoreGraphics-154VQU8EWEJ1U.swiftmodule

SwiftExplicitDependencyCompileModuleFromInterface arm64 /Users/long/github_space/good_ideas/pdf-file-workbench/.native-build/DeviceQA/Build/Intermediates.noindex/SwiftExplicitPrecompiledModules/_Testing_UIKit-10XGFRBCTXH9V.swiftmodule

SwiftEmitModule normal arm64 Emitting\ module\ for\ PaperFlowUITests (in target 'PaperFlowUITests' from project 'PaperFlow')

SwiftCompile normal arm64 (in target 'PaperFlowUITests' from project 'PaperFlow')
    cd /Users/long/github_space/good_ideas/pdf-file-workbench/PaperFlow
    

SwiftCompile normal arm64 Compiling\ PaperFlowUITests.swift /Users/long/github_space/good_ideas/pdf-file-workbench/PaperFlow/PaperFlowUITests/PaperFlowUITests.swift (in target 'PaperFlowUITests' from project 'PaperFlow')

SwiftCompile normal arm64 /Users/long/github_space/good_ideas/pdf-file-workbench/PaperFlow/PaperFlowUITests/PaperFlowUITests.swift (in target 'PaperFlowUITests' from project 'PaperFlow')
    cd /Users/long/github_space/good_ideas/pdf-file-workbench/PaperFlow
    builtin-SwiftPerFileCompile PaperFlowUITests.swift

SwiftEmitModule normal arm64 Emitting\ module\ for\ PaperFlowTests (in target 'PaperFlowTests' from project 'PaperFlow')

SwiftCompile normal arm64 (in target 'PaperFlowTests' from project 'PaperFlow')
    cd /Users/long/github_space/good_ideas/pdf-file-workbench/PaperFlow
    

SwiftCompile normal arm64 Compiling\ InteractionTests.swift /Users/long/github_space/good_ideas/pdf-file-workbench/PaperFlow/PaperFlowTests/InteractionTests.swift (in target 'PaperFlowTests' from project 'PaperFlow')

SwiftCompile normal arm64 /Users/long/github_space/good_ideas/pdf-file-workbench/PaperFlow/PaperFlowTests/InteractionTests.swift (in target 'PaperFlowTests' from project 'PaperFlow')
    cd /Users/long/github_space/good_ideas/pdf-file-workbench/PaperFlow
    builtin-SwiftPerFileCompile InteractionTests.swift

SwiftCompile normal arm64 Compiling\ PaperFlowTests.swift /Users/long/github_space/good_ideas/pdf-file-workbench/PaperFlow/PaperFlowTests/PaperFlowTests.swift (in target 'PaperFlowTests' from project 'PaperFlow')

SwiftCompile normal arm64 /Users/long/github_space/good_ideas/pdf-file-workbench/PaperFlow/PaperFlowTests/PaperFlowTests.swift (in target 'PaperFlowTests' from project 'PaperFlow')
    cd /Users/long/github_space/good_ideas/pdf-file-workbench/PaperFlow
    builtin-SwiftPerFileCompile PaperFlowTests.swift

SwiftDriverJobDiscovery normal arm64 Emitting module for PaperFlowUITests (in target 'PaperFlowUITests' from project 'PaperFlow')

SwiftDriver\ Compilation\ Requirements PaperFlowUITests normal arm64 com.apple.xcode.tools.swift.compiler (in target 'PaperFlowUITests' from project 'PaperFlow')
    cd /Users/long/github_space/good_ideas/pdf-file-workbench/PaperFlow
    builtin-Swift-Compilation-Requirements -- /Applications/Xcode.app/Contents/Developer/Toolchains/XcodeDefault.xctoolchain/usr/bin/swiftc -module-name PaperFlowUITests -Onone @/Users/long/github_space/good_ideas/pdf-file-workbench/.native-build/DeviceQA/Build/Intermediates.noindex/PaperFlow.build/Debug-iphoneos/PaperFlowUITests.build/Objects-normal/arm64/PaperFlowUITests.SwiftFileList -DDEBUG -module-alias Testing\=_Testing_Unavailable -plugin-path /Applications/Xcode.app/Contents/Developer/Toolchains/XcodeDefault.xctoolchain/usr/lib/swift/host/plugins/testing -enable-experimental-feature DebugDescriptionMacro -sdk /Applications/Xcode.app/Contents/Developer/Platforms/iPhoneOS.platform/Developer/SDKs/iPhoneOS27.0.sdk -target arm64-apple-ios18.0 -g -module-cache-path /Users/long/github_space/good_ideas/pdf-file-workbench/.native-build/DeviceQA/ModuleCache.noindex -Xfrontend -serialize-debugging-options -enable-testing -index-store-path /Users/long/github_space/good_ideas/pdf-file-workbench/.native-build/DeviceQA/Index.noindex/DataStore -Xcc -D_LIBCPP_HARDENING_MODE\=_LIBCPP_HARDENING_MODE_DEBUG -swift-version 6 -I /Users/long/github_space/good_ideas/pdf-file-workbench/.native-build/DeviceQA/Build/Products/Debug-iphoneos -Isystem /Applications/Xcode.app/Contents/Developer/Platforms/iPhoneOS.platform/Developer/usr/lib -F /Users/long/github_space/good_ideas/pdf-file-workbench/.native-build/DeviceQA/Build/Products/Debug-iphoneos -F /Applications/Xcode.app/Contents/Developer/Platforms/iPhoneOS.platform/Developer/Library/Frameworks -F /Applications/Xcode.app/Contents/Developer/Platforms/iPhoneOS.platform/Developer/SDKs/iPhoneOS27.0.sdk/Developer/Library/Frameworks -parse-as-library -c -j15 -enable-batch-mode -incremental -Xcc -ivfsstatcache -Xcc /Users/long/github_space/good_ideas/pdf-file-workbench/.native-build/DeviceQA/SDKStatCaches.noindex/iphoneos27.0-24A430-6c78b3cbc238196c85e1bf6c792c5915.sdkstatcache -output-file-map /Users/long/github_space/good_ideas/pdf-file-workbench/.native-build/DeviceQA/Build/Intermediates.noindex/PaperFlow.build/Debug-iphoneos/PaperFlowUITests.build/Objects-normal/arm64/PaperFlowUITests-OutputFileMap.json -save-temps -no-color-diagnostics -explicit-module-build -module-cache-path /Users/long/github_space/good_ideas/pdf-file-workbench/.native-build/DeviceQA/Build/Intermediates.noindex/SwiftExplicitPrecompiledModules -clang-scanner-module-cache-path /Users/long/github_space/good_ideas/pdf-file-workbench/.native-build/DeviceQA/ModuleCache.noindex -sdk-module-cache-path /Users/long/github_space/good_ideas/pdf-file-workbench/.native-build/DeviceQA/SDKExplicitPrecompiledModules -emit-dependencies -emit-module -emit-module-path /Users/long/github_space/good_ideas/pdf-file-workbench/.native-build/DeviceQA/Build/Intermediates.noindex/PaperFlow.build/Debug-iphoneos/PaperFlowUITests.build/Objects-normal/arm64/PaperFlowUITests.swiftmodule -serialize-diagnostics -dependency-scan-serialize-diagnostics-path /Users/long/github_space/good_ideas/pdf-file-workbench/.native-build/DeviceQA/Build/Intermediates.noindex/PaperFlow.build/Debug-iphoneos/PaperFlowUITests.build/Objects-normal/arm64/PaperFlowUITests-dependency-scan.dia -validate-clang-modules-once -clang-build-session-file /Users/long/github_space/good_ideas/pdf-file-workbench/.native-build/DeviceQA/ModuleCache.noindex/Session.modulevalidation -Xcc -fmodules-prune-interval\=86400 -Xcc -fmodules-prune-after\=345600 -emit-const-values -const-gather-protocols-list /Users/long/github_space/good_ideas/pdf-file-workbench/.native-build/DeviceQA/Build/Intermediates.noindex/PaperFlow.build/Debug-iphoneos/PaperFlowUITests.build/Objects-normal/arm64/PaperFlowUITests_const_extract_protocols.json -Xcc -iquote -Xcc /Users/long/github_space/good_ideas/pdf-file-workbench/.native-build/DeviceQA/Build/Intermediates.noindex/PaperFlow.build/Debug-iphoneos/PaperFlowUITests.build/PaperFlowUITests-generated-files.hmap -Xcc -I/Users/long/github_space/good_ideas/pdf-file-workbench/.native-build/DeviceQA/Build/Intermediates.noindex/PaperFlow.build/Debug-iphoneos/PaperFlowUITests.build/PaperFlowUITests-own-target-headers.hmap -Xcc -I/Users/long/github_space/good_ideas/pdf-file-workbench/.native-build/DeviceQA/Build/Intermediates.noindex/PaperFlow.build/Debug-iphoneos/PaperFlowUITests.build/PaperFlowUITests-all-non-framework-target-headers.hmap -Xcc -ivfsoverlay -Xcc /Users/long/github_space/good_ideas/pdf-file-workbench/.native-build/DeviceQA/Build/Intermediates.noindex/PaperFlow.build/Debug-iphoneos/PaperFlow-d6f1c4fb6a7914d8f9b156270d074f68-VFS-iphoneos/all-product-headers.yaml -Xcc -iquote -Xcc /Users/long/github_space/good_ideas/pdf-file-workbench/.native-build/DeviceQA/Build/Intermediates.noindex/PaperFlow.build/Debug-iphoneos/PaperFlowUITests.build/PaperFlowUITests-project-headers.hmap -Xcc -I/Users/long/github_space/good_ideas/pdf-file-workbench/.native-build/DeviceQA/Build/Products/Debug-iphoneos/include -Xcc -I/Users/long/github_space/good_ideas/pdf-file-workbench/.native-build/DeviceQA/Build/Intermediates.noindex/PaperFlow.build/Debug-iphoneos/PaperFlowUITests.build/DerivedSources-normal/arm64 -Xcc -I/Users/long/github_space/good_ideas/pdf-file-workbench/.native-build/DeviceQA/Build/Intermediates.noindex/PaperFlow.build/Debug-iphoneos/PaperFlowUITests.build/DerivedSources/arm64 -Xcc -I/Users/long/github_space/good_ideas/pdf-file-workbench/.native-build/DeviceQA/Build/Intermediates.noindex/PaperFlow.build/Debug-iphoneos/PaperFlowUITests.build/DerivedSources -Xcc -DDEBUG\=1 -emit-objc-header -emit-objc-header-path /Users/long/github_space/good_ideas/pdf-file-workbench/.native-build/DeviceQA/Build/Intermediates.noindex/PaperFlow.build/Debug-iphoneos/PaperFlowUITests.build/Objects-normal/arm64/PaperFlowUITests-Swift.h -working-directory /Users/long/github_space/good_ideas/pdf-file-workbench/PaperFlow -experimental-emit-module-separately -disable-cmo

SwiftMergeGeneratedHeaders /Users/long/github_space/good_ideas/pdf-file-workbench/.native-build/DeviceQA/Build/Intermediates.noindex/PaperFlow.build/Debug-iphoneos/PaperFlowUITests.build/DerivedSources/PaperFlowUITests-Swift.h /Users/long/github_space/good_ideas/pdf-file-workbench/.native-build/DeviceQA/Build/Intermediates.noindex/PaperFlow.build/Debug-iphoneos/PaperFlowUITests.build/Objects-normal/arm64/PaperFlowUITests-Swift.h (in target 'PaperFlowUITests' from project 'PaperFlow')
    cd /Users/long/github_space/good_ideas/pdf-file-workbench/PaperFlow
    builtin-swiftHeaderTool -arch arm64 /Users/long/github_space/good_ideas/pdf-file-workbench/.native-build/DeviceQA/Build/Intermediates.noindex/PaperFlow.build/Debug-iphoneos/PaperFlowUITests.build/Objects-normal/arm64/PaperFlowUITests-Swift.h -o /Users/long/github_space/good_ideas/pdf-file-workbench/.native-build/DeviceQA/Build/Intermediates.noindex/PaperFlow.build/Debug-iphoneos/PaperFlowUITests.build/DerivedSources/PaperFlowUITests-Swift.h

Copy /Users/long/github_space/good_ideas/pdf-file-workbench/.native-build/DeviceQA/Build/Products/Debug-iphoneos/PaperFlowUITests.swiftmodule/arm64-apple-ios.swiftdoc /Users/long/github_space/good_ideas/pdf-file-workbench/.native-build/DeviceQA/Build/Intermediates.noindex/PaperFlow.build/Debug-iphoneos/PaperFlowUITests.build/Objects-normal/arm64/PaperFlowUITests.swiftdoc (in target 'PaperFlowUITests' from project 'PaperFlow')
    cd /Users/long/github_space/good_ideas/pdf-file-workbench/PaperFlow
    builtin-copy -exclude .DS_Store -exclude CVS -exclude .svn -exclude .git -exclude .hg -resolve-src-symlinks -rename /Users/long/github_space/good_ideas/pdf-file-workbench/.native-build/DeviceQA/Build/Intermediates.noindex/PaperFlow.build/Debug-iphoneos/PaperFlowUITests.build/Objects-normal/arm64/PaperFlowUITests.swiftdoc /Users/long/github_space/good_ideas/pdf-file-workbench/.native-build/DeviceQA/Build/Products/Debug-iphoneos/PaperFlowUITests.swiftmodule/arm64-apple-ios.swiftdoc

Copy /Users/long/github_space/good_ideas/pdf-file-workbench/.native-build/DeviceQA/Build/Products/Debug-iphoneos/PaperFlowUITests.swiftmodule/arm64-apple-ios.swiftmodule /Users/long/github_space/good_ideas/pdf-file-workbench/.native-build/DeviceQA/Build/Intermediates.noindex/PaperFlow.build/Debug-iphoneos/PaperFlowUITests.build/Objects-normal/arm64/PaperFlowUITests.swiftmodule (in target 'PaperFlowUITests' from project 'PaperFlow')
    cd /Users/long/github_space/good_ideas/pdf-file-workbench/PaperFlow
    builtin-copy -exclude .DS_Store -exclude CVS -exclude .svn -exclude .git -exclude .hg -resolve-src-symlinks -rename /Users/long/github_space/good_ideas/pdf-file-workbench/.native-build/DeviceQA/Build/Intermediates.noindex/PaperFlow.build/Debug-iphoneos/PaperFlowUITests.build/Objects-normal/arm64/PaperFlowUITests.swiftmodule /Users/long/github_space/good_ideas/pdf-file-workbench/.native-build/DeviceQA/Build/Products/Debug-iphoneos/PaperFlowUITests.swiftmodule/arm64-apple-ios.swiftmodule

Copy /Users/long/github_space/good_ideas/pdf-file-workbench/.native-build/DeviceQA/Build/Products/Debug-iphoneos/PaperFlowUITests.swiftmodule/arm64-apple-ios.abi.json /Users/long/github_space/good_ideas/pdf-file-workbench/.native-build/DeviceQA/Build/Intermediates.noindex/PaperFlow.build/Debug-iphoneos/PaperFlowUITests.build/Objects-normal/arm64/PaperFlowUITests.abi.json (in target 'PaperFlowUITests' from project 'PaperFlow')
    cd /Users/long/github_space/good_ideas/pdf-file-workbench/PaperFlow
    builtin-copy -exclude .DS_Store -exclude CVS -exclude .svn -exclude .git -exclude .hg -resolve-src-symlinks -rename /Users/long/github_space/good_ideas/pdf-file-workbench/.native-build/DeviceQA/Build/Intermediates.noindex/PaperFlow.build/Debug-iphoneos/PaperFlowUITests.build/Objects-normal/arm64/PaperFlowUITests.abi.json /Users/long/github_space/good_ideas/pdf-file-workbench/.native-build/DeviceQA/Build/Products/Debug-iphoneos/PaperFlowUITests.swiftmodule/arm64-apple-ios.abi.json

Copy /Users/long/github_space/good_ideas/pdf-file-workbench/.native-build/DeviceQA/Build/Products/Debug-iphoneos/PaperFlowUITests.swiftmodule/Project/arm64-apple-ios.swiftsourceinfo /Users/long/github_space/good_ideas/pdf-file-workbench/.native-build/DeviceQA/Build/Intermediates.noindex/PaperFlow.build/Debug-iphoneos/PaperFlowUITests.build/Objects-normal/arm64/PaperFlowUITests.swiftsourceinfo (in target 'PaperFlowUITests' from project 'PaperFlow')
    cd /Users/long/github_space/good_ideas/pdf-file-workbench/PaperFlow
    builtin-copy -exclude .DS_Store -exclude CVS -exclude .svn -exclude .git -exclude .hg -resolve-src-symlinks -rename /Users/long/github_space/good_ideas/pdf-file-workbench/.native-build/DeviceQA/Build/Intermediates.noindex/PaperFlow.build/Debug-iphoneos/PaperFlowUITests.build/Objects-normal/arm64/PaperFlowUITests.swiftsourceinfo /Users/long/github_space/good_ideas/pdf-file-workbench/.native-build/DeviceQA/Build/Products/Debug-iphoneos/PaperFlowUITests.swiftmodule/Project/arm64-apple-ios.swiftsourceinfo

SwiftDriverJobDiscovery normal arm64 Emitting module for PaperFlowTests (in target 'PaperFlowTests' from project 'PaperFlow')

SwiftDriver\ Compilation\ Requirements PaperFlowTests normal arm64 com.apple.xcode.tools.swift.compiler (in target 'PaperFlowTests' from project 'PaperFlow')
    cd /Users/long/github_space/good_ideas/pdf-file-workbench/PaperFlow
    builtin-Swift-Compilation-Requirements -- /Applications/Xcode.app/Contents/Developer/Toolchains/XcodeDefault.xctoolchain/usr/bin/swiftc -module-name PaperFlowTests -Onone @/Users/long/github_space/good_ideas/pdf-file-workbench/.native-build/DeviceQA/Build/Intermediates.noindex/PaperFlow.build/Debug-iphoneos/PaperFlowTests.build/Objects-normal/arm64/PaperFlowTests.SwiftFileList -DDEBUG -Xcc -fmodule-map-file\=/Users/long/github_space/good_ideas/pdf-file-workbench/.native-build/DeviceQA/Build/Intermediates.noindex/GeneratedModuleMaps-iphoneos/CQPDF.modulemap -plugin-path /Applications/Xcode.app/Contents/Developer/Toolchains/XcodeDefault.xctoolchain/usr/lib/swift/host/plugins/testing -enable-experimental-feature DebugDescriptionMacro -sdk /Applications/Xcode.app/Contents/Developer/Platforms/iPhoneOS.platform/Developer/SDKs/iPhoneOS27.0.sdk -target arm64-apple-ios18.0 -g -module-cache-path /Users/long/github_space/good_ideas/pdf-file-workbench/.native-build/DeviceQA/ModuleCache.noindex -Xfrontend -serialize-debugging-options -enable-testing -index-store-path /Users/long/github_space/good_ideas/pdf-file-workbench/.native-build/DeviceQA/Index.noindex/DataStore -Xcc -D_LIBCPP_HARDENING_MODE\=_LIBCPP_HARDENING_MODE_DEBUG -swift-version 6 -I /Users/long/github_space/good_ideas/pdf-file-workbench/.native-build/DeviceQA/Build/Products/Debug-iphoneos -Isystem /Applications/Xcode.app/Contents/Developer/Platforms/iPhoneOS.platform/Developer/usr/lib -F /Users/long/github_space/good_ideas/pdf-file-workbench/.native-build/DeviceQA/Build/Products/Debug-iphoneos/PackageFrameworks -F /Users/long/github_space/good_ideas/pdf-file-workbench/.native-build/DeviceQA/Build/Products/Debug-iphoneos -F /Applications/Xcode.app/Contents/Developer/Platforms/iPhoneOS.platform/Developer/Library/Frameworks -F /Applications/Xcode.app/Contents/Developer/Platforms/iPhoneOS.platform/Developer/SDKs/iPhoneOS27.0.sdk/Developer/Library/Frameworks -c -j15 -enable-batch-mode -incremental -Xcc -ivfsstatcache -Xcc /Users/long/github_space/good_ideas/pdf-file-workbench/.native-build/DeviceQA/SDKStatCaches.noindex/iphoneos27.0-24A430-6c78b3cbc238196c85e1bf6c792c5915.sdkstatcache -output-file-map /Users/long/github_space/good_ideas/pdf-file-workbench/.native-build/DeviceQA/Build/Intermediates.noindex/PaperFlow.build/Debug-iphoneos/PaperFlowTests.build/Objects-normal/arm64/PaperFlowTests-OutputFileMap.json -save-temps -no-color-diagnostics -explicit-module-build -module-cache-path /Users/long/github_space/good_ideas/pdf-file-workbench/.native-build/DeviceQA/Build/Intermediates.noindex/SwiftExplicitPrecompiledModules -clang-scanner-module-cache-path /Users/long/github_space/good_ideas/pdf-file-workbench/.native-build/DeviceQA/ModuleCache.noindex -sdk-module-cache-path /Users/long/github_space/good_ideas/pdf-file-workbench/.native-build/DeviceQA/SDKExplicitPrecompiledModules -emit-dependencies -emit-module -emit-module-path /Users/long/github_space/good_ideas/pdf-file-workbench/.native-build/DeviceQA/Build/Intermediates.noindex/PaperFlow.build/Debug-iphoneos/PaperFlowTests.build/Objects-normal/arm64/PaperFlowTests.swiftmodule -serialize-diagnostics -dependency-scan-serialize-diagnostics-path /Users/long/github_space/good_ideas/pdf-file-workbench/.native-build/DeviceQA/Build/Intermediates.noindex/PaperFlow.build/Debug-iphoneos/PaperFlowTests.build/Objects-normal/arm64/PaperFlowTests-dependency-scan.dia -validate-clang-modules-once -clang-build-session-file /Users/long/github_space/good_ideas/pdf-file-workbench/.native-build/DeviceQA/ModuleCache.noindex/Session.modulevalidation -Xcc -fmodules-prune-interval\=86400 -Xcc -fmodules-prune-after\=345600 -emit-const-values -const-gather-protocols-list /Users/long/github_space/good_ideas/pdf-file-workbench/.native-build/DeviceQA/Build/Intermediates.noindex/PaperFlow.build/Debug-iphoneos/PaperFlowTests.build/Objects-normal/arm64/PaperFlowTests_const_extract_protocols.json -Xcc -iquote -Xcc /Users/long/github_space/good_ideas/pdf-file-workbench/.native-build/DeviceQA/Build/Intermediates.noindex/PaperFlow.build/Debug-iphoneos/PaperFlowTests.build/PaperFlowTests-generated-files.hmap -Xcc -I/Users/long/github_space/good_ideas/pdf-file-workbench/.native-build/DeviceQA/Build/Intermediates.noindex/PaperFlow.build/Debug-iphoneos/PaperFlowTests.build/PaperFlowTests-own-target-headers.hmap -Xcc -I/Users/long/github_space/good_ideas/pdf-file-workbench/.native-build/DeviceQA/Build/Intermediates.noindex/PaperFlow.build/Debug-iphoneos/PaperFlowTests.build/PaperFlowTests-all-non-framework-target-headers.hmap -Xcc -ivfsoverlay -Xcc /Users/long/github_space/good_ideas/pdf-file-workbench/.native-build/DeviceQA/Build/Intermediates.noindex/PaperFlow.build/Debug-iphoneos/PaperFlow-d6f1c4fb6a7914d8f9b156270d074f68-VFS-iphoneos/all-product-headers.yaml -Xcc -iquote -Xcc /Users/long/github_space/good_ideas/pdf-file-workbench/.native-build/DeviceQA/Build/Intermediates.noindex/PaperFlow.build/Debug-iphoneos/PaperFlowTests.build/PaperFlowTests-project-headers.hmap -Xcc -I/Users/long/github_space/good_ideas/pdf-file-workbench/PaperFlow/Packages/PaperFlowKit/Sources/CQPDF/include -Xcc -I/Users/long/github_space/good_ideas/pdf-file-workbench/.native-build/DeviceQA/Build/Products/Debug-iphoneos/include -Xcc -I/Users/long/github_space/good_ideas/pdf-file-workbench/.native-build/DeviceQA/Build/Intermediates.noindex/PaperFlow.build/Debug-iphoneos/PaperFlowTests.build/DerivedSources-normal/arm64 -Xcc -I/Users/long/github_space/good_ideas/pdf-file-workbench/.native-build/DeviceQA/Build/Intermediates.noindex/PaperFlow.build/Debug-iphoneos/PaperFlowTests.build/DerivedSources/arm64 -Xcc -I/Users/long/github_space/good_ideas/pdf-file-workbench/.native-build/DeviceQA/Build/Intermediates.noindex/PaperFlow.build/Debug-iphoneos/PaperFlowTests.build/DerivedSources -Xcc -DDEBUG\=1 -emit-objc-header -emit-objc-header-path /Users/long/github_space/good_ideas/pdf-file-workbench/.native-build/DeviceQA/Build/Intermediates.noindex/PaperFlow.build/Debug-iphoneos/PaperFlowTests.build/Objects-normal/arm64/PaperFlowTests-Swift.h -working-directory /Users/long/github_space/good_ideas/pdf-file-workbench/PaperFlow -experimental-emit-module-separately -disable-cmo

SwiftMergeGeneratedHeaders /Users/long/github_space/good_ideas/pdf-file-workbench/.native-build/DeviceQA/Build/Intermediates.noindex/PaperFlow.build/Debug-iphoneos/PaperFlowTests.build/DerivedSources/PaperFlowTests-Swift.h /Users/long/github_space/good_ideas/pdf-file-workbench/.native-build/DeviceQA/Build/Intermediates.noindex/PaperFlow.build/Debug-iphoneos/PaperFlowTests.build/Objects-normal/arm64/PaperFlowTests-Swift.h (in target 'PaperFlowTests' from project 'PaperFlow')
    cd /Users/long/github_space/good_ideas/pdf-file-workbench/PaperFlow
    builtin-swiftHeaderTool -arch arm64 /Users/long/github_space/good_ideas/pdf-file-workbench/.native-build/DeviceQA/Build/Intermediates.noindex/PaperFlow.build/Debug-iphoneos/PaperFlowTests.build/Objects-normal/arm64/PaperFlowTests-Swift.h -o /Users/long/github_space/good_ideas/pdf-file-workbench/.native-build/DeviceQA/Build/Intermediates.noindex/PaperFlow.build/Debug-iphoneos/PaperFlowTests.build/DerivedSources/PaperFlowTests-Swift.h

Copy /Users/long/github_space/good_ideas/pdf-file-workbench/.native-build/DeviceQA/Build/Products/Debug-iphoneos/PaperFlowTests.swiftmodule/arm64-apple-ios.abi.json /Users/long/github_space/good_ideas/pdf-file-workbench/.native-build/DeviceQA/Build/Intermediates.noindex/PaperFlow.build/Debug-iphoneos/PaperFlowTests.build/Objects-normal/arm64/PaperFlowTests.abi.json (in target 'PaperFlowTests' from project 'PaperFlow')
    cd /Users/long/github_space/good_ideas/pdf-file-workbench/PaperFlow
    builtin-copy -exclude .DS_Store -exclude CVS -exclude .svn -exclude .git -exclude .hg -resolve-src-symlinks -rename /Users/long/github_space/good_ideas/pdf-file-workbench/.native-build/DeviceQA/Build/Intermediates.noindex/PaperFlow.build/Debug-iphoneos/PaperFlowTests.build/Objects-normal/arm64/PaperFlowTests.abi.json /Users/long/github_space/good_ideas/pdf-file-workbench/.native-build/DeviceQA/Build/Products/Debug-iphoneos/PaperFlowTests.swiftmodule/arm64-apple-ios.abi.json

Copy /Users/long/github_space/good_ideas/pdf-file-workbench/.native-build/DeviceQA/Build/Products/Debug-iphoneos/PaperFlowTests.swiftmodule/arm64-apple-ios.swiftdoc /Users/long/github_space/good_ideas/pdf-file-workbench/.native-build/DeviceQA/Build/Intermediates.noindex/PaperFlow.build/Debug-iphoneos/PaperFlowTests.build/Objects-normal/arm64/PaperFlowTests.swiftdoc (in target 'PaperFlowTests' from project 'PaperFlow')
    cd /Users/long/github_space/good_ideas/pdf-file-workbench/PaperFlow
    builtin-copy -exclude .DS_Store -exclude CVS -exclude .svn -exclude .git -exclude .hg -resolve-src-symlinks -rename /Users/long/github_space/good_ideas/pdf-file-workbench/.native-build/DeviceQA/Build/Intermediates.noindex/PaperFlow.build/Debug-iphoneos/PaperFlowTests.build/Objects-normal/arm64/PaperFlowTests.swiftdoc /Users/long/github_space/good_ideas/pdf-file-workbench/.native-build/DeviceQA/Build/Products/Debug-iphoneos/PaperFlowTests.swiftmodule/arm64-apple-ios.swiftdoc

Copy /Users/long/github_space/good_ideas/pdf-file-workbench/.native-build/DeviceQA/Build/Products/Debug-iphoneos/PaperFlowTests.swiftmodule/arm64-apple-ios.swiftmodule /Users/long/github_space/good_ideas/pdf-file-workbench/.native-build/DeviceQA/Build/Intermediates.noindex/PaperFlow.build/Debug-iphoneos/PaperFlowTests.build/Objects-normal/arm64/PaperFlowTests.swiftmodule (in target 'PaperFlowTests' from project 'PaperFlow')
    cd /Users/long/github_space/good_ideas/pdf-file-workbench/PaperFlow
    builtin-copy -exclude .DS_Store -exclude CVS -exclude .svn -exclude .git -exclude .hg -resolve-src-symlinks -rename /Users/long/github_space/good_ideas/pdf-file-workbench/.native-build/DeviceQA/Build/Intermediates.noindex/PaperFlow.build/Debug-iphoneos/PaperFlowTests.build/Objects-normal/arm64/PaperFlowTests.swiftmodule /Users/long/github_space/good_ideas/pdf-file-workbench/.native-build/DeviceQA/Build/Products/Debug-iphoneos/PaperFlowTests.swiftmodule/arm64-apple-ios.swiftmodule

Copy /Users/long/github_space/good_ideas/pdf-file-workbench/.native-build/DeviceQA/Build/Products/Debug-iphoneos/PaperFlowTests.swiftmodule/Project/arm64-apple-ios.swiftsourceinfo /Users/long/github_space/good_ideas/pdf-file-workbench/.native-build/DeviceQA/Build/Intermediates.noindex/PaperFlow.build/Debug-iphoneos/PaperFlowTests.build/Objects-normal/arm64/PaperFlowTests.swiftsourceinfo (in target 'PaperFlowTests' from project 'PaperFlow')
    cd /Users/long/github_space/good_ideas/pdf-file-workbench/PaperFlow
    builtin-copy -exclude .DS_Store -exclude CVS -exclude .svn -exclude .git -exclude .hg -resolve-src-symlinks -rename /Users/long/github_space/good_ideas/pdf-file-workbench/.native-build/DeviceQA/Build/Intermediates.noindex/PaperFlow.build/Debug-iphoneos/PaperFlowTests.build/Objects-normal/arm64/PaperFlowTests.swiftsourceinfo /Users/long/github_space/good_ideas/pdf-file-workbench/.native-build/DeviceQA/Build/Products/Debug-iphoneos/PaperFlowTests.swiftmodule/Project/arm64-apple-ios.swiftsourceinfo

SwiftDriverJobDiscovery normal arm64 Compiling PaperFlowUITests.swift (in target 'PaperFlowUITests' from project 'PaperFlow')

SwiftDriver\ Compilation PaperFlowUITests normal arm64 com.apple.xcode.tools.swift.compiler (in target 'PaperFlowUITests' from project 'PaperFlow')
    cd /Users/long/github_space/good_ideas/pdf-file-workbench/PaperFlow
    builtin-Swift-Compilation -- /Applications/Xcode.app/Contents/Developer/Toolchains/XcodeDefault.xctoolchain/usr/bin/swiftc -module-name PaperFlowUITests -Onone @/Users/long/github_space/good_ideas/pdf-file-workbench/.native-build/DeviceQA/Build/Intermediates.noindex/PaperFlow.build/Debug-iphoneos/PaperFlowUITests.build/Objects-normal/arm64/PaperFlowUITests.SwiftFileList -DDEBUG -module-alias Testing\=_Testing_Unavailable -plugin-path /Applications/Xcode.app/Contents/Developer/Toolchains/XcodeDefault.xctoolchain/usr/lib/swift/host/plugins/testing -enable-experimental-feature DebugDescriptionMacro -sdk /Applications/Xcode.app/Contents/Developer/Platforms/iPhoneOS.platform/Developer/SDKs/iPhoneOS27.0.sdk -target arm64-apple-ios18.0 -g -module-cache-path /Users/long/github_space/good_ideas/pdf-file-workbench/.native-build/DeviceQA/ModuleCache.noindex -Xfrontend -serialize-debugging-options -enable-testing -index-store-path /Users/long/github_space/good_ideas/pdf-file-workbench/.native-build/DeviceQA/Index.noindex/DataStore -Xcc -D_LIBCPP_HARDENING_MODE\=_LIBCPP_HARDENING_MODE_DEBUG -swift-version 6 -I /Users/long/github_space/good_ideas/pdf-file-workbench/.native-build/DeviceQA/Build/Products/Debug-iphoneos -Isystem /Applications/Xcode.app/Contents/Developer/Platforms/iPhoneOS.platform/Developer/usr/lib -F /Users/long/github_space/good_ideas/pdf-file-workbench/.native-build/DeviceQA/Build/Products/Debug-iphoneos -F /Applications/Xcode.app/Contents/Developer/Platforms/iPhoneOS.platform/Developer/Library/Frameworks -F /Applications/Xcode.app/Contents/Developer/Platforms/iPhoneOS.platform/Developer/SDKs/iPhoneOS27.0.sdk/Developer/Library/Frameworks -parse-as-library -c -j15 -enable-batch-mode -incremental -Xcc -ivfsstatcache -Xcc /Users/long/github_space/good_ideas/pdf-file-workbench/.native-build/DeviceQA/SDKStatCaches.noindex/iphoneos27.0-24A430-6c78b3cbc238196c85e1bf6c792c5915.sdkstatcache -output-file-map /Users/long/github_space/good_ideas/pdf-file-workbench/.native-build/DeviceQA/Build/Intermediates.noindex/PaperFlow.build/Debug-iphoneos/PaperFlowUITests.build/Objects-normal/arm64/PaperFlowUITests-OutputFileMap.json -save-temps -no-color-diagnostics -explicit-module-build -module-cache-path /Users/long/github_space/good_ideas/pdf-file-workbench/.native-build/DeviceQA/Build/Intermediates.noindex/SwiftExplicitPrecompiledModules -clang-scanner-module-cache-path /Users/long/github_space/good_ideas/pdf-file-workbench/.native-build/DeviceQA/ModuleCache.noindex -sdk-module-cache-path /Users/long/github_space/good_ideas/pdf-file-workbench/.native-build/DeviceQA/SDKExplicitPrecompiledModules -emit-dependencies -emit-module -emit-module-path /Users/long/github_space/good_ideas/pdf-file-workbench/.native-build/DeviceQA/Build/Intermediates.noindex/PaperFlow.build/Debug-iphoneos/PaperFlowUITests.build/Objects-normal/arm64/PaperFlowUITests.swiftmodule -serialize-diagnostics -dependency-scan-serialize-diagnostics-path /Users/long/github_space/good_ideas/pdf-file-workbench/.native-build/DeviceQA/Build/Intermediates.noindex/PaperFlow.build/Debug-iphoneos/PaperFlowUITests.build/Objects-normal/arm64/PaperFlowUITests-dependency-scan.dia -validate-clang-modules-once -clang-build-session-file /Users/long/github_space/good_ideas/pdf-file-workbench/.native-build/DeviceQA/ModuleCache.noindex/Session.modulevalidation -Xcc -fmodules-prune-interval\=86400 -Xcc -fmodules-prune-after\=345600 -emit-const-values -const-gather-protocols-list /Users/long/github_space/good_ideas/pdf-file-workbench/.native-build/DeviceQA/Build/Intermediates.noindex/PaperFlow.build/Debug-iphoneos/PaperFlowUITests.build/Objects-normal/arm64/PaperFlowUITests_const_extract_protocols.json -Xcc -iquote -Xcc /Users/long/github_space/good_ideas/pdf-file-workbench/.native-build/DeviceQA/Build/Intermediates.noindex/PaperFlow.build/Debug-iphoneos/PaperFlowUITests.build/PaperFlowUITests-generated-files.hmap -Xcc -I/Users/long/github_space/good_ideas/pdf-file-workbench/.native-build/DeviceQA/Build/Intermediates.noindex/PaperFlow.build/Debug-iphoneos/PaperFlowUITests.build/PaperFlowUITests-own-target-headers.hmap -Xcc -I/Users/long/github_space/good_ideas/pdf-file-workbench/.native-build/DeviceQA/Build/Intermediates.noindex/PaperFlow.build/Debug-iphoneos/PaperFlowUITests.build/PaperFlowUITests-all-non-framework-target-headers.hmap -Xcc -ivfsoverlay -Xcc /Users/long/github_space/good_ideas/pdf-file-workbench/.native-build/DeviceQA/Build/Intermediates.noindex/PaperFlow.build/Debug-iphoneos/PaperFlow-d6f1c4fb6a7914d8f9b156270d074f68-VFS-iphoneos/all-product-headers.yaml -Xcc -iquote -Xcc /Users/long/github_space/good_ideas/pdf-file-workbench/.native-build/DeviceQA/Build/Intermediates.noindex/PaperFlow.build/Debug-iphoneos/PaperFlowUITests.build/PaperFlowUITests-project-headers.hmap -Xcc -I/Users/long/github_space/good_ideas/pdf-file-workbench/.native-build/DeviceQA/Build/Products/Debug-iphoneos/include -Xcc -I/Users/long/github_space/good_ideas/pdf-file-workbench/.native-build/DeviceQA/Build/Intermediates.noindex/PaperFlow.build/Debug-iphoneos/PaperFlowUITests.build/DerivedSources-normal/arm64 -Xcc -I/Users/long/github_space/good_ideas/pdf-file-workbench/.native-build/DeviceQA/Build/Intermediates.noindex/PaperFlow.build/Debug-iphoneos/PaperFlowUITests.build/DerivedSources/arm64 -Xcc -I/Users/long/github_space/good_ideas/pdf-file-workbench/.native-build/DeviceQA/Build/Intermediates.noindex/PaperFlow.build/Debug-iphoneos/PaperFlowUITests.build/DerivedSources -Xcc -DDEBUG\=1 -emit-objc-header -emit-objc-header-path /Users/long/github_space/good_ideas/pdf-file-workbench/.native-build/DeviceQA/Build/Intermediates.noindex/PaperFlow.build/Debug-iphoneos/PaperFlowUITests.build/Objects-normal/arm64/PaperFlowUITests-Swift.h -working-directory /Users/long/github_space/good_ideas/pdf-file-workbench/PaperFlow -experimental-emit-module-separately -disable-cmo

SwiftDriverJobDiscovery normal arm64 Compiling EditorPages.swift, FeaturePage.swift (in target 'PaperFlow' from project 'PaperFlow')

SwiftDriverJobDiscovery normal arm64 Compiling PaperFlowTests.swift (in target 'PaperFlowTests' from project 'PaperFlow')

SwiftDriverJobDiscovery normal arm64 Compiling WorkspaceModel.swift, DocumentViews.swift (in target 'PaperFlow' from project 'PaperFlow')

SwiftDriverJobDiscovery normal arm64 Compiling InteractionTests.swift (in target 'PaperFlowTests' from project 'PaperFlow')

SwiftDriver\ Compilation PaperFlowTests normal arm64 com.apple.xcode.tools.swift.compiler (in target 'PaperFlowTests' from project 'PaperFlow')
    cd /Users/long/github_space/good_ideas/pdf-file-workbench/PaperFlow
    builtin-Swift-Compilation -- /Applications/Xcode.app/Contents/Developer/Toolchains/XcodeDefault.xctoolchain/usr/bin/swiftc -module-name PaperFlowTests -Onone @/Users/long/github_space/good_ideas/pdf-file-workbench/.native-build/DeviceQA/Build/Intermediates.noindex/PaperFlow.build/Debug-iphoneos/PaperFlowTests.build/Objects-normal/arm64/PaperFlowTests.SwiftFileList -DDEBUG -Xcc -fmodule-map-file\=/Users/long/github_space/good_ideas/pdf-file-workbench/.native-build/DeviceQA/Build/Intermediates.noindex/GeneratedModuleMaps-iphoneos/CQPDF.modulemap -plugin-path /Applications/Xcode.app/Contents/Developer/Toolchains/XcodeDefault.xctoolchain/usr/lib/swift/host/plugins/testing -enable-experimental-feature DebugDescriptionMacro -sdk /Applications/Xcode.app/Contents/Developer/Platforms/iPhoneOS.platform/Developer/SDKs/iPhoneOS27.0.sdk -target arm64-apple-ios18.0 -g -module-cache-path /Users/long/github_space/good_ideas/pdf-file-workbench/.native-build/DeviceQA/ModuleCache.noindex -Xfrontend -serialize-debugging-options -enable-testing -index-store-path /Users/long/github_space/good_ideas/pdf-file-workbench/.native-build/DeviceQA/Index.noindex/DataStore -Xcc -D_LIBCPP_HARDENING_MODE\=_LIBCPP_HARDENING_MODE_DEBUG -swift-version 6 -I /Users/long/github_space/good_ideas/pdf-file-workbench/.native-build/DeviceQA/Build/Products/Debug-iphoneos -Isystem /Applications/Xcode.app/Contents/Developer/Platforms/iPhoneOS.platform/Developer/usr/lib -F /Users/long/github_space/good_ideas/pdf-file-workbench/.native-build/DeviceQA/Build/Products/Debug-iphoneos/PackageFrameworks -F /Users/long/github_space/good_ideas/pdf-file-workbench/.native-build/DeviceQA/Build/Products/Debug-iphoneos -F /Applications/Xcode.app/Contents/Developer/Platforms/iPhoneOS.platform/Developer/Library/Frameworks -F /Applications/Xcode.app/Contents/Developer/Platforms/iPhoneOS.platform/Developer/SDKs/iPhoneOS27.0.sdk/Developer/Library/Frameworks -c -j15 -enable-batch-mode -incremental -Xcc -ivfsstatcache -Xcc /Users/long/github_space/good_ideas/pdf-file-workbench/.native-build/DeviceQA/SDKStatCaches.noindex/iphoneos27.0-24A430-6c78b3cbc238196c85e1bf6c792c5915.sdkstatcache -output-file-map /Users/long/github_space/good_ideas/pdf-file-workbench/.native-build/DeviceQA/Build/Intermediates.noindex/PaperFlow.build/Debug-iphoneos/PaperFlowTests.build/Objects-normal/arm64/PaperFlowTests-OutputFileMap.json -save-temps -no-color-diagnostics -explicit-module-build -module-cache-path /Users/long/github_space/good_ideas/pdf-file-workbench/.native-build/DeviceQA/Build/Intermediates.noindex/SwiftExplicitPrecompiledModules -clang-scanner-module-cache-path /Users/long/github_space/good_ideas/pdf-file-workbench/.native-build/DeviceQA/ModuleCache.noindex -sdk-module-cache-path /Users/long/github_space/good_ideas/pdf-file-workbench/.native-build/DeviceQA/SDKExplicitPrecompiledModules -emit-dependencies -emit-module -emit-module-path /Users/long/github_space/good_ideas/pdf-file-workbench/.native-build/DeviceQA/Build/Intermediates.noindex/PaperFlow.build/Debug-iphoneos/PaperFlowTests.build/Objects-normal/arm64/PaperFlowTests.swiftmodule -serialize-diagnostics -dependency-scan-serialize-diagnostics-path /Users/long/github_space/good_ideas/pdf-file-workbench/.native-build/DeviceQA/Build/Intermediates.noindex/PaperFlow.build/Debug-iphoneos/PaperFlowTests.build/Objects-normal/arm64/PaperFlowTests-dependency-scan.dia -validate-clang-modules-once -clang-build-session-file /Users/long/github_space/good_ideas/pdf-file-workbench/.native-build/DeviceQA/ModuleCache.noindex/Session.modulevalidation -Xcc -fmodules-prune-interval\=86400 -Xcc -fmodules-prune-after\=345600 -emit-const-values -const-gather-protocols-list /Users/long/github_space/good_ideas/pdf-file-workbench/.native-build/DeviceQA/Build/Intermediates.noindex/PaperFlow.build/Debug-iphoneos/PaperFlowTests.build/Objects-normal/arm64/PaperFlowTests_const_extract_protocols.json -Xcc -iquote -Xcc /Users/long/github_space/good_ideas/pdf-file-workbench/.native-build/DeviceQA/Build/Intermediates.noindex/PaperFlow.build/Debug-iphoneos/PaperFlowTests.build/PaperFlowTests-generated-files.hmap -Xcc -I/Users/long/github_space/good_ideas/pdf-file-workbench/.native-build/DeviceQA/Build/Intermediates.noindex/PaperFlow.build/Debug-iphoneos/PaperFlowTests.build/PaperFlowTests-own-target-headers.hmap -Xcc -I/Users/long/github_space/good_ideas/pdf-file-workbench/.native-build/DeviceQA/Build/Intermediates.noindex/PaperFlow.build/Debug-iphoneos/PaperFlowTests.build/PaperFlowTests-all-non-framework-target-headers.hmap -Xcc -ivfsoverlay -Xcc /Users/long/github_space/good_ideas/pdf-file-workbench/.native-build/DeviceQA/Build/Intermediates.noindex/PaperFlow.build/Debug-iphoneos/PaperFlow-d6f1c4fb6a7914d8f9b156270d074f68-VFS-iphoneos/all-product-headers.yaml -Xcc -iquote -Xcc /Users/long/github_space/good_ideas/pdf-file-workbench/.native-build/DeviceQA/Build/Intermediates.noindex/PaperFlow.build/Debug-iphoneos/PaperFlowTests.build/PaperFlowTests-project-headers.hmap -Xcc -I/Users/long/github_space/good_ideas/pdf-file-workbench/PaperFlow/Packages/PaperFlowKit/Sources/CQPDF/include -Xcc -I/Users/long/github_space/good_ideas/pdf-file-workbench/.native-build/DeviceQA/Build/Products/Debug-iphoneos/include -Xcc -I/Users/long/github_space/good_ideas/pdf-file-workbench/.native-build/DeviceQA/Build/Intermediates.noindex/PaperFlow.build/Debug-iphoneos/PaperFlowTests.build/DerivedSources-normal/arm64 -Xcc -I/Users/long/github_space/good_ideas/pdf-file-workbench/.native-build/DeviceQA/Build/Intermediates.noindex/PaperFlow.build/Debug-iphoneos/PaperFlowTests.build/DerivedSources/arm64 -Xcc -I/Users/long/github_space/good_ideas/pdf-file-workbench/.native-build/DeviceQA/Build/Intermediates.noindex/PaperFlow.build/Debug-iphoneos/PaperFlowTests.build/DerivedSources -Xcc -DDEBUG\=1 -emit-objc-header -emit-objc-header-path /Users/long/github_space/good_ideas/pdf-file-workbench/.native-build/DeviceQA/Build/Intermediates.noindex/PaperFlow.build/Debug-iphoneos/PaperFlowTests.build/Objects-normal/arm64/PaperFlowTests-Swift.h -working-directory /Users/long/github_space/good_ideas/pdf-file-workbench/PaperFlow -experimental-emit-module-separately -disable-cmo

SwiftDriverJobDiscovery normal arm64 Compiling ModalHost.swift, ProcessingPages.swift (in target 'PaperFlow' from project 'PaperFlow')

SwiftDriver\ Compilation PaperFlow normal arm64 com.apple.xcode.tools.swift.compiler (in target 'PaperFlow' from project 'PaperFlow')
    cd /Users/long/github_space/good_ideas/pdf-file-workbench/PaperFlow
    builtin-Swift-Compilation -- /Applications/Xcode.app/Contents/Developer/Toolchains/XcodeDefault.xctoolchain/usr/bin/swiftc -module-name PaperFlow -Onone @/Users/long/github_space/good_ideas/pdf-file-workbench/.native-build/DeviceQA/Build/Intermediates.noindex/PaperFlow.build/Debug-iphoneos/PaperFlow.build/Objects-normal/arm64/PaperFlow.SwiftFileList -DDEBUG -Xcc -fmodule-map-file\=/Users/long/github_space/good_ideas/pdf-file-workbench/.native-build/DeviceQA/Build/Intermediates.noindex/GeneratedModuleMaps-iphoneos/CQPDF.modulemap -enable-experimental-feature DebugDescriptionMacro -sdk /Applications/Xcode.app/Contents/Developer/Platforms/iPhoneOS.platform/Developer/SDKs/iPhoneOS27.0.sdk -target arm64-apple-ios18.0 -g -module-cache-path /Users/long/github_space/good_ideas/pdf-file-workbench/.native-build/DeviceQA/ModuleCache.noindex -Xfrontend -serialize-debugging-options -enable-testing -index-store-path /Users/long/github_space/good_ideas/pdf-file-workbench/.native-build/DeviceQA/Index.noindex/DataStore -Xcc -D_LIBCPP_HARDENING_MODE\=_LIBCPP_HARDENING_MODE_DEBUG -swift-version 6 -I /Users/long/github_space/good_ideas/pdf-file-workbench/.native-build/DeviceQA/Build/Products/Debug-iphoneos -F /Users/long/github_space/good_ideas/pdf-file-workbench/.native-build/DeviceQA/Build/Products/Debug-iphoneos/PackageFrameworks -F /Users/long/github_space/good_ideas/pdf-file-workbench/.native-build/DeviceQA/Build/Products/Debug-iphoneos -emit-localized-strings -emit-localized-strings-path /Users/long/github_space/good_ideas/pdf-file-workbench/.native-build/DeviceQA/Build/Intermediates.noindex/PaperFlow.build/Debug-iphoneos/PaperFlow.build/Objects-normal/arm64 -c -j15 -enable-batch-mode -incremental -Xcc -ivfsstatcache -Xcc /Users/long/github_space/good_ideas/pdf-file-workbench/.native-build/DeviceQA/SDKStatCaches.noindex/iphoneos27.0-24A430-6c78b3cbc238196c85e1bf6c792c5915.sdkstatcache -output-file-map /Users/long/github_space/good_ideas/pdf-file-workbench/.native-build/DeviceQA/Build/Intermediates.noindex/PaperFlow.build/Debug-iphoneos/PaperFlow.build/Objects-normal/arm64/PaperFlow-OutputFileMap.json -save-temps -no-color-diagnostics -explicit-module-build -module-cache-path /Users/long/github_space/good_ideas/pdf-file-workbench/.native-build/DeviceQA/Build/Intermediates.noindex/SwiftExplicitPrecompiledModules -clang-scanner-module-cache-path /Users/long/github_space/good_ideas/pdf-file-workbench/.native-build/DeviceQA/ModuleCache.noindex -sdk-module-cache-path /Users/long/github_space/good_ideas/pdf-file-workbench/.native-build/DeviceQA/SDKExplicitPrecompiledModules -emit-dependencies -emit-module -emit-module-path /Users/long/github_space/good_ideas/pdf-file-workbench/.native-build/DeviceQA/Build/Intermediates.noindex/PaperFlow.build/Debug-iphoneos/PaperFlow.build/Objects-normal/arm64/PaperFlow.swiftmodule -serialize-diagnostics -dependency-scan-serialize-diagnostics-path /Users/long/github_space/good_ideas/pdf-file-workbench/.native-build/DeviceQA/Build/Intermediates.noindex/PaperFlow.build/Debug-iphoneos/PaperFlow.build/Objects-normal/arm64/PaperFlow-dependency-scan.dia -validate-clang-modules-once -clang-build-session-file /Users/long/github_space/good_ideas/pdf-file-workbench/.native-build/DeviceQA/ModuleCache.noindex/Session.modulevalidation -Xcc -fmodules-prune-interval\=86400 -Xcc -fmodules-prune-after\=345600 -emit-const-values -const-gather-protocols-list /Users/long/github_space/good_ideas/pdf-file-workbench/.native-build/DeviceQA/Build/Intermediates.noindex/PaperFlow.build/Debug-iphoneos/PaperFlow.build/Objects-normal/arm64/PaperFlow_const_extract_protocols.json -Xcc -iquote -Xcc /Users/long/github_space/good_ideas/pdf-file-workbench/.native-build/DeviceQA/Build/Intermediates.noindex/PaperFlow.build/Debug-iphoneos/PaperFlow.build/PaperFlow-generated-files.hmap -Xcc -I/Users/long/github_space/good_ideas/pdf-file-workbench/.native-build/DeviceQA/Build/Intermediates.noindex/PaperFlow.build/Debug-iphoneos/PaperFlow.build/PaperFlow-own-target-headers.hmap -Xcc -I/Users/long/github_space/good_ideas/pdf-file-workbench/.native-build/DeviceQA/Build/Intermediates.noindex/PaperFlow.build/Debug-iphoneos/PaperFlow.build/PaperFlow-all-non-framework-target-headers.hmap -Xcc -ivfsoverlay -Xcc /Users/long/github_space/good_ideas/pdf-file-workbench/.native-build/DeviceQA/Build/Intermediates.noindex/PaperFlow.build/Debug-iphoneos/PaperFlow-d6f1c4fb6a7914d8f9b156270d074f68-VFS-iphoneos/all-product-headers.yaml -Xcc -iquote -Xcc /Users/long/github_space/good_ideas/pdf-file-workbench/.native-build/DeviceQA/Build/Intermediates.noindex/PaperFlow.build/Debug-iphoneos/PaperFlow.build/PaperFlow-project-headers.hmap -Xcc -I/Users/long/github_space/good_ideas/pdf-file-workbench/PaperFlow/Packages/PaperFlowKit/Sources/CQPDF/include -Xcc -I/Users/long/github_space/good_ideas/pdf-file-workbench/.native-build/DeviceQA/Build/Products/Debug-iphoneos/include -Xcc -I/Users/long/github_space/good_ideas/pdf-file-workbench/.native-build/DeviceQA/Build/Intermediates.noindex/PaperFlow.build/Debug-iphoneos/PaperFlow.build/DerivedSources-normal/arm64 -Xcc -I/Users/long/github_space/good_ideas/pdf-file-workbench/.native-build/DeviceQA/Build/Intermediates.noindex/PaperFlow.build/Debug-iphoneos/PaperFlow.build/DerivedSources/arm64 -Xcc -I/Users/long/github_space/good_ideas/pdf-file-workbench/.native-build/DeviceQA/Build/Intermediates.noindex/PaperFlow.build/Debug-iphoneos/PaperFlow.build/DerivedSources -Xcc -DDEBUG\=1 -emit-objc-header -emit-objc-header-path /Users/long/github_space/good_ideas/pdf-file-workbench/.native-build/DeviceQA/Build/Intermediates.noindex/PaperFlow.build/Debug-iphoneos/PaperFlow.build/Objects-normal/arm64/PaperFlow-Swift.h -working-directory /Users/long/github_space/good_ideas/pdf-file-workbench/PaperFlow -experimental-emit-module-separately -disable-cmo

Ld /Users/long/github_space/good_ideas/pdf-file-workbench/.native-build/DeviceQA/Build/Products/Debug-iphoneos/PaperFlow.app/PaperFlow.debug.dylib normal (in target 'PaperFlow' from project 'PaperFlow')
    cd /Users/long/github_space/good_ideas/pdf-file-workbench/PaperFlow
    /Applications/Xcode.app/Contents/Developer/Toolchains/XcodeDefault.xctoolchain/usr/bin/clang -Xlinker -reproducible -target arm64-apple-ios18.0 -dynamiclib -isysroot /Applications/Xcode.app/Contents/Developer/Platforms/iPhoneOS.platform/Developer/SDKs/iPhoneOS27.0.sdk -O0 -Xlinker -no_warn_duplicate_libraries -L/Users/long/github_space/good_ideas/pdf-file-workbench/.native-build/DeviceQA/Build/Intermediates.noindex/EagerLinkingTBDs/Debug-iphoneos -L/Users/long/github_space/good_ideas/pdf-file-workbench/.native-build/DeviceQA/Build/Products/Debug-iphoneos -F/Users/long/github_space/good_ideas/pdf-file-workbench/.native-build/DeviceQA/Build/Intermediates.noindex/EagerLinkingTBDs/Debug-iphoneos -F/Users/long/github_space/good_ideas/pdf-file-workbench/.native-build/DeviceQA/Build/Products/Debug-iphoneos/PackageFrameworks -F/Users/long/github_space/good_ideas/pdf-file-workbench/.native-build/DeviceQA/Build/Products/Debug-iphoneos -filelist /Users/long/github_space/good_ideas/pdf-file-workbench/.native-build/DeviceQA/Build/Intermediates.noindex/PaperFlow.build/Debug-iphoneos/PaperFlow.build/Objects-normal/arm64/PaperFlow.LinkFileList -install_name @rpath/PaperFlow.debug.dylib -Xlinker -rpath -Xlinker /usr/lib/swift -Xlinker -rpath -Xlinker @loader_path -Xlinker -rpath -Xlinker /Users/long/github_space/good_ideas/pdf-file-workbench/.native-build/DeviceQA/Build/Products/Debug-iphoneos/PackageFrameworks -Xlinker -rpath -Xlinker @executable_path/Frameworks -Xlinker -dead_strip -Xlinker -object_path_lto -Xlinker /Users/long/github_space/good_ideas/pdf-file-workbench/.native-build/DeviceQA/Build/Intermediates.noindex/PaperFlow.build/Debug-iphoneos/PaperFlow.build/Objects-normal/arm64/PaperFlow_lto.o -rdynamic -Xlinker -no_deduplicate -Xlinker -dependency_info -Xlinker /Users/long/github_space/good_ideas/pdf-file-workbench/.native-build/DeviceQA/Build/Intermediates.noindex/PaperFlow.build/Debug-iphoneos/PaperFlow.build/Objects-normal/arm64/PaperFlow_dependency_info.dat -fobjc-link-runtime -L/Applications/Xcode.app/Contents/Developer/Toolchains/XcodeDefault.xctoolchain/usr/lib/swift/iphoneos -L/usr/lib/swift -Xlinker -add_ast_path -Xlinker /Users/long/github_space/good_ideas/pdf-file-workbench/.native-build/DeviceQA/Build/Intermediates.noindex/PaperFlow.build/Debug-iphoneos/PaperFlow.build/Objects-normal/arm64/PaperFlow.swiftmodule -lc++ -lc++ -lz -Xlinker -alias -Xlinker _main -Xlinker ___debug_main_executable_dylib_entry_point -lQPDF -Xlinker -no_adhoc_codesign -o /Users/long/github_space/good_ideas/pdf-file-workbench/.native-build/DeviceQA/Build/Products/Debug-iphoneos/PaperFlow.app/PaperFlow.debug.dylib

ConstructStubExecutorLinkFileList /Users/long/github_space/good_ideas/pdf-file-workbench/.native-build/DeviceQA/Build/Intermediates.noindex/PaperFlow.build/Debug-iphoneos/PaperFlow.build/PaperFlow-ExecutorLinkFileList-normal-arm64.txt (in target 'PaperFlow' from project 'PaperFlow')
    cd /Users/long/github_space/good_ideas/pdf-file-workbench/PaperFlow
    construct-stub-executor-link-file-list /Users/long/github_space/good_ideas/pdf-file-workbench/.native-build/DeviceQA/Build/Products/Debug-iphoneos/PaperFlow.app/PaperFlow.debug.dylib /Applications/Xcode.app/Contents/Developer/Platforms/iPhoneOS.platform/Developer/usr/lib/libPreviewsJITStubExecutor_no_swift_entry_point.a /Applications/Xcode.app/Contents/Developer/Platforms/iPhoneOS.platform/Developer/usr/lib/libPreviewsJITStubExecutor.a --output /Users/long/github_space/good_ideas/pdf-file-workbench/.native-build/DeviceQA/Build/Intermediates.noindex/PaperFlow.build/Debug-iphoneos/PaperFlow.build/PaperFlow-ExecutorLinkFileList-normal-arm64.txt
note: Using stub executor library with Swift entry point. (in target 'PaperFlow' from project 'PaperFlow')

Ld /Users/long/github_space/good_ideas/pdf-file-workbench/.native-build/DeviceQA/Build/Products/Debug-iphoneos/PaperFlow.app/PaperFlow normal (in target 'PaperFlow' from project 'PaperFlow')
    cd /Users/long/github_space/good_ideas/pdf-file-workbench/PaperFlow
    /Applications/Xcode.app/Contents/Developer/Toolchains/XcodeDefault.xctoolchain/usr/bin/clang -Xlinker -reproducible -target arm64-apple-ios18.0 -isysroot /Applications/Xcode.app/Contents/Developer/Platforms/iPhoneOS.platform/Developer/SDKs/iPhoneOS27.0.sdk -O0 -Xlinker -no_warn_duplicate_libraries -L/Users/long/github_space/good_ideas/pdf-file-workbench/.native-build/DeviceQA/Build/Products/Debug-iphoneos -F/Users/long/github_space/good_ideas/pdf-file-workbench/.native-build/DeviceQA/Build/Products/Debug-iphoneos/PackageFrameworks -F/Users/long/github_space/good_ideas/pdf-file-workbench/.native-build/DeviceQA/Build/Products/Debug-iphoneos -Xlinker -rpath -Xlinker @executable_path -Xlinker -rpath -Xlinker @loader_path -Xlinker -rpath -Xlinker /Users/long/github_space/good_ideas/pdf-file-workbench/.native-build/DeviceQA/Build/Products/Debug-iphoneos/PackageFrameworks -Xlinker -rpath -Xlinker @executable_path/Frameworks -rdynamic -Xlinker -no_deduplicate -e ___debug_blank_executor_main -Xlinker -sectcreate -Xlinker __TEXT -Xlinker __debug_dylib -Xlinker /Users/long/github_space/good_ideas/pdf-file-workbench/.native-build/DeviceQA/Build/Intermediates.noindex/PaperFlow.build/Debug-iphoneos/PaperFlow.build/PaperFlow-DebugDylibPath-normal-arm64.txt -Xlinker -sectcreate -Xlinker __TEXT -Xlinker __debug_instlnm -Xlinker /Users/long/github_space/good_ideas/pdf-file-workbench/.native-build/DeviceQA/Build/Intermediates.noindex/PaperFlow.build/Debug-iphoneos/PaperFlow.build/PaperFlow-DebugDylibInstallName-normal-arm64.txt -Xlinker -filelist -Xlinker /Users/long/github_space/good_ideas/pdf-file-workbench/.native-build/DeviceQA/Build/Intermediates.noindex/PaperFlow.build/Debug-iphoneos/PaperFlow.build/PaperFlow-ExecutorLinkFileList-normal-arm64.txt /Users/long/github_space/good_ideas/pdf-file-workbench/.native-build/DeviceQA/Build/Products/Debug-iphoneos/PaperFlow.app/PaperFlow.debug.dylib -Xlinker -no_adhoc_codesign -o /Users/long/github_space/good_ideas/pdf-file-workbench/.native-build/DeviceQA/Build/Products/Debug-iphoneos/PaperFlow.app/PaperFlow

Copy /Users/long/github_space/good_ideas/pdf-file-workbench/.native-build/DeviceQA/Build/Products/Debug-iphoneos/PaperFlow.app/PlugIns/PaperFlowShare.appex /Users/long/github_space/good_ideas/pdf-file-workbench/.native-build/DeviceQA/Build/Products/Debug-iphoneos/PaperFlowShare.appex (in target 'PaperFlow' from project 'PaperFlow')
    cd /Users/long/github_space/good_ideas/pdf-file-workbench/PaperFlow
    builtin-copy -exclude .DS_Store -exclude CVS -exclude .svn -exclude .git -exclude .hg -exclude Headers -exclude PrivateHeaders -exclude Modules -exclude \*.tbd -resolve-src-symlinks -remove-static-executable /Users/long/github_space/good_ideas/pdf-file-workbench/.native-build/DeviceQA/Build/Products/Debug-iphoneos/PaperFlowShare.appex /Users/long/github_space/good_ideas/pdf-file-workbench/.native-build/DeviceQA/Build/Products/Debug-iphoneos/PaperFlow.app/PlugIns

ProcessInfoPlistFile /Users/long/github_space/good_ideas/pdf-file-workbench/.native-build/DeviceQA/Build/Products/Debug-iphoneos/PaperFlow.app/Info.plist /Users/long/github_space/good_ideas/pdf-file-workbench/PaperFlow/PaperFlow/Info.plist (in target 'PaperFlow' from project 'PaperFlow')
    cd /Users/long/github_space/good_ideas/pdf-file-workbench/PaperFlow
    builtin-infoPlistUtility /Users/long/github_space/good_ideas/pdf-file-workbench/PaperFlow/PaperFlow/Info.plist -producttype com.apple.product-type.application -genpkginfo /Users/long/github_space/good_ideas/pdf-file-workbench/.native-build/DeviceQA/Build/Products/Debug-iphoneos/PaperFlow.app/PkgInfo -expandbuildsettings -format binary -platform iphoneos -additionalcontentfile /Users/long/github_space/good_ideas/pdf-file-workbench/.native-build/DeviceQA/Build/Intermediates.noindex/PaperFlow.build/Debug-iphoneos/PaperFlow.build/assetcatalog_generated_info.plist -scanforprivacyfile /Users/long/github_space/good_ideas/pdf-file-workbench/.native-build/DeviceQA/Build/Products/Debug-iphoneos/PaperFlow.app/PlugIns/PaperFlowShare.appex -requiredArchitecture arm64 -o /Users/long/github_space/good_ideas/pdf-file-workbench/.native-build/DeviceQA/Build/Products/Debug-iphoneos/PaperFlow.app/Info.plist

ExtractAppIntentsMetadata (in target 'PaperFlow' from project 'PaperFlow')
    cd /Users/long/github_space/good_ideas/pdf-file-workbench/PaperFlow
    /Applications/Xcode.app/Contents/Developer/Toolchains/XcodeDefault.xctoolchain/usr/bin/appintentsmetadataprocessor --toolchain-dir /Applications/Xcode.app/Contents/Developer/Toolchains/XcodeDefault.xctoolchain --module-name PaperFlow --sdk-root /Applications/Xcode.app/Contents/Developer/Platforms/iPhoneOS.platform/Developer/SDKs/iPhoneOS27.0.sdk --xcode-version 27A266a --platform-family iOS --deployment-target 18.0 --bundle-identifier com.xiaolongxu.PaperFlow --output /Users/long/github_space/good_ideas/pdf-file-workbench/.native-build/DeviceQA/Build/Products/Debug-iphoneos/PaperFlow.app --target-triple arm64-apple-ios18.0 --binary-file /Users/long/github_space/good_ideas/pdf-file-workbench/.native-build/DeviceQA/Build/Products/Debug-iphoneos/PaperFlow.app/PaperFlow --dependency-file /Users/long/github_space/good_ideas/pdf-file-workbench/.native-build/DeviceQA/Build/Intermediates.noindex/PaperFlow.build/Debug-iphoneos/PaperFlow.build/Objects-normal/arm64/PaperFlow_dependency_info.dat --stringsdata-file /Users/long/github_space/good_ideas/pdf-file-workbench/.native-build/DeviceQA/Build/Intermediates.noindex/PaperFlow.build/Debug-iphoneos/PaperFlow.build/Objects-normal/arm64/ExtractedAppShortcutsMetadata.stringsdata --source-file-list /Users/long/github_space/good_ideas/pdf-file-workbench/.native-build/DeviceQA/Build/Intermediates.noindex/PaperFlow.build/Debug-iphoneos/PaperFlow.build/Objects-normal/arm64/PaperFlow.SwiftFileList --metadata-file-list /Users/long/github_space/good_ideas/pdf-file-workbench/.native-build/DeviceQA/Build/Intermediates.noindex/PaperFlow.build/Debug-iphoneos/PaperFlow.build/PaperFlow.DependencyMetadataFileList --static-metadata-file-list /Users/long/github_space/good_ideas/pdf-file-workbench/.native-build/DeviceQA/Build/Intermediates.noindex/PaperFlow.build/Debug-iphoneos/PaperFlow.build/PaperFlow.DependencyStaticMetadataFileList --swift-const-vals-list /Users/long/github_space/good_ideas/pdf-file-workbench/.native-build/DeviceQA/Build/Intermediates.noindex/PaperFlow.build/Debug-iphoneos/PaperFlow.build/Objects-normal/arm64/PaperFlow.SwiftConstValuesFileList --compile-time-extraction --deployment-aware-processing --no-app-shortcuts-localization
2026-10-04 14:19:02.620 appintentsmetadataprocessor[99982:5652387] Starting appintentsmetadataprocessor export
2026-10-04 14:19:02.666 appintentsmetadataprocessor[99982:5652387] Writing Metadata.appintents
2026-10-04 14:19:02.666 appintentsmetadataprocessor[99982:5652387] Metadata root: /Users/long/github_space/good_ideas/pdf-file-workbench/.native-build/DeviceQA/Build/Products/Debug-iphoneos/PaperFlow.app/Metadata.appintents

CopySwiftLibs /Users/long/github_space/good_ideas/pdf-file-workbench/.native-build/DeviceQA/Build/Products/Debug-iphoneos/PaperFlow.app (in target 'PaperFlow' from project 'PaperFlow')
    cd /Users/long/github_space/good_ideas/pdf-file-workbench/PaperFlow
    builtin-swiftStdLibTool --copy --verbose --sign FFD2AF526670F8DE3BED6017FCAE181F2157970F --scan-executable /Users/long/github_space/good_ideas/pdf-file-workbench/.native-build/DeviceQA/Build/Products/Debug-iphoneos/PaperFlow.app/PaperFlow.debug.dylib --scan-folder /Users/long/github_space/good_ideas/pdf-file-workbench/.native-build/DeviceQA/Build/Products/Debug-iphoneos/PaperFlow.app/Frameworks --scan-folder /Users/long/github_space/good_ideas/pdf-file-workbench/.native-build/DeviceQA/Build/Products/Debug-iphoneos/PaperFlow.app/PlugIns --scan-folder /Users/long/github_space/good_ideas/pdf-file-workbench/.native-build/DeviceQA/Build/Products/Debug-iphoneos/PaperFlow.app/SystemExtensions --scan-folder /Users/long/github_space/good_ideas/pdf-file-workbench/.native-build/DeviceQA/Build/Products/Debug-iphoneos/PaperFlow.app/Extensions --platform iphoneos --toolchain /Applications/Xcode.app/Contents/Developer/Toolchains/XcodeDefault.xctoolchain --destination /Users/long/github_space/good_ideas/pdf-file-workbench/.native-build/DeviceQA/Build/Products/Debug-iphoneos/PaperFlow.app/Frameworks --strip-bitcode --strip-bitcode-tool /Applications/Xcode.app/Contents/Developer/Toolchains/XcodeDefault.xctoolchain/usr/bin/bitcode_strip --emit-dependency-info /Users/long/github_space/good_ideas/pdf-file-workbench/.native-build/DeviceQA/Build/Intermediates.noindex/PaperFlow.build/Debug-iphoneos/PaperFlow.build/SwiftStdLibToolInputDependencies.dep --filter-for-swift-os

AppIntentsSSUTraining (in target 'PaperFlow' from project 'PaperFlow')
    cd /Users/long/github_space/good_ideas/pdf-file-workbench/PaperFlow
    /Applications/Xcode.app/Contents/Developer/Toolchains/XcodeDefault.xctoolchain/usr/bin/appintentsnltrainingprocessor --infoplist-path /Users/long/github_space/good_ideas/pdf-file-workbench/.native-build/DeviceQA/Build/Products/Debug-iphoneos/PaperFlow.app/Info.plist --temp-dir-path /Users/long/github_space/good_ideas/pdf-file-workbench/.native-build/DeviceQA/Build/Intermediates.noindex/PaperFlow.build/Debug-iphoneos/PaperFlow.build/ssu --bundle-id com.xiaolongxu.PaperFlow --product-path /Users/long/github_space/good_ideas/pdf-file-workbench/.native-build/DeviceQA/Build/Products/Debug-iphoneos/PaperFlow.app --extracted-metadata-path /Users/long/github_space/good_ideas/pdf-file-workbench/.native-build/DeviceQA/Build/Products/Debug-iphoneos/PaperFlow.app/Metadata.appintents --metadata-file-list /Users/long/github_space/good_ideas/pdf-file-workbench/.native-build/DeviceQA/Build/Intermediates.noindex/PaperFlow.build/Debug-iphoneos/PaperFlow.build/PaperFlow.DependencyMetadataFileList --source-file /Users/long/github_space/good_ideas/pdf-file-workbench/.native-build/DeviceQA/Build/Products/Debug-iphoneos/PaperFlow.app/Info.plist --archive-ssu-assets
2026-10-04 14:19:02.687 appintentsnltrainingprocessor[99983:5652399] Parsing options for appintentsnltrainingprocessor
2026-10-04 14:19:02.688 appintentsnltrainingprocessor[99983:5652399] Starting AppIntents SSU YAML Generation
2026-10-04 14:19:02.696 appintentsnltrainingprocessor[99983:5652399] Training '用${+applicationName}处理PDF' for en
2026-10-04 14:19:02.696 appintentsnltrainingprocessor[99983:5652399] Training '运行${+applicationName}流程' for en
2026-10-04 14:19:02.696 appintentsnltrainingprocessor[99983:5652399] Training Negative Phrases '' for en
2026-10-04 14:19:02.696 appintentsnltrainingprocessor[99983:5652399] Application name '纸间' for en
2026-10-04 14:19:02.703 appintentsnltrainingprocessor[99983:5652399] Generated AppIntents SSU YAML files in file:///Users/long/github_space/good_ideas/pdf-file-workbench/.native-build/DeviceQA/Build/Intermediates.noindex/PaperFlow.build/Debug-iphoneos/PaperFlow.build/ssu/
2026-10-04 14:19:02.703 appintentsnltrainingprocessor[99983:5652399] Copied AppIntents SSU YAML files to file:///Users/long/github_space/good_ideas/pdf-file-workbench/.native-build/DeviceQA/Build/Products/Debug-iphoneos/PaperFlow.app/Metadata.appintents/
Archiving all locales.
[------------------------------------------------------------] 0% archiving en[🁢🁢🁢🁢🁢🁢🁢🁢🁢🁢🁢🁢🁢🁢🁢🁢🁢🁢🁢🁢🁢🁢🁢🁢🁢🁢🁢🁢🁢🁢🁢🁢🁢🁢🁢🁢🁢🁢🁢🁢🁢🁢🁢🁢🁢🁢🁢🁢🁢🁢🁢🁢🁢🁢🁢🁢🁢🁢🁢🁢] 100% archived en[🁢🁢🁢🁢🁢🁢🁢🁢🁢🁢🁢🁢🁢🁢🁢🁢🁢🁢🁢🁢🁢🁢🁢🁢🁢🁢🁢🁢🁢🁢🁢🁢🁢🁢🁢🁢🁢🁢🁢🁢🁢🁢🁢🁢🁢🁢🁢🁢🁢🁢🁢🁢🁢🁢🁢🁢🁢🁢🁢🁢] 100% archived 1 locales/Users/long/github_space/good_ideas/pdf-file-workbench/.native-build/DeviceQA/Build/Products/Debug-iphoneos/PaperFlow.app/Metadata.appintents/nlu
/Users/long/github_space/good_ideas/pdf-file-workbench/.native-build/DeviceQA/Build/Products/Debug-iphoneos/PaperFlow.app/Metadata.appintents/nlu/f40c8f5882fe6d20f864f055e4b4621f.version


ProcessInfoPlistFile /Users/long/github_space/good_ideas/pdf-file-workbench/.native-build/DeviceQA/Build/Products/Debug-iphoneos/PaperFlow.app/PlugIns/PaperFlowTests.xctest/Info.plist /Users/long/github_space/good_ideas/pdf-file-workbench/.native-build/DeviceQA/Build/Intermediates.noindex/PaperFlow.build/Debug-iphoneos/PaperFlowTests.build/empty-PaperFlowTests.plist (in target 'PaperFlowTests' from project 'PaperFlow')
    cd /Users/long/github_space/good_ideas/pdf-file-workbench/PaperFlow
    builtin-infoPlistUtility /Users/long/github_space/good_ideas/pdf-file-workbench/.native-build/DeviceQA/Build/Intermediates.noindex/PaperFlow.build/Debug-iphoneos/PaperFlowTests.build/empty-PaperFlowTests.plist -producttype com.apple.product-type.bundle.unit-test -expandbuildsettings -format binary -platform iphoneos -requiredArchitecture arm64 -o /Users/long/github_space/good_ideas/pdf-file-workbench/.native-build/DeviceQA/Build/Products/Debug-iphoneos/PaperFlow.app/PlugIns/PaperFlowTests.xctest/Info.plist

Ld /Users/long/github_space/good_ideas/pdf-file-workbench/.native-build/DeviceQA/Build/Products/Debug-iphoneos/PaperFlow.app/PlugIns/PaperFlowTests.xctest/PaperFlowTests normal (in target 'PaperFlowTests' from project 'PaperFlow')
    cd /Users/long/github_space/good_ideas/pdf-file-workbench/PaperFlow
    /Applications/Xcode.app/Contents/Developer/Toolchains/XcodeDefault.xctoolchain/usr/bin/clang -Xlinker -reproducible -target arm64-apple-ios18.0 -bundle -isysroot /Applications/Xcode.app/Contents/Developer/Platforms/iPhoneOS.platform/Developer/SDKs/iPhoneOS27.0.sdk -O0 -Xlinker -no_warn_duplicate_libraries -L/Users/long/github_space/good_ideas/pdf-file-workbench/.native-build/DeviceQA/Build/Intermediates.noindex/EagerLinkingTBDs/Debug-iphoneos -L/Users/long/github_space/good_ideas/pdf-file-workbench/.native-build/DeviceQA/Build/Products/Debug-iphoneos -L/Applications/Xcode.app/Contents/Developer/Platforms/iPhoneOS.platform/Developer/usr/lib -F/Users/long/github_space/good_ideas/pdf-file-workbench/.native-build/DeviceQA/Build/Intermediates.noindex/EagerLinkingTBDs/Debug-iphoneos -F/Users/long/github_space/good_ideas/pdf-file-workbench/.native-build/DeviceQA/Build/Products/Debug-iphoneos/PackageFrameworks -F/Users/long/github_space/good_ideas/pdf-file-workbench/.native-build/DeviceQA/Build/Products/Debug-iphoneos -iframework /Applications/Xcode.app/Contents/Developer/Platforms/iPhoneOS.platform/Developer/Library/Frameworks -iframework /Applications/Xcode.app/Contents/Developer/Platforms/iPhoneOS.platform/Developer/SDKs/iPhoneOS27.0.sdk/Developer/Library/Frameworks -filelist /Users/long/github_space/good_ideas/pdf-file-workbench/.native-build/DeviceQA/Build/Intermediates.noindex/PaperFlow.build/Debug-iphoneos/PaperFlowTests.build/Objects-normal/arm64/PaperFlowTests.LinkFileList -Xlinker -rpath -Xlinker /usr/lib/swift -Xlinker -rpath -Xlinker @loader_path -Xlinker -rpath -Xlinker /Users/long/github_space/good_ideas/pdf-file-workbench/.native-build/DeviceQA/Build/Products/Debug-iphoneos/PackageFrameworks -Xlinker -rpath -Xlinker @loader_path/Frameworks -Xlinker -rpath -Xlinker @executable_path/Frameworks -Xlinker -dead_strip -bundle_loader /Users/long/github_space/good_ideas/pdf-file-workbench/.native-build/DeviceQA/Build/Products/Debug-iphoneos/PaperFlow.app/PaperFlow -Xlinker -object_path_lto -Xlinker /Users/long/github_space/good_ideas/pdf-file-workbench/.native-build/DeviceQA/Build/Intermediates.noindex/PaperFlow.build/Debug-iphoneos/PaperFlowTests.build/Objects-normal/arm64/PaperFlowTests_lto.o -rdynamic -Xlinker -no_deduplicate -Xlinker -dependency_info -Xlinker /Users/long/github_space/good_ideas/pdf-file-workbench/.native-build/DeviceQA/Build/Intermediates.noindex/PaperFlow.build/Debug-iphoneos/PaperFlowTests.build/Objects-normal/arm64/PaperFlowTests_dependency_info.dat -fobjc-link-runtime -L/Applications/Xcode.app/Contents/Developer/Toolchains/XcodeDefault.xctoolchain/usr/lib/swift/iphoneos -L/usr/lib/swift -Xlinker -add_ast_path -Xlinker /Users/long/github_space/good_ideas/pdf-file-workbench/.native-build/DeviceQA/Build/Intermediates.noindex/PaperFlow.build/Debug-iphoneos/PaperFlowTests.build/Objects-normal/arm64/PaperFlowTests.swiftmodule -lc++ -lc++ -lz -Xlinker -needed_framework -Xlinker XCTest -framework XCTest -Xlinker -needed-lXCTestSwiftSupport -lXCTestSwiftSupport /Users/long/github_space/good_ideas/pdf-file-workbench/.native-build/DeviceQA/Build/Products/Debug-iphoneos/PaperFlow.app/PaperFlow.debug.dylib -Xlinker -no_adhoc_codesign -o /Users/long/github_space/good_ideas/pdf-file-workbench/.native-build/DeviceQA/Build/Products/Debug-iphoneos/PaperFlow.app/PlugIns/PaperFlowTests.xctest/PaperFlowTests

CopySwiftLibs /Users/long/github_space/good_ideas/pdf-file-workbench/.native-build/DeviceQA/Build/Products/Debug-iphoneos/PaperFlow.app/PlugIns/PaperFlowTests.xctest (in target 'PaperFlowTests' from project 'PaperFlow')
    cd /Users/long/github_space/good_ideas/pdf-file-workbench/PaperFlow
    builtin-swiftStdLibTool --copy --verbose --sign FFD2AF526670F8DE3BED6017FCAE181F2157970F --scan-executable /Users/long/github_space/good_ideas/pdf-file-workbench/.native-build/DeviceQA/Build/Products/Debug-iphoneos/PaperFlow.app/PlugIns/PaperFlowTests.xctest/PaperFlowTests --scan-folder /Users/long/github_space/good_ideas/pdf-file-workbench/.native-build/DeviceQA/Build/Products/Debug-iphoneos/PaperFlow.app/PlugIns/PaperFlowTests.xctest/Frameworks --scan-folder /Users/long/github_space/good_ideas/pdf-file-workbench/.native-build/DeviceQA/Build/Products/Debug-iphoneos/PaperFlow.app/PlugIns/PaperFlowTests.xctest/PlugIns --scan-folder /Users/long/github_space/good_ideas/pdf-file-workbench/.native-build/DeviceQA/Build/Products/Debug-iphoneos/PaperFlow.app/PlugIns/PaperFlowTests.xctest/SystemExtensions --scan-folder /Users/long/github_space/good_ideas/pdf-file-workbench/.native-build/DeviceQA/Build/Products/Debug-iphoneos/PaperFlow.app/PlugIns/PaperFlowTests.xctest/Extensions --platform iphoneos --toolchain /Applications/Xcode.app/Contents/Developer/Toolchains/XcodeDefault.xctoolchain --destination /Users/long/github_space/good_ideas/pdf-file-workbench/.native-build/DeviceQA/Build/Products/Debug-iphoneos/PaperFlow.app/PlugIns/PaperFlowTests.xctest/Frameworks --strip-bitcode --scan-executable /Applications/Xcode.app/Contents/Developer/Platforms/iPhoneOS.platform/Developer/usr/lib/libXCTestSwiftSupport.dylib --strip-bitcode-tool /Applications/Xcode.app/Contents/Developer/Toolchains/XcodeDefault.xctoolchain/usr/bin/bitcode_strip --emit-dependency-info /Users/long/github_space/good_ideas/pdf-file-workbench/.native-build/DeviceQA/Build/Intermediates.noindex/PaperFlow.build/Debug-iphoneos/PaperFlowTests.build/SwiftStdLibToolInputDependencies.dep --filter-for-swift-os

ExtractAppIntentsMetadata (in target 'PaperFlowTests' from project 'PaperFlow')
    cd /Users/long/github_space/good_ideas/pdf-file-workbench/PaperFlow
    /Applications/Xcode.app/Contents/Developer/Toolchains/XcodeDefault.xctoolchain/usr/bin/appintentsmetadataprocessor --toolchain-dir /Applications/Xcode.app/Contents/Developer/Toolchains/XcodeDefault.xctoolchain --module-name PaperFlowTests --sdk-root /Applications/Xcode.app/Contents/Developer/Platforms/iPhoneOS.platform/Developer/SDKs/iPhoneOS27.0.sdk --xcode-version 27A266a --platform-family iOS --deployment-target 18.0 --bundle-identifier com.xiaolongxu.PaperFlowTests --output /Users/long/github_space/good_ideas/pdf-file-workbench/.native-build/DeviceQA/Build/Products/Debug-iphoneos/PaperFlow.app/PlugIns/PaperFlowTests.xctest --target-triple arm64-apple-ios18.0 --binary-file /Users/long/github_space/good_ideas/pdf-file-workbench/.native-build/DeviceQA/Build/Products/Debug-iphoneos/PaperFlow.app/PlugIns/PaperFlowTests.xctest/PaperFlowTests --dependency-file /Users/long/github_space/good_ideas/pdf-file-workbench/.native-build/DeviceQA/Build/Intermediates.noindex/PaperFlow.build/Debug-iphoneos/PaperFlowTests.build/Objects-normal/arm64/PaperFlowTests_dependency_info.dat --stringsdata-file /Users/long/github_space/good_ideas/pdf-file-workbench/.native-build/DeviceQA/Build/Intermediates.noindex/PaperFlow.build/Debug-iphoneos/PaperFlowTests.build/Objects-normal/arm64/ExtractedAppShortcutsMetadata.stringsdata --source-file-list /Users/long/github_space/good_ideas/pdf-file-workbench/.native-build/DeviceQA/Build/Intermediates.noindex/PaperFlow.build/Debug-iphoneos/PaperFlowTests.build/Objects-normal/arm64/PaperFlowTests.SwiftFileList --metadata-file-list /Users/long/github_space/good_ideas/pdf-file-workbench/.native-build/DeviceQA/Build/Intermediates.noindex/PaperFlow.build/Debug-iphoneos/PaperFlowTests.build/PaperFlowTests.DependencyMetadataFileList --static-metadata-file-list /Users/long/github_space/good_ideas/pdf-file-workbench/.native-build/DeviceQA/Build/Intermediates.noindex/PaperFlow.build/Debug-iphoneos/PaperFlowTests.build/PaperFlowTests.DependencyStaticMetadataFileList --swift-const-vals-list /Users/long/github_space/good_ideas/pdf-file-workbench/.native-build/DeviceQA/Build/Intermediates.noindex/PaperFlow.build/Debug-iphoneos/PaperFlowTests.build/Objects-normal/arm64/PaperFlowTests.SwiftConstValuesFileList --compile-time-extraction --deployment-aware-processing --no-app-shortcuts-localization
2026-10-04 14:19:03.064 appintentsmetadataprocessor[99990:5652432] Starting appintentsmetadataprocessor export
2026-10-04 14:19:03.102 appintentsmetadataprocessor[99990:5652432] Extracted no relevant App Intents symbols, skipping writing output

GenerateDSYMFile /Users/long/github_space/good_ideas/pdf-file-workbench/.native-build/DeviceQA/Build/Products/Debug-iphoneos/PaperFlow.app/PlugIns/PaperFlowTests.xctest.dSYM /Users/long/github_space/good_ideas/pdf-file-workbench/.native-build/DeviceQA/Build/Products/Debug-iphoneos/PaperFlow.app/PlugIns/PaperFlowTests.xctest/PaperFlowTests (in target 'PaperFlowTests' from project 'PaperFlow')
    cd /Users/long/github_space/good_ideas/pdf-file-workbench/PaperFlow
    export PATH\=/Applications/Xcode.app/Contents/SharedFrameworks/SwiftBuild.framework/Versions/A/PlugIns/SWBBuildService.bundle/Contents/PlugIns/SWBUniversalPlatformPlugin.bundle/Contents/Frameworks/SWBUniversalPlatform.framework/Resources:/Applications/Xcode.app/Contents/Developer/Toolchains/XcodeDefault.xctoolchain/usr/bin:/Applications/Xcode.app/Contents/Developer/Toolchains/XcodeDefault.xctoolchain/usr/local/bin:/Applications/Xcode.app/Contents/Developer/Toolchains/XcodeDefault.xctoolchain/usr/libexec:/Applications/Xcode.app/Contents/Developer/Platforms/iPhoneOS.platform/usr/bin:/Applications/Xcode.app/Contents/Developer/Platforms/iPhoneOS.platform/usr/local/bin:/Applications/Xcode.app/Contents/Developer/Platforms/iPhoneOS.platform/Developer/usr/bin:/Applications/Xcode.app/Contents/Developer/Platforms/iPhoneOS.platform/Developer/usr/local/bin:/Applications/Xcode.app/Contents/Developer/usr/bin:/Applications/Xcode.app/Contents/Developer/usr/local/bin:/Users/long/.codex/packages/app-server-daemon/releases/0.160.0-aarch64-apple-darwin/codex-path:/Users/long/.antigravity-ide/antigravity-ide/bin:/opt/homebrew/opt/libpq/bin:/Users/long/.cargo/bin:/Users/long/bin:/Users/long/.local/bin:/usr/local/bin:/opt/homebrew/bin:/opt/homebrew/sbin:/System/Cryptexes/App/usr/bin:/usr/bin:/bin:/usr/sbin:/sbin:/var/run/com.apple.security.cryptexd/codex.system/bootstrap/usr/local/bin:/var/run/com.apple.security.cryptexd/codex.system/bootstrap/usr/bin:/var/run/com.apple.security.cryptexd/codex.system/bootstrap/usr/appleinternal/bin:/pkg/env/global/bin:/Library/Apple/usr/bin:/Applications/VMware\ Fusion.app/Contents/Public:/Users/long/.codex/tmp/arg0/codex-arg02WkGek:/Users/long/.codex/tmp/arg0/codex-arg0cs7D4M:/Users/long/.codex/packages/app-server-daemon/releases/0.159.3-aarch64-apple-darwin/codex-path:/Users/long/.codex/tmp/arg0/codex-arg0fiC75j:/Users/long/.codex/packages/app-server-daemon/releases/0.159.2-aarch64-apple-darwin/codex-path:/Users/long/.codex/tmp/arg0/codex-arg0Pk2oVk:/Users/long/.codex/packages/app-server-daemon/releases/0.159.0-aarch64-apple-darwin/codex-path:/Users/long/.codex/tmp/arg0/codex-arg0P6dOMQ:/Users/long/.codex/packages/app-server-daemon/releases/0.158.0-aarch64-apple-darwin/codex-path:/Users/long/.codex/tmp/arg0/codex-arg0TwuA4p:/Users/long/.codex/packages/app-server-daemon/releases/0.157.1-aarch64-apple-darwin/codex-path:/Users/long/.codex/tmp/arg0/codex-arg0B5FiaY:/opt/homebrew/lib/node_modules/@openai/codex/node_modules/@openai/codex-darwin-arm64/vendor/aarch64-apple-darwin/codex-path:/Applications/iTerm.app/Contents/Resources/utilities
    /Applications/Xcode.app/Contents/Developer/Toolchains/XcodeDefault.xctoolchain/usr/bin/dsymutil /Users/long/github_space/good_ideas/pdf-file-workbench/.native-build/DeviceQA/Build/Products/Debug-iphoneos/PaperFlow.app/PlugIns/PaperFlowTests.xctest/PaperFlowTests -o /Users/long/github_space/good_ideas/pdf-file-workbench/.native-build/DeviceQA/Build/Products/Debug-iphoneos/PaperFlow.app/PlugIns/PaperFlowTests.xctest.dSYM

AppIntentsSSUTraining (in target 'PaperFlowTests' from project 'PaperFlow')
    cd /Users/long/github_space/good_ideas/pdf-file-workbench/PaperFlow
    /Applications/Xcode.app/Contents/Developer/Toolchains/XcodeDefault.xctoolchain/usr/bin/appintentsnltrainingprocessor --infoplist-path /Users/long/github_space/good_ideas/pdf-file-workbench/.native-build/DeviceQA/Build/Products/Debug-iphoneos/PaperFlow.app/PlugIns/PaperFlowTests.xctest/Info.plist --temp-dir-path /Users/long/github_space/good_ideas/pdf-file-workbench/.native-build/DeviceQA/Build/Intermediates.noindex/PaperFlow.build/Debug-iphoneos/PaperFlowTests.build/ssu --bundle-id com.xiaolongxu.PaperFlowTests --product-path /Users/long/github_space/good_ideas/pdf-file-workbench/.native-build/DeviceQA/Build/Products/Debug-iphoneos/PaperFlow.app/PlugIns/PaperFlowTests.xctest --extracted-metadata-path /Users/long/github_space/good_ideas/pdf-file-workbench/.native-build/DeviceQA/Build/Products/Debug-iphoneos/PaperFlow.app/PlugIns/PaperFlowTests.xctest/Metadata.appintents --metadata-file-list /Users/long/github_space/good_ideas/pdf-file-workbench/.native-build/DeviceQA/Build/Intermediates.noindex/PaperFlow.build/Debug-iphoneos/PaperFlowTests.build/PaperFlowTests.DependencyMetadataFileList --source-file /Users/long/github_space/good_ideas/pdf-file-workbench/.native-build/DeviceQA/Build/Products/Debug-iphoneos/PaperFlow.app/PlugIns/PaperFlowTests.xctest/Info.plist --archive-ssu-assets
2026-10-04 14:19:03.115 appintentsnltrainingprocessor[99993:5652448] Parsing options for appintentsnltrainingprocessor
2026-10-04 14:19:03.116 appintentsnltrainingprocessor[99993:5652448] Starting AppIntents SSU YAML Generation
2026-10-04 14:19:03.116 appintentsnltrainingprocessor[99993:5652448] No AppShortcuts found - Skipping.

CodeSign /Users/long/github_space/good_ideas/pdf-file-workbench/.native-build/DeviceQA/Build/Products/Debug-iphoneos/PaperFlow.app/PlugIns/PaperFlowTests.xctest (in target 'PaperFlowTests' from project 'PaperFlow')
    cd /Users/long/github_space/good_ideas/pdf-file-workbench/PaperFlow
    
    Signing Identity:     "Apple Development: xiaolong xu (HY7V43DS7R)"
    
    /usr/bin/codesign --force --sign FFD2AF526670F8DE3BED6017FCAE181F2157970F --timestamp\=none --generate-entitlement-der /Users/long/github_space/good_ideas/pdf-file-workbench/.native-build/DeviceQA/Build/Products/Debug-iphoneos/PaperFlow.app/PlugIns/PaperFlowTests.xctest

RegisterExecutionPolicyException /Users/long/github_space/good_ideas/pdf-file-workbench/.native-build/DeviceQA/Build/Products/Debug-iphoneos/PaperFlow.app/PlugIns/PaperFlowTests.xctest (in target 'PaperFlowTests' from project 'PaperFlow')
    cd /Users/long/github_space/good_ideas/pdf-file-workbench/PaperFlow
    builtin-RegisterExecutionPolicyException /Users/long/github_space/good_ideas/pdf-file-workbench/.native-build/DeviceQA/Build/Products/Debug-iphoneos/PaperFlow.app/PlugIns/PaperFlowTests.xctest

Touch /Users/long/github_space/good_ideas/pdf-file-workbench/.native-build/DeviceQA/Build/Products/Debug-iphoneos/PaperFlow.app/PlugIns/PaperFlowTests.xctest (in target 'PaperFlowTests' from project 'PaperFlow')
    cd /Users/long/github_space/good_ideas/pdf-file-workbench/PaperFlow
    /usr/bin/touch -c /Users/long/github_space/good_ideas/pdf-file-workbench/.native-build/DeviceQA/Build/Products/Debug-iphoneos/PaperFlow.app/PlugIns/PaperFlowTests.xctest

CodeSign /Users/long/github_space/good_ideas/pdf-file-workbench/.native-build/DeviceQA/Build/Products/Debug-iphoneos/PaperFlow.app/PaperFlow.debug.dylib (in target 'PaperFlow' from project 'PaperFlow')
    cd /Users/long/github_space/good_ideas/pdf-file-workbench/PaperFlow
    
    Signing Identity:     "Apple Development: xiaolong xu (HY7V43DS7R)"
    Provisioning Profile: "iOS Team Provisioning Profile: com.xiaolongxu.PaperFlow"
                          (a87608cb-e36d-41b7-86ac-7d97c5586e2d)
    
    /usr/bin/codesign --force --sign FFD2AF526670F8DE3BED6017FCAE181F2157970F --timestamp\=none --generate-entitlement-der /Users/long/github_space/good_ideas/pdf-file-workbench/.native-build/DeviceQA/Build/Products/Debug-iphoneos/PaperFlow.app/PaperFlow.debug.dylib

CodeSign /Users/long/github_space/good_ideas/pdf-file-workbench/.native-build/DeviceQA/Build/Products/Debug-iphoneos/PaperFlow.app/__preview.dylib (in target 'PaperFlow' from project 'PaperFlow')
    cd /Users/long/github_space/good_ideas/pdf-file-workbench/PaperFlow
    
    Signing Identity:     "Apple Development: xiaolong xu (HY7V43DS7R)"
    Provisioning Profile: "iOS Team Provisioning Profile: com.xiaolongxu.PaperFlow"
                          (a87608cb-e36d-41b7-86ac-7d97c5586e2d)
    
    /usr/bin/codesign --force --sign FFD2AF526670F8DE3BED6017FCAE181F2157970F --timestamp\=none --generate-entitlement-der /Users/long/github_space/good_ideas/pdf-file-workbench/.native-build/DeviceQA/Build/Products/Debug-iphoneos/PaperFlow.app/__preview.dylib

CodeSign /Users/long/github_space/good_ideas/pdf-file-workbench/.native-build/DeviceQA/Build/Products/Debug-iphoneos/PaperFlow.app (in target 'PaperFlow' from project 'PaperFlow')
    cd /Users/long/github_space/good_ideas/pdf-file-workbench/PaperFlow
    
    Signing Identity:     "Apple Development: xiaolong xu (HY7V43DS7R)"
    Provisioning Profile: "iOS Team Provisioning Profile: com.xiaolongxu.PaperFlow"
                          (a87608cb-e36d-41b7-86ac-7d97c5586e2d)
    
    /usr/bin/codesign --force --sign FFD2AF526670F8DE3BED6017FCAE181F2157970F --entitlements /Users/long/github_space/good_ideas/pdf-file-workbench/.native-build/DeviceQA/Build/Intermediates.noindex/PaperFlow.build/Debug-iphoneos/PaperFlow.build/PaperFlow.app.xcent --timestamp\=none --generate-entitlement-der /Users/long/github_space/good_ideas/pdf-file-workbench/.native-build/DeviceQA/Build/Products/Debug-iphoneos/PaperFlow.app

ValidateEmbeddedBinary /Users/long/github_space/good_ideas/pdf-file-workbench/.native-build/DeviceQA/Build/Products/Debug-iphoneos/PaperFlow.app/PlugIns/PaperFlowShare.appex (in target 'PaperFlow' from project 'PaperFlow')
    cd /Users/long/github_space/good_ideas/pdf-file-workbench/PaperFlow
    /Applications/Xcode.app/Contents/Developer/usr/bin/embeddedBinaryValidationUtility /Users/long/github_space/good_ideas/pdf-file-workbench/.native-build/DeviceQA/Build/Products/Debug-iphoneos/PaperFlow.app/PlugIns/PaperFlowShare.appex -signing-cert FFD2AF526670F8DE3BED6017FCAE181F2157970F -info-plist-path /Users/long/github_space/good_ideas/pdf-file-workbench/.native-build/DeviceQA/Build/Products/Debug-iphoneos/PaperFlow.app/Info.plist

RegisterExecutionPolicyException /Users/long/github_space/good_ideas/pdf-file-workbench/.native-build/DeviceQA/Build/Products/Debug-iphoneos/PaperFlow.app (in target 'PaperFlow' from project 'PaperFlow')
    cd /Users/long/github_space/good_ideas/pdf-file-workbench/PaperFlow
    builtin-RegisterExecutionPolicyException /Users/long/github_space/good_ideas/pdf-file-workbench/.native-build/DeviceQA/Build/Products/Debug-iphoneos/PaperFlow.app

Validate /Users/long/github_space/good_ideas/pdf-file-workbench/.native-build/DeviceQA/Build/Products/Debug-iphoneos/PaperFlow.app (in target 'PaperFlow' from project 'PaperFlow')
    cd /Users/long/github_space/good_ideas/pdf-file-workbench/PaperFlow
    builtin-validationUtility /Users/long/github_space/good_ideas/pdf-file-workbench/.native-build/DeviceQA/Build/Products/Debug-iphoneos/PaperFlow.app -shallow-bundle -infoplist-subpath Info.plist

Touch /Users/long/github_space/good_ideas/pdf-file-workbench/.native-build/DeviceQA/Build/Products/Debug-iphoneos/PaperFlow.app (in target 'PaperFlow' from project 'PaperFlow')
    cd /Users/long/github_space/good_ideas/pdf-file-workbench/PaperFlow
    /usr/bin/touch -c /Users/long/github_space/good_ideas/pdf-file-workbench/.native-build/DeviceQA/Build/Products/Debug-iphoneos/PaperFlow.app

Ld /Users/long/github_space/good_ideas/pdf-file-workbench/.native-build/DeviceQA/Build/Products/Debug-iphoneos/PaperFlowUITests-Runner.app/PlugIns/PaperFlowUITests.xctest/PaperFlowUITests normal (in target 'PaperFlowUITests' from project 'PaperFlow')
    cd /Users/long/github_space/good_ideas/pdf-file-workbench/PaperFlow
    /Applications/Xcode.app/Contents/Developer/Toolchains/XcodeDefault.xctoolchain/usr/bin/clang -Xlinker -reproducible -target arm64-apple-ios18.0 -bundle -isysroot /Applications/Xcode.app/Contents/Developer/Platforms/iPhoneOS.platform/Developer/SDKs/iPhoneOS27.0.sdk -O0 -Xlinker -no_warn_duplicate_libraries -L/Users/long/github_space/good_ideas/pdf-file-workbench/.native-build/DeviceQA/Build/Intermediates.noindex/EagerLinkingTBDs/Debug-iphoneos -L/Users/long/github_space/good_ideas/pdf-file-workbench/.native-build/DeviceQA/Build/Products/Debug-iphoneos -L/Applications/Xcode.app/Contents/Developer/Platforms/iPhoneOS.platform/Developer/usr/lib -F/Users/long/github_space/good_ideas/pdf-file-workbench/.native-build/DeviceQA/Build/Intermediates.noindex/EagerLinkingTBDs/Debug-iphoneos -F/Users/long/github_space/good_ideas/pdf-file-workbench/.native-build/DeviceQA/Build/Products/Debug-iphoneos -iframework /Applications/Xcode.app/Contents/Developer/Platforms/iPhoneOS.platform/Developer/Library/Frameworks -iframework /Applications/Xcode.app/Contents/Developer/Platforms/iPhoneOS.platform/Developer/SDKs/iPhoneOS27.0.sdk/Developer/Library/Frameworks -filelist /Users/long/github_space/good_ideas/pdf-file-workbench/.native-build/DeviceQA/Build/Intermediates.noindex/PaperFlow.build/Debug-iphoneos/PaperFlowUITests.build/Objects-normal/arm64/PaperFlowUITests.LinkFileList -Xlinker -rpath -Xlinker /usr/lib/swift -Xlinker -rpath -Xlinker @loader_path/Frameworks -Xlinker -dead_strip -Xlinker -object_path_lto -Xlinker /Users/long/github_space/good_ideas/pdf-file-workbench/.native-build/DeviceQA/Build/Intermediates.noindex/PaperFlow.build/Debug-iphoneos/PaperFlowUITests.build/Objects-normal/arm64/PaperFlowUITests_lto.o -rdynamic -Xlinker -no_deduplicate -Xlinker -dependency_info -Xlinker /Users/long/github_space/good_ideas/pdf-file-workbench/.native-build/DeviceQA/Build/Intermediates.noindex/PaperFlow.build/Debug-iphoneos/PaperFlowUITests.build/Objects-normal/arm64/PaperFlowUITests_dependency_info.dat -fobjc-link-runtime -L/Applications/Xcode.app/Contents/Developer/Toolchains/XcodeDefault.xctoolchain/usr/lib/swift/iphoneos -L/usr/lib/swift -Xlinker -add_ast_path -Xlinker /Users/long/github_space/good_ideas/pdf-file-workbench/.native-build/DeviceQA/Build/Intermediates.noindex/PaperFlow.build/Debug-iphoneos/PaperFlowUITests.build/Objects-normal/arm64/PaperFlowUITests.swiftmodule -Xlinker -needed_framework -Xlinker XCTest -framework XCTest -Xlinker -needed-lXCTestSwiftSupport -lXCTestSwiftSupport -Xlinker -no_adhoc_codesign -o /Users/long/github_space/good_ideas/pdf-file-workbench/.native-build/DeviceQA/Build/Products/Debug-iphoneos/PaperFlowUITests-Runner.app/PlugIns/PaperFlowUITests.xctest/PaperFlowUITests

ProcessInfoPlistFile /Users/long/github_space/good_ideas/pdf-file-workbench/.native-build/DeviceQA/Build/Products/Debug-iphoneos/PaperFlowUITests-Runner.app/PlugIns/PaperFlowUITests.xctest/Info.plist /Users/long/github_space/good_ideas/pdf-file-workbench/.native-build/DeviceQA/Build/Intermediates.noindex/PaperFlow.build/Debug-iphoneos/PaperFlowUITests.build/empty-PaperFlowUITests.plist (in target 'PaperFlowUITests' from project 'PaperFlow')
    cd /Users/long/github_space/good_ideas/pdf-file-workbench/PaperFlow
    builtin-infoPlistUtility /Users/long/github_space/good_ideas/pdf-file-workbench/.native-build/DeviceQA/Build/Intermediates.noindex/PaperFlow.build/Debug-iphoneos/PaperFlowUITests.build/empty-PaperFlowUITests.plist -producttype com.apple.product-type.bundle.ui-testing -expandbuildsettings -format binary -platform iphoneos -additionalcontentfile /Users/long/github_space/good_ideas/pdf-file-workbench/.native-build/DeviceQA/Build/Intermediates.noindex/PaperFlow.build/Debug-iphoneos/PaperFlowUITests.build/ProductTypeInfoPlistAdditions.plist -requiredArchitecture arm64 -o /Users/long/github_space/good_ideas/pdf-file-workbench/.native-build/DeviceQA/Build/Products/Debug-iphoneos/PaperFlowUITests-Runner.app/PlugIns/PaperFlowUITests.xctest/Info.plist

CopySwiftLibs /Users/long/github_space/good_ideas/pdf-file-workbench/.native-build/DeviceQA/Build/Products/Debug-iphoneos/PaperFlowUITests-Runner.app/PlugIns/PaperFlowUITests.xctest (in target 'PaperFlowUITests' from project 'PaperFlow')
    cd /Users/long/github_space/good_ideas/pdf-file-workbench/PaperFlow
    builtin-swiftStdLibTool --copy --verbose --sign FFD2AF526670F8DE3BED6017FCAE181F2157970F --scan-executable /Users/long/github_space/good_ideas/pdf-file-workbench/.native-build/DeviceQA/Build/Products/Debug-iphoneos/PaperFlowUITests-Runner.app/PlugIns/PaperFlowUITests.xctest/PaperFlowUITests --scan-folder /Users/long/github_space/good_ideas/pdf-file-workbench/.native-build/DeviceQA/Build/Products/Debug-iphoneos/PaperFlowUITests-Runner.app/PlugIns/PaperFlowUITests.xctest/Frameworks --scan-folder /Users/long/github_space/good_ideas/pdf-file-workbench/.native-build/DeviceQA/Build/Products/Debug-iphoneos/PaperFlowUITests-Runner.app/PlugIns/PaperFlowUITests.xctest/PlugIns --scan-folder /Users/long/github_space/good_ideas/pdf-file-workbench/.native-build/DeviceQA/Build/Products/Debug-iphoneos/PaperFlowUITests-Runner.app/PlugIns/PaperFlowUITests.xctest/SystemExtensions --scan-folder /Users/long/github_space/good_ideas/pdf-file-workbench/.native-build/DeviceQA/Build/Products/Debug-iphoneos/PaperFlowUITests-Runner.app/PlugIns/PaperFlowUITests.xctest/Extensions --platform iphoneos --toolchain /Applications/Xcode.app/Contents/Developer/Toolchains/XcodeDefault.xctoolchain --destination /Users/long/github_space/good_ideas/pdf-file-workbench/.native-build/DeviceQA/Build/Products/Debug-iphoneos/PaperFlowUITests-Runner.app/PlugIns/PaperFlowUITests.xctest/Frameworks --strip-bitcode --scan-executable /Applications/Xcode.app/Contents/Developer/Platforms/iPhoneOS.platform/Developer/usr/lib/libXCTestSwiftSupport.dylib --strip-bitcode-tool /Applications/Xcode.app/Contents/Developer/Toolchains/XcodeDefault.xctoolchain/usr/bin/bitcode_strip --emit-dependency-info /Users/long/github_space/good_ideas/pdf-file-workbench/.native-build/DeviceQA/Build/Intermediates.noindex/PaperFlow.build/Debug-iphoneos/PaperFlowUITests.build/SwiftStdLibToolInputDependencies.dep --filter-for-swift-os

ExtractAppIntentsMetadata (in target 'PaperFlowUITests' from project 'PaperFlow')
    cd /Users/long/github_space/good_ideas/pdf-file-workbench/PaperFlow
    /Applications/Xcode.app/Contents/Developer/Toolchains/XcodeDefault.xctoolchain/usr/bin/appintentsmetadataprocessor --toolchain-dir /Applications/Xcode.app/Contents/Developer/Toolchains/XcodeDefault.xctoolchain --module-name PaperFlowUITests --sdk-root /Applications/Xcode.app/Contents/Developer/Platforms/iPhoneOS.platform/Developer/SDKs/iPhoneOS27.0.sdk --xcode-version 27A266a --platform-family iOS --deployment-target 18.0 --bundle-identifier com.xiaolongxu.PaperFlowUITests --output /Users/long/github_space/good_ideas/pdf-file-workbench/.native-build/DeviceQA/Build/Products/Debug-iphoneos/PaperFlowUITests-Runner.app/PlugIns/PaperFlowUITests.xctest --target-triple arm64-apple-ios18.0 --binary-file /Users/long/github_space/good_ideas/pdf-file-workbench/.native-build/DeviceQA/Build/Products/Debug-iphoneos/PaperFlowUITests-Runner.app/PlugIns/PaperFlowUITests.xctest/PaperFlowUITests --dependency-file /Users/long/github_space/good_ideas/pdf-file-workbench/.native-build/DeviceQA/Build/Intermediates.noindex/PaperFlow.build/Debug-iphoneos/PaperFlowUITests.build/Objects-normal/arm64/PaperFlowUITests_dependency_info.dat --stringsdata-file /Users/long/github_space/good_ideas/pdf-file-workbench/.native-build/DeviceQA/Build/Intermediates.noindex/PaperFlow.build/Debug-iphoneos/PaperFlowUITests.build/Objects-normal/arm64/ExtractedAppShortcutsMetadata.stringsdata --source-file-list /Users/long/github_space/good_ideas/pdf-file-workbench/.native-build/DeviceQA/Build/Intermediates.noindex/PaperFlow.build/Debug-iphoneos/PaperFlowUITests.build/Objects-normal/arm64/PaperFlowUITests.SwiftFileList --metadata-file-list /Users/long/github_space/good_ideas/pdf-file-workbench/.native-build/DeviceQA/Build/Intermediates.noindex/PaperFlow.build/Debug-iphoneos/PaperFlowUITests.build/PaperFlowUITests.DependencyMetadataFileList --static-metadata-file-list /Users/long/github_space/good_ideas/pdf-file-workbench/.native-build/DeviceQA/Build/Intermediates.noindex/PaperFlow.build/Debug-iphoneos/PaperFlowUITests.build/PaperFlowUITests.DependencyStaticMetadataFileList --swift-const-vals-list /Users/long/github_space/good_ideas/pdf-file-workbench/.native-build/DeviceQA/Build/Intermediates.noindex/PaperFlow.build/Debug-iphoneos/PaperFlowUITests.build/Objects-normal/arm64/PaperFlowUITests.SwiftConstValuesFileList --compile-time-extraction --deployment-aware-processing --no-app-shortcuts-localization
2026-10-04 14:19:04.063 appintentsmetadataprocessor[113:5652613] Starting appintentsmetadataprocessor export
2026-10-04 14:19:04.064 appintentsmetadataprocessor[113:5652613] warning: Metadata extraction skipped, no AppIntents.framework dependency found

GenerateDSYMFile /Users/long/github_space/good_ideas/pdf-file-workbench/.native-build/DeviceQA/Build/Products/Debug-iphoneos/PaperFlowUITests-Runner.app/PlugIns/PaperFlowUITests.xctest.dSYM /Users/long/github_space/good_ideas/pdf-file-workbench/.native-build/DeviceQA/Build/Products/Debug-iphoneos/PaperFlowUITests-Runner.app/PlugIns/PaperFlowUITests.xctest/PaperFlowUITests (in target 'PaperFlowUITests' from project 'PaperFlow')
    cd /Users/long/github_space/good_ideas/pdf-file-workbench/PaperFlow
    export PATH\=/Applications/Xcode.app/Contents/SharedFrameworks/SwiftBuild.framework/Versions/A/PlugIns/SWBBuildService.bundle/Contents/PlugIns/SWBUniversalPlatformPlugin.bundle/Contents/Frameworks/SWBUniversalPlatform.framework/Resources:/Applications/Xcode.app/Contents/Developer/Toolchains/XcodeDefault.xctoolchain/usr/bin:/Applications/Xcode.app/Contents/Developer/Toolchains/XcodeDefault.xctoolchain/usr/local/bin:/Applications/Xcode.app/Contents/Developer/Toolchains/XcodeDefault.xctoolchain/usr/libexec:/Applications/Xcode.app/Contents/Developer/Platforms/iPhoneOS.platform/usr/bin:/Applications/Xcode.app/Contents/Developer/Platforms/iPhoneOS.platform/usr/local/bin:/Applications/Xcode.app/Contents/Developer/Platforms/iPhoneOS.platform/Developer/usr/bin:/Applications/Xcode.app/Contents/Developer/Platforms/iPhoneOS.platform/Developer/usr/local/bin:/Applications/Xcode.app/Contents/Developer/usr/bin:/Applications/Xcode.app/Contents/Developer/usr/local/bin:/Users/long/.codex/packages/app-server-daemon/releases/0.160.0-aarch64-apple-darwin/codex-path:/Users/long/.antigravity-ide/antigravity-ide/bin:/opt/homebrew/opt/libpq/bin:/Users/long/.cargo/bin:/Users/long/bin:/Users/long/.local/bin:/usr/local/bin:/opt/homebrew/bin:/opt/homebrew/sbin:/System/Cryptexes/App/usr/bin:/usr/bin:/bin:/usr/sbin:/sbin:/var/run/com.apple.security.cryptexd/codex.system/bootstrap/usr/local/bin:/var/run/com.apple.security.cryptexd/codex.system/bootstrap/usr/bin:/var/run/com.apple.security.cryptexd/codex.system/bootstrap/usr/appleinternal/bin:/pkg/env/global/bin:/Library/Apple/usr/bin:/Applications/VMware\ Fusion.app/Contents/Public:/Users/long/.codex/tmp/arg0/codex-arg02WkGek:/Users/long/.codex/tmp/arg0/codex-arg0cs7D4M:/Users/long/.codex/packages/app-server-daemon/releases/0.159.3-aarch64-apple-darwin/codex-path:/Users/long/.codex/tmp/arg0/codex-arg0fiC75j:/Users/long/.codex/packages/app-server-daemon/releases/0.159.2-aarch64-apple-darwin/codex-path:/Users/long/.codex/tmp/arg0/codex-arg0Pk2oVk:/Users/long/.codex/packages/app-server-daemon/releases/0.159.0-aarch64-apple-darwin/codex-path:/Users/long/.codex/tmp/arg0/codex-arg0P6dOMQ:/Users/long/.codex/packages/app-server-daemon/releases/0.158.0-aarch64-apple-darwin/codex-path:/Users/long/.codex/tmp/arg0/codex-arg0TwuA4p:/Users/long/.codex/packages/app-server-daemon/releases/0.157.1-aarch64-apple-darwin/codex-path:/Users/long/.codex/tmp/arg0/codex-arg0B5FiaY:/opt/homebrew/lib/node_modules/@openai/codex/node_modules/@openai/codex-darwin-arm64/vendor/aarch64-apple-darwin/codex-path:/Applications/iTerm.app/Contents/Resources/utilities
    /Applications/Xcode.app/Contents/Developer/Toolchains/XcodeDefault.xctoolchain/usr/bin/dsymutil /Users/long/github_space/good_ideas/pdf-file-workbench/.native-build/DeviceQA/Build/Products/Debug-iphoneos/PaperFlowUITests-Runner.app/PlugIns/PaperFlowUITests.xctest/PaperFlowUITests -o /Users/long/github_space/good_ideas/pdf-file-workbench/.native-build/DeviceQA/Build/Products/Debug-iphoneos/PaperFlowUITests-Runner.app/PlugIns/PaperFlowUITests.xctest.dSYM

AppIntentsSSUTraining (in target 'PaperFlowUITests' from project 'PaperFlow')
    cd /Users/long/github_space/good_ideas/pdf-file-workbench/PaperFlow
    /Applications/Xcode.app/Contents/Developer/Toolchains/XcodeDefault.xctoolchain/usr/bin/appintentsnltrainingprocessor --infoplist-path /Users/long/github_space/good_ideas/pdf-file-workbench/.native-build/DeviceQA/Build/Products/Debug-iphoneos/PaperFlowUITests-Runner.app/PlugIns/PaperFlowUITests.xctest/Info.plist --temp-dir-path /Users/long/github_space/good_ideas/pdf-file-workbench/.native-build/DeviceQA/Build/Intermediates.noindex/PaperFlow.build/Debug-iphoneos/PaperFlowUITests.build/ssu --bundle-id com.xiaolongxu.PaperFlowUITests --product-path /Users/long/github_space/good_ideas/pdf-file-workbench/.native-build/DeviceQA/Build/Products/Debug-iphoneos/PaperFlowUITests-Runner.app/PlugIns/PaperFlowUITests.xctest --extracted-metadata-path /Users/long/github_space/good_ideas/pdf-file-workbench/.native-build/DeviceQA/Build/Products/Debug-iphoneos/PaperFlowUITests-Runner.app/PlugIns/PaperFlowUITests.xctest/Metadata.appintents --metadata-file-list /Users/long/github_space/good_ideas/pdf-file-workbench/.native-build/DeviceQA/Build/Intermediates.noindex/PaperFlow.build/Debug-iphoneos/PaperFlowUITests.build/PaperFlowUITests.DependencyMetadataFileList --source-file /Users/long/github_space/good_ideas/pdf-file-workbench/.native-build/DeviceQA/Build/Products/Debug-iphoneos/PaperFlowUITests-Runner.app/PlugIns/PaperFlowUITests.xctest/Info.plist --archive-ssu-assets
2026-10-04 14:19:04.077 appintentsnltrainingprocessor[115:5652617] Parsing options for appintentsnltrainingprocessor
2026-10-04 14:19:04.077 appintentsnltrainingprocessor[115:5652617] Starting AppIntents SSU YAML Generation
2026-10-04 14:19:04.077 appintentsnltrainingprocessor[115:5652617] No AppShortcuts found - Skipping.

CopyAndPreserveArchs /Users/long/github_space/good_ideas/pdf-file-workbench/.native-build/DeviceQA/Build/Products/Debug-iphoneos/PaperFlowUITests-Runner.app/PaperFlowUITests-Runner (in target 'PaperFlowUITests' from project 'PaperFlow')
    cd /Users/long/github_space/good_ideas/pdf-file-workbench/PaperFlow
    /Applications/Xcode.app/Contents/Developer/Toolchains/XcodeDefault.xctoolchain/usr/bin/lipo /Applications/Xcode.app/Contents/Developer/Platforms/iPhoneOS.platform/Developer/Library/Xcode/Agents/XCTRunner.app/XCTRunner -output /Users/long/github_space/good_ideas/pdf-file-workbench/.native-build/DeviceQA/Build/Products/Debug-iphoneos/PaperFlowUITests-Runner.app/PaperFlowUITests-Runner -extract arm64

MkDir /Users/long/github_space/good_ideas/pdf-file-workbench/.native-build/DeviceQA/Build/Products/Debug-iphoneos/PaperFlowUITests-Runner.app (in target 'PaperFlowUITests' from project 'PaperFlow')
    cd /Users/long/github_space/good_ideas/pdf-file-workbench/PaperFlow
    /bin/mkdir -p /Users/long/github_space/good_ideas/pdf-file-workbench/.native-build/DeviceQA/Build/Products/Debug-iphoneos/PaperFlowUITests-Runner.app

CopyPlistFile /Users/long/github_space/good_ideas/pdf-file-workbench/.native-build/DeviceQA/Build/Products/Debug-iphoneos/PaperFlowUITests-Runner.app/Info.plist /Applications/Xcode.app/Contents/Developer/Platforms/iPhoneOS.platform/Developer/Library/Xcode/Agents/XCTRunner.app/Info.plist (in target 'PaperFlowUITests' from project 'PaperFlow')
    cd /Users/long/github_space/good_ideas/pdf-file-workbench/PaperFlow
    builtin-copyPlist --validate --convert xml1 --macro-expansion WRAPPEDPRODUCTNAME PaperFlowUITests-Runner --macro-expansion WRAPPEDPRODUCTBUNDLEIDENTIFIER com.xiaolongxu.PaperFlowUITests.xctrunner --macro-expansion TESTPRODUCTNAME PaperFlowUITests --macro-expansion TESTPRODUCTBUNDLEIDENTIFIER com.xiaolongxu.PaperFlowUITests --copy-value UIDeviceFamily /Users/long/github_space/good_ideas/pdf-file-workbench/.native-build/DeviceQA/Build/Products/Debug-iphoneos/PaperFlowUITests-Runner.app/PlugIns/PaperFlowUITests.xctest/Info.plist --outdir /Users/long/github_space/good_ideas/pdf-file-workbench/.native-build/DeviceQA/Build/Products/Debug-iphoneos/PaperFlowUITests-Runner.app -- /Applications/Xcode.app/Contents/Developer/Platforms/iPhoneOS.platform/Developer/Library/Xcode/Agents/XCTRunner.app/Info.plist

Copy /Users/long/github_space/good_ideas/pdf-file-workbench/.native-build/DeviceQA/Build/Products/Debug-iphoneos/PaperFlowUITests-Runner.app/PkgInfo /Applications/Xcode.app/Contents/Developer/Platforms/iPhoneOS.platform/Developer/Library/Xcode/Agents/XCTRunner.app/PkgInfo (in target 'PaperFlowUITests' from project 'PaperFlow')
    cd /Users/long/github_space/good_ideas/pdf-file-workbench/PaperFlow
    builtin-copy -exclude .DS_Store -exclude CVS -exclude .svn -exclude .git -exclude .hg -resolve-src-symlinks /Applications/Xcode.app/Contents/Developer/Platforms/iPhoneOS.platform/Developer/Library/Xcode/Agents/XCTRunner.app/PkgInfo /Users/long/github_space/good_ideas/pdf-file-workbench/.native-build/DeviceQA/Build/Products/Debug-iphoneos/PaperFlowUITests-Runner.app

CodeSign /Users/long/github_space/good_ideas/pdf-file-workbench/.native-build/DeviceQA/Build/Products/Debug-iphoneos/PaperFlowUITests-Runner.app/PlugIns/PaperFlowUITests.xctest (in target 'PaperFlowUITests' from project 'PaperFlow')
    cd /Users/long/github_space/good_ideas/pdf-file-workbench/PaperFlow
    
    Signing Identity:     "Apple Development: xiaolong xu (HY7V43DS7R)"
    Provisioning Profile: "iOS Team Provisioning Profile: *"
                          (63dd1084-944d-4fc2-ba15-f1a3f72c90a3)
    
    /usr/bin/codesign --force --sign FFD2AF526670F8DE3BED6017FCAE181F2157970F --entitlements /Users/long/github_space/good_ideas/pdf-file-workbench/.native-build/DeviceQA/Build/Intermediates.noindex/PaperFlow.build/Debug-iphoneos/PaperFlowUITests.build/PaperFlowUITests.xctest.xcent --timestamp\=none --generate-entitlement-der /Users/long/github_space/good_ideas/pdf-file-workbench/.native-build/DeviceQA/Build/Products/Debug-iphoneos/PaperFlowUITests-Runner.app/PlugIns/PaperFlowUITests.xctest

CodeSign /Users/long/github_space/good_ideas/pdf-file-workbench/.native-build/DeviceQA/Build/Products/Debug-iphoneos/PaperFlowUITests-Runner.app (in target 'PaperFlowUITests' from project 'PaperFlow')
    cd /Users/long/github_space/good_ideas/pdf-file-workbench/PaperFlow
    
    Signing Identity:     "Apple Development: xiaolong xu (HY7V43DS7R)"
    Provisioning Profile: "iOS Team Provisioning Profile: *"
                          (63dd1084-944d-4fc2-ba15-f1a3f72c90a3)
    
    /usr/bin/codesign --force --sign FFD2AF526670F8DE3BED6017FCAE181F2157970F --entitlements /Users/long/github_space/good_ideas/pdf-file-workbench/.native-build/DeviceQA/Build/Intermediates.noindex/PaperFlow.build/Debug-iphoneos/PaperFlowUITests.build/PaperFlowUITests.xctest.xcent --timestamp\=none --generate-entitlement-der /Users/long/github_space/good_ideas/pdf-file-workbench/.native-build/DeviceQA/Build/Products/Debug-iphoneos/PaperFlowUITests-Runner.app
/Users/long/github_space/good_ideas/pdf-file-workbench/.native-build/DeviceQA/Build/Products/Debug-iphoneos/PaperFlowUITests-Runner.app: replacing existing signature

RegisterExecutionPolicyException /Users/long/github_space/good_ideas/pdf-file-workbench/.native-build/DeviceQA/Build/Products/Debug-iphoneos/PaperFlowUITests-Runner.app/PlugIns/PaperFlowUITests.xctest (in target 'PaperFlowUITests' from project 'PaperFlow')
    cd /Users/long/github_space/good_ideas/pdf-file-workbench/PaperFlow
    builtin-RegisterExecutionPolicyException /Users/long/github_space/good_ideas/pdf-file-workbench/.native-build/DeviceQA/Build/Products/Debug-iphoneos/PaperFlowUITests-Runner.app/PlugIns/PaperFlowUITests.xctest

Touch /Users/long/github_space/good_ideas/pdf-file-workbench/.native-build/DeviceQA/Build/Products/Debug-iphoneos/PaperFlowUITests-Runner.app/PlugIns/PaperFlowUITests.xctest (in target 'PaperFlowUITests' from project 'PaperFlow')
    cd /Users/long/github_space/good_ideas/pdf-file-workbench/PaperFlow
    /usr/bin/touch -c /Users/long/github_space/good_ideas/pdf-file-workbench/.native-build/DeviceQA/Build/Products/Debug-iphoneos/PaperFlowUITests-Runner.app/PlugIns/PaperFlowUITests.xctest

PruneExplicitPrecompiledModules /Users/long/github_space/good_ideas/pdf-file-workbench/.native-build/DeviceQA/Build/Intermediates.noindex/SwiftExplicitPrecompiledModules

PruneExplicitPrecompiledModules /Users/long/github_space/good_ideas/pdf-file-workbench/.native-build/DeviceQA/SDKExplicitPrecompiledModules

PruneExplicitPrecompiledModules /Users/long/github_space/good_ideas/pdf-file-workbench/.native-build/DeviceQA/Build/Intermediates.noindex/ExplicitPrecompiledModules

** TEST BUILD SUCCEEDED **

