Command line invocation:
    /Applications/Xcode.app/Contents/Developer/usr/bin/xcodebuild -project ZipHarbor/ZipHarbor.xcodeproj -scheme ZipHarbor -destination platform=iOS,id=IPHONE14_UDID -derivedDataPath /tmp/ZipHarbor-Device -resultBundlePath /tmp/ZipHarbor-Device-Acceptance-Final.xcresult -allowProvisioningUpdates -parallel-testing-enabled NO test "-only-testing:ZipHarborTests"

Resolve Package Graph


Resolved source packages:
  ArchiveKit: https://github.com/Lakr233/libarchive.xcframework.git @ 1.0.0

Writing result bundle at path:
	/tmp/ZipHarbor-Device-Acceptance-Final.xcresult

ComputePackagePrebuildTargetDependencyGraph

Prepare packages

CreateBuildRequest

SendProjectDescription

CreateBuildOperation

ComputeTargetDependencyGraph
note: Building targets in dependency order
note: Target dependency graph (5 targets)
    Target 'ZipHarborUITests' in project 'ZipHarbor'
        ➜ Explicit dependency on target 'ZipHarbor' in project 'ZipHarbor'
    Target 'ZipHarborTests' in project 'ZipHarbor'
        ➜ Explicit dependency on target 'ZipHarbor' in project 'ZipHarbor'
    Target 'ZipHarbor' in project 'ZipHarbor'
        ➜ Explicit dependency on target 'ArchiveKit-product' in project 'ArchiveKit'
    Target 'ArchiveKit-product' in project 'ArchiveKit'
        ➜ Explicit dependency on target 'ArchiveKit' in project 'ArchiveKit'
    Target 'ArchiveKit' in project 'ArchiveKit' (no dependencies)

GatherProvisioningInputs

CreateBuildDescription

ExecuteExternalTool /Applications/Xcode.app/Contents/Developer/Toolchains/XcodeDefault.xctoolchain/usr/bin/swiftc --version

ExecuteExternalTool /Applications/Xcode.app/Contents/Developer/Toolchains/XcodeDefault.xctoolchain/usr/bin/clang -v -E -dM -isysroot /Applications/Xcode.app/Contents/Developer/Platforms/iPhoneOS.platform/Developer/SDKs/iPhoneOS27.0.sdk -x c -c /dev/null

ExecuteExternalTool /Applications/Xcode.app/Contents/Developer/usr/bin/actool --print-asset-tag-combinations --output-format xml1 /Users/USER/github_space/zip-app/ZipHarbor/ZipHarbor/Assets.xcassets

ExecuteExternalTool /Applications/Xcode.app/Contents/Developer/usr/bin/actool --version --output-format xml1

ExecuteExternalTool /Applications/Xcode.app/Contents/Developer/Toolchains/XcodeDefault.xctoolchain/usr/bin/ld -version_details

Build description signature: 3104d684ad2b33d383c371c35d08ce75
Build description path: /tmp/ZipHarbor-Device/Build/Intermediates.noindex/XCBuildData/3104d684ad2b33d383c371c35d08ce75.xcbuilddata
ClangStatCache /Applications/Xcode.app/Contents/Developer/Toolchains/XcodeDefault.xctoolchain/usr/bin/clang-stat-cache /Applications/Xcode.app/Contents/Developer/Platforms/iPhoneOS.platform/Developer/SDKs/iPhoneOS27.0.sdk /tmp/ZipHarbor-Device/SDKStatCaches.noindex/iphoneos27.0-24A430-6c78b3cbc238196c85e1bf6c792c5915.sdkstatcache
    cd /Users/USER/github_space/zip-app/ZipHarbor/ZipHarbor.xcodeproj
    /Applications/Xcode.app/Contents/Developer/Toolchains/XcodeDefault.xctoolchain/usr/bin/clang-stat-cache /Applications/Xcode.app/Contents/Developer/Platforms/iPhoneOS.platform/Developer/SDKs/iPhoneOS27.0.sdk -o /tmp/ZipHarbor-Device/SDKStatCaches.noindex/iphoneos27.0-24A430-6c78b3cbc238196c85e1bf6c792c5915.sdkstatcache

Ld /tmp/ZipHarbor-Device/Build/Products/Debug-iphoneos/ArchiveKit.o normal (in target 'ArchiveKit' from project 'ArchiveKit')
    cd /tmp/ZipHarbor-Device/SourcePackages/checkouts/libarchive.xcframework
    /Applications/Xcode.app/Contents/Developer/Toolchains/XcodeDefault.xctoolchain/usr/bin/clang -Xlinker -reproducible -target arm64-apple-ios15.0 -r -isysroot /Applications/Xcode.app/Contents/Developer/Platforms/iPhoneOS.platform/Developer/SDKs/iPhoneOS27.0.sdk -O0 -w -Xlinker -no_warn_duplicate_libraries -F/tmp/ZipHarbor-Device/Build/Intermediates.noindex/EagerLinkingTBDs/Debug-iphoneos -F/tmp/ZipHarbor-Device/Build/Products/Debug-iphoneos -iframework /Applications/Xcode.app/Contents/Developer/Platforms/iPhoneOS.platform/Developer/Library/Frameworks -iframework /Applications/Xcode.app/Contents/Developer/Platforms/iPhoneOS.platform/Developer/SDKs/iPhoneOS27.0.sdk/Developer/Library/Frameworks -filelist /tmp/ZipHarbor-Device/Build/Intermediates.noindex/ArchiveKit.build/Debug-iphoneos/ArchiveKit-t.build/Objects-normal/arm64/ArchiveKit.LinkFileList -nostdlib -Xlinker -object_path_lto -Xlinker /tmp/ZipHarbor-Device/Build/Intermediates.noindex/ArchiveKit.build/Debug-iphoneos/ArchiveKit-t.build/Objects-normal/arm64/ArchiveKit_lto.o -Xlinker -no_deduplicate -Xlinker -dependency_info -Xlinker /tmp/ZipHarbor-Device/Build/Intermediates.noindex/ArchiveKit.build/Debug-iphoneos/ArchiveKit-t.build/Objects-normal/arm64/ArchiveKit_dependency_info.dat -fobjc-link-runtime -L/Applications/Xcode.app/Contents/Developer/Toolchains/XcodeDefault.xctoolchain/usr/lib/swift/iphoneos -L/usr/lib/swift -Xlinker -add_ast_path -Xlinker /tmp/ZipHarbor-Device/Build/Intermediates.noindex/ArchiveKit.build/Debug-iphoneos/ArchiveKit-t.build/Objects-normal/arm64/ArchiveKit.swiftmodule -o /tmp/ZipHarbor-Device/Build/Products/Debug-iphoneos/ArchiveKit.o

SwiftDriver ZipHarbor normal arm64 com.apple.xcode.tools.swift.compiler (in target 'ZipHarbor' from project 'ZipHarbor')
    cd /Users/USER/github_space/zip-app/ZipHarbor
    builtin-SwiftDriver -- /Applications/Xcode.app/Contents/Developer/Toolchains/XcodeDefault.xctoolchain/usr/bin/swiftc -module-name ZipHarbor -Onone @/tmp/ZipHarbor-Device/Build/Intermediates.noindex/ZipHarbor.build/Debug-iphoneos/ZipHarbor.build/Objects-normal/arm64/ZipHarbor.SwiftFileList -DDEBUG -enable-experimental-feature DebugDescriptionMacro -sdk /Applications/Xcode.app/Contents/Developer/Platforms/iPhoneOS.platform/Developer/SDKs/iPhoneOS27.0.sdk -target arm64-apple-ios17.0 -g -module-cache-path /tmp/ZipHarbor-Device/ModuleCache.noindex -Xfrontend -serialize-debugging-options -enable-testing -index-store-path /tmp/ZipHarbor-Device/Index.noindex/DataStore -Xcc -D_LIBCPP_HARDENING_MODE\=_LIBCPP_HARDENING_MODE_DEBUG -swift-version 6 -I /tmp/ZipHarbor-Device/Build/Products/Debug-iphoneos -F /tmp/ZipHarbor-Device/Build/Products/Debug-iphoneos/PackageFrameworks -F /tmp/ZipHarbor-Device/Build/Products/Debug-iphoneos -emit-localized-strings -emit-localized-strings-path /tmp/ZipHarbor-Device/Build/Intermediates.noindex/ZipHarbor.build/Debug-iphoneos/ZipHarbor.build/Objects-normal/arm64 -c -j15 -enable-batch-mode -incremental -Xcc -ivfsstatcache -Xcc /tmp/ZipHarbor-Device/SDKStatCaches.noindex/iphoneos27.0-24A430-6c78b3cbc238196c85e1bf6c792c5915.sdkstatcache -output-file-map /tmp/ZipHarbor-Device/Build/Intermediates.noindex/ZipHarbor.build/Debug-iphoneos/ZipHarbor.build/Objects-normal/arm64/ZipHarbor-OutputFileMap.json -save-temps -no-color-diagnostics -explicit-module-build -module-cache-path /tmp/ZipHarbor-Device/Build/Intermediates.noindex/SwiftExplicitPrecompiledModules -clang-scanner-module-cache-path /tmp/ZipHarbor-Device/ModuleCache.noindex -sdk-module-cache-path /tmp/ZipHarbor-Device/SDKExplicitPrecompiledModules -emit-dependencies -emit-module -emit-module-path /tmp/ZipHarbor-Device/Build/Intermediates.noindex/ZipHarbor.build/Debug-iphoneos/ZipHarbor.build/Objects-normal/arm64/ZipHarbor.swiftmodule -serialize-diagnostics -dependency-scan-serialize-diagnostics-path /tmp/ZipHarbor-Device/Build/Intermediates.noindex/ZipHarbor.build/Debug-iphoneos/ZipHarbor.build/Objects-normal/arm64/ZipHarbor-dependency-scan.dia -validate-clang-modules-once -clang-build-session-file /tmp/ZipHarbor-Device/ModuleCache.noindex/Session.modulevalidation -Xcc -fmodules-prune-interval\=86400 -Xcc -fmodules-prune-after\=345600 -emit-const-values -const-gather-protocols-list /tmp/ZipHarbor-Device/Build/Intermediates.noindex/ZipHarbor.build/Debug-iphoneos/ZipHarbor.build/Objects-normal/arm64/ZipHarbor_const_extract_protocols.json -Xcc -iquote -Xcc /tmp/ZipHarbor-Device/Build/Intermediates.noindex/ZipHarbor.build/Debug-iphoneos/ZipHarbor.build/ZipHarbor-generated-files.hmap -Xcc -I/tmp/ZipHarbor-Device/Build/Intermediates.noindex/ZipHarbor.build/Debug-iphoneos/ZipHarbor.build/ZipHarbor-own-target-headers.hmap -Xcc -I/tmp/ZipHarbor-Device/Build/Intermediates.noindex/ZipHarbor.build/Debug-iphoneos/ZipHarbor.build/ZipHarbor-all-non-framework-target-headers.hmap -Xcc -ivfsoverlay -Xcc /tmp/ZipHarbor-Device/Build/Intermediates.noindex/ZipHarbor.build/Debug-iphoneos/ZipHarbor-576ff8f1de8c1a2cbc0351e2756fa15b-VFS-iphoneos/all-product-headers.yaml -Xcc -iquote -Xcc /tmp/ZipHarbor-Device/Build/Intermediates.noindex/ZipHarbor.build/Debug-iphoneos/ZipHarbor.build/ZipHarbor-project-headers.hmap -Xcc -I/tmp/ZipHarbor-Device/Build/Products/Debug-iphoneos/include -Xcc -I/tmp/ZipHarbor-Device/Build/Intermediates.noindex/ZipHarbor.build/Debug-iphoneos/ZipHarbor.build/DerivedSources-normal/arm64 -Xcc -I/tmp/ZipHarbor-Device/Build/Intermediates.noindex/ZipHarbor.build/Debug-iphoneos/ZipHarbor.build/DerivedSources/arm64 -Xcc -I/tmp/ZipHarbor-Device/Build/Intermediates.noindex/ZipHarbor.build/Debug-iphoneos/ZipHarbor.build/DerivedSources -Xcc -DDEBUG\=1 -emit-objc-header -emit-objc-header-path /tmp/ZipHarbor-Device/Build/Intermediates.noindex/ZipHarbor.build/Debug-iphoneos/ZipHarbor.build/Objects-normal/arm64/ZipHarbor-Swift.h -working-directory /Users/USER/github_space/zip-app/ZipHarbor -experimental-emit-module-separately -disable-cmo

ExtractAppIntentsMetadata (in target 'ArchiveKit' from project 'ArchiveKit')
    cd /tmp/ZipHarbor-Device/SourcePackages/checkouts/libarchive.xcframework
    /Applications/Xcode.app/Contents/Developer/Toolchains/XcodeDefault.xctoolchain/usr/bin/appintentsmetadataprocessor --toolchain-dir /Applications/Xcode.app/Contents/Developer/Toolchains/XcodeDefault.xctoolchain --module-name ArchiveKit --sdk-root /Applications/Xcode.app/Contents/Developer/Platforms/iPhoneOS.platform/Developer/SDKs/iPhoneOS27.0.sdk --xcode-version 27A266a --platform-family iOS --deployment-target 15.0 --bundle-identifier libarchive.xcframework.ArchiveKit --output /tmp/ZipHarbor-Device/Build/Products/Debug-iphoneos/ArchiveKit.appintents --target-triple arm64-apple-ios15.0 --binary-file /tmp/ZipHarbor-Device/Build/Products/Debug-iphoneos/ArchiveKit.o --dependency-file /tmp/ZipHarbor-Device/Build/Intermediates.noindex/ArchiveKit.build/Debug-iphoneos/ArchiveKit-t.build/Objects-normal/arm64/ArchiveKit_dependency_info.dat --stringsdata-file /tmp/ZipHarbor-Device/Build/Intermediates.noindex/ArchiveKit.build/Debug-iphoneos/ArchiveKit-t.build/Objects-normal/arm64/ExtractedAppShortcutsMetadata.stringsdata --source-file-list /tmp/ZipHarbor-Device/Build/Intermediates.noindex/ArchiveKit.build/Debug-iphoneos/ArchiveKit-t.build/Objects-normal/arm64/ArchiveKit.SwiftFileList --metadata-file-list /tmp/ZipHarbor-Device/Build/Intermediates.noindex/ArchiveKit.build/Debug-iphoneos/ArchiveKit-t.build/ArchiveKit.DependencyMetadataFileList --static-metadata-file-list /tmp/ZipHarbor-Device/Build/Intermediates.noindex/ArchiveKit.build/Debug-iphoneos/ArchiveKit-t.build/ArchiveKit.DependencyStaticMetadataFileList --swift-const-vals-list /tmp/ZipHarbor-Device/Build/Intermediates.noindex/ArchiveKit.build/Debug-iphoneos/ArchiveKit-t.build/Objects-normal/arm64/ArchiveKit.SwiftConstValuesFileList --force --compile-time-extraction --deployment-aware-processing --no-app-shortcuts-localization
2026-10-01 10:39:36.121 appintentsmetadataprocessor[41988:2811584] Starting appintentsmetadataprocessor export
2026-10-01 10:39:36.166 appintentsmetadataprocessor[41988:2811584] Extracted no relevant App Intents symbols, skipping writing output

ProcessInfoPlistFile /tmp/ZipHarbor-Device/Build/Products/Debug-iphoneos/ZipHarbor.app/Info.plist /Users/USER/github_space/zip-app/ZipHarbor/ZipHarbor/Info.plist (in target 'ZipHarbor' from project 'ZipHarbor')
    cd /Users/USER/github_space/zip-app/ZipHarbor
    builtin-infoPlistUtility /Users/USER/github_space/zip-app/ZipHarbor/ZipHarbor/Info.plist -producttype com.apple.product-type.application -genpkginfo /tmp/ZipHarbor-Device/Build/Products/Debug-iphoneos/ZipHarbor.app/PkgInfo -expandbuildsettings -format binary -platform iphoneos -additionalcontentfile /tmp/ZipHarbor-Device/Build/Intermediates.noindex/ZipHarbor.build/Debug-iphoneos/ZipHarbor.build/assetcatalog_generated_info.plist -scanforprivacyfile /tmp/ZipHarbor-Device/Build/Products/Debug-iphoneos/ZipHarbor.app/Frameworks/libarchive.framework -requiredArchitecture arm64 -o /tmp/ZipHarbor-Device/Build/Products/Debug-iphoneos/ZipHarbor.app/Info.plist

CopyStringsFile /tmp/ZipHarbor-Device/Build/Products/Debug-iphoneos/ZipHarbor.app/en.lproj/Localizable.strings /Users/USER/github_space/zip-app/ZipHarbor/ZipHarbor/Resources/en.lproj/Localizable.strings (in target 'ZipHarbor' from project 'ZipHarbor')
    cd /Users/USER/github_space/zip-app/ZipHarbor
    builtin-copyStrings --validate --outputencoding binary --outfilename Localizable.strings --outdir /tmp/ZipHarbor-Device/Build/Products/Debug-iphoneos/ZipHarbor.app/en.lproj -- /Users/USER/github_space/zip-app/ZipHarbor/ZipHarbor/Resources/en.lproj/Localizable.strings
/Users/USER/github_space/zip-app/ZipHarbor/ZipHarbor/Resources/en.lproj/Localizable.strings:1:1: note: detected encoding of input file as Unicode (UTF-8) (in target 'ZipHarbor' from project 'ZipHarbor')

Ld /tmp/ZipHarbor-Device/Build/Products/Debug-iphoneos/ZipHarbor.app/__preview.dylib normal (in target 'ZipHarbor' from project 'ZipHarbor')
    cd /Users/USER/github_space/zip-app/ZipHarbor
    /Applications/Xcode.app/Contents/Developer/Toolchains/XcodeDefault.xctoolchain/usr/bin/clang -Xlinker -reproducible -target arm64-apple-ios17.0 -dynamiclib -isysroot /Applications/Xcode.app/Contents/Developer/Platforms/iPhoneOS.platform/Developer/SDKs/iPhoneOS27.0.sdk -O0 -Xlinker -no_warn_duplicate_libraries -L/tmp/ZipHarbor-Device/Build/Products/Debug-iphoneos -F/tmp/ZipHarbor-Device/Build/Products/Debug-iphoneos/PackageFrameworks -F/tmp/ZipHarbor-Device/Build/Products/Debug-iphoneos -install_name @rpath/ZipHarbor.debug.dylib -Xlinker -dead_strip -rdynamic -Xlinker -no_deduplicate -Xlinker -dependency_info -Xlinker /tmp/ZipHarbor-Device/Build/Intermediates.noindex/ZipHarbor.build/Debug-iphoneos/ZipHarbor.build/Objects-normal/arm64/ZipHarbor_dependency_info.dat -Xlinker -no_adhoc_codesign -o /tmp/ZipHarbor-Device/Build/Products/Debug-iphoneos/ZipHarbor.app/__preview.dylib

CopyStringsFile /tmp/ZipHarbor-Device/Build/Products/Debug-iphoneos/ZipHarbor.app/zh-Hans.lproj/Localizable.strings /Users/USER/github_space/zip-app/ZipHarbor/ZipHarbor/Resources/zh-Hans.lproj/Localizable.strings (in target 'ZipHarbor' from project 'ZipHarbor')
    cd /Users/USER/github_space/zip-app/ZipHarbor
    builtin-copyStrings --validate --outputencoding binary --outfilename Localizable.strings --outdir /tmp/ZipHarbor-Device/Build/Products/Debug-iphoneos/ZipHarbor.app/zh-Hans.lproj -- /Users/USER/github_space/zip-app/ZipHarbor/ZipHarbor/Resources/zh-Hans.lproj/Localizable.strings
/Users/USER/github_space/zip-app/ZipHarbor/ZipHarbor/Resources/zh-Hans.lproj/Localizable.strings:1:1: note: detected encoding of input file as Unicode (UTF-8) (in target 'ZipHarbor' from project 'ZipHarbor')

SwiftCompile normal arm64 Compiling\ ArchiveView.swift /Users/USER/github_space/zip-app/ZipHarbor/ZipHarbor/Features/ArchiveView.swift (in target 'ZipHarbor' from project 'ZipHarbor')

SwiftCompile normal arm64 /Users/USER/github_space/zip-app/ZipHarbor/ZipHarbor/Features/ArchiveView.swift (in target 'ZipHarbor' from project 'ZipHarbor')
    cd /Users/USER/github_space/zip-app/ZipHarbor
    builtin-SwiftPerFileCompile ArchiveView.swift

SwiftCompile normal arm64 Compiling\ Components.swift /Users/USER/github_space/zip-app/ZipHarbor/ZipHarbor/DesignSystem/Components.swift (in target 'ZipHarbor' from project 'ZipHarbor')

SwiftCompile normal arm64 /Users/USER/github_space/zip-app/ZipHarbor/ZipHarbor/DesignSystem/Components.swift (in target 'ZipHarbor' from project 'ZipHarbor')
    cd /Users/USER/github_space/zip-app/ZipHarbor
    builtin-SwiftPerFileCompile Components.swift

SwiftCompile normal arm64 Compiling\ SettingsView.swift /Users/USER/github_space/zip-app/ZipHarbor/ZipHarbor/Features/SettingsView.swift (in target 'ZipHarbor' from project 'ZipHarbor')

SwiftCompile normal arm64 /Users/USER/github_space/zip-app/ZipHarbor/ZipHarbor/Features/SettingsView.swift (in target 'ZipHarbor' from project 'ZipHarbor')
    cd /Users/USER/github_space/zip-app/ZipHarbor
    builtin-SwiftPerFileCompile SettingsView.swift

SwiftCompile normal arm64 Compiling\ RootView.swift /Users/USER/github_space/zip-app/ZipHarbor/ZipHarbor/Features/RootView.swift (in target 'ZipHarbor' from project 'ZipHarbor')

SwiftCompile normal arm64 /Users/USER/github_space/zip-app/ZipHarbor/ZipHarbor/Features/RootView.swift (in target 'ZipHarbor' from project 'ZipHarbor')
    cd /Users/USER/github_space/zip-app/ZipHarbor
    builtin-SwiftPerFileCompile RootView.swift

SwiftCompile normal arm64 Compiling\ SystemBridges.swift /Users/USER/github_space/zip-app/ZipHarbor/ZipHarbor/Infrastructure/SystemBridges.swift (in target 'ZipHarbor' from project 'ZipHarbor')

SwiftCompile normal arm64 /Users/USER/github_space/zip-app/ZipHarbor/ZipHarbor/Infrastructure/SystemBridges.swift (in target 'ZipHarbor' from project 'ZipHarbor')
    cd /Users/USER/github_space/zip-app/ZipHarbor
    builtin-SwiftPerFileCompile SystemBridges.swift

SwiftCompile normal arm64 Compiling\ LibArchiveEngine.swift /Users/USER/github_space/zip-app/ZipHarbor/ZipHarbor/Infrastructure/LibArchiveEngine.swift (in target 'ZipHarbor' from project 'ZipHarbor')

SwiftCompile normal arm64 /Users/USER/github_space/zip-app/ZipHarbor/ZipHarbor/Infrastructure/LibArchiveEngine.swift (in target 'ZipHarbor' from project 'ZipHarbor')
    cd /Users/USER/github_space/zip-app/ZipHarbor
    builtin-SwiftPerFileCompile LibArchiveEngine.swift

SwiftCompile normal arm64 Compiling\ LocalStore.swift /Users/USER/github_space/zip-app/ZipHarbor/ZipHarbor/Infrastructure/LocalStore.swift (in target 'ZipHarbor' from project 'ZipHarbor')

SwiftCompile normal arm64 /Users/USER/github_space/zip-app/ZipHarbor/ZipHarbor/Infrastructure/LocalStore.swift (in target 'ZipHarbor' from project 'ZipHarbor')
    cd /Users/USER/github_space/zip-app/ZipHarbor
    builtin-SwiftPerFileCompile LocalStore.swift

SwiftCompile normal arm64 Compiling\ DestinationViews.swift /Users/USER/github_space/zip-app/ZipHarbor/ZipHarbor/Features/DestinationViews.swift (in target 'ZipHarbor' from project 'ZipHarbor')

SwiftCompile normal arm64 /Users/USER/github_space/zip-app/ZipHarbor/ZipHarbor/Features/DestinationViews.swift (in target 'ZipHarbor' from project 'ZipHarbor')
    cd /Users/USER/github_space/zip-app/ZipHarbor
    builtin-SwiftPerFileCompile DestinationViews.swift

SwiftEmitModule normal arm64 Emitting\ module\ for\ ZipHarbor (in target 'ZipHarbor' from project 'ZipHarbor')

SwiftCompile normal arm64 (in target 'ZipHarbor' from project 'ZipHarbor')
    cd /Users/USER/github_space/zip-app/ZipHarbor
    

SwiftDriverJobDiscovery normal arm64 Compiling SystemBridges.swift (in target 'ZipHarbor' from project 'ZipHarbor')

SwiftDriverJobDiscovery normal arm64 Compiling LocalStore.swift (in target 'ZipHarbor' from project 'ZipHarbor')

SwiftCompile normal arm64 Compiling\ QASeed.swift /Users/USER/github_space/zip-app/ZipHarbor/ZipHarbor/App/QASeed.swift (in target 'ZipHarbor' from project 'ZipHarbor')

SwiftCompile normal arm64 /Users/USER/github_space/zip-app/ZipHarbor/ZipHarbor/App/QASeed.swift (in target 'ZipHarbor' from project 'ZipHarbor')
    cd /Users/USER/github_space/zip-app/ZipHarbor
    builtin-SwiftPerFileCompile QASeed.swift

SwiftCompile normal arm64 Compiling\ AppSettings.swift /Users/USER/github_space/zip-app/ZipHarbor/ZipHarbor/Application/AppSettings.swift (in target 'ZipHarbor' from project 'ZipHarbor')

SwiftCompile normal arm64 /Users/USER/github_space/zip-app/ZipHarbor/ZipHarbor/Application/AppSettings.swift (in target 'ZipHarbor' from project 'ZipHarbor')
    cd /Users/USER/github_space/zip-app/ZipHarbor
    builtin-SwiftPerFileCompile AppSettings.swift

SwiftCompile normal arm64 Compiling\ ZipHarborApp.swift /Users/USER/github_space/zip-app/ZipHarbor/ZipHarbor/App/ZipHarborApp.swift (in target 'ZipHarbor' from project 'ZipHarbor')

SwiftCompile normal arm64 /Users/USER/github_space/zip-app/ZipHarbor/ZipHarbor/App/ZipHarborApp.swift (in target 'ZipHarbor' from project 'ZipHarbor')
    cd /Users/USER/github_space/zip-app/ZipHarbor
    builtin-SwiftPerFileCompile ZipHarborApp.swift

SwiftCompile normal arm64 Compiling\ TaskCoordinator.swift /Users/USER/github_space/zip-app/ZipHarbor/ZipHarbor/Application/TaskCoordinator.swift (in target 'ZipHarbor' from project 'ZipHarbor')

SwiftCompile normal arm64 /Users/USER/github_space/zip-app/ZipHarbor/ZipHarbor/Application/TaskCoordinator.swift (in target 'ZipHarbor' from project 'ZipHarbor')
    cd /Users/USER/github_space/zip-app/ZipHarbor
    builtin-SwiftPerFileCompile TaskCoordinator.swift

SwiftCompile normal arm64 Compiling\ TasksView.swift /Users/USER/github_space/zip-app/ZipHarbor/ZipHarbor/Features/TasksView.swift (in target 'ZipHarbor' from project 'ZipHarbor')

SwiftCompile normal arm64 /Users/USER/github_space/zip-app/ZipHarbor/ZipHarbor/Features/TasksView.swift (in target 'ZipHarbor' from project 'ZipHarbor')
    cd /Users/USER/github_space/zip-app/ZipHarbor
    builtin-SwiftPerFileCompile TasksView.swift

SwiftCompile normal arm64 Compiling\ CreateView.swift /Users/USER/github_space/zip-app/ZipHarbor/ZipHarbor/Features/CreateView.swift (in target 'ZipHarbor' from project 'ZipHarbor')

SwiftCompile normal arm64 /Users/USER/github_space/zip-app/ZipHarbor/ZipHarbor/Features/CreateView.swift (in target 'ZipHarbor' from project 'ZipHarbor')
    cd /Users/USER/github_space/zip-app/ZipHarbor
    builtin-SwiftPerFileCompile CreateView.swift

SwiftCompile normal arm64 Compiling\ FileAccess.swift /Users/USER/github_space/zip-app/ZipHarbor/ZipHarbor/Infrastructure/FileAccess.swift (in target 'ZipHarbor' from project 'ZipHarbor')

SwiftCompile normal arm64 /Users/USER/github_space/zip-app/ZipHarbor/ZipHarbor/Infrastructure/FileAccess.swift (in target 'ZipHarbor' from project 'ZipHarbor')
    cd /Users/USER/github_space/zip-app/ZipHarbor
    builtin-SwiftPerFileCompile FileAccess.swift

SwiftCompile normal arm64 Compiling\ FolderBrowser.swift /Users/USER/github_space/zip-app/ZipHarbor/ZipHarbor/Features/FolderBrowser.swift (in target 'ZipHarbor' from project 'ZipHarbor')

SwiftCompile normal arm64 /Users/USER/github_space/zip-app/ZipHarbor/ZipHarbor/Features/FolderBrowser.swift (in target 'ZipHarbor' from project 'ZipHarbor')
    cd /Users/USER/github_space/zip-app/ZipHarbor
    builtin-SwiftPerFileCompile FolderBrowser.swift

SwiftCompile normal arm64 Compiling\ AppSession.swift /Users/USER/github_space/zip-app/ZipHarbor/ZipHarbor/Application/AppSession.swift (in target 'ZipHarbor' from project 'ZipHarbor')

SwiftCompile normal arm64 /Users/USER/github_space/zip-app/ZipHarbor/ZipHarbor/Application/AppSession.swift (in target 'ZipHarbor' from project 'ZipHarbor')
    cd /Users/USER/github_space/zip-app/ZipHarbor
    builtin-SwiftPerFileCompile AppSession.swift

SwiftDriverJobDiscovery normal arm64 Compiling Components.swift (in target 'ZipHarbor' from project 'ZipHarbor')

SwiftDriverJobDiscovery normal arm64 Compiling FileAccess.swift (in target 'ZipHarbor' from project 'ZipHarbor')

SwiftDriverJobDiscovery normal arm64 Compiling LibArchiveEngine.swift (in target 'ZipHarbor' from project 'ZipHarbor')

SwiftDriverJobDiscovery normal arm64 Compiling DestinationViews.swift (in target 'ZipHarbor' from project 'ZipHarbor')

SwiftDriverJobDiscovery normal arm64 Compiling AppSettings.swift (in target 'ZipHarbor' from project 'ZipHarbor')

SwiftDriverJobDiscovery normal arm64 Compiling QASeed.swift (in target 'ZipHarbor' from project 'ZipHarbor')

SwiftDriverJobDiscovery normal arm64 Compiling SettingsView.swift (in target 'ZipHarbor' from project 'ZipHarbor')

SwiftDriverJobDiscovery normal arm64 Emitting module for ZipHarbor (in target 'ZipHarbor' from project 'ZipHarbor')

SwiftDriver\ Compilation\ Requirements ZipHarbor normal arm64 com.apple.xcode.tools.swift.compiler (in target 'ZipHarbor' from project 'ZipHarbor')
    cd /Users/USER/github_space/zip-app/ZipHarbor
    builtin-Swift-Compilation-Requirements -- /Applications/Xcode.app/Contents/Developer/Toolchains/XcodeDefault.xctoolchain/usr/bin/swiftc -module-name ZipHarbor -Onone @/tmp/ZipHarbor-Device/Build/Intermediates.noindex/ZipHarbor.build/Debug-iphoneos/ZipHarbor.build/Objects-normal/arm64/ZipHarbor.SwiftFileList -DDEBUG -enable-experimental-feature DebugDescriptionMacro -sdk /Applications/Xcode.app/Contents/Developer/Platforms/iPhoneOS.platform/Developer/SDKs/iPhoneOS27.0.sdk -target arm64-apple-ios17.0 -g -module-cache-path /tmp/ZipHarbor-Device/ModuleCache.noindex -Xfrontend -serialize-debugging-options -enable-testing -index-store-path /tmp/ZipHarbor-Device/Index.noindex/DataStore -Xcc -D_LIBCPP_HARDENING_MODE\=_LIBCPP_HARDENING_MODE_DEBUG -swift-version 6 -I /tmp/ZipHarbor-Device/Build/Products/Debug-iphoneos -F /tmp/ZipHarbor-Device/Build/Products/Debug-iphoneos/PackageFrameworks -F /tmp/ZipHarbor-Device/Build/Products/Debug-iphoneos -emit-localized-strings -emit-localized-strings-path /tmp/ZipHarbor-Device/Build/Intermediates.noindex/ZipHarbor.build/Debug-iphoneos/ZipHarbor.build/Objects-normal/arm64 -c -j15 -enable-batch-mode -incremental -Xcc -ivfsstatcache -Xcc /tmp/ZipHarbor-Device/SDKStatCaches.noindex/iphoneos27.0-24A430-6c78b3cbc238196c85e1bf6c792c5915.sdkstatcache -output-file-map /tmp/ZipHarbor-Device/Build/Intermediates.noindex/ZipHarbor.build/Debug-iphoneos/ZipHarbor.build/Objects-normal/arm64/ZipHarbor-OutputFileMap.json -save-temps -no-color-diagnostics -explicit-module-build -module-cache-path /tmp/ZipHarbor-Device/Build/Intermediates.noindex/SwiftExplicitPrecompiledModules -clang-scanner-module-cache-path /tmp/ZipHarbor-Device/ModuleCache.noindex -sdk-module-cache-path /tmp/ZipHarbor-Device/SDKExplicitPrecompiledModules -emit-dependencies -emit-module -emit-module-path /tmp/ZipHarbor-Device/Build/Intermediates.noindex/ZipHarbor.build/Debug-iphoneos/ZipHarbor.build/Objects-normal/arm64/ZipHarbor.swiftmodule -serialize-diagnostics -dependency-scan-serialize-diagnostics-path /tmp/ZipHarbor-Device/Build/Intermediates.noindex/ZipHarbor.build/Debug-iphoneos/ZipHarbor.build/Objects-normal/arm64/ZipHarbor-dependency-scan.dia -validate-clang-modules-once -clang-build-session-file /tmp/ZipHarbor-Device/ModuleCache.noindex/Session.modulevalidation -Xcc -fmodules-prune-interval\=86400 -Xcc -fmodules-prune-after\=345600 -emit-const-values -const-gather-protocols-list /tmp/ZipHarbor-Device/Build/Intermediates.noindex/ZipHarbor.build/Debug-iphoneos/ZipHarbor.build/Objects-normal/arm64/ZipHarbor_const_extract_protocols.json -Xcc -iquote -Xcc /tmp/ZipHarbor-Device/Build/Intermediates.noindex/ZipHarbor.build/Debug-iphoneos/ZipHarbor.build/ZipHarbor-generated-files.hmap -Xcc -I/tmp/ZipHarbor-Device/Build/Intermediates.noindex/ZipHarbor.build/Debug-iphoneos/ZipHarbor.build/ZipHarbor-own-target-headers.hmap -Xcc -I/tmp/ZipHarbor-Device/Build/Intermediates.noindex/ZipHarbor.build/Debug-iphoneos/ZipHarbor.build/ZipHarbor-all-non-framework-target-headers.hmap -Xcc -ivfsoverlay -Xcc /tmp/ZipHarbor-Device/Build/Intermediates.noindex/ZipHarbor.build/Debug-iphoneos/ZipHarbor-576ff8f1de8c1a2cbc0351e2756fa15b-VFS-iphoneos/all-product-headers.yaml -Xcc -iquote -Xcc /tmp/ZipHarbor-Device/Build/Intermediates.noindex/ZipHarbor.build/Debug-iphoneos/ZipHarbor.build/ZipHarbor-project-headers.hmap -Xcc -I/tmp/ZipHarbor-Device/Build/Products/Debug-iphoneos/include -Xcc -I/tmp/ZipHarbor-Device/Build/Intermediates.noindex/ZipHarbor.build/Debug-iphoneos/ZipHarbor.build/DerivedSources-normal/arm64 -Xcc -I/tmp/ZipHarbor-Device/Build/Intermediates.noindex/ZipHarbor.build/Debug-iphoneos/ZipHarbor.build/DerivedSources/arm64 -Xcc -I/tmp/ZipHarbor-Device/Build/Intermediates.noindex/ZipHarbor.build/Debug-iphoneos/ZipHarbor.build/DerivedSources -Xcc -DDEBUG\=1 -emit-objc-header -emit-objc-header-path /tmp/ZipHarbor-Device/Build/Intermediates.noindex/ZipHarbor.build/Debug-iphoneos/ZipHarbor.build/Objects-normal/arm64/ZipHarbor-Swift.h -working-directory /Users/USER/github_space/zip-app/ZipHarbor -experimental-emit-module-separately -disable-cmo

Copy /tmp/ZipHarbor-Device/Build/Products/Debug-iphoneos/ZipHarbor.swiftmodule/arm64-apple-ios.abi.json /tmp/ZipHarbor-Device/Build/Intermediates.noindex/ZipHarbor.build/Debug-iphoneos/ZipHarbor.build/Objects-normal/arm64/ZipHarbor.abi.json (in target 'ZipHarbor' from project 'ZipHarbor')
    cd /Users/USER/github_space/zip-app/ZipHarbor
    builtin-copy -exclude .DS_Store -exclude CVS -exclude .svn -exclude .git -exclude .hg -resolve-src-symlinks -rename /tmp/ZipHarbor-Device/Build/Intermediates.noindex/ZipHarbor.build/Debug-iphoneos/ZipHarbor.build/Objects-normal/arm64/ZipHarbor.abi.json /tmp/ZipHarbor-Device/Build/Products/Debug-iphoneos/ZipHarbor.swiftmodule/arm64-apple-ios.abi.json

Copy /tmp/ZipHarbor-Device/Build/Products/Debug-iphoneos/ZipHarbor.swiftmodule/arm64-apple-ios.swiftmodule /tmp/ZipHarbor-Device/Build/Intermediates.noindex/ZipHarbor.build/Debug-iphoneos/ZipHarbor.build/Objects-normal/arm64/ZipHarbor.swiftmodule (in target 'ZipHarbor' from project 'ZipHarbor')
    cd /Users/USER/github_space/zip-app/ZipHarbor
    builtin-copy -exclude .DS_Store -exclude CVS -exclude .svn -exclude .git -exclude .hg -resolve-src-symlinks -rename /tmp/ZipHarbor-Device/Build/Intermediates.noindex/ZipHarbor.build/Debug-iphoneos/ZipHarbor.build/Objects-normal/arm64/ZipHarbor.swiftmodule /tmp/ZipHarbor-Device/Build/Products/Debug-iphoneos/ZipHarbor.swiftmodule/arm64-apple-ios.swiftmodule

Copy /tmp/ZipHarbor-Device/Build/Products/Debug-iphoneos/ZipHarbor.swiftmodule/Project/arm64-apple-ios.swiftsourceinfo /tmp/ZipHarbor-Device/Build/Intermediates.noindex/ZipHarbor.build/Debug-iphoneos/ZipHarbor.build/Objects-normal/arm64/ZipHarbor.swiftsourceinfo (in target 'ZipHarbor' from project 'ZipHarbor')
    cd /Users/USER/github_space/zip-app/ZipHarbor
    builtin-copy -exclude .DS_Store -exclude CVS -exclude .svn -exclude .git -exclude .hg -resolve-src-symlinks -rename /tmp/ZipHarbor-Device/Build/Intermediates.noindex/ZipHarbor.build/Debug-iphoneos/ZipHarbor.build/Objects-normal/arm64/ZipHarbor.swiftsourceinfo /tmp/ZipHarbor-Device/Build/Products/Debug-iphoneos/ZipHarbor.swiftmodule/Project/arm64-apple-ios.swiftsourceinfo

SwiftDriver ZipHarborTests normal arm64 com.apple.xcode.tools.swift.compiler (in target 'ZipHarborTests' from project 'ZipHarbor')
    cd /Users/USER/github_space/zip-app/ZipHarbor
    builtin-SwiftDriver -- /Applications/Xcode.app/Contents/Developer/Toolchains/XcodeDefault.xctoolchain/usr/bin/swiftc -module-name ZipHarborTests -Onone @/tmp/ZipHarbor-Device/Build/Intermediates.noindex/ZipHarbor.build/Debug-iphoneos/ZipHarborTests.build/Objects-normal/arm64/ZipHarborTests.SwiftFileList -DDEBUG -plugin-path /Applications/Xcode.app/Contents/Developer/Toolchains/XcodeDefault.xctoolchain/usr/lib/swift/host/plugins/testing -enable-experimental-feature DebugDescriptionMacro -sdk /Applications/Xcode.app/Contents/Developer/Platforms/iPhoneOS.platform/Developer/SDKs/iPhoneOS27.0.sdk -target arm64-apple-ios17.0 -g -module-cache-path /tmp/ZipHarbor-Device/ModuleCache.noindex -Xfrontend -serialize-debugging-options -enable-testing -index-store-path /tmp/ZipHarbor-Device/Index.noindex/DataStore -Xcc -D_LIBCPP_HARDENING_MODE\=_LIBCPP_HARDENING_MODE_DEBUG -swift-version 6 -I /tmp/ZipHarbor-Device/Build/Products/Debug-iphoneos -Isystem /Applications/Xcode.app/Contents/Developer/Platforms/iPhoneOS.platform/Developer/usr/lib -F /tmp/ZipHarbor-Device/Build/Products/Debug-iphoneos/PackageFrameworks -F /tmp/ZipHarbor-Device/Build/Products/Debug-iphoneos -F /Applications/Xcode.app/Contents/Developer/Platforms/iPhoneOS.platform/Developer/Library/Frameworks -F /Applications/Xcode.app/Contents/Developer/Platforms/iPhoneOS.platform/Developer/SDKs/iPhoneOS27.0.sdk/Developer/Library/Frameworks -c -j15 -enable-batch-mode -incremental -Xcc -ivfsstatcache -Xcc /tmp/ZipHarbor-Device/SDKStatCaches.noindex/iphoneos27.0-24A430-6c78b3cbc238196c85e1bf6c792c5915.sdkstatcache -output-file-map /tmp/ZipHarbor-Device/Build/Intermediates.noindex/ZipHarbor.build/Debug-iphoneos/ZipHarborTests.build/Objects-normal/arm64/ZipHarborTests-OutputFileMap.json -save-temps -no-color-diagnostics -explicit-module-build -module-cache-path /tmp/ZipHarbor-Device/Build/Intermediates.noindex/SwiftExplicitPrecompiledModules -clang-scanner-module-cache-path /tmp/ZipHarbor-Device/ModuleCache.noindex -sdk-module-cache-path /tmp/ZipHarbor-Device/SDKExplicitPrecompiledModules -emit-dependencies -emit-module -emit-module-path /tmp/ZipHarbor-Device/Build/Intermediates.noindex/ZipHarbor.build/Debug-iphoneos/ZipHarborTests.build/Objects-normal/arm64/ZipHarborTests.swiftmodule -serialize-diagnostics -dependency-scan-serialize-diagnostics-path /tmp/ZipHarbor-Device/Build/Intermediates.noindex/ZipHarbor.build/Debug-iphoneos/ZipHarborTests.build/Objects-normal/arm64/ZipHarborTests-dependency-scan.dia -validate-clang-modules-once -clang-build-session-file /tmp/ZipHarbor-Device/ModuleCache.noindex/Session.modulevalidation -Xcc -fmodules-prune-interval\=86400 -Xcc -fmodules-prune-after\=345600 -emit-const-values -const-gather-protocols-list /tmp/ZipHarbor-Device/Build/Intermediates.noindex/ZipHarbor.build/Debug-iphoneos/ZipHarborTests.build/Objects-normal/arm64/ZipHarborTests_const_extract_protocols.json -Xcc -iquote -Xcc /tmp/ZipHarbor-Device/Build/Intermediates.noindex/ZipHarbor.build/Debug-iphoneos/ZipHarborTests.build/ZipHarborTests-generated-files.hmap -Xcc -I/tmp/ZipHarbor-Device/Build/Intermediates.noindex/ZipHarbor.build/Debug-iphoneos/ZipHarborTests.build/ZipHarborTests-own-target-headers.hmap -Xcc -I/tmp/ZipHarbor-Device/Build/Intermediates.noindex/ZipHarbor.build/Debug-iphoneos/ZipHarborTests.build/ZipHarborTests-all-non-framework-target-headers.hmap -Xcc -ivfsoverlay -Xcc /tmp/ZipHarbor-Device/Build/Intermediates.noindex/ZipHarbor.build/Debug-iphoneos/ZipHarbor-576ff8f1de8c1a2cbc0351e2756fa15b-VFS-iphoneos/all-product-headers.yaml -Xcc -iquote -Xcc /tmp/ZipHarbor-Device/Build/Intermediates.noindex/ZipHarbor.build/Debug-iphoneos/ZipHarborTests.build/ZipHarborTests-project-headers.hmap -Xcc -I/tmp/ZipHarbor-Device/Build/Products/Debug-iphoneos/include -Xcc -I/tmp/ZipHarbor-Device/Build/Intermediates.noindex/ZipHarbor.build/Debug-iphoneos/ZipHarborTests.build/DerivedSources-normal/arm64 -Xcc -I/tmp/ZipHarbor-Device/Build/Intermediates.noindex/ZipHarbor.build/Debug-iphoneos/ZipHarborTests.build/DerivedSources/arm64 -Xcc -I/tmp/ZipHarbor-Device/Build/Intermediates.noindex/ZipHarbor.build/Debug-iphoneos/ZipHarborTests.build/DerivedSources -Xcc -DDEBUG\=1 -emit-objc-header -emit-objc-header-path /tmp/ZipHarbor-Device/Build/Intermediates.noindex/ZipHarbor.build/Debug-iphoneos/ZipHarborTests.build/Objects-normal/arm64/ZipHarborTests-Swift.h -working-directory /Users/USER/github_space/zip-app/ZipHarbor -experimental-emit-module-separately -disable-cmo

SwiftDriverJobDiscovery normal arm64 Compiling ZipHarborApp.swift (in target 'ZipHarbor' from project 'ZipHarbor')

SwiftDriverJobDiscovery normal arm64 Compiling TaskCoordinator.swift (in target 'ZipHarbor' from project 'ZipHarbor')

SwiftDriverJobDiscovery normal arm64 Compiling AppSession.swift (in target 'ZipHarbor' from project 'ZipHarbor')

SwiftDriverJobDiscovery normal arm64 Compiling FolderBrowser.swift (in target 'ZipHarbor' from project 'ZipHarbor')

SwiftEmitModule normal arm64 Emitting\ module\ for\ ZipHarborTests (in target 'ZipHarborTests' from project 'ZipHarbor')

SwiftCompile normal arm64 (in target 'ZipHarborTests' from project 'ZipHarbor')
    cd /Users/USER/github_space/zip-app/ZipHarbor
    

SwiftCompile normal arm64 Compiling\ CoordinatorTests.swift /Users/USER/github_space/zip-app/ZipHarbor/ZipHarborTests/CoordinatorTests.swift (in target 'ZipHarborTests' from project 'ZipHarbor')

SwiftCompile normal arm64 /Users/USER/github_space/zip-app/ZipHarbor/ZipHarborTests/CoordinatorTests.swift (in target 'ZipHarborTests' from project 'ZipHarbor')
    cd /Users/USER/github_space/zip-app/ZipHarbor
    builtin-SwiftPerFileCompile CoordinatorTests.swift

SwiftCompile normal arm64 Compiling\ MigrationEngineTests.swift /Users/USER/github_space/zip-app/ZipHarbor/ZipHarborTests/MigrationEngineTests.swift (in target 'ZipHarborTests' from project 'ZipHarbor')

SwiftCompile normal arm64 /Users/USER/github_space/zip-app/ZipHarbor/ZipHarborTests/MigrationEngineTests.swift (in target 'ZipHarborTests' from project 'ZipHarbor')
    cd /Users/USER/github_space/zip-app/ZipHarbor
    builtin-SwiftPerFileCompile MigrationEngineTests.swift

SwiftCompile normal arm64 Compiling\ PerformanceAcceptanceTests.swift /Users/USER/github_space/zip-app/ZipHarbor/ZipHarborTests/PerformanceAcceptanceTests.swift (in target 'ZipHarborTests' from project 'ZipHarbor')

SwiftCompile normal arm64 /Users/USER/github_space/zip-app/ZipHarbor/ZipHarborTests/PerformanceAcceptanceTests.swift (in target 'ZipHarborTests' from project 'ZipHarbor')
    cd /Users/USER/github_space/zip-app/ZipHarbor
    builtin-SwiftPerFileCompile PerformanceAcceptanceTests.swift

SwiftCompile normal arm64 Compiling\ ArchiveModelTests.swift /Users/USER/github_space/zip-app/ZipHarbor/ZipHarborTests/ArchiveModelTests.swift (in target 'ZipHarborTests' from project 'ZipHarbor')

SwiftCompile normal arm64 /Users/USER/github_space/zip-app/ZipHarbor/ZipHarborTests/ArchiveModelTests.swift (in target 'ZipHarborTests' from project 'ZipHarbor')
    cd /Users/USER/github_space/zip-app/ZipHarbor
    builtin-SwiftPerFileCompile ArchiveModelTests.swift

SwiftDriverJobDiscovery normal arm64 Emitting module for ZipHarborTests (in target 'ZipHarborTests' from project 'ZipHarbor')

SwiftDriver\ Compilation\ Requirements ZipHarborTests normal arm64 com.apple.xcode.tools.swift.compiler (in target 'ZipHarborTests' from project 'ZipHarbor')
    cd /Users/USER/github_space/zip-app/ZipHarbor
    builtin-Swift-Compilation-Requirements -- /Applications/Xcode.app/Contents/Developer/Toolchains/XcodeDefault.xctoolchain/usr/bin/swiftc -module-name ZipHarborTests -Onone @/tmp/ZipHarbor-Device/Build/Intermediates.noindex/ZipHarbor.build/Debug-iphoneos/ZipHarborTests.build/Objects-normal/arm64/ZipHarborTests.SwiftFileList -DDEBUG -plugin-path /Applications/Xcode.app/Contents/Developer/Toolchains/XcodeDefault.xctoolchain/usr/lib/swift/host/plugins/testing -enable-experimental-feature DebugDescriptionMacro -sdk /Applications/Xcode.app/Contents/Developer/Platforms/iPhoneOS.platform/Developer/SDKs/iPhoneOS27.0.sdk -target arm64-apple-ios17.0 -g -module-cache-path /tmp/ZipHarbor-Device/ModuleCache.noindex -Xfrontend -serialize-debugging-options -enable-testing -index-store-path /tmp/ZipHarbor-Device/Index.noindex/DataStore -Xcc -D_LIBCPP_HARDENING_MODE\=_LIBCPP_HARDENING_MODE_DEBUG -swift-version 6 -I /tmp/ZipHarbor-Device/Build/Products/Debug-iphoneos -Isystem /Applications/Xcode.app/Contents/Developer/Platforms/iPhoneOS.platform/Developer/usr/lib -F /tmp/ZipHarbor-Device/Build/Products/Debug-iphoneos/PackageFrameworks -F /tmp/ZipHarbor-Device/Build/Products/Debug-iphoneos -F /Applications/Xcode.app/Contents/Developer/Platforms/iPhoneOS.platform/Developer/Library/Frameworks -F /Applications/Xcode.app/Contents/Developer/Platforms/iPhoneOS.platform/Developer/SDKs/iPhoneOS27.0.sdk/Developer/Library/Frameworks -c -j15 -enable-batch-mode -incremental -Xcc -ivfsstatcache -Xcc /tmp/ZipHarbor-Device/SDKStatCaches.noindex/iphoneos27.0-24A430-6c78b3cbc238196c85e1bf6c792c5915.sdkstatcache -output-file-map /tmp/ZipHarbor-Device/Build/Intermediates.noindex/ZipHarbor.build/Debug-iphoneos/ZipHarborTests.build/Objects-normal/arm64/ZipHarborTests-OutputFileMap.json -save-temps -no-color-diagnostics -explicit-module-build -module-cache-path /tmp/ZipHarbor-Device/Build/Intermediates.noindex/SwiftExplicitPrecompiledModules -clang-scanner-module-cache-path /tmp/ZipHarbor-Device/ModuleCache.noindex -sdk-module-cache-path /tmp/ZipHarbor-Device/SDKExplicitPrecompiledModules -emit-dependencies -emit-module -emit-module-path /tmp/ZipHarbor-Device/Build/Intermediates.noindex/ZipHarbor.build/Debug-iphoneos/ZipHarborTests.build/Objects-normal/arm64/ZipHarborTests.swiftmodule -serialize-diagnostics -dependency-scan-serialize-diagnostics-path /tmp/ZipHarbor-Device/Build/Intermediates.noindex/ZipHarbor.build/Debug-iphoneos/ZipHarborTests.build/Objects-normal/arm64/ZipHarborTests-dependency-scan.dia -validate-clang-modules-once -clang-build-session-file /tmp/ZipHarbor-Device/ModuleCache.noindex/Session.modulevalidation -Xcc -fmodules-prune-interval\=86400 -Xcc -fmodules-prune-after\=345600 -emit-const-values -const-gather-protocols-list /tmp/ZipHarbor-Device/Build/Intermediates.noindex/ZipHarbor.build/Debug-iphoneos/ZipHarborTests.build/Objects-normal/arm64/ZipHarborTests_const_extract_protocols.json -Xcc -iquote -Xcc /tmp/ZipHarbor-Device/Build/Intermediates.noindex/ZipHarbor.build/Debug-iphoneos/ZipHarborTests.build/ZipHarborTests-generated-files.hmap -Xcc -I/tmp/ZipHarbor-Device/Build/Intermediates.noindex/ZipHarbor.build/Debug-iphoneos/ZipHarborTests.build/ZipHarborTests-own-target-headers.hmap -Xcc -I/tmp/ZipHarbor-Device/Build/Intermediates.noindex/ZipHarbor.build/Debug-iphoneos/ZipHarborTests.build/ZipHarborTests-all-non-framework-target-headers.hmap -Xcc -ivfsoverlay -Xcc /tmp/ZipHarbor-Device/Build/Intermediates.noindex/ZipHarbor.build/Debug-iphoneos/ZipHarbor-576ff8f1de8c1a2cbc0351e2756fa15b-VFS-iphoneos/all-product-headers.yaml -Xcc -iquote -Xcc /tmp/ZipHarbor-Device/Build/Intermediates.noindex/ZipHarbor.build/Debug-iphoneos/ZipHarborTests.build/ZipHarborTests-project-headers.hmap -Xcc -I/tmp/ZipHarbor-Device/Build/Products/Debug-iphoneos/include -Xcc -I/tmp/ZipHarbor-Device/Build/Intermediates.noindex/ZipHarbor.build/Debug-iphoneos/ZipHarborTests.build/DerivedSources-normal/arm64 -Xcc -I/tmp/ZipHarbor-Device/Build/Intermediates.noindex/ZipHarbor.build/Debug-iphoneos/ZipHarborTests.build/DerivedSources/arm64 -Xcc -I/tmp/ZipHarbor-Device/Build/Intermediates.noindex/ZipHarbor.build/Debug-iphoneos/ZipHarborTests.build/DerivedSources -Xcc -DDEBUG\=1 -emit-objc-header -emit-objc-header-path /tmp/ZipHarbor-Device/Build/Intermediates.noindex/ZipHarbor.build/Debug-iphoneos/ZipHarborTests.build/Objects-normal/arm64/ZipHarborTests-Swift.h -working-directory /Users/USER/github_space/zip-app/ZipHarbor -experimental-emit-module-separately -disable-cmo

Copy /tmp/ZipHarbor-Device/Build/Products/Debug-iphoneos/ZipHarborTests.swiftmodule/arm64-apple-ios.swiftmodule /tmp/ZipHarbor-Device/Build/Intermediates.noindex/ZipHarbor.build/Debug-iphoneos/ZipHarborTests.build/Objects-normal/arm64/ZipHarborTests.swiftmodule (in target 'ZipHarborTests' from project 'ZipHarbor')
    cd /Users/USER/github_space/zip-app/ZipHarbor
    builtin-copy -exclude .DS_Store -exclude CVS -exclude .svn -exclude .git -exclude .hg -resolve-src-symlinks -rename /tmp/ZipHarbor-Device/Build/Intermediates.noindex/ZipHarbor.build/Debug-iphoneos/ZipHarborTests.build/Objects-normal/arm64/ZipHarborTests.swiftmodule /tmp/ZipHarbor-Device/Build/Products/Debug-iphoneos/ZipHarborTests.swiftmodule/arm64-apple-ios.swiftmodule

Copy /tmp/ZipHarbor-Device/Build/Products/Debug-iphoneos/ZipHarborTests.swiftmodule/arm64-apple-ios.abi.json /tmp/ZipHarbor-Device/Build/Intermediates.noindex/ZipHarbor.build/Debug-iphoneos/ZipHarborTests.build/Objects-normal/arm64/ZipHarborTests.abi.json (in target 'ZipHarborTests' from project 'ZipHarbor')
    cd /Users/USER/github_space/zip-app/ZipHarbor
    builtin-copy -exclude .DS_Store -exclude CVS -exclude .svn -exclude .git -exclude .hg -resolve-src-symlinks -rename /tmp/ZipHarbor-Device/Build/Intermediates.noindex/ZipHarbor.build/Debug-iphoneos/ZipHarborTests.build/Objects-normal/arm64/ZipHarborTests.abi.json /tmp/ZipHarbor-Device/Build/Products/Debug-iphoneos/ZipHarborTests.swiftmodule/arm64-apple-ios.abi.json

Copy /tmp/ZipHarbor-Device/Build/Products/Debug-iphoneos/ZipHarborTests.swiftmodule/Project/arm64-apple-ios.swiftsourceinfo /tmp/ZipHarbor-Device/Build/Intermediates.noindex/ZipHarbor.build/Debug-iphoneos/ZipHarborTests.build/Objects-normal/arm64/ZipHarborTests.swiftsourceinfo (in target 'ZipHarborTests' from project 'ZipHarbor')
    cd /Users/USER/github_space/zip-app/ZipHarbor
    builtin-copy -exclude .DS_Store -exclude CVS -exclude .svn -exclude .git -exclude .hg -resolve-src-symlinks -rename /tmp/ZipHarbor-Device/Build/Intermediates.noindex/ZipHarbor.build/Debug-iphoneos/ZipHarborTests.build/Objects-normal/arm64/ZipHarborTests.swiftsourceinfo /tmp/ZipHarbor-Device/Build/Products/Debug-iphoneos/ZipHarborTests.swiftmodule/Project/arm64-apple-ios.swiftsourceinfo

SwiftDriverJobDiscovery normal arm64 Compiling ArchiveModelTests.swift (in target 'ZipHarborTests' from project 'ZipHarbor')

SwiftDriverJobDiscovery normal arm64 Compiling CoordinatorTests.swift (in target 'ZipHarborTests' from project 'ZipHarbor')

SwiftDriverJobDiscovery normal arm64 Compiling PerformanceAcceptanceTests.swift (in target 'ZipHarborTests' from project 'ZipHarbor')

SwiftDriverJobDiscovery normal arm64 Compiling ArchiveView.swift (in target 'ZipHarbor' from project 'ZipHarbor')

SwiftDriverJobDiscovery normal arm64 Compiling TasksView.swift (in target 'ZipHarbor' from project 'ZipHarbor')

SwiftDriverJobDiscovery normal arm64 Compiling MigrationEngineTests.swift (in target 'ZipHarborTests' from project 'ZipHarbor')

SwiftDriver\ Compilation ZipHarborTests normal arm64 com.apple.xcode.tools.swift.compiler (in target 'ZipHarborTests' from project 'ZipHarbor')
    cd /Users/USER/github_space/zip-app/ZipHarbor
    builtin-Swift-Compilation -- /Applications/Xcode.app/Contents/Developer/Toolchains/XcodeDefault.xctoolchain/usr/bin/swiftc -module-name ZipHarborTests -Onone @/tmp/ZipHarbor-Device/Build/Intermediates.noindex/ZipHarbor.build/Debug-iphoneos/ZipHarborTests.build/Objects-normal/arm64/ZipHarborTests.SwiftFileList -DDEBUG -plugin-path /Applications/Xcode.app/Contents/Developer/Toolchains/XcodeDefault.xctoolchain/usr/lib/swift/host/plugins/testing -enable-experimental-feature DebugDescriptionMacro -sdk /Applications/Xcode.app/Contents/Developer/Platforms/iPhoneOS.platform/Developer/SDKs/iPhoneOS27.0.sdk -target arm64-apple-ios17.0 -g -module-cache-path /tmp/ZipHarbor-Device/ModuleCache.noindex -Xfrontend -serialize-debugging-options -enable-testing -index-store-path /tmp/ZipHarbor-Device/Index.noindex/DataStore -Xcc -D_LIBCPP_HARDENING_MODE\=_LIBCPP_HARDENING_MODE_DEBUG -swift-version 6 -I /tmp/ZipHarbor-Device/Build/Products/Debug-iphoneos -Isystem /Applications/Xcode.app/Contents/Developer/Platforms/iPhoneOS.platform/Developer/usr/lib -F /tmp/ZipHarbor-Device/Build/Products/Debug-iphoneos/PackageFrameworks -F /tmp/ZipHarbor-Device/Build/Products/Debug-iphoneos -F /Applications/Xcode.app/Contents/Developer/Platforms/iPhoneOS.platform/Developer/Library/Frameworks -F /Applications/Xcode.app/Contents/Developer/Platforms/iPhoneOS.platform/Developer/SDKs/iPhoneOS27.0.sdk/Developer/Library/Frameworks -c -j15 -enable-batch-mode -incremental -Xcc -ivfsstatcache -Xcc /tmp/ZipHarbor-Device/SDKStatCaches.noindex/iphoneos27.0-24A430-6c78b3cbc238196c85e1bf6c792c5915.sdkstatcache -output-file-map /tmp/ZipHarbor-Device/Build/Intermediates.noindex/ZipHarbor.build/Debug-iphoneos/ZipHarborTests.build/Objects-normal/arm64/ZipHarborTests-OutputFileMap.json -save-temps -no-color-diagnostics -explicit-module-build -module-cache-path /tmp/ZipHarbor-Device/Build/Intermediates.noindex/SwiftExplicitPrecompiledModules -clang-scanner-module-cache-path /tmp/ZipHarbor-Device/ModuleCache.noindex -sdk-module-cache-path /tmp/ZipHarbor-Device/SDKExplicitPrecompiledModules -emit-dependencies -emit-module -emit-module-path /tmp/ZipHarbor-Device/Build/Intermediates.noindex/ZipHarbor.build/Debug-iphoneos/ZipHarborTests.build/Objects-normal/arm64/ZipHarborTests.swiftmodule -serialize-diagnostics -dependency-scan-serialize-diagnostics-path /tmp/ZipHarbor-Device/Build/Intermediates.noindex/ZipHarbor.build/Debug-iphoneos/ZipHarborTests.build/Objects-normal/arm64/ZipHarborTests-dependency-scan.dia -validate-clang-modules-once -clang-build-session-file /tmp/ZipHarbor-Device/ModuleCache.noindex/Session.modulevalidation -Xcc -fmodules-prune-interval\=86400 -Xcc -fmodules-prune-after\=345600 -emit-const-values -const-gather-protocols-list /tmp/ZipHarbor-Device/Build/Intermediates.noindex/ZipHarbor.build/Debug-iphoneos/ZipHarborTests.build/Objects-normal/arm64/ZipHarborTests_const_extract_protocols.json -Xcc -iquote -Xcc /tmp/ZipHarbor-Device/Build/Intermediates.noindex/ZipHarbor.build/Debug-iphoneos/ZipHarborTests.build/ZipHarborTests-generated-files.hmap -Xcc -I/tmp/ZipHarbor-Device/Build/Intermediates.noindex/ZipHarbor.build/Debug-iphoneos/ZipHarborTests.build/ZipHarborTests-own-target-headers.hmap -Xcc -I/tmp/ZipHarbor-Device/Build/Intermediates.noindex/ZipHarbor.build/Debug-iphoneos/ZipHarborTests.build/ZipHarborTests-all-non-framework-target-headers.hmap -Xcc -ivfsoverlay -Xcc /tmp/ZipHarbor-Device/Build/Intermediates.noindex/ZipHarbor.build/Debug-iphoneos/ZipHarbor-576ff8f1de8c1a2cbc0351e2756fa15b-VFS-iphoneos/all-product-headers.yaml -Xcc -iquote -Xcc /tmp/ZipHarbor-Device/Build/Intermediates.noindex/ZipHarbor.build/Debug-iphoneos/ZipHarborTests.build/ZipHarborTests-project-headers.hmap -Xcc -I/tmp/ZipHarbor-Device/Build/Products/Debug-iphoneos/include -Xcc -I/tmp/ZipHarbor-Device/Build/Intermediates.noindex/ZipHarbor.build/Debug-iphoneos/ZipHarborTests.build/DerivedSources-normal/arm64 -Xcc -I/tmp/ZipHarbor-Device/Build/Intermediates.noindex/ZipHarbor.build/Debug-iphoneos/ZipHarborTests.build/DerivedSources/arm64 -Xcc -I/tmp/ZipHarbor-Device/Build/Intermediates.noindex/ZipHarbor.build/Debug-iphoneos/ZipHarborTests.build/DerivedSources -Xcc -DDEBUG\=1 -emit-objc-header -emit-objc-header-path /tmp/ZipHarbor-Device/Build/Intermediates.noindex/ZipHarbor.build/Debug-iphoneos/ZipHarborTests.build/Objects-normal/arm64/ZipHarborTests-Swift.h -working-directory /Users/USER/github_space/zip-app/ZipHarbor -experimental-emit-module-separately -disable-cmo

SwiftDriverJobDiscovery normal arm64 Compiling RootView.swift (in target 'ZipHarbor' from project 'ZipHarbor')

SwiftDriverJobDiscovery normal arm64 Compiling CreateView.swift (in target 'ZipHarbor' from project 'ZipHarbor')

SwiftDriver\ Compilation ZipHarbor normal arm64 com.apple.xcode.tools.swift.compiler (in target 'ZipHarbor' from project 'ZipHarbor')
    cd /Users/USER/github_space/zip-app/ZipHarbor
    builtin-Swift-Compilation -- /Applications/Xcode.app/Contents/Developer/Toolchains/XcodeDefault.xctoolchain/usr/bin/swiftc -module-name ZipHarbor -Onone @/tmp/ZipHarbor-Device/Build/Intermediates.noindex/ZipHarbor.build/Debug-iphoneos/ZipHarbor.build/Objects-normal/arm64/ZipHarbor.SwiftFileList -DDEBUG -enable-experimental-feature DebugDescriptionMacro -sdk /Applications/Xcode.app/Contents/Developer/Platforms/iPhoneOS.platform/Developer/SDKs/iPhoneOS27.0.sdk -target arm64-apple-ios17.0 -g -module-cache-path /tmp/ZipHarbor-Device/ModuleCache.noindex -Xfrontend -serialize-debugging-options -enable-testing -index-store-path /tmp/ZipHarbor-Device/Index.noindex/DataStore -Xcc -D_LIBCPP_HARDENING_MODE\=_LIBCPP_HARDENING_MODE_DEBUG -swift-version 6 -I /tmp/ZipHarbor-Device/Build/Products/Debug-iphoneos -F /tmp/ZipHarbor-Device/Build/Products/Debug-iphoneos/PackageFrameworks -F /tmp/ZipHarbor-Device/Build/Products/Debug-iphoneos -emit-localized-strings -emit-localized-strings-path /tmp/ZipHarbor-Device/Build/Intermediates.noindex/ZipHarbor.build/Debug-iphoneos/ZipHarbor.build/Objects-normal/arm64 -c -j15 -enable-batch-mode -incremental -Xcc -ivfsstatcache -Xcc /tmp/ZipHarbor-Device/SDKStatCaches.noindex/iphoneos27.0-24A430-6c78b3cbc238196c85e1bf6c792c5915.sdkstatcache -output-file-map /tmp/ZipHarbor-Device/Build/Intermediates.noindex/ZipHarbor.build/Debug-iphoneos/ZipHarbor.build/Objects-normal/arm64/ZipHarbor-OutputFileMap.json -save-temps -no-color-diagnostics -explicit-module-build -module-cache-path /tmp/ZipHarbor-Device/Build/Intermediates.noindex/SwiftExplicitPrecompiledModules -clang-scanner-module-cache-path /tmp/ZipHarbor-Device/ModuleCache.noindex -sdk-module-cache-path /tmp/ZipHarbor-Device/SDKExplicitPrecompiledModules -emit-dependencies -emit-module -emit-module-path /tmp/ZipHarbor-Device/Build/Intermediates.noindex/ZipHarbor.build/Debug-iphoneos/ZipHarbor.build/Objects-normal/arm64/ZipHarbor.swiftmodule -serialize-diagnostics -dependency-scan-serialize-diagnostics-path /tmp/ZipHarbor-Device/Build/Intermediates.noindex/ZipHarbor.build/Debug-iphoneos/ZipHarbor.build/Objects-normal/arm64/ZipHarbor-dependency-scan.dia -validate-clang-modules-once -clang-build-session-file /tmp/ZipHarbor-Device/ModuleCache.noindex/Session.modulevalidation -Xcc -fmodules-prune-interval\=86400 -Xcc -fmodules-prune-after\=345600 -emit-const-values -const-gather-protocols-list /tmp/ZipHarbor-Device/Build/Intermediates.noindex/ZipHarbor.build/Debug-iphoneos/ZipHarbor.build/Objects-normal/arm64/ZipHarbor_const_extract_protocols.json -Xcc -iquote -Xcc /tmp/ZipHarbor-Device/Build/Intermediates.noindex/ZipHarbor.build/Debug-iphoneos/ZipHarbor.build/ZipHarbor-generated-files.hmap -Xcc -I/tmp/ZipHarbor-Device/Build/Intermediates.noindex/ZipHarbor.build/Debug-iphoneos/ZipHarbor.build/ZipHarbor-own-target-headers.hmap -Xcc -I/tmp/ZipHarbor-Device/Build/Intermediates.noindex/ZipHarbor.build/Debug-iphoneos/ZipHarbor.build/ZipHarbor-all-non-framework-target-headers.hmap -Xcc -ivfsoverlay -Xcc /tmp/ZipHarbor-Device/Build/Intermediates.noindex/ZipHarbor.build/Debug-iphoneos/ZipHarbor-576ff8f1de8c1a2cbc0351e2756fa15b-VFS-iphoneos/all-product-headers.yaml -Xcc -iquote -Xcc /tmp/ZipHarbor-Device/Build/Intermediates.noindex/ZipHarbor.build/Debug-iphoneos/ZipHarbor.build/ZipHarbor-project-headers.hmap -Xcc -I/tmp/ZipHarbor-Device/Build/Products/Debug-iphoneos/include -Xcc -I/tmp/ZipHarbor-Device/Build/Intermediates.noindex/ZipHarbor.build/Debug-iphoneos/ZipHarbor.build/DerivedSources-normal/arm64 -Xcc -I/tmp/ZipHarbor-Device/Build/Intermediates.noindex/ZipHarbor.build/Debug-iphoneos/ZipHarbor.build/DerivedSources/arm64 -Xcc -I/tmp/ZipHarbor-Device/Build/Intermediates.noindex/ZipHarbor.build/Debug-iphoneos/ZipHarbor.build/DerivedSources -Xcc -DDEBUG\=1 -emit-objc-header -emit-objc-header-path /tmp/ZipHarbor-Device/Build/Intermediates.noindex/ZipHarbor.build/Debug-iphoneos/ZipHarbor.build/Objects-normal/arm64/ZipHarbor-Swift.h -working-directory /Users/USER/github_space/zip-app/ZipHarbor -experimental-emit-module-separately -disable-cmo

Ld /tmp/ZipHarbor-Device/Build/Products/Debug-iphoneos/ZipHarbor.app/ZipHarbor.debug.dylib normal (in target 'ZipHarbor' from project 'ZipHarbor')
    cd /Users/USER/github_space/zip-app/ZipHarbor
    /Applications/Xcode.app/Contents/Developer/Toolchains/XcodeDefault.xctoolchain/usr/bin/clang -Xlinker -reproducible -target arm64-apple-ios17.0 -dynamiclib -isysroot /Applications/Xcode.app/Contents/Developer/Platforms/iPhoneOS.platform/Developer/SDKs/iPhoneOS27.0.sdk -O0 -Xlinker -no_warn_duplicate_libraries -L/tmp/ZipHarbor-Device/Build/Intermediates.noindex/EagerLinkingTBDs/Debug-iphoneos -L/tmp/ZipHarbor-Device/Build/Products/Debug-iphoneos -F/tmp/ZipHarbor-Device/Build/Intermediates.noindex/EagerLinkingTBDs/Debug-iphoneos -F/tmp/ZipHarbor-Device/Build/Products/Debug-iphoneos/PackageFrameworks -F/tmp/ZipHarbor-Device/Build/Products/Debug-iphoneos -filelist /tmp/ZipHarbor-Device/Build/Intermediates.noindex/ZipHarbor.build/Debug-iphoneos/ZipHarbor.build/Objects-normal/arm64/ZipHarbor.LinkFileList -install_name @rpath/ZipHarbor.debug.dylib -Xlinker -rpath -Xlinker /usr/lib/swift -Xlinker -rpath -Xlinker @loader_path -Xlinker -rpath -Xlinker /tmp/ZipHarbor-Device/Build/Products/Debug-iphoneos/PackageFrameworks -Xlinker -rpath -Xlinker @executable_path/Frameworks -Xlinker -dead_strip -Xlinker -object_path_lto -Xlinker /tmp/ZipHarbor-Device/Build/Intermediates.noindex/ZipHarbor.build/Debug-iphoneos/ZipHarbor.build/Objects-normal/arm64/ZipHarbor_lto.o -rdynamic -Xlinker -no_deduplicate -Xlinker -dependency_info -Xlinker /tmp/ZipHarbor-Device/Build/Intermediates.noindex/ZipHarbor.build/Debug-iphoneos/ZipHarbor.build/Objects-normal/arm64/ZipHarbor_dependency_info.dat -fobjc-link-runtime -L/Applications/Xcode.app/Contents/Developer/Toolchains/XcodeDefault.xctoolchain/usr/lib/swift/iphoneos -L/usr/lib/swift -Xlinker -add_ast_path -Xlinker /tmp/ZipHarbor-Device/Build/Intermediates.noindex/ZipHarbor.build/Debug-iphoneos/ZipHarbor.build/Objects-normal/arm64/ZipHarbor.swiftmodule -lz -lbz2 -liconv -lxml2 -Xlinker -alias -Xlinker _main -Xlinker ___debug_main_executable_dylib_entry_point -framework libarchive -Xlinker -no_adhoc_codesign -o /tmp/ZipHarbor-Device/Build/Products/Debug-iphoneos/ZipHarbor.app/ZipHarbor.debug.dylib

ConstructStubExecutorLinkFileList /tmp/ZipHarbor-Device/Build/Intermediates.noindex/ZipHarbor.build/Debug-iphoneos/ZipHarbor.build/ZipHarbor-ExecutorLinkFileList-normal-arm64.txt (in target 'ZipHarbor' from project 'ZipHarbor')
    cd /Users/USER/github_space/zip-app/ZipHarbor
    construct-stub-executor-link-file-list /tmp/ZipHarbor-Device/Build/Products/Debug-iphoneos/ZipHarbor.app/ZipHarbor.debug.dylib /Applications/Xcode.app/Contents/Developer/Platforms/iPhoneOS.platform/Developer/usr/lib/libPreviewsJITStubExecutor_no_swift_entry_point.a /Applications/Xcode.app/Contents/Developer/Platforms/iPhoneOS.platform/Developer/usr/lib/libPreviewsJITStubExecutor.a --output /tmp/ZipHarbor-Device/Build/Intermediates.noindex/ZipHarbor.build/Debug-iphoneos/ZipHarbor.build/ZipHarbor-ExecutorLinkFileList-normal-arm64.txt
note: Using stub executor library with Swift entry point. (in target 'ZipHarbor' from project 'ZipHarbor')

Ld /tmp/ZipHarbor-Device/Build/Products/Debug-iphoneos/ZipHarbor.app/ZipHarbor normal (in target 'ZipHarbor' from project 'ZipHarbor')
    cd /Users/USER/github_space/zip-app/ZipHarbor
    /Applications/Xcode.app/Contents/Developer/Toolchains/XcodeDefault.xctoolchain/usr/bin/clang -Xlinker -reproducible -target arm64-apple-ios17.0 -isysroot /Applications/Xcode.app/Contents/Developer/Platforms/iPhoneOS.platform/Developer/SDKs/iPhoneOS27.0.sdk -O0 -Xlinker -no_warn_duplicate_libraries -L/tmp/ZipHarbor-Device/Build/Products/Debug-iphoneos -F/tmp/ZipHarbor-Device/Build/Products/Debug-iphoneos/PackageFrameworks -F/tmp/ZipHarbor-Device/Build/Products/Debug-iphoneos -Xlinker -rpath -Xlinker @executable_path -Xlinker -rpath -Xlinker @loader_path -Xlinker -rpath -Xlinker /tmp/ZipHarbor-Device/Build/Products/Debug-iphoneos/PackageFrameworks -Xlinker -rpath -Xlinker @executable_path/Frameworks -rdynamic -Xlinker -no_deduplicate -e ___debug_blank_executor_main -Xlinker -sectcreate -Xlinker __TEXT -Xlinker __debug_dylib -Xlinker /tmp/ZipHarbor-Device/Build/Intermediates.noindex/ZipHarbor.build/Debug-iphoneos/ZipHarbor.build/ZipHarbor-DebugDylibPath-normal-arm64.txt -Xlinker -sectcreate -Xlinker __TEXT -Xlinker __debug_instlnm -Xlinker /tmp/ZipHarbor-Device/Build/Intermediates.noindex/ZipHarbor.build/Debug-iphoneos/ZipHarbor.build/ZipHarbor-DebugDylibInstallName-normal-arm64.txt -Xlinker -filelist -Xlinker /tmp/ZipHarbor-Device/Build/Intermediates.noindex/ZipHarbor.build/Debug-iphoneos/ZipHarbor.build/ZipHarbor-ExecutorLinkFileList-normal-arm64.txt /tmp/ZipHarbor-Device/Build/Products/Debug-iphoneos/ZipHarbor.app/ZipHarbor.debug.dylib -Xlinker -no_adhoc_codesign -o /tmp/ZipHarbor-Device/Build/Products/Debug-iphoneos/ZipHarbor.app/ZipHarbor

ExtractAppIntentsMetadata (in target 'ZipHarbor' from project 'ZipHarbor')
    cd /Users/USER/github_space/zip-app/ZipHarbor
    /Applications/Xcode.app/Contents/Developer/Toolchains/XcodeDefault.xctoolchain/usr/bin/appintentsmetadataprocessor --toolchain-dir /Applications/Xcode.app/Contents/Developer/Toolchains/XcodeDefault.xctoolchain --module-name ZipHarbor --sdk-root /Applications/Xcode.app/Contents/Developer/Platforms/iPhoneOS.platform/Developer/SDKs/iPhoneOS27.0.sdk --xcode-version 27A266a --platform-family iOS --deployment-target 17.0 --bundle-identifier com.xiaolongxu.zipharbor.app --output /tmp/ZipHarbor-Device/Build/Products/Debug-iphoneos/ZipHarbor.app --target-triple arm64-apple-ios17.0 --binary-file /tmp/ZipHarbor-Device/Build/Products/Debug-iphoneos/ZipHarbor.app/ZipHarbor --dependency-file /tmp/ZipHarbor-Device/Build/Intermediates.noindex/ZipHarbor.build/Debug-iphoneos/ZipHarbor.build/Objects-normal/arm64/ZipHarbor_dependency_info.dat --stringsdata-file /tmp/ZipHarbor-Device/Build/Intermediates.noindex/ZipHarbor.build/Debug-iphoneos/ZipHarbor.build/Objects-normal/arm64/ExtractedAppShortcutsMetadata.stringsdata --source-file-list /tmp/ZipHarbor-Device/Build/Intermediates.noindex/ZipHarbor.build/Debug-iphoneos/ZipHarbor.build/Objects-normal/arm64/ZipHarbor.SwiftFileList --metadata-file-list /tmp/ZipHarbor-Device/Build/Intermediates.noindex/ZipHarbor.build/Debug-iphoneos/ZipHarbor.build/ZipHarbor.DependencyMetadataFileList --static-metadata-file-list /tmp/ZipHarbor-Device/Build/Intermediates.noindex/ZipHarbor.build/Debug-iphoneos/ZipHarbor.build/ZipHarbor.DependencyStaticMetadataFileList --swift-const-vals-list /tmp/ZipHarbor-Device/Build/Intermediates.noindex/ZipHarbor.build/Debug-iphoneos/ZipHarbor.build/Objects-normal/arm64/ZipHarbor.SwiftConstValuesFileList --compile-time-extraction --deployment-aware-processing --no-app-shortcuts-localization
2026-10-01 10:39:39.297 appintentsmetadataprocessor[42083:2812049] Starting appintentsmetadataprocessor export
2026-10-01 10:39:39.343 appintentsmetadataprocessor[42083:2812049] Extracted no relevant App Intents symbols, skipping writing output

CopySwiftLibs /tmp/ZipHarbor-Device/Build/Products/Debug-iphoneos/ZipHarbor.app (in target 'ZipHarbor' from project 'ZipHarbor')
    cd /Users/USER/github_space/zip-app/ZipHarbor
    builtin-swiftStdLibTool --copy --verbose --sign FFD2AF526670F8DE3BED6017FCAE181F2157970F --scan-executable /tmp/ZipHarbor-Device/Build/Products/Debug-iphoneos/ZipHarbor.app/ZipHarbor.debug.dylib --scan-folder /tmp/ZipHarbor-Device/Build/Products/Debug-iphoneos/ZipHarbor.app/Frameworks --scan-folder /tmp/ZipHarbor-Device/Build/Products/Debug-iphoneos/ZipHarbor.app/PlugIns --scan-folder /tmp/ZipHarbor-Device/Build/Products/Debug-iphoneos/ZipHarbor.app/SystemExtensions --scan-folder /tmp/ZipHarbor-Device/Build/Products/Debug-iphoneos/ZipHarbor.app/Extensions --platform iphoneos --toolchain /Applications/Xcode.app/Contents/Developer/Toolchains/XcodeDefault.xctoolchain --destination /tmp/ZipHarbor-Device/Build/Products/Debug-iphoneos/ZipHarbor.app/Frameworks --strip-bitcode --strip-bitcode-tool /Applications/Xcode.app/Contents/Developer/Toolchains/XcodeDefault.xctoolchain/usr/bin/bitcode_strip --emit-dependency-info /tmp/ZipHarbor-Device/Build/Intermediates.noindex/ZipHarbor.build/Debug-iphoneos/ZipHarbor.build/SwiftStdLibToolInputDependencies.dep --filter-for-swift-os

CpResource /tmp/ZipHarbor-Device/Build/Products/Debug-iphoneos/ZipHarbor.app/PlugIns/ZipHarborTests.xctest/mixed-password.zip /Users/USER/github_space/zip-app/ZipHarbor/ZipHarborTests/Fixtures/mixed-password.zip (in target 'ZipHarborTests' from project 'ZipHarbor')
    cd /Users/USER/github_space/zip-app/ZipHarbor
    builtin-copy -exclude .DS_Store -exclude CVS -exclude .svn -exclude .git -exclude .hg -resolve-src-symlinks /Users/USER/github_space/zip-app/ZipHarbor/ZipHarborTests/Fixtures/mixed-password.zip /tmp/ZipHarbor-Device/Build/Products/Debug-iphoneos/ZipHarbor.app/PlugIns/ZipHarborTests.xctest

Ld /tmp/ZipHarbor-Device/Build/Products/Debug-iphoneos/ZipHarbor.app/PlugIns/ZipHarborTests.xctest/ZipHarborTests normal (in target 'ZipHarborTests' from project 'ZipHarbor')
    cd /Users/USER/github_space/zip-app/ZipHarbor
    /Applications/Xcode.app/Contents/Developer/Toolchains/XcodeDefault.xctoolchain/usr/bin/clang -Xlinker -reproducible -target arm64-apple-ios17.0 -bundle -isysroot /Applications/Xcode.app/Contents/Developer/Platforms/iPhoneOS.platform/Developer/SDKs/iPhoneOS27.0.sdk -O0 -Xlinker -no_warn_duplicate_libraries -L/tmp/ZipHarbor-Device/Build/Intermediates.noindex/EagerLinkingTBDs/Debug-iphoneos -L/tmp/ZipHarbor-Device/Build/Products/Debug-iphoneos -L/Applications/Xcode.app/Contents/Developer/Platforms/iPhoneOS.platform/Developer/usr/lib -F/tmp/ZipHarbor-Device/Build/Intermediates.noindex/EagerLinkingTBDs/Debug-iphoneos -F/tmp/ZipHarbor-Device/Build/Products/Debug-iphoneos/PackageFrameworks -F/tmp/ZipHarbor-Device/Build/Products/Debug-iphoneos -iframework /Applications/Xcode.app/Contents/Developer/Platforms/iPhoneOS.platform/Developer/Library/Frameworks -iframework /Applications/Xcode.app/Contents/Developer/Platforms/iPhoneOS.platform/Developer/SDKs/iPhoneOS27.0.sdk/Developer/Library/Frameworks -filelist /tmp/ZipHarbor-Device/Build/Intermediates.noindex/ZipHarbor.build/Debug-iphoneos/ZipHarborTests.build/Objects-normal/arm64/ZipHarborTests.LinkFileList -Xlinker -rpath -Xlinker /usr/lib/swift -Xlinker -rpath -Xlinker @loader_path -Xlinker -rpath -Xlinker /tmp/ZipHarbor-Device/Build/Products/Debug-iphoneos/PackageFrameworks -Xlinker -rpath -Xlinker @loader_path/Frameworks -Xlinker -rpath -Xlinker @executable_path/Frameworks -Xlinker -dead_strip -bundle_loader /tmp/ZipHarbor-Device/Build/Products/Debug-iphoneos/ZipHarbor.app/ZipHarbor -Xlinker -object_path_lto -Xlinker /tmp/ZipHarbor-Device/Build/Intermediates.noindex/ZipHarbor.build/Debug-iphoneos/ZipHarborTests.build/Objects-normal/arm64/ZipHarborTests_lto.o -rdynamic -Xlinker -no_deduplicate -Xlinker -dependency_info -Xlinker /tmp/ZipHarbor-Device/Build/Intermediates.noindex/ZipHarbor.build/Debug-iphoneos/ZipHarborTests.build/Objects-normal/arm64/ZipHarborTests_dependency_info.dat -fobjc-link-runtime -L/Applications/Xcode.app/Contents/Developer/Toolchains/XcodeDefault.xctoolchain/usr/lib/swift/iphoneos -L/usr/lib/swift -Xlinker -add_ast_path -Xlinker /tmp/ZipHarbor-Device/Build/Intermediates.noindex/ZipHarbor.build/Debug-iphoneos/ZipHarborTests.build/Objects-normal/arm64/ZipHarborTests.swiftmodule -lz -lbz2 -liconv -lxml2 -Xlinker -needed_framework -Xlinker XCTest -framework XCTest -Xlinker -needed-lXCTestSwiftSupport -lXCTestSwiftSupport /tmp/ZipHarbor-Device/Build/Products/Debug-iphoneos/ZipHarbor.app/ZipHarbor.debug.dylib -Xlinker -no_adhoc_codesign -o /tmp/ZipHarbor-Device/Build/Products/Debug-iphoneos/ZipHarbor.app/PlugIns/ZipHarborTests.xctest/ZipHarborTests

ExtractAppIntentsMetadata (in target 'ZipHarborTests' from project 'ZipHarbor')
    cd /Users/USER/github_space/zip-app/ZipHarbor
    /Applications/Xcode.app/Contents/Developer/Toolchains/XcodeDefault.xctoolchain/usr/bin/appintentsmetadataprocessor --toolchain-dir /Applications/Xcode.app/Contents/Developer/Toolchains/XcodeDefault.xctoolchain --module-name ZipHarborTests --sdk-root /Applications/Xcode.app/Contents/Developer/Platforms/iPhoneOS.platform/Developer/SDKs/iPhoneOS27.0.sdk --xcode-version 27A266a --platform-family iOS --deployment-target 17.0 --bundle-identifier com.xiaolongxu.zipharbor.app.tests --output /tmp/ZipHarbor-Device/Build/Products/Debug-iphoneos/ZipHarbor.app/PlugIns/ZipHarborTests.xctest --target-triple arm64-apple-ios17.0 --binary-file /tmp/ZipHarbor-Device/Build/Products/Debug-iphoneos/ZipHarbor.app/PlugIns/ZipHarborTests.xctest/ZipHarborTests --dependency-file /tmp/ZipHarbor-Device/Build/Intermediates.noindex/ZipHarbor.build/Debug-iphoneos/ZipHarborTests.build/Objects-normal/arm64/ZipHarborTests_dependency_info.dat --stringsdata-file /tmp/ZipHarbor-Device/Build/Intermediates.noindex/ZipHarbor.build/Debug-iphoneos/ZipHarborTests.build/Objects-normal/arm64/ExtractedAppShortcutsMetadata.stringsdata --source-file-list /tmp/ZipHarbor-Device/Build/Intermediates.noindex/ZipHarbor.build/Debug-iphoneos/ZipHarborTests.build/Objects-normal/arm64/ZipHarborTests.SwiftFileList --metadata-file-list /tmp/ZipHarbor-Device/Build/Intermediates.noindex/ZipHarbor.build/Debug-iphoneos/ZipHarborTests.build/ZipHarborTests.DependencyMetadataFileList --static-metadata-file-list /tmp/ZipHarbor-Device/Build/Intermediates.noindex/ZipHarbor.build/Debug-iphoneos/ZipHarborTests.build/ZipHarborTests.DependencyStaticMetadataFileList --swift-const-vals-list /tmp/ZipHarbor-Device/Build/Intermediates.noindex/ZipHarbor.build/Debug-iphoneos/ZipHarborTests.build/Objects-normal/arm64/ZipHarborTests.SwiftConstValuesFileList --compile-time-extraction --deployment-aware-processing --no-app-shortcuts-localization
2026-10-01 10:39:39.657 appintentsmetadataprocessor[42089:2812125] Starting appintentsmetadataprocessor export
2026-10-01 10:39:39.696 appintentsmetadataprocessor[42089:2812125] Extracted no relevant App Intents symbols, skipping writing output

CopySwiftLibs /tmp/ZipHarbor-Device/Build/Products/Debug-iphoneos/ZipHarbor.app/PlugIns/ZipHarborTests.xctest (in target 'ZipHarborTests' from project 'ZipHarbor')
    cd /Users/USER/github_space/zip-app/ZipHarbor
    builtin-swiftStdLibTool --copy --verbose --sign FFD2AF526670F8DE3BED6017FCAE181F2157970F --scan-executable /tmp/ZipHarbor-Device/Build/Products/Debug-iphoneos/ZipHarbor.app/PlugIns/ZipHarborTests.xctest/ZipHarborTests --scan-folder /tmp/ZipHarbor-Device/Build/Products/Debug-iphoneos/ZipHarbor.app/PlugIns/ZipHarborTests.xctest/Frameworks --scan-folder /tmp/ZipHarbor-Device/Build/Products/Debug-iphoneos/ZipHarbor.app/PlugIns/ZipHarborTests.xctest/PlugIns --scan-folder /tmp/ZipHarbor-Device/Build/Products/Debug-iphoneos/ZipHarbor.app/PlugIns/ZipHarborTests.xctest/SystemExtensions --scan-folder /tmp/ZipHarbor-Device/Build/Products/Debug-iphoneos/ZipHarbor.app/PlugIns/ZipHarborTests.xctest/Extensions --platform iphoneos --toolchain /Applications/Xcode.app/Contents/Developer/Toolchains/XcodeDefault.xctoolchain --destination /tmp/ZipHarbor-Device/Build/Products/Debug-iphoneos/ZipHarbor.app/PlugIns/ZipHarborTests.xctest/Frameworks --strip-bitcode --scan-executable /Applications/Xcode.app/Contents/Developer/Platforms/iPhoneOS.platform/Developer/usr/lib/libXCTestSwiftSupport.dylib --strip-bitcode-tool /Applications/Xcode.app/Contents/Developer/Toolchains/XcodeDefault.xctoolchain/usr/bin/bitcode_strip --emit-dependency-info /tmp/ZipHarbor-Device/Build/Intermediates.noindex/ZipHarbor.build/Debug-iphoneos/ZipHarborTests.build/SwiftStdLibToolInputDependencies.dep --filter-for-swift-os

ProcessInfoPlistFile /tmp/ZipHarbor-Device/Build/Products/Debug-iphoneos/ZipHarbor.app/PlugIns/ZipHarborTests.xctest/Info.plist /tmp/ZipHarbor-Device/Build/Intermediates.noindex/ZipHarbor.build/Debug-iphoneos/ZipHarborTests.build/empty-ZipHarborTests.plist (in target 'ZipHarborTests' from project 'ZipHarbor')
    cd /Users/USER/github_space/zip-app/ZipHarbor
    builtin-infoPlistUtility /tmp/ZipHarbor-Device/Build/Intermediates.noindex/ZipHarbor.build/Debug-iphoneos/ZipHarborTests.build/empty-ZipHarborTests.plist -producttype com.apple.product-type.bundle.unit-test -expandbuildsettings -format binary -platform iphoneos -requiredArchitecture arm64 -o /tmp/ZipHarbor-Device/Build/Products/Debug-iphoneos/ZipHarbor.app/PlugIns/ZipHarborTests.xctest/Info.plist

SwiftDriver ZipHarborUITests normal arm64 com.apple.xcode.tools.swift.compiler (in target 'ZipHarborUITests' from project 'ZipHarbor')
    cd /Users/USER/github_space/zip-app/ZipHarbor
    builtin-SwiftDriver -- /Applications/Xcode.app/Contents/Developer/Toolchains/XcodeDefault.xctoolchain/usr/bin/swiftc -module-name ZipHarborUITests -Onone @/tmp/ZipHarbor-Device/Build/Intermediates.noindex/ZipHarbor.build/Debug-iphoneos/ZipHarborUITests.build/Objects-normal/arm64/ZipHarborUITests.SwiftFileList -DDEBUG -module-alias Testing\=_Testing_Unavailable -plugin-path /Applications/Xcode.app/Contents/Developer/Toolchains/XcodeDefault.xctoolchain/usr/lib/swift/host/plugins/testing -enable-experimental-feature DebugDescriptionMacro -sdk /Applications/Xcode.app/Contents/Developer/Platforms/iPhoneOS.platform/Developer/SDKs/iPhoneOS27.0.sdk -target arm64-apple-ios17.0 -g -module-cache-path /tmp/ZipHarbor-Device/ModuleCache.noindex -Xfrontend -serialize-debugging-options -enable-testing -index-store-path /tmp/ZipHarbor-Device/Index.noindex/DataStore -Xcc -D_LIBCPP_HARDENING_MODE\=_LIBCPP_HARDENING_MODE_DEBUG -swift-version 6 -I /tmp/ZipHarbor-Device/Build/Products/Debug-iphoneos -Isystem /Applications/Xcode.app/Contents/Developer/Platforms/iPhoneOS.platform/Developer/usr/lib -F /tmp/ZipHarbor-Device/Build/Products/Debug-iphoneos -F /Applications/Xcode.app/Contents/Developer/Platforms/iPhoneOS.platform/Developer/Library/Frameworks -F /Applications/Xcode.app/Contents/Developer/Platforms/iPhoneOS.platform/Developer/SDKs/iPhoneOS27.0.sdk/Developer/Library/Frameworks -parse-as-library -c -j15 -enable-batch-mode -incremental -Xcc -ivfsstatcache -Xcc /tmp/ZipHarbor-Device/SDKStatCaches.noindex/iphoneos27.0-24A430-6c78b3cbc238196c85e1bf6c792c5915.sdkstatcache -output-file-map /tmp/ZipHarbor-Device/Build/Intermediates.noindex/ZipHarbor.build/Debug-iphoneos/ZipHarborUITests.build/Objects-normal/arm64/ZipHarborUITests-OutputFileMap.json -save-temps -no-color-diagnostics -explicit-module-build -module-cache-path /tmp/ZipHarbor-Device/Build/Intermediates.noindex/SwiftExplicitPrecompiledModules -clang-scanner-module-cache-path /tmp/ZipHarbor-Device/ModuleCache.noindex -sdk-module-cache-path /tmp/ZipHarbor-Device/SDKExplicitPrecompiledModules -emit-dependencies -emit-module -emit-module-path /tmp/ZipHarbor-Device/Build/Intermediates.noindex/ZipHarbor.build/Debug-iphoneos/ZipHarborUITests.build/Objects-normal/arm64/ZipHarborUITests.swiftmodule -serialize-diagnostics -dependency-scan-serialize-diagnostics-path /tmp/ZipHarbor-Device/Build/Intermediates.noindex/ZipHarbor.build/Debug-iphoneos/ZipHarborUITests.build/Objects-normal/arm64/ZipHarborUITests-dependency-scan.dia -validate-clang-modules-once -clang-build-session-file /tmp/ZipHarbor-Device/ModuleCache.noindex/Session.modulevalidation -Xcc -fmodules-prune-interval\=86400 -Xcc -fmodules-prune-after\=345600 -emit-const-values -const-gather-protocols-list /tmp/ZipHarbor-Device/Build/Intermediates.noindex/ZipHarbor.build/Debug-iphoneos/ZipHarborUITests.build/Objects-normal/arm64/ZipHarborUITests_const_extract_protocols.json -Xcc -iquote -Xcc /tmp/ZipHarbor-Device/Build/Intermediates.noindex/ZipHarbor.build/Debug-iphoneos/ZipHarborUITests.build/ZipHarborUITests-generated-files.hmap -Xcc -I/tmp/ZipHarbor-Device/Build/Intermediates.noindex/ZipHarbor.build/Debug-iphoneos/ZipHarborUITests.build/ZipHarborUITests-own-target-headers.hmap -Xcc -I/tmp/ZipHarbor-Device/Build/Intermediates.noindex/ZipHarbor.build/Debug-iphoneos/ZipHarborUITests.build/ZipHarborUITests-all-non-framework-target-headers.hmap -Xcc -ivfsoverlay -Xcc /tmp/ZipHarbor-Device/Build/Intermediates.noindex/ZipHarbor.build/Debug-iphoneos/ZipHarbor-576ff8f1de8c1a2cbc0351e2756fa15b-VFS-iphoneos/all-product-headers.yaml -Xcc -iquote -Xcc /tmp/ZipHarbor-Device/Build/Intermediates.noindex/ZipHarbor.build/Debug-iphoneos/ZipHarborUITests.build/ZipHarborUITests-project-headers.hmap -Xcc -I/tmp/ZipHarbor-Device/Build/Products/Debug-iphoneos/include -Xcc -I/tmp/ZipHarbor-Device/Build/Intermediates.noindex/ZipHarbor.build/Debug-iphoneos/ZipHarborUITests.build/DerivedSources-normal/arm64 -Xcc -I/tmp/ZipHarbor-Device/Build/Intermediates.noindex/ZipHarbor.build/Debug-iphoneos/ZipHarborUITests.build/DerivedSources/arm64 -Xcc -I/tmp/ZipHarbor-Device/Build/Intermediates.noindex/ZipHarbor.build/Debug-iphoneos/ZipHarborUITests.build/DerivedSources -Xcc -DDEBUG\=1 -emit-objc-header -emit-objc-header-path /tmp/ZipHarbor-Device/Build/Intermediates.noindex/ZipHarbor.build/Debug-iphoneos/ZipHarborUITests.build/Objects-normal/arm64/ZipHarborUITests-Swift.h -working-directory /Users/USER/github_space/zip-app/ZipHarbor -experimental-emit-module-separately -disable-cmo

GenerateDSYMFile /tmp/ZipHarbor-Device/Build/Products/Debug-iphoneos/ZipHarbor.app/PlugIns/ZipHarborTests.xctest.dSYM /tmp/ZipHarbor-Device/Build/Products/Debug-iphoneos/ZipHarbor.app/PlugIns/ZipHarborTests.xctest/ZipHarborTests (in target 'ZipHarborTests' from project 'ZipHarbor')
    cd /Users/USER/github_space/zip-app/ZipHarbor
    export PATH\=/Applications/Xcode.app/Contents/SharedFrameworks/SwiftBuild.framework/Versions/A/PlugIns/SWBBuildService.bundle/Contents/PlugIns/SWBUniversalPlatformPlugin.bundle/Contents/Frameworks/SWBUniversalPlatform.framework/Resources:/Applications/Xcode.app/Contents/Developer/Toolchains/XcodeDefault.xctoolchain/usr/bin:/Applications/Xcode.app/Contents/Developer/Toolchains/XcodeDefault.xctoolchain/usr/local/bin:/Applications/Xcode.app/Contents/Developer/Toolchains/XcodeDefault.xctoolchain/usr/libexec:/Applications/Xcode.app/Contents/Developer/Platforms/iPhoneOS.platform/usr/bin:/Applications/Xcode.app/Contents/Developer/Platforms/iPhoneOS.platform/usr/local/bin:/Applications/Xcode.app/Contents/Developer/Platforms/iPhoneOS.platform/Developer/usr/bin:/Applications/Xcode.app/Contents/Developer/Platforms/iPhoneOS.platform/Developer/usr/local/bin:/Applications/Xcode.app/Contents/Developer/usr/bin:/Applications/Xcode.app/Contents/Developer/usr/local/bin:/Users/USER/.codex/packages/app-server-daemon/releases/0.159.3-aarch64-apple-darwin/codex-path:/Users/USER/.antigravity-ide/antigravity-ide/bin:/opt/homebrew/opt/libpq/bin:/Users/USER/.cargo/bin:/Users/USER/bin:/Users/USER/.local/bin:/usr/local/bin:/opt/homebrew/bin:/opt/homebrew/sbin:/System/Cryptexes/App/usr/bin:/usr/bin:/bin:/usr/sbin:/sbin:/var/run/com.apple.security.cryptexd/codex.system/bootstrap/usr/local/bin:/var/run/com.apple.security.cryptexd/codex.system/bootstrap/usr/bin:/var/run/com.apple.security.cryptexd/codex.system/bootstrap/usr/appleinternal/bin:/pkg/env/global/bin:/Library/Apple/usr/bin:/Applications/VMware\ Fusion.app/Contents/Public:/Users/USER/.codex/tmp/arg0/codex-arg0jQmx0n:/Users/USER/.codex/tmp/arg0/codex-arg0fiC75j:/Users/USER/.codex/packages/app-server-daemon/releases/0.159.2-aarch64-apple-darwin/codex-path:/Users/USER/.codex/tmp/arg0/codex-arg0Pk2oVk:/Users/USER/.codex/packages/app-server-daemon/releases/0.159.0-aarch64-apple-darwin/codex-path:/Users/USER/.codex/tmp/arg0/codex-arg0P6dOMQ:/Users/USER/.codex/packages/app-server-daemon/releases/0.158.0-aarch64-apple-darwin/codex-path:/Users/USER/.codex/tmp/arg0/codex-arg0TwuA4p:/Users/USER/.codex/packages/app-server-daemon/releases/0.157.1-aarch64-apple-darwin/codex-path:/Users/USER/.codex/tmp/arg0/codex-arg0B5FiaY:/opt/homebrew/lib/node_modules/@openai/codex/node_modules/@openai/codex-darwin-arm64/vendor/aarch64-apple-darwin/codex-path:/Applications/iTerm.app/Contents/Resources/utilities
    /Applications/Xcode.app/Contents/Developer/Toolchains/XcodeDefault.xctoolchain/usr/bin/dsymutil /tmp/ZipHarbor-Device/Build/Products/Debug-iphoneos/ZipHarbor.app/PlugIns/ZipHarborTests.xctest/ZipHarborTests -o /tmp/ZipHarbor-Device/Build/Products/Debug-iphoneos/ZipHarbor.app/PlugIns/ZipHarborTests.xctest.dSYM

CodeSign /tmp/ZipHarbor-Device/Build/Products/Debug-iphoneos/ZipHarbor.app/PlugIns/ZipHarborTests.xctest (in target 'ZipHarborTests' from project 'ZipHarbor')
    cd /Users/USER/github_space/zip-app/ZipHarbor
    
    Signing Identity:     "Apple Development: xiaolong xu (HY7V43DS7R)"
    
    /usr/bin/codesign --force --sign FFD2AF526670F8DE3BED6017FCAE181F2157970F --timestamp\=none --generate-entitlement-der /tmp/ZipHarbor-Device/Build/Products/Debug-iphoneos/ZipHarbor.app/PlugIns/ZipHarborTests.xctest

SwiftCompile normal arm64 Compiling\ ZipHarborUITests.swift /Users/USER/github_space/zip-app/ZipHarbor/ZipHarborUITests/ZipHarborUITests.swift (in target 'ZipHarborUITests' from project 'ZipHarbor')

SwiftCompile normal arm64 /Users/USER/github_space/zip-app/ZipHarbor/ZipHarborUITests/ZipHarborUITests.swift (in target 'ZipHarborUITests' from project 'ZipHarbor')
    cd /Users/USER/github_space/zip-app/ZipHarbor
    builtin-SwiftPerFileCompile ZipHarborUITests.swift

SwiftEmitModule normal arm64 Emitting\ module\ for\ ZipHarborUITests (in target 'ZipHarborUITests' from project 'ZipHarbor')

SwiftCompile normal arm64 (in target 'ZipHarborUITests' from project 'ZipHarbor')
    cd /Users/USER/github_space/zip-app/ZipHarbor
    

CodeSign /tmp/ZipHarbor-Device/Build/Products/Debug-iphoneos/ZipHarbor.app/ZipHarbor.debug.dylib (in target 'ZipHarbor' from project 'ZipHarbor')
    cd /Users/USER/github_space/zip-app/ZipHarbor
    
    Signing Identity:     "Apple Development: xiaolong xu (HY7V43DS7R)"
    Provisioning Profile: "iOS Team Provisioning Profile: *"
                          (63dd1084-944d-4fc2-ba15-f1a3f72c90a3)
    
    /usr/bin/codesign --force --sign FFD2AF526670F8DE3BED6017FCAE181F2157970F --timestamp\=none --generate-entitlement-der /tmp/ZipHarbor-Device/Build/Products/Debug-iphoneos/ZipHarbor.app/ZipHarbor.debug.dylib

SwiftDriverJobDiscovery normal arm64 Emitting module for ZipHarborUITests (in target 'ZipHarborUITests' from project 'ZipHarbor')

SwiftDriver\ Compilation\ Requirements ZipHarborUITests normal arm64 com.apple.xcode.tools.swift.compiler (in target 'ZipHarborUITests' from project 'ZipHarbor')
    cd /Users/USER/github_space/zip-app/ZipHarbor
    builtin-Swift-Compilation-Requirements -- /Applications/Xcode.app/Contents/Developer/Toolchains/XcodeDefault.xctoolchain/usr/bin/swiftc -module-name ZipHarborUITests -Onone @/tmp/ZipHarbor-Device/Build/Intermediates.noindex/ZipHarbor.build/Debug-iphoneos/ZipHarborUITests.build/Objects-normal/arm64/ZipHarborUITests.SwiftFileList -DDEBUG -module-alias Testing\=_Testing_Unavailable -plugin-path /Applications/Xcode.app/Contents/Developer/Toolchains/XcodeDefault.xctoolchain/usr/lib/swift/host/plugins/testing -enable-experimental-feature DebugDescriptionMacro -sdk /Applications/Xcode.app/Contents/Developer/Platforms/iPhoneOS.platform/Developer/SDKs/iPhoneOS27.0.sdk -target arm64-apple-ios17.0 -g -module-cache-path /tmp/ZipHarbor-Device/ModuleCache.noindex -Xfrontend -serialize-debugging-options -enable-testing -index-store-path /tmp/ZipHarbor-Device/Index.noindex/DataStore -Xcc -D_LIBCPP_HARDENING_MODE\=_LIBCPP_HARDENING_MODE_DEBUG -swift-version 6 -I /tmp/ZipHarbor-Device/Build/Products/Debug-iphoneos -Isystem /Applications/Xcode.app/Contents/Developer/Platforms/iPhoneOS.platform/Developer/usr/lib -F /tmp/ZipHarbor-Device/Build/Products/Debug-iphoneos -F /Applications/Xcode.app/Contents/Developer/Platforms/iPhoneOS.platform/Developer/Library/Frameworks -F /Applications/Xcode.app/Contents/Developer/Platforms/iPhoneOS.platform/Developer/SDKs/iPhoneOS27.0.sdk/Developer/Library/Frameworks -parse-as-library -c -j15 -enable-batch-mode -incremental -Xcc -ivfsstatcache -Xcc /tmp/ZipHarbor-Device/SDKStatCaches.noindex/iphoneos27.0-24A430-6c78b3cbc238196c85e1bf6c792c5915.sdkstatcache -output-file-map /tmp/ZipHarbor-Device/Build/Intermediates.noindex/ZipHarbor.build/Debug-iphoneos/ZipHarborUITests.build/Objects-normal/arm64/ZipHarborUITests-OutputFileMap.json -save-temps -no-color-diagnostics -explicit-module-build -module-cache-path /tmp/ZipHarbor-Device/Build/Intermediates.noindex/SwiftExplicitPrecompiledModules -clang-scanner-module-cache-path /tmp/ZipHarbor-Device/ModuleCache.noindex -sdk-module-cache-path /tmp/ZipHarbor-Device/SDKExplicitPrecompiledModules -emit-dependencies -emit-module -emit-module-path /tmp/ZipHarbor-Device/Build/Intermediates.noindex/ZipHarbor.build/Debug-iphoneos/ZipHarborUITests.build/Objects-normal/arm64/ZipHarborUITests.swiftmodule -serialize-diagnostics -dependency-scan-serialize-diagnostics-path /tmp/ZipHarbor-Device/Build/Intermediates.noindex/ZipHarbor.build/Debug-iphoneos/ZipHarborUITests.build/Objects-normal/arm64/ZipHarborUITests-dependency-scan.dia -validate-clang-modules-once -clang-build-session-file /tmp/ZipHarbor-Device/ModuleCache.noindex/Session.modulevalidation -Xcc -fmodules-prune-interval\=86400 -Xcc -fmodules-prune-after\=345600 -emit-const-values -const-gather-protocols-list /tmp/ZipHarbor-Device/Build/Intermediates.noindex/ZipHarbor.build/Debug-iphoneos/ZipHarborUITests.build/Objects-normal/arm64/ZipHarborUITests_const_extract_protocols.json -Xcc -iquote -Xcc /tmp/ZipHarbor-Device/Build/Intermediates.noindex/ZipHarbor.build/Debug-iphoneos/ZipHarborUITests.build/ZipHarborUITests-generated-files.hmap -Xcc -I/tmp/ZipHarbor-Device/Build/Intermediates.noindex/ZipHarbor.build/Debug-iphoneos/ZipHarborUITests.build/ZipHarborUITests-own-target-headers.hmap -Xcc -I/tmp/ZipHarbor-Device/Build/Intermediates.noindex/ZipHarbor.build/Debug-iphoneos/ZipHarborUITests.build/ZipHarborUITests-all-non-framework-target-headers.hmap -Xcc -ivfsoverlay -Xcc /tmp/ZipHarbor-Device/Build/Intermediates.noindex/ZipHarbor.build/Debug-iphoneos/ZipHarbor-576ff8f1de8c1a2cbc0351e2756fa15b-VFS-iphoneos/all-product-headers.yaml -Xcc -iquote -Xcc /tmp/ZipHarbor-Device/Build/Intermediates.noindex/ZipHarbor.build/Debug-iphoneos/ZipHarborUITests.build/ZipHarborUITests-project-headers.hmap -Xcc -I/tmp/ZipHarbor-Device/Build/Products/Debug-iphoneos/include -Xcc -I/tmp/ZipHarbor-Device/Build/Intermediates.noindex/ZipHarbor.build/Debug-iphoneos/ZipHarborUITests.build/DerivedSources-normal/arm64 -Xcc -I/tmp/ZipHarbor-Device/Build/Intermediates.noindex/ZipHarbor.build/Debug-iphoneos/ZipHarborUITests.build/DerivedSources/arm64 -Xcc -I/tmp/ZipHarbor-Device/Build/Intermediates.noindex/ZipHarbor.build/Debug-iphoneos/ZipHarborUITests.build/DerivedSources -Xcc -DDEBUG\=1 -emit-objc-header -emit-objc-header-path /tmp/ZipHarbor-Device/Build/Intermediates.noindex/ZipHarbor.build/Debug-iphoneos/ZipHarborUITests.build/Objects-normal/arm64/ZipHarborUITests-Swift.h -working-directory /Users/USER/github_space/zip-app/ZipHarbor -experimental-emit-module-separately -disable-cmo

Copy /tmp/ZipHarbor-Device/Build/Products/Debug-iphoneos/ZipHarborUITests.swiftmodule/Project/arm64-apple-ios.swiftsourceinfo /tmp/ZipHarbor-Device/Build/Intermediates.noindex/ZipHarbor.build/Debug-iphoneos/ZipHarborUITests.build/Objects-normal/arm64/ZipHarborUITests.swiftsourceinfo (in target 'ZipHarborUITests' from project 'ZipHarbor')
    cd /Users/USER/github_space/zip-app/ZipHarbor
    builtin-copy -exclude .DS_Store -exclude CVS -exclude .svn -exclude .git -exclude .hg -resolve-src-symlinks -rename /tmp/ZipHarbor-Device/Build/Intermediates.noindex/ZipHarbor.build/Debug-iphoneos/ZipHarborUITests.build/Objects-normal/arm64/ZipHarborUITests.swiftsourceinfo /tmp/ZipHarbor-Device/Build/Products/Debug-iphoneos/ZipHarborUITests.swiftmodule/Project/arm64-apple-ios.swiftsourceinfo

Copy /tmp/ZipHarbor-Device/Build/Products/Debug-iphoneos/ZipHarborUITests.swiftmodule/arm64-apple-ios.swiftmodule /tmp/ZipHarbor-Device/Build/Intermediates.noindex/ZipHarbor.build/Debug-iphoneos/ZipHarborUITests.build/Objects-normal/arm64/ZipHarborUITests.swiftmodule (in target 'ZipHarborUITests' from project 'ZipHarbor')
    cd /Users/USER/github_space/zip-app/ZipHarbor
    builtin-copy -exclude .DS_Store -exclude CVS -exclude .svn -exclude .git -exclude .hg -resolve-src-symlinks -rename /tmp/ZipHarbor-Device/Build/Intermediates.noindex/ZipHarbor.build/Debug-iphoneos/ZipHarborUITests.build/Objects-normal/arm64/ZipHarborUITests.swiftmodule /tmp/ZipHarbor-Device/Build/Products/Debug-iphoneos/ZipHarborUITests.swiftmodule/arm64-apple-ios.swiftmodule

Copy /tmp/ZipHarbor-Device/Build/Products/Debug-iphoneos/ZipHarborUITests.swiftmodule/arm64-apple-ios.abi.json /tmp/ZipHarbor-Device/Build/Intermediates.noindex/ZipHarbor.build/Debug-iphoneos/ZipHarborUITests.build/Objects-normal/arm64/ZipHarborUITests.abi.json (in target 'ZipHarborUITests' from project 'ZipHarbor')
    cd /Users/USER/github_space/zip-app/ZipHarbor
    builtin-copy -exclude .DS_Store -exclude CVS -exclude .svn -exclude .git -exclude .hg -resolve-src-symlinks -rename /tmp/ZipHarbor-Device/Build/Intermediates.noindex/ZipHarbor.build/Debug-iphoneos/ZipHarborUITests.build/Objects-normal/arm64/ZipHarborUITests.abi.json /tmp/ZipHarbor-Device/Build/Products/Debug-iphoneos/ZipHarborUITests.swiftmodule/arm64-apple-ios.abi.json

CodeSign /tmp/ZipHarbor-Device/Build/Products/Debug-iphoneos/ZipHarbor.app/__preview.dylib (in target 'ZipHarbor' from project 'ZipHarbor')
    cd /Users/USER/github_space/zip-app/ZipHarbor
    
    Signing Identity:     "Apple Development: xiaolong xu (HY7V43DS7R)"
    Provisioning Profile: "iOS Team Provisioning Profile: *"
                          (63dd1084-944d-4fc2-ba15-f1a3f72c90a3)
    
    /usr/bin/codesign --force --sign FFD2AF526670F8DE3BED6017FCAE181F2157970F --timestamp\=none --generate-entitlement-der /tmp/ZipHarbor-Device/Build/Products/Debug-iphoneos/ZipHarbor.app/__preview.dylib

CodeSign /tmp/ZipHarbor-Device/Build/Products/Debug-iphoneos/ZipHarbor.app (in target 'ZipHarbor' from project 'ZipHarbor')
    cd /Users/USER/github_space/zip-app/ZipHarbor
    
    Signing Identity:     "Apple Development: xiaolong xu (HY7V43DS7R)"
    Provisioning Profile: "iOS Team Provisioning Profile: *"
                          (63dd1084-944d-4fc2-ba15-f1a3f72c90a3)
    
    /usr/bin/codesign --force --sign FFD2AF526670F8DE3BED6017FCAE181F2157970F --entitlements /tmp/ZipHarbor-Device/Build/Intermediates.noindex/ZipHarbor.build/Debug-iphoneos/ZipHarbor.build/ZipHarbor.app.xcent --timestamp\=none --generate-entitlement-der /tmp/ZipHarbor-Device/Build/Products/Debug-iphoneos/ZipHarbor.app

Validate /tmp/ZipHarbor-Device/Build/Products/Debug-iphoneos/ZipHarbor.app (in target 'ZipHarbor' from project 'ZipHarbor')
    cd /Users/USER/github_space/zip-app/ZipHarbor
    builtin-validationUtility /tmp/ZipHarbor-Device/Build/Products/Debug-iphoneos/ZipHarbor.app -shallow-bundle -infoplist-subpath Info.plist

ProcessInfoPlistFile /tmp/ZipHarbor-Device/Build/Products/Debug-iphoneos/ZipHarborUITests-Runner.app/PlugIns/ZipHarborUITests.xctest/Info.plist /tmp/ZipHarbor-Device/Build/Intermediates.noindex/ZipHarbor.build/Debug-iphoneos/ZipHarborUITests.build/empty-ZipHarborUITests.plist (in target 'ZipHarborUITests' from project 'ZipHarbor')
    cd /Users/USER/github_space/zip-app/ZipHarbor
    builtin-infoPlistUtility /tmp/ZipHarbor-Device/Build/Intermediates.noindex/ZipHarbor.build/Debug-iphoneos/ZipHarborUITests.build/empty-ZipHarborUITests.plist -producttype com.apple.product-type.bundle.ui-testing -expandbuildsettings -format binary -platform iphoneos -additionalcontentfile /tmp/ZipHarbor-Device/Build/Intermediates.noindex/ZipHarbor.build/Debug-iphoneos/ZipHarborUITests.build/ProductTypeInfoPlistAdditions.plist -requiredArchitecture arm64 -o /tmp/ZipHarbor-Device/Build/Products/Debug-iphoneos/ZipHarborUITests-Runner.app/PlugIns/ZipHarborUITests.xctest/Info.plist

SwiftDriverJobDiscovery normal arm64 Compiling ZipHarborUITests.swift (in target 'ZipHarborUITests' from project 'ZipHarbor')

SwiftDriver\ Compilation ZipHarborUITests normal arm64 com.apple.xcode.tools.swift.compiler (in target 'ZipHarborUITests' from project 'ZipHarbor')
    cd /Users/USER/github_space/zip-app/ZipHarbor
    builtin-Swift-Compilation -- /Applications/Xcode.app/Contents/Developer/Toolchains/XcodeDefault.xctoolchain/usr/bin/swiftc -module-name ZipHarborUITests -Onone @/tmp/ZipHarbor-Device/Build/Intermediates.noindex/ZipHarbor.build/Debug-iphoneos/ZipHarborUITests.build/Objects-normal/arm64/ZipHarborUITests.SwiftFileList -DDEBUG -module-alias Testing\=_Testing_Unavailable -plugin-path /Applications/Xcode.app/Contents/Developer/Toolchains/XcodeDefault.xctoolchain/usr/lib/swift/host/plugins/testing -enable-experimental-feature DebugDescriptionMacro -sdk /Applications/Xcode.app/Contents/Developer/Platforms/iPhoneOS.platform/Developer/SDKs/iPhoneOS27.0.sdk -target arm64-apple-ios17.0 -g -module-cache-path /tmp/ZipHarbor-Device/ModuleCache.noindex -Xfrontend -serialize-debugging-options -enable-testing -index-store-path /tmp/ZipHarbor-Device/Index.noindex/DataStore -Xcc -D_LIBCPP_HARDENING_MODE\=_LIBCPP_HARDENING_MODE_DEBUG -swift-version 6 -I /tmp/ZipHarbor-Device/Build/Products/Debug-iphoneos -Isystem /Applications/Xcode.app/Contents/Developer/Platforms/iPhoneOS.platform/Developer/usr/lib -F /tmp/ZipHarbor-Device/Build/Products/Debug-iphoneos -F /Applications/Xcode.app/Contents/Developer/Platforms/iPhoneOS.platform/Developer/Library/Frameworks -F /Applications/Xcode.app/Contents/Developer/Platforms/iPhoneOS.platform/Developer/SDKs/iPhoneOS27.0.sdk/Developer/Library/Frameworks -parse-as-library -c -j15 -enable-batch-mode -incremental -Xcc -ivfsstatcache -Xcc /tmp/ZipHarbor-Device/SDKStatCaches.noindex/iphoneos27.0-24A430-6c78b3cbc238196c85e1bf6c792c5915.sdkstatcache -output-file-map /tmp/ZipHarbor-Device/Build/Intermediates.noindex/ZipHarbor.build/Debug-iphoneos/ZipHarborUITests.build/Objects-normal/arm64/ZipHarborUITests-OutputFileMap.json -save-temps -no-color-diagnostics -explicit-module-build -module-cache-path /tmp/ZipHarbor-Device/Build/Intermediates.noindex/SwiftExplicitPrecompiledModules -clang-scanner-module-cache-path /tmp/ZipHarbor-Device/ModuleCache.noindex -sdk-module-cache-path /tmp/ZipHarbor-Device/SDKExplicitPrecompiledModules -emit-dependencies -emit-module -emit-module-path /tmp/ZipHarbor-Device/Build/Intermediates.noindex/ZipHarbor.build/Debug-iphoneos/ZipHarborUITests.build/Objects-normal/arm64/ZipHarborUITests.swiftmodule -serialize-diagnostics -dependency-scan-serialize-diagnostics-path /tmp/ZipHarbor-Device/Build/Intermediates.noindex/ZipHarbor.build/Debug-iphoneos/ZipHarborUITests.build/Objects-normal/arm64/ZipHarborUITests-dependency-scan.dia -validate-clang-modules-once -clang-build-session-file /tmp/ZipHarbor-Device/ModuleCache.noindex/Session.modulevalidation -Xcc -fmodules-prune-interval\=86400 -Xcc -fmodules-prune-after\=345600 -emit-const-values -const-gather-protocols-list /tmp/ZipHarbor-Device/Build/Intermediates.noindex/ZipHarbor.build/Debug-iphoneos/ZipHarborUITests.build/Objects-normal/arm64/ZipHarborUITests_const_extract_protocols.json -Xcc -iquote -Xcc /tmp/ZipHarbor-Device/Build/Intermediates.noindex/ZipHarbor.build/Debug-iphoneos/ZipHarborUITests.build/ZipHarborUITests-generated-files.hmap -Xcc -I/tmp/ZipHarbor-Device/Build/Intermediates.noindex/ZipHarbor.build/Debug-iphoneos/ZipHarborUITests.build/ZipHarborUITests-own-target-headers.hmap -Xcc -I/tmp/ZipHarbor-Device/Build/Intermediates.noindex/ZipHarbor.build/Debug-iphoneos/ZipHarborUITests.build/ZipHarborUITests-all-non-framework-target-headers.hmap -Xcc -ivfsoverlay -Xcc /tmp/ZipHarbor-Device/Build/Intermediates.noindex/ZipHarbor.build/Debug-iphoneos/ZipHarbor-576ff8f1de8c1a2cbc0351e2756fa15b-VFS-iphoneos/all-product-headers.yaml -Xcc -iquote -Xcc /tmp/ZipHarbor-Device/Build/Intermediates.noindex/ZipHarbor.build/Debug-iphoneos/ZipHarborUITests.build/ZipHarborUITests-project-headers.hmap -Xcc -I/tmp/ZipHarbor-Device/Build/Products/Debug-iphoneos/include -Xcc -I/tmp/ZipHarbor-Device/Build/Intermediates.noindex/ZipHarbor.build/Debug-iphoneos/ZipHarborUITests.build/DerivedSources-normal/arm64 -Xcc -I/tmp/ZipHarbor-Device/Build/Intermediates.noindex/ZipHarbor.build/Debug-iphoneos/ZipHarborUITests.build/DerivedSources/arm64 -Xcc -I/tmp/ZipHarbor-Device/Build/Intermediates.noindex/ZipHarbor.build/Debug-iphoneos/ZipHarborUITests.build/DerivedSources -Xcc -DDEBUG\=1 -emit-objc-header -emit-objc-header-path /tmp/ZipHarbor-Device/Build/Intermediates.noindex/ZipHarbor.build/Debug-iphoneos/ZipHarborUITests.build/Objects-normal/arm64/ZipHarborUITests-Swift.h -working-directory /Users/USER/github_space/zip-app/ZipHarbor -experimental-emit-module-separately -disable-cmo

Ld /tmp/ZipHarbor-Device/Build/Products/Debug-iphoneos/ZipHarborUITests-Runner.app/PlugIns/ZipHarborUITests.xctest/ZipHarborUITests normal (in target 'ZipHarborUITests' from project 'ZipHarbor')
    cd /Users/USER/github_space/zip-app/ZipHarbor
    /Applications/Xcode.app/Contents/Developer/Toolchains/XcodeDefault.xctoolchain/usr/bin/clang -Xlinker -reproducible -target arm64-apple-ios17.0 -bundle -isysroot /Applications/Xcode.app/Contents/Developer/Platforms/iPhoneOS.platform/Developer/SDKs/iPhoneOS27.0.sdk -O0 -Xlinker -no_warn_duplicate_libraries -L/tmp/ZipHarbor-Device/Build/Intermediates.noindex/EagerLinkingTBDs/Debug-iphoneos -L/tmp/ZipHarbor-Device/Build/Products/Debug-iphoneos -L/Applications/Xcode.app/Contents/Developer/Platforms/iPhoneOS.platform/Developer/usr/lib -F/tmp/ZipHarbor-Device/Build/Intermediates.noindex/EagerLinkingTBDs/Debug-iphoneos -F/tmp/ZipHarbor-Device/Build/Products/Debug-iphoneos -iframework /Applications/Xcode.app/Contents/Developer/Platforms/iPhoneOS.platform/Developer/Library/Frameworks -iframework /Applications/Xcode.app/Contents/Developer/Platforms/iPhoneOS.platform/Developer/SDKs/iPhoneOS27.0.sdk/Developer/Library/Frameworks -filelist /tmp/ZipHarbor-Device/Build/Intermediates.noindex/ZipHarbor.build/Debug-iphoneos/ZipHarborUITests.build/Objects-normal/arm64/ZipHarborUITests.LinkFileList -Xlinker -rpath -Xlinker /usr/lib/swift -Xlinker -rpath -Xlinker @loader_path/Frameworks -Xlinker -dead_strip -Xlinker -object_path_lto -Xlinker /tmp/ZipHarbor-Device/Build/Intermediates.noindex/ZipHarbor.build/Debug-iphoneos/ZipHarborUITests.build/Objects-normal/arm64/ZipHarborUITests_lto.o -rdynamic -Xlinker -no_deduplicate -Xlinker -dependency_info -Xlinker /tmp/ZipHarbor-Device/Build/Intermediates.noindex/ZipHarbor.build/Debug-iphoneos/ZipHarborUITests.build/Objects-normal/arm64/ZipHarborUITests_dependency_info.dat -fobjc-link-runtime -L/Applications/Xcode.app/Contents/Developer/Toolchains/XcodeDefault.xctoolchain/usr/lib/swift/iphoneos -L/usr/lib/swift -Xlinker -add_ast_path -Xlinker /tmp/ZipHarbor-Device/Build/Intermediates.noindex/ZipHarbor.build/Debug-iphoneos/ZipHarborUITests.build/Objects-normal/arm64/ZipHarborUITests.swiftmodule -Xlinker -needed_framework -Xlinker XCTest -framework XCTest -Xlinker -needed-lXCTestSwiftSupport -lXCTestSwiftSupport -Xlinker -no_adhoc_codesign -o /tmp/ZipHarbor-Device/Build/Products/Debug-iphoneos/ZipHarborUITests-Runner.app/PlugIns/ZipHarborUITests.xctest/ZipHarborUITests

GenerateDSYMFile /tmp/ZipHarbor-Device/Build/Products/Debug-iphoneos/ZipHarborUITests-Runner.app/PlugIns/ZipHarborUITests.xctest.dSYM /tmp/ZipHarbor-Device/Build/Products/Debug-iphoneos/ZipHarborUITests-Runner.app/PlugIns/ZipHarborUITests.xctest/ZipHarborUITests (in target 'ZipHarborUITests' from project 'ZipHarbor')
    cd /Users/USER/github_space/zip-app/ZipHarbor
    export PATH\=/Applications/Xcode.app/Contents/SharedFrameworks/SwiftBuild.framework/Versions/A/PlugIns/SWBBuildService.bundle/Contents/PlugIns/SWBUniversalPlatformPlugin.bundle/Contents/Frameworks/SWBUniversalPlatform.framework/Resources:/Applications/Xcode.app/Contents/Developer/Toolchains/XcodeDefault.xctoolchain/usr/bin:/Applications/Xcode.app/Contents/Developer/Toolchains/XcodeDefault.xctoolchain/usr/local/bin:/Applications/Xcode.app/Contents/Developer/Toolchains/XcodeDefault.xctoolchain/usr/libexec:/Applications/Xcode.app/Contents/Developer/Platforms/iPhoneOS.platform/usr/bin:/Applications/Xcode.app/Contents/Developer/Platforms/iPhoneOS.platform/usr/local/bin:/Applications/Xcode.app/Contents/Developer/Platforms/iPhoneOS.platform/Developer/usr/bin:/Applications/Xcode.app/Contents/Developer/Platforms/iPhoneOS.platform/Developer/usr/local/bin:/Applications/Xcode.app/Contents/Developer/usr/bin:/Applications/Xcode.app/Contents/Developer/usr/local/bin:/Users/USER/.codex/packages/app-server-daemon/releases/0.159.3-aarch64-apple-darwin/codex-path:/Users/USER/.antigravity-ide/antigravity-ide/bin:/opt/homebrew/opt/libpq/bin:/Users/USER/.cargo/bin:/Users/USER/bin:/Users/USER/.local/bin:/usr/local/bin:/opt/homebrew/bin:/opt/homebrew/sbin:/System/Cryptexes/App/usr/bin:/usr/bin:/bin:/usr/sbin:/sbin:/var/run/com.apple.security.cryptexd/codex.system/bootstrap/usr/local/bin:/var/run/com.apple.security.cryptexd/codex.system/bootstrap/usr/bin:/var/run/com.apple.security.cryptexd/codex.system/bootstrap/usr/appleinternal/bin:/pkg/env/global/bin:/Library/Apple/usr/bin:/Applications/VMware\ Fusion.app/Contents/Public:/Users/USER/.codex/tmp/arg0/codex-arg0jQmx0n:/Users/USER/.codex/tmp/arg0/codex-arg0fiC75j:/Users/USER/.codex/packages/app-server-daemon/releases/0.159.2-aarch64-apple-darwin/codex-path:/Users/USER/.codex/tmp/arg0/codex-arg0Pk2oVk:/Users/USER/.codex/packages/app-server-daemon/releases/0.159.0-aarch64-apple-darwin/codex-path:/Users/USER/.codex/tmp/arg0/codex-arg0P6dOMQ:/Users/USER/.codex/packages/app-server-daemon/releases/0.158.0-aarch64-apple-darwin/codex-path:/Users/USER/.codex/tmp/arg0/codex-arg0TwuA4p:/Users/USER/.codex/packages/app-server-daemon/releases/0.157.1-aarch64-apple-darwin/codex-path:/Users/USER/.codex/tmp/arg0/codex-arg0B5FiaY:/opt/homebrew/lib/node_modules/@openai/codex/node_modules/@openai/codex-darwin-arm64/vendor/aarch64-apple-darwin/codex-path:/Applications/iTerm.app/Contents/Resources/utilities
    /Applications/Xcode.app/Contents/Developer/Toolchains/XcodeDefault.xctoolchain/usr/bin/dsymutil /tmp/ZipHarbor-Device/Build/Products/Debug-iphoneos/ZipHarborUITests-Runner.app/PlugIns/ZipHarborUITests.xctest/ZipHarborUITests -o /tmp/ZipHarbor-Device/Build/Products/Debug-iphoneos/ZipHarborUITests-Runner.app/PlugIns/ZipHarborUITests.xctest.dSYM

CopySwiftLibs /tmp/ZipHarbor-Device/Build/Products/Debug-iphoneos/ZipHarborUITests-Runner.app/PlugIns/ZipHarborUITests.xctest (in target 'ZipHarborUITests' from project 'ZipHarbor')
    cd /Users/USER/github_space/zip-app/ZipHarbor
    builtin-swiftStdLibTool --copy --verbose --sign FFD2AF526670F8DE3BED6017FCAE181F2157970F --scan-executable /tmp/ZipHarbor-Device/Build/Products/Debug-iphoneos/ZipHarborUITests-Runner.app/PlugIns/ZipHarborUITests.xctest/ZipHarborUITests --scan-folder /tmp/ZipHarbor-Device/Build/Products/Debug-iphoneos/ZipHarborUITests-Runner.app/PlugIns/ZipHarborUITests.xctest/Frameworks --scan-folder /tmp/ZipHarbor-Device/Build/Products/Debug-iphoneos/ZipHarborUITests-Runner.app/PlugIns/ZipHarborUITests.xctest/PlugIns --scan-folder /tmp/ZipHarbor-Device/Build/Products/Debug-iphoneos/ZipHarborUITests-Runner.app/PlugIns/ZipHarborUITests.xctest/SystemExtensions --scan-folder /tmp/ZipHarbor-Device/Build/Products/Debug-iphoneos/ZipHarborUITests-Runner.app/PlugIns/ZipHarborUITests.xctest/Extensions --platform iphoneos --toolchain /Applications/Xcode.app/Contents/Developer/Toolchains/XcodeDefault.xctoolchain --destination /tmp/ZipHarbor-Device/Build/Products/Debug-iphoneos/ZipHarborUITests-Runner.app/PlugIns/ZipHarborUITests.xctest/Frameworks --strip-bitcode --scan-executable /Applications/Xcode.app/Contents/Developer/Platforms/iPhoneOS.platform/Developer/usr/lib/libXCTestSwiftSupport.dylib --strip-bitcode-tool /Applications/Xcode.app/Contents/Developer/Toolchains/XcodeDefault.xctoolchain/usr/bin/bitcode_strip --emit-dependency-info /tmp/ZipHarbor-Device/Build/Intermediates.noindex/ZipHarbor.build/Debug-iphoneos/ZipHarborUITests.build/SwiftStdLibToolInputDependencies.dep --filter-for-swift-os

ExtractAppIntentsMetadata (in target 'ZipHarborUITests' from project 'ZipHarbor')
    cd /Users/USER/github_space/zip-app/ZipHarbor
    /Applications/Xcode.app/Contents/Developer/Toolchains/XcodeDefault.xctoolchain/usr/bin/appintentsmetadataprocessor --toolchain-dir /Applications/Xcode.app/Contents/Developer/Toolchains/XcodeDefault.xctoolchain --module-name ZipHarborUITests --sdk-root /Applications/Xcode.app/Contents/Developer/Platforms/iPhoneOS.platform/Developer/SDKs/iPhoneOS27.0.sdk --xcode-version 27A266a --platform-family iOS --deployment-target 17.0 --bundle-identifier com.xiaolongxu.zipharbor.app.uitests --output /tmp/ZipHarbor-Device/Build/Products/Debug-iphoneos/ZipHarborUITests-Runner.app/PlugIns/ZipHarborUITests.xctest --target-triple arm64-apple-ios17.0 --binary-file /tmp/ZipHarbor-Device/Build/Products/Debug-iphoneos/ZipHarborUITests-Runner.app/PlugIns/ZipHarborUITests.xctest/ZipHarborUITests --dependency-file /tmp/ZipHarbor-Device/Build/Intermediates.noindex/ZipHarbor.build/Debug-iphoneos/ZipHarborUITests.build/Objects-normal/arm64/ZipHarborUITests_dependency_info.dat --stringsdata-file /tmp/ZipHarbor-Device/Build/Intermediates.noindex/ZipHarbor.build/Debug-iphoneos/ZipHarborUITests.build/Objects-normal/arm64/ExtractedAppShortcutsMetadata.stringsdata --source-file-list /tmp/ZipHarbor-Device/Build/Intermediates.noindex/ZipHarbor.build/Debug-iphoneos/ZipHarborUITests.build/Objects-normal/arm64/ZipHarborUITests.SwiftFileList --metadata-file-list /tmp/ZipHarbor-Device/Build/Intermediates.noindex/ZipHarbor.build/Debug-iphoneos/ZipHarborUITests.build/ZipHarborUITests.DependencyMetadataFileList --static-metadata-file-list /tmp/ZipHarbor-Device/Build/Intermediates.noindex/ZipHarbor.build/Debug-iphoneos/ZipHarborUITests.build/ZipHarborUITests.DependencyStaticMetadataFileList --swift-const-vals-list /tmp/ZipHarbor-Device/Build/Intermediates.noindex/ZipHarbor.build/Debug-iphoneos/ZipHarborUITests.build/Objects-normal/arm64/ZipHarborUITests.SwiftConstValuesFileList --compile-time-extraction --deployment-aware-processing --no-app-shortcuts-localization
2026-10-01 10:39:40.193 appintentsmetadataprocessor[42112:2812313] Starting appintentsmetadataprocessor export
2026-10-01 10:39:40.194 appintentsmetadataprocessor[42112:2812313] warning: Metadata extraction skipped, no AppIntents.framework dependency found

CodeSign /tmp/ZipHarbor-Device/Build/Products/Debug-iphoneos/ZipHarborUITests-Runner.app/PlugIns/ZipHarborUITests.xctest (in target 'ZipHarborUITests' from project 'ZipHarbor')
    cd /Users/USER/github_space/zip-app/ZipHarbor
    
    Signing Identity:     "Apple Development: xiaolong xu (HY7V43DS7R)"
    Provisioning Profile: "iOS Team Provisioning Profile: *"
                          (63dd1084-944d-4fc2-ba15-f1a3f72c90a3)
    
    /usr/bin/codesign --force --sign FFD2AF526670F8DE3BED6017FCAE181F2157970F --entitlements /tmp/ZipHarbor-Device/Build/Intermediates.noindex/ZipHarbor.build/Debug-iphoneos/ZipHarborUITests.build/ZipHarborUITests.xctest.xcent --timestamp\=none --generate-entitlement-der /tmp/ZipHarbor-Device/Build/Products/Debug-iphoneos/ZipHarborUITests-Runner.app/PlugIns/ZipHarborUITests.xctest

CodeSign /tmp/ZipHarbor-Device/Build/Products/Debug-iphoneos/ZipHarborUITests-Runner.app (in target 'ZipHarborUITests' from project 'ZipHarbor')
    cd /Users/USER/github_space/zip-app/ZipHarbor
    
    Signing Identity:     "Apple Development: xiaolong xu (HY7V43DS7R)"
    Provisioning Profile: "iOS Team Provisioning Profile: *"
                          (63dd1084-944d-4fc2-ba15-f1a3f72c90a3)
    
    /usr/bin/codesign --force --sign FFD2AF526670F8DE3BED6017FCAE181F2157970F --entitlements /tmp/ZipHarbor-Device/Build/Intermediates.noindex/ZipHarbor.build/Debug-iphoneos/ZipHarborUITests.build/ZipHarborUITests.xctest.xcent --timestamp\=none --generate-entitlement-der /tmp/ZipHarbor-Device/Build/Products/Debug-iphoneos/ZipHarborUITests-Runner.app
/tmp/ZipHarbor-Device/Build/Products/Debug-iphoneos/ZipHarborUITests-Runner.app: replacing existing signature

PruneExplicitPrecompiledModules /tmp/ZipHarbor-Device/SDKExplicitPrecompiledModules

PruneExplicitPrecompiledModules /tmp/ZipHarbor-Device/Build/Intermediates.noindex/ExplicitPrecompiledModules

PruneExplicitPrecompiledModules /tmp/ZipHarbor-Device/Build/Intermediates.noindex/SwiftExplicitPrecompiledModules

2026-10-01 10:39:43.123 xcodebuild[41953:2811100] [MT] Run Destination Preflight: The destination is not ready.
Error Domain=com.apple.dt.deviceprep Code=-3 "Unlock iPhone 14 验收设备 to Continue" UserInfo={NSRecoveryAttempter=<_DVTErrorRecoveryAttempter: 0xc4a3ef4e0>, NSLocalizedRecoveryOptions=(
    "Cancel Testing"
), NSLocalizedRecoverySuggestion=Xcode cannot launch ZipHarborTests on iPhone 14 验收设备 because the device is locked., DVTRecoveryBlockKey=<__NSMallocBlock__: 0xc47c86d60>, NSLocalizedDescription=Unlock iPhone 14 验收设备 to Continue}
2026-10-01 10:39:43.123 xcodebuild[41953:2811100] [MT] Run Destination Preflight: Waiting for the destination to become ready.
Testing started
In flight operation:   <DVTOperationGroup: 0xc4a382d00; state = AREfc>
     <IDEBuildOperationGroup: 0xc4a381980; state = AReFc>
         <DVTOperationGroup: 0xc4a381800; state = AReFc>
             <IDEXCBuildSupportCore.IDEXCBuildServiceBuildOperation:0xc473ff600:AReFc>
         <__DVTSwiftAsyncOperation: 0xc4a382700; state = AReFc>
         <DVTOperation: 0xc4a367980; state = aReFc>
         <DVTOperation: 0xc4a367c00; state = aReFc>
         <__DVTSwiftAsyncOperation: 0xc4a382580; state = AReFc>
         <__DVTSwiftAsyncOperation: 0xc4a381b00; state = AReFc>
         <DVTOperation: 0xc4a367ac0; state = aReFc>
         <__DVTSwiftAsyncOperation: 0xc4a382400; state = AReFc>
         <DVTOperation: 0xc4a367d40; state = aReFc>
     <DVTOperationGroup: 0xc4997f900; state = AREfc>
         <DVTOperation: 0xc49504780; name = 'Remove Log If Needed', state = aReFc>
         <DVTOperationGroup: 0xc4997fc00; state = AREfc>
             <DVTOperationGroup: 0xc4997fd80; state = AREfc>
                 <DVTOperationGroup: 0xc4997f780; state = AREfc>
                     <__DVTSwiftAsyncOperation: 0xc4997f300; state = AReFc>
                     <__DVTSwiftAsyncOperation: 0xc4997f600; state = AReFc>
                     <DVTOperation: 0xc49504280; state = aReFc>
                     <DVTOperationGroup: 0xc4a383d80; state = AREf!c, blocking { Blocking finish to clean up test session. }>
                         <DVTOperation: 0xc49febe80; state = aReFc>
                         <XCTHOperationGroup: 0xc4a383c00>
                             <XCTHOperationGroup: 0xc4a1e3900>
                                 <XCTHOperationGroup: 0xc49559980>
                                     <XCTHOperationGroup: 0xc49559680>{name = 'com.apple.dt.xctest.target-runner'}(Finishing blocked for reasons:
  waiting for workers to materialize
  )
                                         <XCTHOperationGroup: 0xc4a39c000>
                                             <XCTHOperationGroup: 0xc4a39cd80>
                                                 <IDERunOperation: 0xc4a39ca80; state = aReF!c, blocking { XCTHTestOperationCoordinator processing delay, Blocking finish to allow restarting of crashed test operations., Waiting for -runningDidFinish call. }>
                                                 worker: <IDERunOperationWorkerGroup: 0xc499bc9c0, unfinished subworkers : 
					<IDELaunchCoreDeviceWorker: 0xc499bc900 -- ExtensionIdentifier: Xcode.CoreDevice.Launch>
				 >

                                                 tracker: <IDEExecutionOperationTracker: 0xc4a467560: Testing project ZipHarbor with scheme ZipHarbor
	subtrackers=(
    "<IDEExecutionRunnableTracker: 0xc472a8180: subtrackers=none>"
)>

                                 <XCTHOperation: 0xc49504000>
                     <__DVTSwiftAsyncOperation: 0xc4997c480; state = AReFc>
                     <DVTOperation: 0xc49504140; state = aReFc>
                     <DVTOperation: 0xc49504500; state = arefc>
                     <DVTOperation: 0xc495043c0; state = arefc>
                     <IDESchemeActionResultOperation: 0xc49559800; state = Arefc>
                     <__DVTSwiftAsyncOperation: 0xc4997f000; state = AReFc>
             <DVTOperation: 0xc49504640; state = aReFc>
         <_IDETestingFinalizeLogsOperation: 0xc495048c0; name = 'Finalize test log', state = aref!c, blocking { waiting for test log to finish recording }>
<DVTOperationGroup: 0xc4a382d00; state = AREfc> created at:
  0   -[DVTOperation init] (in DVTFoundation)
  1   -[DVTOperationGroup init] (in DVTFoundation)
  2   +[DVTOperationGroup operationGroupWithSuboperations:] (in DVTFoundation)
  3   -[IDEScheme _groupAndImposeDependenciesForOrderedOperations:] (in IDEFoundation)
  4   -[IDEScheme _executionOperationForSchemeOperationParameters:build:onlyBuild:buildParameters:title:buildLog:dontActuallyRunCommands:restorePersistedBuildResults:deviceAvailableChecker:error:actionCallbackBlock:] (in IDEFoundation)
  5   -[IDEScheme(TestSchemeAction) schemeTestActionOperationForSchemeOperationParameters:onlyBuild:buildLog:deviceAvailableChecker:buildParameters:shouldBuild:restorePersistedBuildResults:error:completionBlock:] (in IDEFoundation)
  6   -[IDEScheme buildAndActionTaskForSchemeOperationParameters:shouldBuild:onlyBuild:buildParameters:buildLog:deviceAvailableChecker:restorePersistedBuildResults:dontActuallyRunCommands:error:completionBlock:] (in IDEFoundation)
  7   -[IDEScheme schemeOperationForSchemeOperationParameters:buildLog:overridingProperties:overridingBuildConfiguration:dontActuallyRunCommands:restorePersistedBuildResults:deviceAvailableChecker:error:completionBlock:] (in IDEFoundation)
  8   -[IDEScheme schemeOperationForSchemeOperationParameters:buildLog:overridingProperties:overridingBuildConfiguration:dontActuallyRunCommands:restorePersistedBuildResults:error:completionBlock:] (in IDEFoundation)
  9   -[Xcode3CommandLineBuildTool(TestSchemeAction) buildForTestSchemeCommandWantsSkip:buildAction:isProjectBuild:title:buildLog:isMoreDestinationsPending:runDestinations:runDestination:schemeCommand:executionEnvironment:restorePersistedBuildResults:operationToEnqueue:error:] (in Xcode3Core)
 10   -[Xcode3CommandLineBuildTool doSchemeBuildWithRunDestinations:runDestinationIdx:wantsSkip:buildActionTimingSection:timingSection:buildAction:isMoreDesinationsPending:actionResultBlock:title:buildLog:executionEnvironment:restorePersistedBuildResults:operationToEnqueue:error:] (in Xcode3Core)
 11   -[Xcode3CommandLineBuildTool doBuildForBuildAction:timingSection:colorize:colorizeFailure:error:] (in Xcode3Core)
 12   -[Xcode3CommandLineBuildTool _buildWithTimingSection:] (in Xcode3Core)
 13   -[Xcode3CommandLineBuildTool run] (in Xcode3Core)
 14   XcodeBuildMain (in libxcodebuildLoader.dylib)
 15   -[XcodebuildPreIDEHandler loadXcode3ProjectSupportAndRunXcode3CommandLineBuildToolWithArguments:] (in xcodebuild)
 16   -[XcodebuildPreIDEHandler runWithArguments:] (in xcodebuild)
 17   main (in xcodebuild)
 18   start (in dyld)

<IDEBuildOperationGroup: 0xc4a381980; state = AReFc> created at:
  0   -[DVTOperation init] (in DVTFoundation)
  1   -[DVTOperationGroup init] (in DVTFoundation)
  2   -[IDEBuildOperationGroup initWithBuildOperations:otherOperations:buildLog:] (in IDEFoundation)
  3   -[IDEBuildOperationGroup initWithBuildOperations:buildLog:] (in IDEFoundation)
  4   -[IDEScheme _buildOperationGroupForSchemeOperationParameters:primaryBuildParameters:variantSpecifiers:buildLog:dontActuallyRunCommands:restorePersistedBuildResults:schemeActionRecord:error:] (in IDEFoundation)
  5   -[IDEScheme _executionOperationForSchemeOperationParameters:build:onlyBuild:buildParameters:title:buildLog:dontActuallyRunCommands:restorePersistedBuildResults:deviceAvailableChecker:error:actionCallbackBlock:] (in IDEFoundation)
  6   -[IDEScheme(TestSchemeAction) schemeTestActionOperationForSchemeOperationParameters:onlyBuild:buildLog:deviceAvailableChecker:buildParameters:shouldBuild:restorePersistedBuildResults:error:completionBlock:] (in IDEFoundation)
  7   -[IDEScheme buildAndActionTaskForSchemeOperationParameters:shouldBuild:onlyBuild:buildParameters:buildLog:deviceAvailableChecker:restorePersistedBuildResults:dontActuallyRunCommands:error:completionBlock:] (in IDEFoundation)
  8   -[IDEScheme schemeOperationForSchemeOperationParameters:buildLog:overridingProperties:overridingBuildConfiguration:dontActuallyRunCommands:restorePersistedBuildResults:deviceAvailableChecker:error:completionBlock:] (in IDEFoundation)
  9   -[IDEScheme schemeOperationForSchemeOperationParameters:buildLog:overridingProperties:overridingBuildConfiguration:dontActuallyRunCommands:restorePersistedBuildResults:error:completionBlock:] (in IDEFoundation)
 10   -[Xcode3CommandLineBuildTool(TestSchemeAction) buildForTestSchemeCommandWantsSkip:buildAction:isProjectBuild:title:buildLog:isMoreDestinationsPending:runDestinations:runDestination:schemeCommand:executionEnvironment:restorePersistedBuildResults:operationToEnqueue:error:] (in Xcode3Core)
 11   -[Xcode3CommandLineBuildTool doSchemeBuildWithRunDestinations:runDestinationIdx:wantsSkip:buildActionTimingSection:timingSection:buildAction:isMoreDesinationsPending:actionResultBlock:title:buildLog:executionEnvironment:restorePersistedBuildResults:operationToEnqueue:error:] (in Xcode3Core)
 12   -[Xcode3CommandLineBuildTool doBuildForBuildAction:timingSection:colorize:colorizeFailure:error:] (in Xcode3Core)
 13   -[Xcode3CommandLineBuildTool _buildWithTimingSection:] (in Xcode3Core)
 14   -[Xcode3CommandLineBuildTool run] (in Xcode3Core)
 15   XcodeBuildMain (in libxcodebuildLoader.dylib)
 16   -[XcodebuildPreIDEHandler loadXcode3ProjectSupportAndRunXcode3CommandLineBuildToolWithArguments:] (in xcodebuild)
 17   -[XcodebuildPreIDEHandler runWithArguments:] (in xcodebuild)
 18   main (in xcodebuild)
 19   start (in dyld)

<DVTOperationGroup: 0xc4a381800; state = AReFc> created at:
  0   -[DVTOperation init] (in DVTFoundation)
  1   -[DVTOperationGroup init] (in DVTFoundation)
  2   +[DVTOperationGroup operationGroupWithSuboperations:] (in DVTFoundation)
  3   -[IDEBuildOperationGroup initWithBuildOperations:otherOperations:buildLog:] (in IDEFoundation)
  4   -[IDEBuildOperationGroup initWithBuildOperations:buildLog:] (in IDEFoundation)
  5   -[IDEScheme _buildOperationGroupForSchemeOperationParameters:primaryBuildParameters:variantSpecifiers:buildLog:dontActuallyRunCommands:restorePersistedBuildResults:schemeActionRecord:error:] (in IDEFoundation)
  6   -[IDEScheme _executionOperationForSchemeOperationParameters:build:onlyBuild:buildParameters:title:buildLog:dontActuallyRunCommands:restorePersistedBuildResults:deviceAvailableChecker:error:actionCallbackBlock:] (in IDEFoundation)
  7   -[IDEScheme(TestSchemeAction) schemeTestActionOperationForSchemeOperationParameters:onlyBuild:buildLog:deviceAvailableChecker:buildParameters:shouldBuild:restorePersistedBuildResults:error:completionBlock:] (in IDEFoundation)
  8   -[IDEScheme buildAndActionTaskForSchemeOperationParameters:shouldBuild:onlyBuild:buildParameters:buildLog:deviceAvailableChecker:restorePersistedBuildResults:dontActuallyRunCommands:error:completionBlock:] (in IDEFoundation)
  9   -[IDEScheme schemeOperationForSchemeOperationParameters:buildLog:overridingProperties:overridingBuildConfiguration:dontActuallyRunCommands:restorePersistedBuildResults:deviceAvailableChecker:error:completionBlock:] (in IDEFoundation)
 10   -[IDEScheme schemeOperationForSchemeOperationParameters:buildLog:overridingProperties:overridingBuildConfiguration:dontActuallyRunCommands:restorePersistedBuildResults:error:completionBlock:] (in IDEFoundation)
 11   -[Xcode3CommandLineBuildTool(TestSchemeAction) buildForTestSchemeCommandWantsSkip:buildAction:isProjectBuild:title:buildLog:isMoreDestinationsPending:runDestinations:runDestination:schemeCommand:executionEnvironment:restorePersistedBuildResults:operationToEnqueue:error:] (in Xcode3Core)
 12   -[Xcode3CommandLineBuildTool doSchemeBuildWithRunDestinations:runDestinationIdx:wantsSkip:buildActionTimingSection:timingSection:buildAction:isMoreDesinationsPending:actionResultBlock:title:buildLog:executionEnvironment:restorePersistedBuildResults:operationToEnqueue:error:] (in Xcode3Core)
 13   -[Xcode3CommandLineBuildTool doBuildForBuildAction:timingSection:colorize:colorizeFailure:error:] (in Xcode3Core)
 14   -[Xcode3CommandLineBuildTool _buildWithTimingSection:] (in Xcode3Core)
 15   -[Xcode3CommandLineBuildTool run] (in Xcode3Core)
 16   XcodeBuildMain (in libxcodebuildLoader.dylib)
 17   -[XcodebuildPreIDEHandler loadXcode3ProjectSupportAndRunXcode3CommandLineBuildToolWithArguments:] (in xcodebuild)
 18   -[XcodebuildPreIDEHandler runWithArguments:] (in xcodebuild)
 19   main (in xcodebuild)
 20   start (in dyld)

<IDEXCBuildSupportCore.IDEXCBuildServiceBuildOperation:0xc473ff600:AReFc> created at:
  0   -[DVTOperation init] (in DVTFoundation)
  1   -[IDEBuildOperation initWithConfiguration:] (in IDEFoundation)
  2   IDEXCBuildServiceBuildOperation.init(configuration:) (in IDEXCBuildSupportCore)
  3   @objc IDEXCBuildServiceBuildOperation.init(configuration:) (in IDEXCBuildSupportCore)
  4   -[IDEScheme _buildOperationGroupForSchemeOperationParameters:primaryBuildParameters:variantSpecifiers:buildLog:dontActuallyRunCommands:restorePersistedBuildResults:schemeActionRecord:error:] (in IDEFoundation)
  5   -[IDEScheme _executionOperationForSchemeOperationParameters:build:onlyBuild:buildParameters:title:buildLog:dontActuallyRunCommands:restorePersistedBuildResults:deviceAvailableChecker:error:actionCallbackBlock:] (in IDEFoundation)
  6   -[IDEScheme(TestSchemeAction) schemeTestActionOperationForSchemeOperationParameters:onlyBuild:buildLog:deviceAvailableChecker:buildParameters:shouldBuild:restorePersistedBuildResults:error:completionBlock:] (in IDEFoundation)
  7   -[IDEScheme buildAndActionTaskForSchemeOperationParameters:shouldBuild:onlyBuild:buildParameters:buildLog:deviceAvailableChecker:restorePersistedBuildResults:dontActuallyRunCommands:error:completionBlock:] (in IDEFoundation)
  8   -[IDEScheme schemeOperationForSchemeOperationParameters:buildLog:overridingProperties:overridingBuildConfiguration:dontActuallyRunCommands:restorePersistedBuildResults:deviceAvailableChecker:error:completionBlock:] (in IDEFoundation)
  9   -[IDEScheme schemeOperationForSchemeOperationParameters:buildLog:overridingProperties:overridingBuildConfiguration:dontActuallyRunCommands:restorePersistedBuildResults:error:completionBlock:] (in IDEFoundation)
 10   -[Xcode3CommandLineBuildTool(TestSchemeAction) buildForTestSchemeCommandWantsSkip:buildAction:isProjectBuild:title:buildLog:isMoreDestinationsPending:runDestinations:runDestination:schemeCommand:executionEnvironment:restorePersistedBuildResults:operationToEnqueue:error:] (in Xcode3Core)
 11   -[Xcode3CommandLineBuildTool doSchemeBuildWithRunDestinations:runDestinationIdx:wantsSkip:buildActionTimingSection:timingSection:buildAction:isMoreDesinationsPending:actionResultBlock:title:buildLog:executionEnvironment:restorePersistedBuildResults:operationToEnqueue:error:] (in Xcode3Core)
 12   -[Xcode3CommandLineBuildTool doBuildForBuildAction:timingSection:colorize:colorizeFailure:error:] (in Xcode3Core)
 13   -[Xcode3CommandLineBuildTool _buildWithTimingSection:] (in Xcode3Core)
 14   -[Xcode3CommandLineBuildTool run] (in Xcode3Core)
 15   XcodeBuildMain (in libxcodebuildLoader.dylib)
 16   -[XcodebuildPreIDEHandler loadXcode3ProjectSupportAndRunXcode3CommandLineBuildToolWithArguments:] (in xcodebuild)
 17   -[XcodebuildPreIDEHandler runWithArguments:] (in xcodebuild)
 18   main (in xcodebuild)
 19   start (in dyld)

<__DVTSwiftAsyncOperation: 0xc4a382700; state = AReFc> created at:
  0   -[DVTOperation init] (in DVTFoundation)
  1   @objc DVTAsyncOperation.init() (in DVTFoundation)
  2   @objc static DVTOperation.operationWithMainThreadBlock(_:) (in DVTFoundation)
  3   -[IDESchemeAction _setUpOperationsForPackageLoadingInWorkspace:handlePreActionsActivityLogSection:isCleanOperation:] (in IDEFoundation)
  4   -[IDESchemeAction setUpActionDependenciesForCorePhaseOperation:shouldRunPostActionsBlock:prePhaseEnvironmentPopulationBlock:postPhaseEnvironmentPopulationBlock:handlePreActionsActivityLogSection:handlePostActionsActivityLogSection:buildParameters:schemeActionResultOperation:error:] (in IDEFoundation)
  5   -[IDEScheme _buildOperationGroupForSchemeOperationParameters:primaryBuildParameters:variantSpecifiers:buildLog:dontActuallyRunCommands:restorePersistedBuildResults:schemeActionRecord:error:] (in IDEFoundation)
  6   -[IDEScheme _executionOperationForSchemeOperationParameters:build:onlyBuild:buildParameters:title:buildLog:dontActuallyRunCommands:restorePersistedBuildResults:deviceAvailableChecker:error:actionCallbackBlock:] (in IDEFoundation)
  7   -[IDEScheme(TestSchemeAction) schemeTestActionOperationForSchemeOperationParameters:onlyBuild:buildLog:deviceAvailableChecker:buildParameters:shouldBuild:restorePersistedBuildResults:error:completionBlock:] (in IDEFoundation)
  8   -[IDEScheme buildAndActionTaskForSchemeOperationParameters:shouldBuild:onlyBuild:buildParameters:buildLog:deviceAvailableChecker:restorePersistedBuildResults:dontActuallyRunCommands:error:completionBlock:] (in IDEFoundation)
  9   -[IDEScheme schemeOperationForSchemeOperationParameters:buildLog:overridingProperties:overridingBuildConfiguration:dontActuallyRunCommands:restorePersistedBuildResults:deviceAvailableChecker:error:completionBlock:] (in IDEFoundation)
 10   -[IDEScheme schemeOperationForSchemeOperationParameters:buildLog:overridingProperties:overridingBuildConfiguration:dontActuallyRunCommands:restorePersistedBuildResults:error:completionBlock:] (in IDEFoundation)
 11   -[Xcode3CommandLineBuildTool(TestSchemeAction) buildForTestSchemeCommandWantsSkip:buildAction:isProjectBuild:title:buildLog:isMoreDestinationsPending:runDestinations:runDestination:schemeCommand:executionEnvironment:restorePersistedBuildResults:operationToEnqueue:error:] (in Xcode3Core)
 12   -[Xcode3CommandLineBuildTool doSchemeBuildWithRunDestinations:runDestinationIdx:wantsSkip:buildActionTimingSection:timingSection:buildAction:isMoreDesinationsPending:actionResultBlock:title:buildLog:executionEnvironment:restorePersistedBuildResults:operationToEnqueue:error:] (in Xcode3Core)
 13   -[Xcode3CommandLineBuildTool doBuildForBuildAction:timingSection:colorize:colorizeFailure:error:] (in Xcode3Core)
 14   -[Xcode3CommandLineBuildTool _buildWithTimingSection:] (in Xcode3Core)
 15   -[Xcode3CommandLineBuildTool run] (in Xcode3Core)
 16   XcodeBuildMain (in libxcodebuildLoader.dylib)
 17   -[XcodebuildPreIDEHandler loadXcode3ProjectSupportAndRunXcode3CommandLineBuildToolWithArguments:] (in xcodebuild)
 18   -[XcodebuildPreIDEHandler runWithArguments:] (in xcodebuild)
 19   main (in xcodebuild)
 20   start (in dyld)

<DVTOperation: 0xc4a367980; state = aReFc> created at:
  0   -[DVTOperation init] (in DVTFoundation)
  1   +[DVTOperation(DVTConveniences) operationWithBlock:] (in DVTFoundation)
  2   -[IDESchemeAction setUpActionDependenciesForCorePhaseOperation:shouldRunPostActionsBlock:prePhaseEnvironmentPopulationBlock:postPhaseEnvironmentPopulationBlock:handlePreActionsActivityLogSection:handlePostActionsActivityLogSection:buildParameters:schemeActionResultOperation:error:] (in IDEFoundation)
  3   -[IDEScheme _buildOperationGroupForSchemeOperationParameters:primaryBuildParameters:variantSpecifiers:buildLog:dontActuallyRunCommands:restorePersistedBuildResults:schemeActionRecord:error:] (in IDEFoundation)
  4   -[IDEScheme _executionOperationForSchemeOperationParameters:build:onlyBuild:buildParameters:title:buildLog:dontActuallyRunCommands:restorePersistedBuildResults:deviceAvailableChecker:error:actionCallbackBlock:] (in IDEFoundation)
  5   -[IDEScheme(TestSchemeAction) schemeTestActionOperationForSchemeOperationParameters:onlyBuild:buildLog:deviceAvailableChecker:buildParameters:shouldBuild:restorePersistedBuildResults:error:completionBlock:] (in IDEFoundation)
  6   -[IDEScheme buildAndActionTaskForSchemeOperationParameters:shouldBuild:onlyBuild:buildParameters:buildLog:deviceAvailableChecker:restorePersistedBuildResults:dontActuallyRunCommands:error:completionBlock:] (in IDEFoundation)
  7   -[IDEScheme schemeOperationForSchemeOperationParameters:buildLog:overridingProperties:overridingBuildConfiguration:dontActuallyRunCommands:restorePersistedBuildResults:deviceAvailableChecker:error:completionBlock:] (in IDEFoundation)
  8   -[IDEScheme schemeOperationForSchemeOperationParameters:buildLog:overridingProperties:overridingBuildConfiguration:dontActuallyRunCommands:restorePersistedBuildResults:error:completionBlock:] (in IDEFoundation)
  9   -[Xcode3CommandLineBuildTool(TestSchemeAction) buildForTestSchemeCommandWantsSkip:buildAction:isProjectBuild:title:buildLog:isMoreDestinationsPending:runDestinations:runDestination:schemeCommand:executionEnvironment:restorePersistedBuildResults:operationToEnqueue:error:] (in Xcode3Core)
 10   -[Xcode3CommandLineBuildTool doSchemeBuildWithRunDestinations:runDestinationIdx:wantsSkip:buildActionTimingSection:timingSection:buildAction:isMoreDesinationsPending:actionResultBlock:title:buildLog:executionEnvironment:restorePersistedBuildResults:operationToEnqueue:error:] (in Xcode3Core)
 11   -[Xcode3CommandLineBuildTool doBuildForBuildAction:timingSection:colorize:colorizeFailure:error:] (in Xcode3Core)
 12   -[Xcode3CommandLineBuildTool _buildWithTimingSection:] (in Xcode3Core)
 13   -[Xcode3CommandLineBuildTool run] (in Xcode3Core)
 14   XcodeBuildMain (in libxcodebuildLoader.dylib)
 15   -[XcodebuildPreIDEHandler loadXcode3ProjectSupportAndRunXcode3CommandLineBuildToolWithArguments:] (in xcodebuild)
 16   -[XcodebuildPreIDEHandler runWithArguments:] (in xcodebuild)
 17   main (in xcodebuild)
 18   start (in dyld)

<DVTOperation: 0xc4a367c00; state = aReFc> created at:
  0   -[DVTOperation init] (in DVTFoundation)
  1   +[DVTOperation(DVTConveniences) operationWithBlock:] (in DVTFoundation)
  2   -[IDESchemeAction setUpActionDependenciesForCorePhaseOperation:shouldRunPostActionsBlock:prePhaseEnvironmentPopulationBlock:postPhaseEnvironmentPopulationBlock:handlePreActionsActivityLogSection:handlePostActionsActivityLogSection:buildParameters:schemeActionResultOperation:error:] (in IDEFoundation)
  3   -[IDEScheme _buildOperationGroupForSchemeOperationParameters:primaryBuildParameters:variantSpecifiers:buildLog:dontActuallyRunCommands:restorePersistedBuildResults:schemeActionRecord:error:] (in IDEFoundation)
  4   -[IDEScheme _executionOperationForSchemeOperationParameters:build:onlyBuild:buildParameters:title:buildLog:dontActuallyRunCommands:restorePersistedBuildResults:deviceAvailableChecker:error:actionCallbackBlock:] (in IDEFoundation)
  5   -[IDEScheme(TestSchemeAction) schemeTestActionOperationForSchemeOperationParameters:onlyBuild:buildLog:deviceAvailableChecker:buildParameters:shouldBuild:restorePersistedBuildResults:error:completionBlock:] (in IDEFoundation)
  6   -[IDEScheme buildAndActionTaskForSchemeOperationParameters:shouldBuild:onlyBuild:buildParameters:buildLog:deviceAvailableChecker:restorePersistedBuildResults:dontActuallyRunCommands:error:completionBlock:] (in IDEFoundation)
  7   -[IDEScheme schemeOperationForSchemeOperationParameters:buildLog:overridingProperties:overridingBuildConfiguration:dontActuallyRunCommands:restorePersistedBuildResults:deviceAvailableChecker:error:completionBlock:] (in IDEFoundation)
  8   -[IDEScheme schemeOperationForSchemeOperationParameters:buildLog:overridingProperties:overridingBuildConfiguration:dontActuallyRunCommands:restorePersistedBuildResults:error:completionBlock:] (in IDEFoundation)
  9   -[Xcode3CommandLineBuildTool(TestSchemeAction) buildForTestSchemeCommandWantsSkip:buildAction:isProjectBuild:title:buildLog:isMoreDestinationsPending:runDestinations:runDestination:schemeCommand:executionEnvironment:restorePersistedBuildResults:operationToEnqueue:error:] (in Xcode3Core)
 10   -[Xcode3CommandLineBuildTool doSchemeBuildWithRunDestinations:runDestinationIdx:wantsSkip:buildActionTimingSection:timingSection:buildAction:isMoreDesinationsPending:actionResultBlock:title:buildLog:executionEnvironment:restorePersistedBuildResults:operationToEnqueue:error:] (in Xcode3Core)
 11   -[Xcode3CommandLineBuildTool doBuildForBuildAction:timingSection:colorize:colorizeFailure:error:] (in Xcode3Core)
 12   -[Xcode3CommandLineBuildTool _buildWithTimingSection:] (in Xcode3Core)
 13   -[Xcode3CommandLineBuildTool run] (in Xcode3Core)
 14   XcodeBuildMain (in libxcodebuildLoader.dylib)
 15   -[XcodebuildPreIDEHandler loadXcode3ProjectSupportAndRunXcode3CommandLineBuildToolWithArguments:] (in xcodebuild)
 16   -[XcodebuildPreIDEHandler runWithArguments:] (in xcodebuild)
 17   main (in xcodebuild)
 18   start (in dyld)

<__DVTSwiftAsyncOperation: 0xc4a382580; state = AReFc> created at:
  0   -[DVTOperation init] (in DVTFoundation)
  1   @objc DVTAsyncOperation.init() (in DVTFoundation)
  2   @objc static DVTOperation.operationWithMainThreadBlock(_:) (in DVTFoundation)
  3   -[IDESchemeAction _setUpOperationsForPackageLoadingInWorkspace:handlePreActionsActivityLogSection:isCleanOperation:] (in IDEFoundation)
  4   -[IDESchemeAction setUpActionDependenciesForCorePhaseOperation:shouldRunPostActionsBlock:prePhaseEnvironmentPopulationBlock:postPhaseEnvironmentPopulationBlock:handlePreActionsActivityLogSection:handlePostActionsActivityLogSection:buildParameters:schemeActionResultOperation:error:] (in IDEFoundation)
  5   -[IDEScheme _buildOperationGroupForSchemeOperationParameters:primaryBuildParameters:variantSpecifiers:buildLog:dontActuallyRunCommands:restorePersistedBuildResults:schemeActionRecord:error:] (in IDEFoundation)
  6   -[IDEScheme _executionOperationForSchemeOperationParameters:build:onlyBuild:buildParameters:title:buildLog:dontActuallyRunCommands:restorePersistedBuildResults:deviceAvailableChecker:error:actionCallbackBlock:] (in IDEFoundation)
  7   -[IDEScheme(TestSchemeAction) schemeTestActionOperationForSchemeOperationParameters:onlyBuild:buildLog:deviceAvailableChecker:buildParameters:shouldBuild:restorePersistedBuildResults:error:completionBlock:] (in IDEFoundation)
  8   -[IDEScheme buildAndActionTaskForSchemeOperationParameters:shouldBuild:onlyBuild:buildParameters:buildLog:deviceAvailableChecker:restorePersistedBuildResults:dontActuallyRunCommands:error:completionBlock:] (in IDEFoundation)
  9   -[IDEScheme schemeOperationForSchemeOperationParameters:buildLog:overridingProperties:overridingBuildConfiguration:dontActuallyRunCommands:restorePersistedBuildResults:deviceAvailableChecker:error:completionBlock:] (in IDEFoundation)
 10   -[IDEScheme schemeOperationForSchemeOperationParameters:buildLog:overridingProperties:overridingBuildConfiguration:dontActuallyRunCommands:restorePersistedBuildResults:error:completionBlock:] (in IDEFoundation)
 11   -[Xcode3CommandLineBuildTool(TestSchemeAction) buildForTestSchemeCommandWantsSkip:buildAction:isProjectBuild:title:buildLog:isMoreDestinationsPending:runDestinations:runDestination:schemeCommand:executionEnvironment:restorePersistedBuildResults:operationToEnqueue:error:] (in Xcode3Core)
 12   -[Xcode3CommandLineBuildTool doSchemeBuildWithRunDestinations:runDestinationIdx:wantsSkip:buildActionTimingSection:timingSection:buildAction:isMoreDesinationsPending:actionResultBlock:title:buildLog:executionEnvironment:restorePersistedBuildResults:operationToEnqueue:error:] (in Xcode3Core)
 13   -[Xcode3CommandLineBuildTool doBuildForBuildAction:timingSection:colorize:colorizeFailure:error:] (in Xcode3Core)
 14   -[Xcode3CommandLineBuildTool _buildWithTimingSection:] (in Xcode3Core)
 15   -[Xcode3CommandLineBuildTool run] (in Xcode3Core)
 16   XcodeBuildMain (in libxcodebuildLoader.dylib)
 17   -[XcodebuildPreIDEHandler loadXcode3ProjectSupportAndRunXcode3CommandLineBuildToolWithArguments:] (in xcodebuild)
 18   -[XcodebuildPreIDEHandler runWithArguments:] (in xcodebuild)
 19   main (in xcodebuild)
 20   start (in dyld)

<__DVTSwiftAsyncOperation: 0xc4a381b00; state = AReFc> created at:
  0   -[DVTOperation init] (in DVTFoundation)
  1   @objc DVTAsyncOperation.init() (in DVTFoundation)
  2   static DVTOperation.awaiting(_:) (in DVTFoundation)
  3   @objc static IDESchemeAction.operationToWaitForFinishedLoadingOperation(of:) (in IDEFoundation)
  4   -[IDESchemeAction setUpActionDependenciesForCorePhaseOperation:shouldRunPostActionsBlock:prePhaseEnvironmentPopulationBlock:postPhaseEnvironmentPopulationBlock:handlePreActionsActivityLogSection:handlePostActionsActivityLogSection:buildParameters:schemeActionResultOperation:error:] (in IDEFoundation)
  5   -[IDEScheme _buildOperationGroupForSchemeOperationParameters:primaryBuildParameters:variantSpecifiers:buildLog:dontActuallyRunCommands:restorePersistedBuildResults:schemeActionRecord:error:] (in IDEFoundation)
  6   -[IDEScheme _executionOperationForSchemeOperationParameters:build:onlyBuild:buildParameters:title:buildLog:dontActuallyRunCommands:restorePersistedBuildResults:deviceAvailableChecker:error:actionCallbackBlock:] (in IDEFoundation)
  7   -[IDEScheme(TestSchemeAction) schemeTestActionOperationForSchemeOperationParameters:onlyBuild:buildLog:deviceAvailableChecker:buildParameters:shouldBuild:restorePersistedBuildResults:error:completionBlock:] (in IDEFoundation)
  8   -[IDEScheme buildAndActionTaskForSchemeOperationParameters:shouldBuild:onlyBuild:buildParameters:buildLog:deviceAvailableChecker:restorePersistedBuildResults:dontActuallyRunCommands:error:completionBlock:] (in IDEFoundation)
  9   -[IDEScheme schemeOperationForSchemeOperationParameters:buildLog:overridingProperties:overridingBuildConfiguration:dontActuallyRunCommands:restorePersistedBuildResults:deviceAvailableChecker:error:completionBlock:] (in IDEFoundation)
 10   -[IDEScheme schemeOperationForSchemeOperationParameters:buildLog:overridingProperties:overridingBuildConfiguration:dontActuallyRunCommands:restorePersistedBuildResults:error:completionBlock:] (in IDEFoundation)
 11   -[Xcode3CommandLineBuildTool(TestSchemeAction) buildForTestSchemeCommandWantsSkip:buildAction:isProjectBuild:title:buildLog:isMoreDestinationsPending:runDestinations:runDestination:schemeCommand:executionEnvironment:restorePersistedBuildResults:operationToEnqueue:error:] (in Xcode3Core)
 12   -[Xcode3CommandLineBuildTool doSchemeBuildWithRunDestinations:runDestinationIdx:wantsSkip:buildActionTimingSection:timingSection:buildAction:isMoreDesinationsPending:actionResultBlock:title:buildLog:executionEnvironment:restorePersistedBuildResults:operationToEnqueue:error:] (in Xcode3Core)
 13   -[Xcode3CommandLineBuildTool doBuildForBuildAction:timingSection:colorize:colorizeFailure:error:] (in Xcode3Core)
 14   -[Xcode3CommandLineBuildTool _buildWithTimingSection:] (in Xcode3Core)
 15   -[Xcode3CommandLineBuildTool run] (in Xcode3Core)
 16   XcodeBuildMain (in libxcodebuildLoader.dylib)
 17   -[XcodebuildPreIDEHandler loadXcode3ProjectSupportAndRunXcode3CommandLineBuildToolWithArguments:] (in xcodebuild)
 18   -[XcodebuildPreIDEHandler runWithArguments:] (in xcodebuild)
 19   main (in xcodebuild)
 20   start (in dyld)

<DVTOperation: 0xc4a367ac0; state = aReFc> created at:
  0   -[DVTOperation init] (in DVTFoundation)
  1   +[DVTOperation(DVTConveniences) operationWithBlock:] (in DVTFoundation)
  2   -[IDESchemeAction setUpActionDependenciesForCorePhaseOperation:shouldRunPostActionsBlock:prePhaseEnvironmentPopulationBlock:postPhaseEnvironmentPopulationBlock:handlePreActionsActivityLogSection:handlePostActionsActivityLogSection:buildParameters:schemeActionResultOperation:error:] (in IDEFoundation)
  3   -[IDEScheme _buildOperationGroupForSchemeOperationParameters:primaryBuildParameters:variantSpecifiers:buildLog:dontActuallyRunCommands:restorePersistedBuildResults:schemeActionRecord:error:] (in IDEFoundation)
  4   -[IDEScheme _executionOperationForSchemeOperationParameters:build:onlyBuild:buildParameters:title:buildLog:dontActuallyRunCommands:restorePersistedBuildResults:deviceAvailableChecker:error:actionCallbackBlock:] (in IDEFoundation)
  5   -[IDEScheme(TestSchemeAction) schemeTestActionOperationForSchemeOperationParameters:onlyBuild:buildLog:deviceAvailableChecker:buildParameters:shouldBuild:restorePersistedBuildResults:error:completionBlock:] (in IDEFoundation)
  6   -[IDEScheme buildAndActionTaskForSchemeOperationParameters:shouldBuild:onlyBuild:buildParameters:buildLog:deviceAvailableChecker:restorePersistedBuildResults:dontActuallyRunCommands:error:completionBlock:] (in IDEFoundation)
  7   -[IDEScheme schemeOperationForSchemeOperationParameters:buildLog:overridingProperties:overridingBuildConfiguration:dontActuallyRunCommands:restorePersistedBuildResults:deviceAvailableChecker:error:completionBlock:] (in IDEFoundation)
  8   -[IDEScheme schemeOperationForSchemeOperationParameters:buildLog:overridingProperties:overridingBuildConfiguration:dontActuallyRunCommands:restorePersistedBuildResults:error:completionBlock:] (in IDEFoundation)
  9   -[Xcode3CommandLineBuildTool(TestSchemeAction) buildForTestSchemeCommandWantsSkip:buildAction:isProjectBuild:title:buildLog:isMoreDestinationsPending:runDestinations:runDestination:schemeCommand:executionEnvironment:restorePersistedBuildResults:operationToEnqueue:error:] (in Xcode3Core)
 10   -[Xcode3CommandLineBuildTool doSchemeBuildWithRunDestinations:runDestinationIdx:wantsSkip:buildActionTimingSection:timingSection:buildAction:isMoreDesinationsPending:actionResultBlock:title:buildLog:executionEnvironment:restorePersistedBuildResults:operationToEnqueue:error:] (in Xcode3Core)
 11   -[Xcode3CommandLineBuildTool doBuildForBuildAction:timingSection:colorize:colorizeFailure:error:] (in Xcode3Core)
 12   -[Xcode3CommandLineBuildTool _buildWithTimingSection:] (in Xcode3Core)
 13   -[Xcode3CommandLineBuildTool run] (in Xcode3Core)
 14   XcodeBuildMain (in libxcodebuildLoader.dylib)
 15   -[XcodebuildPreIDEHandler loadXcode3ProjectSupportAndRunXcode3CommandLineBuildToolWithArguments:] (in xcodebuild)
 16   -[XcodebuildPreIDEHandler runWithArguments:] (in xcodebuild)
 17   main (in xcodebuild)
 18   start (in dyld)

<__DVTSwiftAsyncOperation: 0xc4a382400; state = AReFc> created at:
  0   -[DVTOperation init] (in DVTFoundation)
  1   @objc DVTAsyncOperation.init() (in DVTFoundation)
  2   static DVTOperation.awaiting(_:) (in DVTFoundation)
  3   @objc static IDESchemeAction.operationToWaitForFinishedLoadingOperation(of:) (in IDEFoundation)
  4   -[IDESchemeAction _setUpOperationsForPackageLoadingInWorkspace:handlePreActionsActivityLogSection:isCleanOperation:] (in IDEFoundation)
  5   -[IDESchemeAction setUpActionDependenciesForCorePhaseOperation:shouldRunPostActionsBlock:prePhaseEnvironmentPopulationBlock:postPhaseEnvironmentPopulationBlock:handlePreActionsActivityLogSection:handlePostActionsActivityLogSection:buildParameters:schemeActionResultOperation:error:] (in IDEFoundation)
  6   -[IDEScheme _buildOperationGroupForSchemeOperationParameters:primaryBuildParameters:variantSpecifiers:buildLog:dontActuallyRunCommands:restorePersistedBuildResults:schemeActionRecord:error:] (in IDEFoundation)
  7   -[IDEScheme _executionOperationForSchemeOperationParameters:build:onlyBuild:buildParameters:title:buildLog:dontActuallyRunCommands:restorePersistedBuildResults:deviceAvailableChecker:error:actionCallbackBlock:] (in IDEFoundation)
  8   -[IDEScheme(TestSchemeAction) schemeTestActionOperationForSchemeOperationParameters:onlyBuild:buildLog:deviceAvailableChecker:buildParameters:shouldBuild:restorePersistedBuildResults:error:completionBlock:] (in IDEFoundation)
  9   -[IDEScheme buildAndActionTaskForSchemeOperationParameters:shouldBuild:onlyBuild:buildParameters:buildLog:deviceAvailableChecker:restorePersistedBuildResults:dontActuallyRunCommands:error:completionBlock:] (in IDEFoundation)
 10   -[IDEScheme schemeOperationForSchemeOperationParameters:buildLog:overridingProperties:overridingBuildConfiguration:dontActuallyRunCommands:restorePersistedBuildResults:deviceAvailableChecker:error:completionBlock:] (in IDEFoundation)
 11   -[IDEScheme schemeOperationForSchemeOperationParameters:buildLog:overridingProperties:overridingBuildConfiguration:dontActuallyRunCommands:restorePersistedBuildResults:error:completionBlock:] (in IDEFoundation)
 12   -[Xcode3CommandLineBuildTool(TestSchemeAction) buildForTestSchemeCommandWantsSkip:buildAction:isProjectBuild:title:buildLog:isMoreDestinationsPending:runDestinations:runDestination:schemeCommand:executionEnvironment:restorePersistedBuildResults:operationToEnqueue:error:] (in Xcode3Core)
 13   -[Xcode3CommandLineBuildTool doSchemeBuildWithRunDestinations:runDestinationIdx:wantsSkip:buildActionTimingSection:timingSection:buildAction:isMoreDesinationsPending:actionResultBlock:title:buildLog:executionEnvironment:restorePersistedBuildResults:operationToEnqueue:error:] (in Xcode3Core)
 14   -[Xcode3CommandLineBuildTool doBuildForBuildAction:timingSection:colorize:colorizeFailure:error:] (in Xcode3Core)
 15   -[Xcode3CommandLineBuildTool _buildWithTimingSection:] (in Xcode3Core)
 16   -[Xcode3CommandLineBuildTool run] (in Xcode3Core)
 17   XcodeBuildMain (in libxcodebuildLoader.dylib)
 18   -[XcodebuildPreIDEHandler loadXcode3ProjectSupportAndRunXcode3CommandLineBuildToolWithArguments:] (in xcodebuild)
 19   -[XcodebuildPreIDEHandler runWithArguments:] (in xcodebuild)
 20   main (in xcodebuild)
 21   start (in dyld)

<DVTOperation: 0xc4a367d40; state = aReFc> created at:
  0   -[DVTOperation init] (in DVTFoundation)
  1   +[DVTOperation(DVTConveniences) operationWithBlock:] (in DVTFoundation)
  2   -[IDESchemeAction setUpActionDependenciesForCorePhaseOperation:shouldRunPostActionsBlock:prePhaseEnvironmentPopulationBlock:postPhaseEnvironmentPopulationBlock:handlePreActionsActivityLogSection:handlePostActionsActivityLogSection:buildParameters:schemeActionResultOperation:error:] (in IDEFoundation)
  3   -[IDEScheme _buildOperationGroupForSchemeOperationParameters:primaryBuildParameters:variantSpecifiers:buildLog:dontActuallyRunCommands:restorePersistedBuildResults:schemeActionRecord:error:] (in IDEFoundation)
  4   -[IDEScheme _executionOperationForSchemeOperationParameters:build:onlyBuild:buildParameters:title:buildLog:dontActuallyRunCommands:restorePersistedBuildResults:deviceAvailableChecker:error:actionCallbackBlock:] (in IDEFoundation)
  5   -[IDEScheme(TestSchemeAction) schemeTestActionOperationForSchemeOperationParameters:onlyBuild:buildLog:deviceAvailableChecker:buildParameters:shouldBuild:restorePersistedBuildResults:error:completionBlock:] (in IDEFoundation)
  6   -[IDEScheme buildAndActionTaskForSchemeOperationParameters:shouldBuild:onlyBuild:buildParameters:buildLog:deviceAvailableChecker:restorePersistedBuildResults:dontActuallyRunCommands:error:completionBlock:] (in IDEFoundation)
  7   -[IDEScheme schemeOperationForSchemeOperationParameters:buildLog:overridingProperties:overridingBuildConfiguration:dontActuallyRunCommands:restorePersistedBuildResults:deviceAvailableChecker:error:completionBlock:] (in IDEFoundation)
  8   -[IDEScheme schemeOperationForSchemeOperationParameters:buildLog:overridingProperties:overridingBuildConfiguration:dontActuallyRunCommands:restorePersistedBuildResults:error:completionBlock:] (in IDEFoundation)
  9   -[Xcode3CommandLineBuildTool(TestSchemeAction) buildForTestSchemeCommandWantsSkip:buildAction:isProjectBuild:title:buildLog:isMoreDestinationsPending:runDestinations:runDestination:schemeCommand:executionEnvironment:restorePersistedBuildResults:operationToEnqueue:error:] (in Xcode3Core)
 10   -[Xcode3CommandLineBuildTool doSchemeBuildWithRunDestinations:runDestinationIdx:wantsSkip:buildActionTimingSection:timingSection:buildAction:isMoreDesinationsPending:actionResultBlock:title:buildLog:executionEnvironment:restorePersistedBuildResults:operationToEnqueue:error:] (in Xcode3Core)
 11   -[Xcode3CommandLineBuildTool doBuildForBuildAction:timingSection:colorize:colorizeFailure:error:] (in Xcode3Core)
 12   -[Xcode3CommandLineBuildTool _buildWithTimingSection:] (in Xcode3Core)
 13   -[Xcode3CommandLineBuildTool run] (in Xcode3Core)
 14   XcodeBuildMain (in libxcodebuildLoader.dylib)
 15   -[XcodebuildPreIDEHandler loadXcode3ProjectSupportAndRunXcode3CommandLineBuildToolWithArguments:] (in xcodebuild)
 16   -[XcodebuildPreIDEHandler runWithArguments:] (in xcodebuild)
 17   main (in xcodebuild)
 18   start (in dyld)

<DVTOperationGroup: 0xc4997f900; state = AREfc> created at:
  0   -[DVTOperation init] (in DVTFoundation)
  1   -[DVTOperationGroup init] (in DVTFoundation)
  2   +[DVTOperationGroup operationGroupWithSuboperations:] (in DVTFoundation)
  3   -[IDETestSchemeAction testOperationWithSchemeOperationParameters:testManager:buildOperation:buildParameters:schemeCommand:actionRecord:testPlanRunSpecifications:deviceAvailableChecker:outError:actionCallbackBlock:] (in IDEFoundation)
  4   -[IDEScheme(TestSchemeAction) executionOperationForTestSchemeActionWithOperationParameters:command:buildOperationVariantSpecifiers:buildOperationGroup:schemeActionResult:buildParameters:shouldOnlyBuild:runDestination:orderedOperations:schemeActionRecord:deviceAvailableChecker:actionCallbackBlock:error:] (in IDEFoundation)
  5   -[IDEScheme _executionOperationForSchemeOperationParameters:build:onlyBuild:buildParameters:title:buildLog:dontActuallyRunCommands:restorePersistedBuildResults:deviceAvailableChecker:error:actionCallbackBlock:] (in IDEFoundation)
  6   -[IDEScheme(TestSchemeAction) schemeTestActionOperationForSchemeOperationParameters:onlyBuild:buildLog:deviceAvailableChecker:buildParameters:shouldBuild:restorePersistedBuildResults:error:completionBlock:] (in IDEFoundation)
  7   -[IDEScheme buildAndActionTaskForSchemeOperationParameters:shouldBuild:onlyBuild:buildParameters:buildLog:deviceAvailableChecker:restorePersistedBuildResults:dontActuallyRunCommands:error:completionBlock:] (in IDEFoundation)
  8   -[IDEScheme schemeOperationForSchemeOperationParameters:buildLog:overridingProperties:overridingBuildConfiguration:dontActuallyRunCommands:restorePersistedBuildResults:deviceAvailableChecker:error:completionBlock:] (in IDEFoundation)
  9   -[IDEScheme schemeOperationForSchemeOperationParameters:buildLog:overridingProperties:overridingBuildConfiguration:dontActuallyRunCommands:restorePersistedBuildResults:error:completionBlock:] (in IDEFoundation)
 10   -[Xcode3CommandLineBuildTool(TestSchemeAction) buildForTestSchemeCommandWantsSkip:buildAction:isProjectBuild:title:buildLog:isMoreDestinationsPending:runDestinations:runDestination:schemeCommand:executionEnvironment:restorePersistedBuildResults:operationToEnqueue:error:] (in Xcode3Core)
 11   -[Xcode3CommandLineBuildTool doSchemeBuildWithRunDestinations:runDestinationIdx:wantsSkip:buildActionTimingSection:timingSection:buildAction:isMoreDesinationsPending:actionResultBlock:title:buildLog:executionEnvironment:restorePersistedBuildResults:operationToEnqueue:error:] (in Xcode3Core)
 12   -[Xcode3CommandLineBuildTool doBuildForBuildAction:timingSection:colorize:colorizeFailure:error:] (in Xcode3Core)
 13   -[Xcode3CommandLineBuildTool _buildWithTimingSection:] (in Xcode3Core)
 14   -[Xcode3CommandLineBuildTool run] (in Xcode3Core)
 15   XcodeBuildMain (in libxcodebuildLoader.dylib)
 16   -[XcodebuildPreIDEHandler loadXcode3ProjectSupportAndRunXcode3CommandLineBuildToolWithArguments:] (in xcodebuild)
 17   -[XcodebuildPreIDEHandler runWithArguments:] (in xcodebuild)
 18   main (in xcodebuild)
 19   start (in dyld)

<DVTOperation: 0xc49504780; name = 'Remove Log If Needed', state = aReFc> created at:
  0   -[DVTOperation init] (in DVTFoundation)
  1   +[DVTOperation(DVTConveniences) operationWithBlock:] (in DVTFoundation)
  2   -[IDETestSchemeAction _removeLogIfNeededOperationWithLogStore:logRecord:buildOperation:] (in IDEFoundation)
  3   -[IDETestSchemeAction testOperationWithSchemeOperationParameters:testManager:buildOperation:buildParameters:schemeCommand:actionRecord:testPlanRunSpecifications:deviceAvailableChecker:outError:actionCallbackBlock:] (in IDEFoundation)
  4   -[IDEScheme(TestSchemeAction) executionOperationForTestSchemeActionWithOperationParameters:command:buildOperationVariantSpecifiers:buildOperationGroup:schemeActionResult:buildParameters:shouldOnlyBuild:runDestination:orderedOperations:schemeActionRecord:deviceAvailableChecker:actionCallbackBlock:error:] (in IDEFoundation)
  5   -[IDEScheme _executionOperationForSchemeOperationParameters:build:onlyBuild:buildParameters:title:buildLog:dontActuallyRunCommands:restorePersistedBuildResults:deviceAvailableChecker:error:actionCallbackBlock:] (in IDEFoundation)
  6   -[IDEScheme(TestSchemeAction) schemeTestActionOperationForSchemeOperationParameters:onlyBuild:buildLog:deviceAvailableChecker:buildParameters:shouldBuild:restorePersistedBuildResults:error:completionBlock:] (in IDEFoundation)
  7   -[IDEScheme buildAndActionTaskForSchemeOperationParameters:shouldBuild:onlyBuild:buildParameters:buildLog:deviceAvailableChecker:restorePersistedBuildResults:dontActuallyRunCommands:error:completionBlock:] (in IDEFoundation)
  8   -[IDEScheme schemeOperationForSchemeOperationParameters:buildLog:overridingProperties:overridingBuildConfiguration:dontActuallyRunCommands:restorePersistedBuildResults:deviceAvailableChecker:error:completionBlock:] (in IDEFoundation)
  9   -[IDEScheme schemeOperationForSchemeOperationParameters:buildLog:overridingProperties:overridingBuildConfiguration:dontActuallyRunCommands:restorePersistedBuildResults:error:completionBlock:] (in IDEFoundation)
 10   -[Xcode3CommandLineBuildTool(TestSchemeAction) buildForTestSchemeCommandWantsSkip:buildAction:isProjectBuild:title:buildLog:isMoreDestinationsPending:runDestinations:runDestination:schemeCommand:executionEnvironment:restorePersistedBuildResults:operationToEnqueue:error:] (in Xcode3Core)
 11   -[Xcode3CommandLineBuildTool doSchemeBuildWithRunDestinations:runDestinationIdx:wantsSkip:buildActionTimingSection:timingSection:buildAction:isMoreDesinationsPending:actionResultBlock:title:buildLog:executionEnvironment:restorePersistedBuildResults:operationToEnqueue:error:] (in Xcode3Core)
 12   -[Xcode3CommandLineBuildTool doBuildForBuildAction:timingSection:colorize:colorizeFailure:error:] (in Xcode3Core)
 13   -[Xcode3CommandLineBuildTool _buildWithTimingSection:] (in Xcode3Core)
 14   -[Xcode3CommandLineBuildTool run] (in Xcode3Core)
 15   XcodeBuildMain (in libxcodebuildLoader.dylib)
 16   -[XcodebuildPreIDEHandler loadXcode3ProjectSupportAndRunXcode3CommandLineBuildToolWithArguments:] (in xcodebuild)
 17   -[XcodebuildPreIDEHandler runWithArguments:] (in xcodebuild)
 18   main (in xcodebuild)
 19   start (in dyld)

<DVTOperationGroup: 0xc4997fc00; state = AREfc> created at:
  0   -[DVTOperation init] (in DVTFoundation)
  1   -[DVTOperationGroup init] (in DVTFoundation)
  2   +[DVTOperationGroup operationGroupWithSuboperations:] (in DVTFoundation)
  3   -[IDETestSchemeAction testOperationWithSchemeOperationParameters:testManager:buildOperation:buildParameters:schemeCommand:actionRecord:testPlanRunSpecifications:deviceAvailableChecker:outError:actionCallbackBlock:] (in IDEFoundation)
  4   -[IDEScheme(TestSchemeAction) executionOperationForTestSchemeActionWithOperationParameters:command:buildOperationVariantSpecifiers:buildOperationGroup:schemeActionResult:buildParameters:shouldOnlyBuild:runDestination:orderedOperations:schemeActionRecord:deviceAvailableChecker:actionCallbackBlock:error:] (in IDEFoundation)
  5   -[IDEScheme _executionOperationForSchemeOperationParameters:build:onlyBuild:buildParameters:title:buildLog:dontActuallyRunCommands:restorePersistedBuildResults:deviceAvailableChecker:error:actionCallbackBlock:] (in IDEFoundation)
  6   -[IDEScheme(TestSchemeAction) schemeTestActionOperationForSchemeOperationParameters:onlyBuild:buildLog:deviceAvailableChecker:buildParameters:shouldBuild:restorePersistedBuildResults:error:completionBlock:] (in IDEFoundation)
  7   -[IDEScheme buildAndActionTaskForSchemeOperationParameters:shouldBuild:onlyBuild:buildParameters:buildLog:deviceAvailableChecker:restorePersistedBuildResults:dontActuallyRunCommands:error:completionBlock:] (in IDEFoundation)
  8   -[IDEScheme schemeOperationForSchemeOperationParameters:buildLog:overridingProperties:overridingBuildConfiguration:dontActuallyRunCommands:restorePersistedBuildResults:deviceAvailableChecker:error:completionBlock:] (in IDEFoundation)
  9   -[IDEScheme schemeOperationForSchemeOperationParameters:buildLog:overridingProperties:overridingBuildConfiguration:dontActuallyRunCommands:restorePersistedBuildResults:error:completionBlock:] (in IDEFoundation)
 10   -[Xcode3CommandLineBuildTool(TestSchemeAction) buildForTestSchemeCommandWantsSkip:buildAction:isProjectBuild:title:buildLog:isMoreDestinationsPending:runDestinations:runDestination:schemeCommand:executionEnvironment:restorePersistedBuildResults:operationToEnqueue:error:] (in Xcode3Core)
 11   -[Xcode3CommandLineBuildTool doSchemeBuildWithRunDestinations:runDestinationIdx:wantsSkip:buildActionTimingSection:timingSection:buildAction:isMoreDesinationsPending:actionResultBlock:title:buildLog:executionEnvironment:restorePersistedBuildResults:operationToEnqueue:error:] (in Xcode3Core)
 12   -[Xcode3CommandLineBuildTool doBuildForBuildAction:timingSection:colorize:colorizeFailure:error:] (in Xcode3Core)
 13   -[Xcode3CommandLineBuildTool _buildWithTimingSection:] (in Xcode3Core)
 14   -[Xcode3CommandLineBuildTool run] (in Xcode3Core)
 15   XcodeBuildMain (in libxcodebuildLoader.dylib)
 16   -[XcodebuildPreIDEHandler loadXcode3ProjectSupportAndRunXcode3CommandLineBuildToolWithArguments:] (in xcodebuild)
 17   -[XcodebuildPreIDEHandler runWithArguments:] (in xcodebuild)
 18   main (in xcodebuild)
 19   start (in dyld)

<DVTOperationGroup: 0xc4997fd80; state = AREfc> created at:
  0   -[DVTOperation init] (in DVTFoundation)
  1   -[DVTOperationGroup init] (in DVTFoundation)
  2   +[DVTOperationGroup operationGroupWithSuboperations:] (in DVTFoundation)
  3   -[IDETestSchemeAction testOperationWithSchemeOperationParameters:testManager:buildOperation:buildParameters:schemeCommand:actionRecord:testPlanRunSpecifications:deviceAvailableChecker:outError:actionCallbackBlock:] (in IDEFoundation)
  4   -[IDEScheme(TestSchemeAction) executionOperationForTestSchemeActionWithOperationParameters:command:buildOperationVariantSpecifiers:buildOperationGroup:schemeActionResult:buildParameters:shouldOnlyBuild:runDestination:orderedOperations:schemeActionRecord:deviceAvailableChecker:actionCallbackBlock:error:] (in IDEFoundation)
  5   -[IDEScheme _executionOperationForSchemeOperationParameters:build:onlyBuild:buildParameters:title:buildLog:dontActuallyRunCommands:restorePersistedBuildResults:deviceAvailableChecker:error:actionCallbackBlock:] (in IDEFoundation)
  6   -[IDEScheme(TestSchemeAction) schemeTestActionOperationForSchemeOperationParameters:onlyBuild:buildLog:deviceAvailableChecker:buildParameters:shouldBuild:restorePersistedBuildResults:error:completionBlock:] (in IDEFoundation)
  7   -[IDEScheme buildAndActionTaskForSchemeOperationParameters:shouldBuild:onlyBuild:buildParameters:buildLog:deviceAvailableChecker:restorePersistedBuildResults:dontActuallyRunCommands:error:completionBlock:] (in IDEFoundation)
  8   -[IDEScheme schemeOperationForSchemeOperationParameters:buildLog:overridingProperties:overridingBuildConfiguration:dontActuallyRunCommands:restorePersistedBuildResults:deviceAvailableChecker:error:completionBlock:] (in IDEFoundation)
  9   -[IDEScheme schemeOperationForSchemeOperationParameters:buildLog:overridingProperties:overridingBuildConfiguration:dontActuallyRunCommands:restorePersistedBuildResults:error:completionBlock:] (in IDEFoundation)
 10   -[Xcode3CommandLineBuildTool(TestSchemeAction) buildForTestSchemeCommandWantsSkip:buildAction:isProjectBuild:title:buildLog:isMoreDestinationsPending:runDestinations:runDestination:schemeCommand:executionEnvironment:restorePersistedBuildResults:operationToEnqueue:error:] (in Xcode3Core)
 11   -[Xcode3CommandLineBuildTool doSchemeBuildWithRunDestinations:runDestinationIdx:wantsSkip:buildActionTimingSection:timingSection:buildAction:isMoreDesinationsPending:actionResultBlock:title:buildLog:executionEnvironment:restorePersistedBuildResults:operationToEnqueue:error:] (in Xcode3Core)
 12   -[Xcode3CommandLineBuildTool doBuildForBuildAction:timingSection:colorize:colorizeFailure:error:] (in Xcode3Core)
 13   -[Xcode3CommandLineBuildTool _buildWithTimingSection:] (in Xcode3Core)
 14   -[Xcode3CommandLineBuildTool run] (in Xcode3Core)
 15   XcodeBuildMain (in libxcodebuildLoader.dylib)
 16   -[XcodebuildPreIDEHandler loadXcode3ProjectSupportAndRunXcode3CommandLineBuildToolWithArguments:] (in xcodebuild)
 17   -[XcodebuildPreIDEHandler runWithArguments:] (in xcodebuild)
 18   main (in xcodebuild)
 19   start (in dyld)

<DVTOperationGroup: 0xc4997f780; state = AREfc> created at:
  0   -[DVTOperation init] (in DVTFoundation)
  1   -[DVTOperationGroup init] (in DVTFoundation)
  2   +[DVTOperationGroup operationGroupWithSuboperations:] (in DVTFoundation)
  3   -[IDETestSchemeAction testOperationWithSchemeOperationParameters:testManager:buildOperation:buildParameters:schemeCommand:actionRecord:testPlanRunSpecifications:deviceAvailableChecker:outError:actionCallbackBlock:] (in IDEFoundation)
  4   -[IDEScheme(TestSchemeAction) executionOperationForTestSchemeActionWithOperationParameters:command:buildOperationVariantSpecifiers:buildOperationGroup:schemeActionResult:buildParameters:shouldOnlyBuild:runDestination:orderedOperations:schemeActionRecord:deviceAvailableChecker:actionCallbackBlock:error:] (in IDEFoundation)
  5   -[IDEScheme _executionOperationForSchemeOperationParameters:build:onlyBuild:buildParameters:title:buildLog:dontActuallyRunCommands:restorePersistedBuildResults:deviceAvailableChecker:error:actionCallbackBlock:] (in IDEFoundation)
  6   -[IDEScheme(TestSchemeAction) schemeTestActionOperationForSchemeOperationParameters:onlyBuild:buildLog:deviceAvailableChecker:buildParameters:shouldBuild:restorePersistedBuildResults:error:completionBlock:] (in IDEFoundation)
  7   -[IDEScheme buildAndActionTaskForSchemeOperationParameters:shouldBuild:onlyBuild:buildParameters:buildLog:deviceAvailableChecker:restorePersistedBuildResults:dontActuallyRunCommands:error:completionBlock:] (in IDEFoundation)
  8   -[IDEScheme schemeOperationForSchemeOperationParameters:buildLog:overridingProperties:overridingBuildConfiguration:dontActuallyRunCommands:restorePersistedBuildResults:deviceAvailableChecker:error:completionBlock:] (in IDEFoundation)
  9   -[IDEScheme schemeOperationForSchemeOperationParameters:buildLog:overridingProperties:overridingBuildConfiguration:dontActuallyRunCommands:restorePersistedBuildResults:error:completionBlock:] (in IDEFoundation)
 10   -[Xcode3CommandLineBuildTool(TestSchemeAction) buildForTestSchemeCommandWantsSkip:buildAction:isProjectBuild:title:buildLog:isMoreDestinationsPending:runDestinations:runDestination:schemeCommand:executionEnvironment:restorePersistedBuildResults:operationToEnqueue:error:] (in Xcode3Core)
 11   -[Xcode3CommandLineBuildTool doSchemeBuildWithRunDestinations:runDestinationIdx:wantsSkip:buildActionTimingSection:timingSection:buildAction:isMoreDesinationsPending:actionResultBlock:title:buildLog:executionEnvironment:restorePersistedBuildResults:operationToEnqueue:error:] (in Xcode3Core)
 12   -[Xcode3CommandLineBuildTool doBuildForBuildAction:timingSection:colorize:colorizeFailure:error:] (in Xcode3Core)
 13   -[Xcode3CommandLineBuildTool _buildWithTimingSection:] (in Xcode3Core)
 14   -[Xcode3CommandLineBuildTool run] (in Xcode3Core)
 15   XcodeBuildMain (in libxcodebuildLoader.dylib)
 16   -[XcodebuildPreIDEHandler loadXcode3ProjectSupportAndRunXcode3CommandLineBuildToolWithArguments:] (in xcodebuild)
 17   -[XcodebuildPreIDEHandler runWithArguments:] (in xcodebuild)
 18   main (in xcodebuild)
 19   start (in dyld)

<__DVTSwiftAsyncOperation: 0xc4997f300; state = AReFc> created at:
  0   -[DVTOperation init] (in DVTFoundation)
  1   @objc DVTAsyncOperation.init() (in DVTFoundation)
  2   static DVTOperation.awaiting(_:) (in DVTFoundation)
  3   @objc static IDESchemeAction.operationToWaitForFinishedLoadingOperation(of:) (in IDEFoundation)
  4   -[IDESchemeAction setUpActionDependenciesForCorePhaseOperation:shouldRunPostActionsBlock:prePhaseEnvironmentPopulationBlock:postPhaseEnvironmentPopulationBlock:handlePreActionsActivityLogSection:handlePostActionsActivityLogSection:buildParameters:schemeActionResultOperation:error:] (in IDEFoundation)
  5   -[IDETestSchemeAction testOperationWithSchemeOperationParameters:testManager:buildOperation:buildParameters:schemeCommand:actionRecord:testPlanRunSpecifications:deviceAvailableChecker:outError:actionCallbackBlock:] (in IDEFoundation)
  6   -[IDEScheme(TestSchemeAction) executionOperationForTestSchemeActionWithOperationParameters:command:buildOperationVariantSpecifiers:buildOperationGroup:schemeActionResult:buildParameters:shouldOnlyBuild:runDestination:orderedOperations:schemeActionRecord:deviceAvailableChecker:actionCallbackBlock:error:] (in IDEFoundation)
  7   -[IDEScheme _executionOperationForSchemeOperationParameters:build:onlyBuild:buildParameters:title:buildLog:dontActuallyRunCommands:restorePersistedBuildResults:deviceAvailableChecker:error:actionCallbackBlock:] (in IDEFoundation)
  8   -[IDEScheme(TestSchemeAction) schemeTestActionOperationForSchemeOperationParameters:onlyBuild:buildLog:deviceAvailableChecker:buildParameters:shouldBuild:restorePersistedBuildResults:error:completionBlock:] (in IDEFoundation)
  9   -[IDEScheme buildAndActionTaskForSchemeOperationParameters:shouldBuild:onlyBuild:buildParameters:buildLog:deviceAvailableChecker:restorePersistedBuildResults:dontActuallyRunCommands:error:completionBlock:] (in IDEFoundation)
 10   -[IDEScheme schemeOperationForSchemeOperationParameters:buildLog:overridingProperties:overridingBuildConfiguration:dontActuallyRunCommands:restorePersistedBuildResults:deviceAvailableChecker:error:completionBlock:] (in IDEFoundation)
 11   -[IDEScheme schemeOperationForSchemeOperationParameters:buildLog:overridingProperties:overridingBuildConfiguration:dontActuallyRunCommands:restorePersistedBuildResults:error:completionBlock:] (in IDEFoundation)
 12   -[Xcode3CommandLineBuildTool(TestSchemeAction) buildForTestSchemeCommandWantsSkip:buildAction:isProjectBuild:title:buildLog:isMoreDestinationsPending:runDestinations:runDestination:schemeCommand:executionEnvironment:restorePersistedBuildResults:operationToEnqueue:error:] (in Xcode3Core)
 13   -[Xcode3CommandLineBuildTool doSchemeBuildWithRunDestinations:runDestinationIdx:wantsSkip:buildActionTimingSection:timingSection:buildAction:isMoreDesinationsPending:actionResultBlock:title:buildLog:executionEnvironment:restorePersistedBuildResults:operationToEnqueue:error:] (in Xcode3Core)
 14   -[Xcode3CommandLineBuildTool doBuildForBuildAction:timingSection:colorize:colorizeFailure:error:] (in Xcode3Core)
 15   -[Xcode3CommandLineBuildTool _buildWithTimingSection:] (in Xcode3Core)
 16   -[Xcode3CommandLineBuildTool run] (in Xcode3Core)
 17   XcodeBuildMain (in libxcodebuildLoader.dylib)
 18   -[XcodebuildPreIDEHandler loadXcode3ProjectSupportAndRunXcode3CommandLineBuildToolWithArguments:] (in xcodebuild)
 19   -[XcodebuildPreIDEHandler runWithArguments:] (in xcodebuild)
 20   main (in xcodebuild)
 21   start (in dyld)

<__DVTSwiftAsyncOperation: 0xc4997f600; state = AReFc> created at:
  0   -[DVTOperation init] (in DVTFoundation)
  1   @objc DVTAsyncOperation.init() (in DVTFoundation)
  2   static DVTOperation.awaiting(_:) (in DVTFoundation)
  3   @objc static IDESchemeAction.operationToWaitForFinishedLoadingOperation(of:) (in IDEFoundation)
  4   -[IDESchemeAction _setUpOperationsForPackageLoadingInWorkspace:handlePreActionsActivityLogSection:isCleanOperation:] (in IDEFoundation)
  5   -[IDESchemeAction setUpActionDependenciesForCorePhaseOperation:shouldRunPostActionsBlock:prePhaseEnvironmentPopulationBlock:postPhaseEnvironmentPopulationBlock:handlePreActionsActivityLogSection:handlePostActionsActivityLogSection:buildParameters:schemeActionResultOperation:error:] (in IDEFoundation)
  6   -[IDETestSchemeAction testOperationWithSchemeOperationParameters:testManager:buildOperation:buildParameters:schemeCommand:actionRecord:testPlanRunSpecifications:deviceAvailableChecker:outError:actionCallbackBlock:] (in IDEFoundation)
  7   -[IDEScheme(TestSchemeAction) executionOperationForTestSchemeActionWithOperationParameters:command:buildOperationVariantSpecifiers:buildOperationGroup:schemeActionResult:buildParameters:shouldOnlyBuild:runDestination:orderedOperations:schemeActionRecord:deviceAvailableChecker:actionCallbackBlock:error:] (in IDEFoundation)
  8   -[IDEScheme _executionOperationForSchemeOperationParameters:build:onlyBuild:buildParameters:title:buildLog:dontActuallyRunCommands:restorePersistedBuildResults:deviceAvailableChecker:error:actionCallbackBlock:] (in IDEFoundation)
  9   -[IDEScheme(TestSchemeAction) schemeTestActionOperationForSchemeOperationParameters:onlyBuild:buildLog:deviceAvailableChecker:buildParameters:shouldBuild:restorePersistedBuildResults:error:completionBlock:] (in IDEFoundation)
 10   -[IDEScheme buildAndActionTaskForSchemeOperationParameters:shouldBuild:onlyBuild:buildParameters:buildLog:deviceAvailableChecker:restorePersistedBuildResults:dontActuallyRunCommands:error:completionBlock:] (in IDEFoundation)
 11   -[IDEScheme schemeOperationForSchemeOperationParameters:buildLog:overridingProperties:overridingBuildConfiguration:dontActuallyRunCommands:restorePersistedBuildResults:deviceAvailableChecker:error:completionBlock:] (in IDEFoundation)
 12   -[IDEScheme schemeOperationForSchemeOperationParameters:buildLog:overridingProperties:overridingBuildConfiguration:dontActuallyRunCommands:restorePersistedBuildResults:error:completionBlock:] (in IDEFoundation)
 13   -[Xcode3CommandLineBuildTool(TestSchemeAction) buildForTestSchemeCommandWantsSkip:buildAction:isProjectBuild:title:buildLog:isMoreDestinationsPending:runDestinations:runDestination:schemeCommand:executionEnvironment:restorePersistedBuildResults:operationToEnqueue:error:] (in Xcode3Core)
 14   -[Xcode3CommandLineBuildTool doSchemeBuildWithRunDestinations:runDestinationIdx:wantsSkip:buildActionTimingSection:timingSection:buildAction:isMoreDesinationsPending:actionResultBlock:title:buildLog:executionEnvironment:restorePersistedBuildResults:operationToEnqueue:error:] (in Xcode3Core)
 15   -[Xcode3CommandLineBuildTool doBuildForBuildAction:timingSection:colorize:colorizeFailure:error:] (in Xcode3Core)
 16   -[Xcode3CommandLineBuildTool _buildWithTimingSection:] (in Xcode3Core)
 17   -[Xcode3CommandLineBuildTool run] (in Xcode3Core)
 18   XcodeBuildMain (in libxcodebuildLoader.dylib)
 19   -[XcodebuildPreIDEHandler loadXcode3ProjectSupportAndRunXcode3CommandLineBuildToolWithArguments:] (in xcodebuild)
 20   -[XcodebuildPreIDEHandler runWithArguments:] (in xcodebuild)
 21   main (in xcodebuild)
 22   start (in dyld)

<DVTOperation: 0xc49504280; state = aReFc> created at:
  0   -[DVTOperation init] (in DVTFoundation)
  1   +[DVTOperation(DVTConveniences) operationWithBlock:] (in DVTFoundation)
  2   -[IDESchemeAction setUpActionDependenciesForCorePhaseOperation:shouldRunPostActionsBlock:prePhaseEnvironmentPopulationBlock:postPhaseEnvironmentPopulationBlock:handlePreActionsActivityLogSection:handlePostActionsActivityLogSection:buildParameters:schemeActionResultOperation:error:] (in IDEFoundation)
  3   -[IDETestSchemeAction testOperationWithSchemeOperationParameters:testManager:buildOperation:buildParameters:schemeCommand:actionRecord:testPlanRunSpecifications:deviceAvailableChecker:outError:actionCallbackBlock:] (in IDEFoundation)
  4   -[IDEScheme(TestSchemeAction) executionOperationForTestSchemeActionWithOperationParameters:command:buildOperationVariantSpecifiers:buildOperationGroup:schemeActionResult:buildParameters:shouldOnlyBuild:runDestination:orderedOperations:schemeActionRecord:deviceAvailableChecker:actionCallbackBlock:error:] (in IDEFoundation)
  5   -[IDEScheme _executionOperationForSchemeOperationParameters:build:onlyBuild:buildParameters:title:buildLog:dontActuallyRunCommands:restorePersistedBuildResults:deviceAvailableChecker:error:actionCallbackBlock:] (in IDEFoundation)
  6   -[IDEScheme(TestSchemeAction) schemeTestActionOperationForSchemeOperationParameters:onlyBuild:buildLog:deviceAvailableChecker:buildParameters:shouldBuild:restorePersistedBuildResults:error:completionBlock:] (in IDEFoundation)
  7   -[IDEScheme buildAndActionTaskForSchemeOperationParameters:shouldBuild:onlyBuild:buildParameters:buildLog:deviceAvailableChecker:restorePersistedBuildResults:dontActuallyRunCommands:error:completionBlock:] (in IDEFoundation)
  8   -[IDEScheme schemeOperationForSchemeOperationParameters:buildLog:overridingProperties:overridingBuildConfiguration:dontActuallyRunCommands:restorePersistedBuildResults:deviceAvailableChecker:error:completionBlock:] (in IDEFoundation)
  9   -[IDEScheme schemeOperationForSchemeOperationParameters:buildLog:overridingProperties:overridingBuildConfiguration:dontActuallyRunCommands:restorePersistedBuildResults:error:completionBlock:] (in IDEFoundation)
 10   -[Xcode3CommandLineBuildTool(TestSchemeAction) buildForTestSchemeCommandWantsSkip:buildAction:isProjectBuild:title:buildLog:isMoreDestinationsPending:runDestinations:runDestination:schemeCommand:executionEnvironment:restorePersistedBuildResults:operationToEnqueue:error:] (in Xcode3Core)
 11   -[Xcode3CommandLineBuildTool doSchemeBuildWithRunDestinations:runDestinationIdx:wantsSkip:buildActionTimingSection:timingSection:buildAction:isMoreDesinationsPending:actionResultBlock:title:buildLog:executionEnvironment:restorePersistedBuildResults:operationToEnqueue:error:] (in Xcode3Core)
 12   -[Xcode3CommandLineBuildTool doBuildForBuildAction:timingSection:colorize:colorizeFailure:error:] (in Xcode3Core)
 13   -[Xcode3CommandLineBuildTool _buildWithTimingSection:] (in Xcode3Core)
 14   -[Xcode3CommandLineBuildTool run] (in Xcode3Core)
 15   XcodeBuildMain (in libxcodebuildLoader.dylib)
 16   -[XcodebuildPreIDEHandler loadXcode3ProjectSupportAndRunXcode3CommandLineBuildToolWithArguments:] (in xcodebuild)
 17   -[XcodebuildPreIDEHandler runWithArguments:] (in xcodebuild)
 18   main (in xcodebuild)
 19   start (in dyld)

<DVTOperationGroup: 0xc4a383d80; state = AREf!c> created at:
  0   -[DVTOperation init] (in DVTFoundation)
  1   -[DVTOperationGroup init] (in DVTFoundation)
  2   -[IDETestRunSession testOperationForTestRunSpecificationGroups:executionEnvironment:invocationRecord:actionRecord:schemeIdentifier:outSchemeActionResultOperation:launchParametersBlock:actionCallbackBlock:error:] (in IDEFoundation)
  3   -[IDETestManager testOperationForTestRunSpecificationGroups:executionEnvironment:runDestinationPool:invocationRecord:actionRecord:schemeIdentifier:outSchemeActionResultOperation:launchParametersBlock:actionCallbackBlock:error:] (in IDEFoundation)
  4   -[IDETestSchemeAction testOperationWithSchemeOperationParameters:testManager:buildOperation:buildParameters:schemeCommand:actionRecord:testPlanRunSpecifications:deviceAvailableChecker:outError:actionCallbackBlock:] (in IDEFoundation)
  5   -[IDEScheme(TestSchemeAction) executionOperationForTestSchemeActionWithOperationParameters:command:buildOperationVariantSpecifiers:buildOperationGroup:schemeActionResult:buildParameters:shouldOnlyBuild:runDestination:orderedOperations:schemeActionRecord:deviceAvailableChecker:actionCallbackBlock:error:] (in IDEFoundation)
  6   -[IDEScheme _executionOperationForSchemeOperationParameters:build:onlyBuild:buildParameters:title:buildLog:dontActuallyRunCommands:restorePersistedBuildResults:deviceAvailableChecker:error:actionCallbackBlock:] (in IDEFoundation)
  7   -[IDEScheme(TestSchemeAction) schemeTestActionOperationForSchemeOperationParameters:onlyBuild:buildLog:deviceAvailableChecker:buildParameters:shouldBuild:restorePersistedBuildResults:error:completionBlock:] (in IDEFoundation)
  8   -[IDEScheme buildAndActionTaskForSchemeOperationParameters:shouldBuild:onlyBuild:buildParameters:buildLog:deviceAvailableChecker:restorePersistedBuildResults:dontActuallyRunCommands:error:completionBlock:] (in IDEFoundation)
  9   -[IDEScheme schemeOperationForSchemeOperationParameters:buildLog:overridingProperties:overridingBuildConfiguration:dontActuallyRunCommands:restorePersistedBuildResults:deviceAvailableChecker:error:completionBlock:] (in IDEFoundation)
 10   -[IDEScheme schemeOperationForSchemeOperationParameters:buildLog:overridingProperties:overridingBuildConfiguration:dontActuallyRunCommands:restorePersistedBuildResults:error:completionBlock:] (in IDEFoundation)
 11   -[Xcode3CommandLineBuildTool(TestSchemeAction) buildForTestSchemeCommandWantsSkip:buildAction:isProjectBuild:title:buildLog:isMoreDestinationsPending:runDestinations:runDestination:schemeCommand:executionEnvironment:restorePersistedBuildResults:operationToEnqueue:error:] (in Xcode3Core)
 12   -[Xcode3CommandLineBuildTool doSchemeBuildWithRunDestinations:runDestinationIdx:wantsSkip:buildActionTimingSection:timingSection:buildAction:isMoreDesinationsPending:actionResultBlock:title:buildLog:executionEnvironment:restorePersistedBuildResults:operationToEnqueue:error:] (in Xcode3Core)
 13   -[Xcode3CommandLineBuildTool doBuildForBuildAction:timingSection:colorize:colorizeFailure:error:] (in Xcode3Core)
 14   -[Xcode3CommandLineBuildTool _buildWithTimingSection:] (in Xcode3Core)
 15   -[Xcode3CommandLineBuildTool run] (in Xcode3Core)
 16   XcodeBuildMain (in libxcodebuildLoader.dylib)
 17   -[XcodebuildPreIDEHandler loadXcode3ProjectSupportAndRunXcode3CommandLineBuildToolWithArguments:] (in xcodebuild)
 18   -[XcodebuildPreIDEHandler runWithArguments:] (in xcodebuild)
 19   main (in xcodebuild)
 20   start (in dyld)

<DVTOperation: 0xc49febe80; state = aReFc> created at:
  0   -[DVTOperation init] (in DVTFoundation)
  1   +[DVTOperation(DVTConveniences) operationWithBlock:] (in DVTFoundation)
  2   -[IDETestRunSession testOperationForTestRunSpecificationGroups:executionEnvironment:invocationRecord:actionRecord:schemeIdentifier:outSchemeActionResultOperation:launchParametersBlock:actionCallbackBlock:error:] (in IDEFoundation)
  3   -[IDETestManager testOperationForTestRunSpecificationGroups:executionEnvironment:runDestinationPool:invocationRecord:actionRecord:schemeIdentifier:outSchemeActionResultOperation:launchParametersBlock:actionCallbackBlock:error:] (in IDEFoundation)
  4   -[IDETestSchemeAction testOperationWithSchemeOperationParameters:testManager:buildOperation:buildParameters:schemeCommand:actionRecord:testPlanRunSpecifications:deviceAvailableChecker:outError:actionCallbackBlock:] (in IDEFoundation)
  5   -[IDEScheme(TestSchemeAction) executionOperationForTestSchemeActionWithOperationParameters:command:buildOperationVariantSpecifiers:buildOperationGroup:schemeActionResult:buildParameters:shouldOnlyBuild:runDestination:orderedOperations:schemeActionRecord:deviceAvailableChecker:actionCallbackBlock:error:] (in IDEFoundation)
  6   -[IDEScheme _executionOperationForSchemeOperationParameters:build:onlyBuild:buildParameters:title:buildLog:dontActuallyRunCommands:restorePersistedBuildResults:deviceAvailableChecker:error:actionCallbackBlock:] (in IDEFoundation)
  7   -[IDEScheme(TestSchemeAction) schemeTestActionOperationForSchemeOperationParameters:onlyBuild:buildLog:deviceAvailableChecker:buildParameters:shouldBuild:restorePersistedBuildResults:error:completionBlock:] (in IDEFoundation)
  8   -[IDEScheme buildAndActionTaskForSchemeOperationParameters:shouldBuild:onlyBuild:buildParameters:buildLog:deviceAvailableChecker:restorePersistedBuildResults:dontActuallyRunCommands:error:completionBlock:] (in IDEFoundation)
  9   -[IDEScheme schemeOperationForSchemeOperationParameters:buildLog:overridingProperties:overridingBuildConfiguration:dontActuallyRunCommands:restorePersistedBuildResults:deviceAvailableChecker:error:completionBlock:] (in IDEFoundation)
 10   -[IDEScheme schemeOperationForSchemeOperationParameters:buildLog:overridingProperties:overridingBuildConfiguration:dontActuallyRunCommands:restorePersistedBuildResults:error:completionBlock:] (in IDEFoundation)
 11   -[Xcode3CommandLineBuildTool(TestSchemeAction) buildForTestSchemeCommandWantsSkip:buildAction:isProjectBuild:title:buildLog:isMoreDestinationsPending:runDestinations:runDestination:schemeCommand:executionEnvironment:restorePersistedBuildResults:operationToEnqueue:error:] (in Xcode3Core)
 12   -[Xcode3CommandLineBuildTool doSchemeBuildWithRunDestinations:runDestinationIdx:wantsSkip:buildActionTimingSection:timingSection:buildAction:isMoreDesinationsPending:actionResultBlock:title:buildLog:executionEnvironment:restorePersistedBuildResults:operationToEnqueue:error:] (in Xcode3Core)
 13   -[Xcode3CommandLineBuildTool doBuildForBuildAction:timingSection:colorize:colorizeFailure:error:] (in Xcode3Core)
 14   -[Xcode3CommandLineBuildTool _buildWithTimingSection:] (in Xcode3Core)
 15   -[Xcode3CommandLineBuildTool run] (in Xcode3Core)
 16   XcodeBuildMain (in libxcodebuildLoader.dylib)
 17   -[XcodebuildPreIDEHandler loadXcode3ProjectSupportAndRunXcode3CommandLineBuildToolWithArguments:] (in xcodebuild)
 18   -[XcodebuildPreIDEHandler runWithArguments:] (in xcodebuild)
 19   main (in xcodebuild)
 20   start (in dyld)

<IDERunOperation: 0xc4a39ca80; state = aReF!c> created at:
  0   -[DVTOperation init] (in DVTFoundation)
  1   -[IDERunOperation initWithWorker:] (in IDEFoundation)
  2   +[IDETestRunnerLaunchOperationFactory testRunOperationWithLaunchParameters:testRunSpecification:testConfiguration:executionEnvironment:schemeActionRecord:runDestination:localDeviceRunDestination:initiator:error:] (in IDEFoundation)
  3   __120+[IDETestRunnerLaunchOperationFactory makeLaunchOperationProviderWithExecutionEnvironment:schemeActionRecord:initiator:]_block_invoke (in IDEFoundation)
  4   thunk for @escaping @callee_unowned @convention(block) (@unowned XCTHRunDestination, @unowned XCTHTestRunSpecification, @unowned XCTestConfiguration, @unowned XCTHLaunchParameters, @unowned AutoreleasingUnsafeMutablePointer<NSError?>?) -> (@autoreleased (NSOperation & XCTHRunOperation)?) (in XCTHarness)
  5   thunk for @escaping @callee_guaranteed (@guaranteed XCTHRunDestination, @guaranteed XCTHTestRunSpecification, @guaranteed XCTestConfiguration, @guaranteed XCTHLaunchParameters, @unowned AutoreleasingUnsafeMutablePointer<NSError?>?) -> (@owned (NSOperation & XCTHRunOperation)?) (in XCTHarness)
  6   -[XCTHTestRunner _testRunOperationWithError:] (in XCTHarness)
  7   -[XCTHTestRunner _addTestRunOperation:] (in XCTHarness)
  8   -[XCTHTestRunner testOperationWithError:] (in XCTHarness)
  9   -[XCTHTestTargetRunner workerWasProvided:] (in XCTHarness)
 10   __40-[XCTHTestTargetRunner requestNewWorker]_block_invoke (in XCTHarness)
 11   __45-[XCTHFuture observeFinishOnQueue:withBlock:]_block_invoke_2 (in XCTHarness)
 12   __XCTHAsyncPerformBlockOnMainRunLoop_block_invoke (in XCTHarness)
 13   __CFRUNLOOP_IS_CALLING_OUT_TO_A_BLOCK__ (in CoreFoundation)
 14   __CFRunLoopDoBlocks (in CoreFoundation)
 15   __CFRunLoopRun (in CoreFoundation)
 16   _CFRunLoopRunSpecificWithOptions (in CoreFoundation)
 17   CFRunLoopRun (in CoreFoundation)
 18   -[Xcode3CommandLineBuildTool waitForBuildWithBuildLog:buildActionTimingSection:executionEnvironment:title:operationToEnqueue:error:] (in Xcode3Core)
 19   -[Xcode3CommandLineBuildTool doBuildForBuildAction:timingSection:colorize:colorizeFailure:error:] (in Xcode3Core)
 20   -[Xcode3CommandLineBuildTool _buildWithTimingSection:] (in Xcode3Core)
 21   -[Xcode3CommandLineBuildTool run] (in Xcode3Core)
 22   XcodeBuildMain (in libxcodebuildLoader.dylib)
 23   -[XcodebuildPreIDEHandler loadXcode3ProjectSupportAndRunXcode3CommandLineBuildToolWithArguments:] (in xcodebuild)
 24   -[XcodebuildPreIDEHandler runWithArguments:] (in xcodebuild)
 25   main (in xcodebuild)
 26   start (in dyld)

<__DVTSwiftAsyncOperation: 0xc4997c480; state = AReFc> created at:
  0   -[DVTOperation init] (in DVTFoundation)
  1   @objc DVTAsyncOperation.init() (in DVTFoundation)
  2   @objc static DVTOperation.operationWithMainThreadBlock(_:) (in DVTFoundation)
  3   -[IDESchemeAction _setUpOperationsForPackageLoadingInWorkspace:handlePreActionsActivityLogSection:isCleanOperation:] (in IDEFoundation)
  4   -[IDESchemeAction setUpActionDependenciesForCorePhaseOperation:shouldRunPostActionsBlock:prePhaseEnvironmentPopulationBlock:postPhaseEnvironmentPopulationBlock:handlePreActionsActivityLogSection:handlePostActionsActivityLogSection:buildParameters:schemeActionResultOperation:error:] (in IDEFoundation)
  5   -[IDETestSchemeAction testOperationWithSchemeOperationParameters:testManager:buildOperation:buildParameters:schemeCommand:actionRecord:testPlanRunSpecifications:deviceAvailableChecker:outError:actionCallbackBlock:] (in IDEFoundation)
  6   -[IDEScheme(TestSchemeAction) executionOperationForTestSchemeActionWithOperationParameters:command:buildOperationVariantSpecifiers:buildOperationGroup:schemeActionResult:buildParameters:shouldOnlyBuild:runDestination:orderedOperations:schemeActionRecord:deviceAvailableChecker:actionCallbackBlock:error:] (in IDEFoundation)
  7   -[IDEScheme _executionOperationForSchemeOperationParameters:build:onlyBuild:buildParameters:title:buildLog:dontActuallyRunCommands:restorePersistedBuildResults:deviceAvailableChecker:error:actionCallbackBlock:] (in IDEFoundation)
  8   -[IDEScheme(TestSchemeAction) schemeTestActionOperationForSchemeOperationParameters:onlyBuild:buildLog:deviceAvailableChecker:buildParameters:shouldBuild:restorePersistedBuildResults:error:completionBlock:] (in IDEFoundation)
  9   -[IDEScheme buildAndActionTaskForSchemeOperationParameters:shouldBuild:onlyBuild:buildParameters:buildLog:deviceAvailableChecker:restorePersistedBuildResults:dontActuallyRunCommands:error:completionBlock:] (in IDEFoundation)
 10   -[IDEScheme schemeOperationForSchemeOperationParameters:buildLog:overridingProperties:overridingBuildConfiguration:dontActuallyRunCommands:restorePersistedBuildResults:deviceAvailableChecker:error:completionBlock:] (in IDEFoundation)
 11   -[IDEScheme schemeOperationForSchemeOperationParameters:buildLog:overridingProperties:overridingBuildConfiguration:dontActuallyRunCommands:restorePersistedBuildResults:error:completionBlock:] (in IDEFoundation)
 12   -[Xcode3CommandLineBuildTool(TestSchemeAction) buildForTestSchemeCommandWantsSkip:buildAction:isProjectBuild:title:buildLog:isMoreDestinationsPending:runDestinations:runDestination:schemeCommand:executionEnvironment:restorePersistedBuildResults:operationToEnqueue:error:] (in Xcode3Core)
 13   -[Xcode3CommandLineBuildTool doSchemeBuildWithRunDestinations:runDestinationIdx:wantsSkip:buildActionTimingSection:timingSection:buildAction:isMoreDesinationsPending:actionResultBlock:title:buildLog:executionEnvironment:restorePersistedBuildResults:operationToEnqueue:error:] (in Xcode3Core)
 14   -[Xcode3CommandLineBuildTool doBuildForBuildAction:timingSection:colorize:colorizeFailure:error:] (in Xcode3Core)
 15   -[Xcode3CommandLineBuildTool _buildWithTimingSection:] (in Xcode3Core)
 16   -[Xcode3CommandLineBuildTool run] (in Xcode3Core)
 17   XcodeBuildMain (in libxcodebuildLoader.dylib)
 18   -[XcodebuildPreIDEHandler loadXcode3ProjectSupportAndRunXcode3CommandLineBuildToolWithArguments:] (in xcodebuild)
 19   -[XcodebuildPreIDEHandler runWithArguments:] (in xcodebuild)
 20   main (in xcodebuild)
 21   start (in dyld)

<DVTOperation: 0xc49504140; state = aReFc> created at:
  0   -[DVTOperation init] (in DVTFoundation)
  1   +[DVTOperation(DVTConveniences) operationWithBlock:] (in DVTFoundation)
  2   -[IDESchemeAction setUpActionDependenciesForCorePhaseOperation:shouldRunPostActionsBlock:prePhaseEnvironmentPopulationBlock:postPhaseEnvironmentPopulationBlock:handlePreActionsActivityLogSection:handlePostActionsActivityLogSection:buildParameters:schemeActionResultOperation:error:] (in IDEFoundation)
  3   -[IDETestSchemeAction testOperationWithSchemeOperationParameters:testManager:buildOperation:buildParameters:schemeCommand:actionRecord:testPlanRunSpecifications:deviceAvailableChecker:outError:actionCallbackBlock:] (in IDEFoundation)
  4   -[IDEScheme(TestSchemeAction) executionOperationForTestSchemeActionWithOperationParameters:command:buildOperationVariantSpecifiers:buildOperationGroup:schemeActionResult:buildParameters:shouldOnlyBuild:runDestination:orderedOperations:schemeActionRecord:deviceAvailableChecker:actionCallbackBlock:error:] (in IDEFoundation)
  5   -[IDEScheme _executionOperationForSchemeOperationParameters:build:onlyBuild:buildParameters:title:buildLog:dontActuallyRunCommands:restorePersistedBuildResults:deviceAvailableChecker:error:actionCallbackBlock:] (in IDEFoundation)
  6   -[IDEScheme(TestSchemeAction) schemeTestActionOperationForSchemeOperationParameters:onlyBuild:buildLog:deviceAvailableChecker:buildParameters:shouldBuild:restorePersistedBuildResults:error:completionBlock:] (in IDEFoundation)
  7   -[IDEScheme buildAndActionTaskForSchemeOperationParameters:shouldBuild:onlyBuild:buildParameters:buildLog:deviceAvailableChecker:restorePersistedBuildResults:dontActuallyRunCommands:error:completionBlock:] (in IDEFoundation)
  8   -[IDEScheme schemeOperationForSchemeOperationParameters:buildLog:overridingProperties:overridingBuildConfiguration:dontActuallyRunCommands:restorePersistedBuildResults:deviceAvailableChecker:error:completionBlock:] (in IDEFoundation)
  9   -[IDEScheme schemeOperationForSchemeOperationParameters:buildLog:overridingProperties:overridingBuildConfiguration:dontActuallyRunCommands:restorePersistedBuildResults:error:completionBlock:] (in IDEFoundation)
 10   -[Xcode3CommandLineBuildTool(TestSchemeAction) buildForTestSchemeCommandWantsSkip:buildAction:isProjectBuild:title:buildLog:isMoreDestinationsPending:runDestinations:runDestination:schemeCommand:executionEnvironment:restorePersistedBuildResults:operationToEnqueue:error:] (in Xcode3Core)
 11   -[Xcode3CommandLineBuildTool doSchemeBuildWithRunDestinations:runDestinationIdx:wantsSkip:buildActionTimingSection:timingSection:buildAction:isMoreDesinationsPending:actionResultBlock:title:buildLog:executionEnvironment:restorePersistedBuildResults:operationToEnqueue:error:] (in Xcode3Core)
 12   -[Xcode3CommandLineBuildTool doBuildForBuildAction:timingSection:colorize:colorizeFailure:error:] (in Xcode3Core)
 13   -[Xcode3CommandLineBuildTool _buildWithTimingSection:] (in Xcode3Core)
 14   -[Xcode3CommandLineBuildTool run] (in Xcode3Core)
 15   XcodeBuildMain (in libxcodebuildLoader.dylib)
 16   -[XcodebuildPreIDEHandler loadXcode3ProjectSupportAndRunXcode3CommandLineBuildToolWithArguments:] (in xcodebuild)
 17   -[XcodebuildPreIDEHandler runWithArguments:] (in xcodebuild)
 18   main (in xcodebuild)
 19   start (in dyld)

<DVTOperation: 0xc49504500; state = arefc> created at:
  0   -[DVTOperation init] (in DVTFoundation)
  1   +[DVTOperation(DVTConveniences) operationWithBlock:] (in DVTFoundation)
  2   -[IDESchemeAction setUpActionDependenciesForCorePhaseOperation:shouldRunPostActionsBlock:prePhaseEnvironmentPopulationBlock:postPhaseEnvironmentPopulationBlock:handlePreActionsActivityLogSection:handlePostActionsActivityLogSection:buildParameters:schemeActionResultOperation:error:] (in IDEFoundation)
  3   -[IDETestSchemeAction testOperationWithSchemeOperationParameters:testManager:buildOperation:buildParameters:schemeCommand:actionRecord:testPlanRunSpecifications:deviceAvailableChecker:outError:actionCallbackBlock:] (in IDEFoundation)
  4   -[IDEScheme(TestSchemeAction) executionOperationForTestSchemeActionWithOperationParameters:command:buildOperationVariantSpecifiers:buildOperationGroup:schemeActionResult:buildParameters:shouldOnlyBuild:runDestination:orderedOperations:schemeActionRecord:deviceAvailableChecker:actionCallbackBlock:error:] (in IDEFoundation)
  5   -[IDEScheme _executionOperationForSchemeOperationParameters:build:onlyBuild:buildParameters:title:buildLog:dontActuallyRunCommands:restorePersistedBuildResults:deviceAvailableChecker:error:actionCallbackBlock:] (in IDEFoundation)
  6   -[IDEScheme(TestSchemeAction) schemeTestActionOperationForSchemeOperationParameters:onlyBuild:buildLog:deviceAvailableChecker:buildParameters:shouldBuild:restorePersistedBuildResults:error:completionBlock:] (in IDEFoundation)
  7   -[IDEScheme buildAndActionTaskForSchemeOperationParameters:shouldBuild:onlyBuild:buildParameters:buildLog:deviceAvailableChecker:restorePersistedBuildResults:dontActuallyRunCommands:error:completionBlock:] (in IDEFoundation)
  8   -[IDEScheme schemeOperationForSchemeOperationParameters:buildLog:overridingProperties:overridingBuildConfiguration:dontActuallyRunCommands:restorePersistedBuildResults:deviceAvailableChecker:error:completionBlock:] (in IDEFoundation)
  9   -[IDEScheme schemeOperationForSchemeOperationParameters:buildLog:overridingProperties:overridingBuildConfiguration:dontActuallyRunCommands:restorePersistedBuildResults:error:completionBlock:] (in IDEFoundation)
 10   -[Xcode3CommandLineBuildTool(TestSchemeAction) buildForTestSchemeCommandWantsSkip:buildAction:isProjectBuild:title:buildLog:isMoreDestinationsPending:runDestinations:runDestination:schemeCommand:executionEnvironment:restorePersistedBuildResults:operationToEnqueue:error:] (in Xcode3Core)
 11   -[Xcode3CommandLineBuildTool doSchemeBuildWithRunDestinations:runDestinationIdx:wantsSkip:buildActionTimingSection:timingSection:buildAction:isMoreDesinationsPending:actionResultBlock:title:buildLog:executionEnvironment:restorePersistedBuildResults:operationToEnqueue:error:] (in Xcode3Core)
 12   -[Xcode3CommandLineBuildTool doBuildForBuildAction:timingSection:colorize:colorizeFailure:error:] (in Xcode3Core)
 13   -[Xcode3CommandLineBuildTool _buildWithTimingSection:] (in Xcode3Core)
 14   -[Xcode3CommandLineBuildTool run] (in Xcode3Core)
 15   XcodeBuildMain (in libxcodebuildLoader.dylib)
 16   -[XcodebuildPreIDEHandler loadXcode3ProjectSupportAndRunXcode3CommandLineBuildToolWithArguments:] (in xcodebuild)
 17   -[XcodebuildPreIDEHandler runWithArguments:] (in xcodebuild)
 18   main (in xcodebuild)
 19   start (in dyld)

<DVTOperation: 0xc495043c0; state = arefc> created at:
  0   -[DVTOperation init] (in DVTFoundation)
  1   +[DVTOperation(DVTConveniences) operationWithBlock:] (in DVTFoundation)
  2   -[IDESchemeAction setUpActionDependenciesForCorePhaseOperation:shouldRunPostActionsBlock:prePhaseEnvironmentPopulationBlock:postPhaseEnvironmentPopulationBlock:handlePreActionsActivityLogSection:handlePostActionsActivityLogSection:buildParameters:schemeActionResultOperation:error:] (in IDEFoundation)
  3   -[IDETestSchemeAction testOperationWithSchemeOperationParameters:testManager:buildOperation:buildParameters:schemeCommand:actionRecord:testPlanRunSpecifications:deviceAvailableChecker:outError:actionCallbackBlock:] (in IDEFoundation)
  4   -[IDEScheme(TestSchemeAction) executionOperationForTestSchemeActionWithOperationParameters:command:buildOperationVariantSpecifiers:buildOperationGroup:schemeActionResult:buildParameters:shouldOnlyBuild:runDestination:orderedOperations:schemeActionRecord:deviceAvailableChecker:actionCallbackBlock:error:] (in IDEFoundation)
  5   -[IDEScheme _executionOperationForSchemeOperationParameters:build:onlyBuild:buildParameters:title:buildLog:dontActuallyRunCommands:restorePersistedBuildResults:deviceAvailableChecker:error:actionCallbackBlock:] (in IDEFoundation)
  6   -[IDEScheme(TestSchemeAction) schemeTestActionOperationForSchemeOperationParameters:onlyBuild:buildLog:deviceAvailableChecker:buildParameters:shouldBuild:restorePersistedBuildResults:error:completionBlock:] (in IDEFoundation)
  7   -[IDEScheme buildAndActionTaskForSchemeOperationParameters:shouldBuild:onlyBuild:buildParameters:buildLog:deviceAvailableChecker:restorePersistedBuildResults:dontActuallyRunCommands:error:completionBlock:] (in IDEFoundation)
  8   -[IDEScheme schemeOperationForSchemeOperationParameters:buildLog:overridingProperties:overridingBuildConfiguration:dontActuallyRunCommands:restorePersistedBuildResults:deviceAvailableChecker:error:completionBlock:] (in IDEFoundation)
  9   -[IDEScheme schemeOperationForSchemeOperationParameters:buildLog:overridingProperties:overridingBuildConfiguration:dontActuallyRunCommands:restorePersistedBuildResults:error:completionBlock:] (in IDEFoundation)
 10   -[Xcode3CommandLineBuildTool(TestSchemeAction) buildForTestSchemeCommandWantsSkip:buildAction:isProjectBuild:title:buildLog:isMoreDestinationsPending:runDestinations:runDestination:schemeCommand:executionEnvironment:restorePersistedBuildResults:operationToEnqueue:error:] (in Xcode3Core)
 11   -[Xcode3CommandLineBuildTool doSchemeBuildWithRunDestinations:runDestinationIdx:wantsSkip:buildActionTimingSection:timingSection:buildAction:isMoreDesinationsPending:actionResultBlock:title:buildLog:executionEnvironment:restorePersistedBuildResults:operationToEnqueue:error:] (in Xcode3Core)
 12   -[Xcode3CommandLineBuildTool doBuildForBuildAction:timingSection:colorize:colorizeFailure:error:] (in Xcode3Core)
 13   -[Xcode3CommandLineBuildTool _buildWithTimingSection:] (in Xcode3Core)
 14   -[Xcode3CommandLineBuildTool run] (in Xcode3Core)
 15   XcodeBuildMain (in libxcodebuildLoader.dylib)
 16   -[XcodebuildPreIDEHandler loadXcode3ProjectSupportAndRunXcode3CommandLineBuildToolWithArguments:] (in xcodebuild)
 17   -[XcodebuildPreIDEHandler runWithArguments:] (in xcodebuild)
 18   main (in xcodebuild)
 19   start (in dyld)

<IDESchemeActionResultOperation: 0xc49559800; state = Arefc> created at:
  0   -[DVTOperation init] (in DVTFoundation)
  1   +[IDESchemeActionResultOperation schemeActionResultOperationWithSchemeActionRecord:trackingExecutionOfOperation:actionCallbackBlock:schemeActionResultComputationBlock:] (in IDEFoundation)
  2   -[IDETestRunSession testOperationForTestRunSpecificationGroups:executionEnvironment:invocationRecord:actionRecord:schemeIdentifier:outSchemeActionResultOperation:launchParametersBlock:actionCallbackBlock:error:] (in IDEFoundation)
  3   -[IDETestManager testOperationForTestRunSpecificationGroups:executionEnvironment:runDestinationPool:invocationRecord:actionRecord:schemeIdentifier:outSchemeActionResultOperation:launchParametersBlock:actionCallbackBlock:error:] (in IDEFoundation)
  4   -[IDETestSchemeAction testOperationWithSchemeOperationParameters:testManager:buildOperation:buildParameters:schemeCommand:actionRecord:testPlanRunSpecifications:deviceAvailableChecker:outError:actionCallbackBlock:] (in IDEFoundation)
  5   -[IDEScheme(TestSchemeAction) executionOperationForTestSchemeActionWithOperationParameters:command:buildOperationVariantSpecifiers:buildOperationGroup:schemeActionResult:buildParameters:shouldOnlyBuild:runDestination:orderedOperations:schemeActionRecord:deviceAvailableChecker:actionCallbackBlock:error:] (in IDEFoundation)
  6   -[IDEScheme _executionOperationForSchemeOperationParameters:build:onlyBuild:buildParameters:title:buildLog:dontActuallyRunCommands:restorePersistedBuildResults:deviceAvailableChecker:error:actionCallbackBlock:] (in IDEFoundation)
  7   -[IDEScheme(TestSchemeAction) schemeTestActionOperationForSchemeOperationParameters:onlyBuild:buildLog:deviceAvailableChecker:buildParameters:shouldBuild:restorePersistedBuildResults:error:completionBlock:] (in IDEFoundation)
  8   -[IDEScheme buildAndActionTaskForSchemeOperationParameters:shouldBuild:onlyBuild:buildParameters:buildLog:deviceAvailableChecker:restorePersistedBuildResults:dontActuallyRunCommands:error:completionBlock:] (in IDEFoundation)
  9   -[IDEScheme schemeOperationForSchemeOperationParameters:buildLog:overridingProperties:overridingBuildConfiguration:dontActuallyRunCommands:restorePersistedBuildResults:deviceAvailableChecker:error:completionBlock:] (in IDEFoundation)
 10   -[IDEScheme schemeOperationForSchemeOperationParameters:buildLog:overridingProperties:overridingBuildConfiguration:dontActuallyRunCommands:restorePersistedBuildResults:error:completionBlock:] (in IDEFoundation)
 11   -[Xcode3CommandLineBuildTool(TestSchemeAction) buildForTestSchemeCommandWantsSkip:buildAction:isProjectBuild:title:buildLog:isMoreDestinationsPending:runDestinations:runDestination:schemeCommand:executionEnvironment:restorePersistedBuildResults:operationToEnqueue:error:] (in Xcode3Core)
 12   -[Xcode3CommandLineBuildTool doSchemeBuildWithRunDestinations:runDestinationIdx:wantsSkip:buildActionTimingSection:timingSection:buildAction:isMoreDesinationsPending:actionResultBlock:title:buildLog:executionEnvironment:restorePersistedBuildResults:operationToEnqueue:error:] (in Xcode3Core)
 13   -[Xcode3CommandLineBuildTool doBuildForBuildAction:timingSection:colorize:colorizeFailure:error:] (in Xcode3Core)
 14   -[Xcode3CommandLineBuildTool _buildWithTimingSection:] (in Xcode3Core)
 15   -[Xcode3CommandLineBuildTool run] (in Xcode3Core)
 16   XcodeBuildMain (in libxcodebuildLoader.dylib)
 17   -[XcodebuildPreIDEHandler loadXcode3ProjectSupportAndRunXcode3CommandLineBuildToolWithArguments:] (in xcodebuild)
 18   -[XcodebuildPreIDEHandler runWithArguments:] (in xcodebuild)
 19   main (in xcodebuild)
 20   start (in dyld)

<__DVTSwiftAsyncOperation: 0xc4997f000; state = AReFc> created at:
  0   -[DVTOperation init] (in DVTFoundation)
  1   @objc DVTAsyncOperation.init() (in DVTFoundation)
  2   @objc static DVTOperation.operationWithMainThreadBlock(_:) (in DVTFoundation)
  3   -[IDESchemeAction _setUpOperationsForPackageLoadingInWorkspace:handlePreActionsActivityLogSection:isCleanOperation:] (in IDEFoundation)
  4   -[IDESchemeAction setUpActionDependenciesForCorePhaseOperation:shouldRunPostActionsBlock:prePhaseEnvironmentPopulationBlock:postPhaseEnvironmentPopulationBlock:handlePreActionsActivityLogSection:handlePostActionsActivityLogSection:buildParameters:schemeActionResultOperation:error:] (in IDEFoundation)
  5   -[IDETestSchemeAction testOperationWithSchemeOperationParameters:testManager:buildOperation:buildParameters:schemeCommand:actionRecord:testPlanRunSpecifications:deviceAvailableChecker:outError:actionCallbackBlock:] (in IDEFoundation)
  6   -[IDEScheme(TestSchemeAction) executionOperationForTestSchemeActionWithOperationParameters:command:buildOperationVariantSpecifiers:buildOperationGroup:schemeActionResult:buildParameters:shouldOnlyBuild:runDestination:orderedOperations:schemeActionRecord:deviceAvailableChecker:actionCallbackBlock:error:] (in IDEFoundation)
  7   -[IDEScheme _executionOperationForSchemeOperationParameters:build:onlyBuild:buildParameters:title:buildLog:dontActuallyRunCommands:restorePersistedBuildResults:deviceAvailableChecker:error:actionCallbackBlock:] (in IDEFoundation)
  8   -[IDEScheme(TestSchemeAction) schemeTestActionOperationForSchemeOperationParameters:onlyBuild:buildLog:deviceAvailableChecker:buildParameters:shouldBuild:restorePersistedBuildResults:error:completionBlock:] (in IDEFoundation)
  9   -[IDEScheme buildAndActionTaskForSchemeOperationParameters:shouldBuild:onlyBuild:buildParameters:buildLog:deviceAvailableChecker:restorePersistedBuildResults:dontActuallyRunCommands:error:completionBlock:] (in IDEFoundation)
 10   -[IDEScheme schemeOperationForSchemeOperationParameters:buildLog:overridingProperties:overridingBuildConfiguration:dontActuallyRunCommands:restorePersistedBuildResults:deviceAvailableChecker:error:completionBlock:] (in IDEFoundation)
 11   -[IDEScheme schemeOperationForSchemeOperationParameters:buildLog:overridingProperties:overridingBuildConfiguration:dontActuallyRunCommands:restorePersistedBuildResults:error:completionBlock:] (in IDEFoundation)
 12   -[Xcode3CommandLineBuildTool(TestSchemeAction) buildForTestSchemeCommandWantsSkip:buildAction:isProjectBuild:title:buildLog:isMoreDestinationsPending:runDestinations:runDestination:schemeCommand:executionEnvironment:restorePersistedBuildResults:operationToEnqueue:error:] (in Xcode3Core)
 13   -[Xcode3CommandLineBuildTool doSchemeBuildWithRunDestinations:runDestinationIdx:wantsSkip:buildActionTimingSection:timingSection:buildAction:isMoreDesinationsPending:actionResultBlock:title:buildLog:executionEnvironment:restorePersistedBuildResults:operationToEnqueue:error:] (in Xcode3Core)
 14   -[Xcode3CommandLineBuildTool doBuildForBuildAction:timingSection:colorize:colorizeFailure:error:] (in Xcode3Core)
 15   -[Xcode3CommandLineBuildTool _buildWithTimingSection:] (in Xcode3Core)
 16   -[Xcode3CommandLineBuildTool run] (in Xcode3Core)
 17   XcodeBuildMain (in libxcodebuildLoader.dylib)
 18   -[XcodebuildPreIDEHandler loadXcode3ProjectSupportAndRunXcode3CommandLineBuildToolWithArguments:] (in xcodebuild)
 19   -[XcodebuildPreIDEHandler runWithArguments:] (in xcodebuild)
 20   main (in xcodebuild)
 21   start (in dyld)

<DVTOperation: 0xc49504640; state = aReFc> created at:
  0   -[DVTOperation init] (in DVTFoundation)
  1   +[DVTOperation(DVTConveniences) operationWithBlock:] (in DVTFoundation)
  2   -[IDETestSchemeAction testOperationWithSchemeOperationParameters:testManager:buildOperation:buildParameters:schemeCommand:actionRecord:testPlanRunSpecifications:deviceAvailableChecker:outError:actionCallbackBlock:] (in IDEFoundation)
  3   -[IDEScheme(TestSchemeAction) executionOperationForTestSchemeActionWithOperationParameters:command:buildOperationVariantSpecifiers:buildOperationGroup:schemeActionResult:buildParameters:shouldOnlyBuild:runDestination:orderedOperations:schemeActionRecord:deviceAvailableChecker:actionCallbackBlock:error:] (in IDEFoundation)
  4   -[IDEScheme _executionOperationForSchemeOperationParameters:build:onlyBuild:buildParameters:title:buildLog:dontActuallyRunCommands:restorePersistedBuildResults:deviceAvailableChecker:error:actionCallbackBlock:] (in IDEFoundation)
  5   -[IDEScheme(TestSchemeAction) schemeTestActionOperationForSchemeOperationParameters:onlyBuild:buildLog:deviceAvailableChecker:buildParameters:shouldBuild:restorePersistedBuildResults:error:completionBlock:] (in IDEFoundation)
  6   -[IDEScheme buildAndActionTaskForSchemeOperationParameters:shouldBuild:onlyBuild:buildParameters:buildLog:deviceAvailableChecker:restorePersistedBuildResults:dontActuallyRunCommands:error:completionBlock:] (in IDEFoundation)
  7   -[IDEScheme schemeOperationForSchemeOperationParameters:buildLog:overridingProperties:overridingBuildConfiguration:dontActuallyRunCommands:restorePersistedBuildResults:deviceAvailableChecker:error:completionBlock:] (in IDEFoundation)
  8   -[IDEScheme schemeOperationForSchemeOperationParameters:buildLog:overridingProperties:overridingBuildConfiguration:dontActuallyRunCommands:restorePersistedBuildResults:error:completionBlock:] (in IDEFoundation)
  9   -[Xcode3CommandLineBuildTool(TestSchemeAction) buildForTestSchemeCommandWantsSkip:buildAction:isProjectBuild:title:buildLog:isMoreDestinationsPending:runDestinations:runDestination:schemeCommand:executionEnvironment:restorePersistedBuildResults:operationToEnqueue:error:] (in Xcode3Core)
 10   -[Xcode3CommandLineBuildToo

*** If you believe this error represents a bug, please attach the result bundle at /tmp/ZipHarbor-Device-Acceptance-Final.xcresult

2026-10-01 10:46:02.146 xcodebuild[41953:2811100] [MT] IDETestOperationsObserverDebug: 381.835 elapsed -- Testing started completed.
2026-10-01 10:46:02.146 xcodebuild[41953:2811100] [MT] IDETestOperationsObserverDebug: 0.000 sec, +0.000 sec -- start
2026-10-01 10:46:02.146 xcodebuild[41953:2811100] [MT] IDETestOperationsObserverDebug: 381.835 sec, +381.835 sec -- end

Test session results, code coverage, and logs:
	/tmp/ZipHarbor-Device-Acceptance-Final.xcresult

** TEST INTERRUPTED **

l doSchemeBuildWithRunDestinations:runDestinationIdx:wantsSkip:buildActionTimingSection:timingSection:buildAction:isMoreDesinationsPending:actionResultBlock:title:buildLog:executionEnvironment:restorePersistedBuildResults:operationToEnqueue:error:] (in Xcode3Core)
 11   -[Xcode3CommandLineBuildTool doBuildForBuildAction:timingSection:colorize:colorizeFailure:error:] (in Xcode3Core)
 12   -[Xcode3CommandLineBuildTool _buildWithTimingSection:] (in Xcode3Core)
 13   -[Xcode3CommandLineBuildTool run] (in Xcode3Core)
 14   XcodeBuildMain (in libxcodebuildLoader.dylib)
 15   -[XcodebuildPreIDEHandler loadXcode3ProjectSupportAndRunXcode3CommandLineBuildToolWithArguments:] (in xcodebuild)
 16   -[XcodebuildPreIDEHandler runWithArguments:] (in xcodebuild)
 17   main (in xcodebuild)
 18   start (in dyld)

<_IDETestingFinalizeLogsOperation: 0xc495048c0; name = 'Finalize test log', state = aref!c> created at:
  0   -[DVTOperation init] (in DVTFoundation)
  1   +[DVTOperation(DVTConveniences) operationWithBlock:] (in DVTFoundation)
  2   -[IDETestSchemeAction _finalizeLogOperationWithRecorder:launchLogsSectionRecorder:] (in IDEFoundation)
  3   -[IDETestSchemeAction testOperationWithSchemeOperationParameters:testManager:buildOperation:buildParameters:schemeCommand:actionRecord:testPlanRunSpecifications:deviceAvailableChecker:outError:actionCallbackBlock:] (in IDEFoundation)
  4   -[IDEScheme(TestSchemeAction) executionOperationForTestSchemeActionWithOperationParameters:command:buildOperationVariantSpecifiers:buildOperationGroup:schemeActionResult:buildParameters:shouldOnlyBuild:runDestination:orderedOperations:schemeActionRecord:deviceAvailableChecker:actionCallbackBlock:error:] (in IDEFoundation)
  5   -[IDEScheme _executionOperationForSchemeOperationParameters:build:onlyBuild:buildParameters:title:buildLog:dontActuallyRunCommands:restorePersistedBuildResults:deviceAvailableChecker:error:actionCallbackBlock:] (in IDEFoundation)
  6   -[IDEScheme(TestSchemeAction) schemeTestActionOperationForSchemeOperationParameters:onlyBuild:buildLog:deviceAvailableChecker:buildParameters:shouldBuild:restorePersistedBuildResults:error:completionBlock:] (in IDEFoundation)
  7   -[IDEScheme buildAndActionTaskForSchemeOperationParameters:shouldBuild:onlyBuild:buildParameters:buildLog:deviceAvailableChecker:restorePersistedBuildResults:dontActuallyRunCommands:error:completionBlock:] (in IDEFoundation)
  8   -[IDEScheme schemeOperationForSchemeOperationParameters:buildLog:overridingProperties:overridingBuildConfiguration:dontActuallyRunCommands:restorePersistedBuildResults:deviceAvailableChecker:error:completionBlock:] (in IDEFoundation)
  9   -[IDEScheme schemeOperationForSchemeOperationParameters:buildLog:overridingProperties:overridingBuildConfiguration:dontActuallyRunCommands:restorePersistedBuildResults:error:completionBlock:] (in IDEFoundation)
 10   -[Xcode3CommandLineBuildTool(TestSchemeAction) buildForTestSchemeCommandWantsSkip:buildAction:isProjectBuild:title:buildLog:isMoreDestinationsPending:runDestinations:runDestination:schemeCommand:executionEnvironment:restorePersistedBuildResults:operationToEnqueue:error:] (in Xcode3Core)
 11   -[Xcode3CommandLineBuildTool doSchemeBuildWithRunDestinations:runDestinationIdx:wantsSkip:buildActionTimingSection:timingSection:buildAction:isMoreDesinationsPending:actionResultBlock:title:buildLog:executionEnvironment:restorePersistedBuildResults:operationToEnqueue:error:] (in Xcode3Core)
 12   -[Xcode3CommandLineBuildTool doBuildForBuildAction:timingSection:colorize:colorizeFailure:error:] (in Xcode3Core)
 13   -[Xcode3CommandLineBuildTool _buildWithTimingSection:] (in Xcode3Core)
 14   -[Xcode3CommandLineBuildTool run] (in Xcode3Core)
 15   XcodeBuildMain (in libxcodebuildLoader.dylib)
 16   -[XcodebuildPreIDEHandler loadXcode3ProjectSupportAndRunXcode3CommandLineBuildToolWithArguments:] (in xcodebuild)
 17   -[XcodebuildPreIDEHandler runWithArguments:] (in xcodebuild)
 18   main (in xcodebuild)
 19   start (in dyld)

